<annotation>
	<filename>图像 0751.png</filename>
	<size>
		<width>166</width>
		<height>800</height>
		<depth>3</depth>
	</size>
	<segmented>0</segmented>
	<object>
		<difficult>1</difficult>
		<name>&amp;*@HUST_special</name>
		<bndbox>
			<xmin>1</xmin>
			<ymin>0</ymin>
			<xmax>18</xmax>
			<ymax>800</ymax>
		</bndbox>
	</object>
	<object>
		<difficult>1</difficult>
		<name>&amp;*@HUST_special</name>
		<bndbox>
			<xmin>20</xmin>
			<ymin>0</ymin>
			<xmax>37</xmax>
			<ymax>819</ymax>
		</bndbox>
	</object>
	<object>
		<difficult>1</difficult>
		<name>&amp;*@HUST_special</name>
		<bndbox>
			<xmin>38</xmin>
			<ymin>0</ymin>
			<xmax>57</xmax>
			<ymax>807</ymax>
		</bndbox>
	</object>
	<object>
		<difficult>1</difficult>
		<name>&amp;*@HUST_special</name>
		<bndbox>
			<xmin>59</xmin>
			<ymin>21</ymin>
			<xmax>75</xmax>
			<ymax>805</ymax>
		</bndbox>
	</object>
	<object>
		<difficult>1</difficult>
		<name>&amp;*@HUST_special</name>
		<bndbox>
			<xmin>76</xmin>
			<ymin>130</ymin>
			<xmax>93</xmax>
			<ymax>862</ymax>
		</bndbox>
	</object>
	<object>
		<difficult>1</difficult>
		<name>&amp;*@HUST_special</name>
		<bndbox>
			<xmin>76</xmin>
			<ymin>40</ymin>
			<xmax>94</xmax>
			<ymax>110</ymax>
		</bndbox>
	</object>
	<object>
		<difficult>0</difficult>
		<name>&amp;*@HUST_text</name>
		<bndbox>
			<xmin>58</xmin>
			<ymin>0</ymin>
			<xmax>159</xmax>
			<ymax>20</ymax>
		</bndbox>
	</object>
	<object>
		<difficult>0</difficult>
		<name>&amp;*@HUST_text</name>
		<bndbox>
			<xmin>76</xmin>
			<ymin>21</ymin>
			<xmax>164</xmax>
			<ymax>39</ymax>
		</bndbox>
	</object>
	<object>
		<difficult>0</difficult>
		<name>&amp;*@HUST_text</name>
		<bndbox>
			<xmin>94</xmin>
			<ymin>39</ymin>
			<xmax>155</xmax>
			<ymax>56</ymax>
		</bndbox>
	</object>
	<object>
		<difficult>0</difficult>
		<name>&amp;*@HUST_text</name>
		<bndbox>
			<xmin>94</xmin>
			<ymin>57</ymin>
			<xmax>165</xmax>
			<ymax>76</ymax>
		</bndbox>
	</object>
	<object>
		<difficult>0</difficult>
		<name>&amp;*@HUST_text</name>
		<bndbox>
			<xmin>94</xmin>
			<ymin>77</ymin>
			<xmax>142</xmax>
			<ymax>93</ymax>
		</bndbox>
	</object>
	<object>
		<difficult>0</difficult>
		<name>&amp;*@HUST_text</name>
		<bndbox>
			<xmin>94</xmin>
			<ymin>93</ymin>
			<xmax>151</xmax>
			<ymax>111</ymax>
		</bndbox>
	</object>
	<object>
		<difficult>0</difficult>
		<name>&amp;*@HUST_text</name>
		<bndbox>
			<xmin>76</xmin>
			<ymin>111</ymin>
			<xmax>164</xmax>
			<ymax>129</ymax>
		</bndbox>
	</object>
	<object>
		<difficult>0</difficult>
		<name>&amp;*@HUST_text</name>
		<bndbox>
			<xmin>94</xmin>
			<ymin>130</ymin>
			<xmax>135</xmax>
			<ymax>147</ymax>
		</bndbox>
	</object>
	<object>
		<difficult>0</difficult>
		<name>&amp;*@HUST_text</name>
		<bndbox>
			<xmin>93</xmin>
			<ymin>147</ymin>
			<xmax>165</xmax>
			<ymax>167</ymax>
		</bndbox>
	</object>
	<object>
		<difficult>0</difficult>
		<name>&amp;*@HUST_text</name>
		<bndbox>
			<xmin>93</xmin>
			<ymin>167</ymin>
			<xmax>165</xmax>
			<ymax>185</ymax>
		</bndbox>
	</object>
	<object>
		<difficult>0</difficult>
		<name>&amp;*@HUST_text</name>
		<bndbox>
			<xmin>94</xmin>
			<ymin>186</ymin>
			<xmax>146</xmax>
			<ymax>202</ymax>
		</bndbox>
	</object>
	<object>
		<difficult>0</difficult>
		<name>&amp;*@HUST_text</name>
		<bndbox>
			<xmin>94</xmin>
			<ymin>202</ymin>
			<xmax>155</xmax>
			<ymax>219</ymax>
		</bndbox>
	</object>
	<object>
		<difficult>0</difficult>
		<name>&amp;*@HUST_text</name>
		<bndbox>
			<xmin>94</xmin>
			<ymin>220</ymin>
			<xmax>157</xmax>
			<ymax>237</ymax>
		</bndbox>
	</object>
	<object>
		<difficult>0</difficult>
		<name>&amp;*@HUST_text</name>
		<bndbox>
			<xmin>93</xmin>
			<ymin>238</ymin>
			<xmax>155</xmax>
			<ymax>256</ymax>
		</bndbox>
	</object>
	<object>
		<difficult>0</difficult>
		<name>&amp;*@HUST_text</name>
		<bndbox>
			<xmin>93</xmin>
			<ymin>256</ymin>
			<xmax>166</xmax>
			<ymax>274</ymax>
		</bndbox>
	</object>
	<object>
		<difficult>0</difficult>
		<name>&amp;*@HUST_text</name>
		<bndbox>
			<xmin>93</xmin>
			<ymin>274</ymin>
			<xmax>145</xmax>
			<ymax>291</ymax>
		</bndbox>
	</object>
	<object>
		<difficult>0</difficult>
		<name>&amp;*@HUST_text</name>
		<bndbox>
			<xmin>93</xmin>
			<ymin>292</ymin>
			<xmax>156</xmax>
			<ymax>309</ymax>
		</bndbox>
	</object>
	<object>
		<difficult>0</difficult>
		<name>&amp;*@HUST_text</name>
		<bndbox>
			<xmin>94</xmin>
			<ymin>310</ymin>
			<xmax>154</xmax>
			<ymax>327</ymax>
		</bndbox>
	</object>
	<object>
		<difficult>0</difficult>
		<name>&amp;*@HUST_text</name>
		<bndbox>
			<xmin>93</xmin>
			<ymin>328</ymin>
			<xmax>160</xmax>
			<ymax>346</ymax>
		</bndbox>
	</object>
	<object>
		<difficult>0</difficult>
		<name>&amp;*@HUST_text</name>
		<bndbox>
			<xmin>93</xmin>
			<ymin>347</ymin>
			<xmax>157</xmax>
			<ymax>365</ymax>
		</bndbox>
	</object>
	<object>
		<difficult>0</difficult>
		<name>&amp;*@HUST_text</name>
		<bndbox>
			<xmin>93</xmin>
			<ymin>366</ymin>
			<xmax>158</xmax>
			<ymax>382</ymax>
		</bndbox>
	</object>
	<object>
		<difficult>0</difficult>
		<name>&amp;*@HUST_text</name>
		<bndbox>
			<xmin>93</xmin>
			<ymin>382</ymin>
			<xmax>158</xmax>
			<ymax>401</ymax>
		</bndbox>
	</object>
	<object>
		<difficult>0</difficult>
		<name>&amp;*@HUST_text</name>
		<bndbox>
			<xmin>93</xmin>
			<ymin>401</ymin>
			<xmax>161</xmax>
			<ymax>419</ymax>
		</bndbox>
	</object>
	<object>
		<difficult>0</difficult>
		<name>&amp;*@HUST_text</name>
		<bndbox>
			<xmin>94</xmin>
			<ymin>420</ymin>
			<xmax>160</xmax>
			<ymax>437</ymax>
		</bndbox>
	</object>
	<object>
		<difficult>0</difficult>
		<name>&amp;*@HUST_text</name>
		<bndbox>
			<xmin>93</xmin>
			<ymin>437</ymin>
			<xmax>166</xmax>
			<ymax>455</ymax>
		</bndbox>
	</object>
	<object>
		<difficult>0</difficult>
		<name>&amp;*@HUST_text</name>
		<bndbox>
			<xmin>93</xmin>
			<ymin>455</ymin>
			<xmax>160</xmax>
			<ymax>472</ymax>
		</bndbox>
	</object>
	<object>
		<difficult>0</difficult>
		<name>&amp;*@HUST_text</name>
		<bndbox>
			<xmin>93</xmin>
			<ymin>472</ymin>
			<xmax>163</xmax>
			<ymax>489</ymax>
		</bndbox>
	</object>
	<object>
		<difficult>0</difficult>
		<name>&amp;*@HUST_text</name>
		<bndbox>
			<xmin>93</xmin>
			<ymin>489</ymin>
			<xmax>164</xmax>
			<ymax>508</ymax>
		</bndbox>
	</object>
	<object>
		<difficult>0</difficult>
		<name>&amp;*@HUST_text</name>
		<bndbox>
			<xmin>93</xmin>
			<ymin>508</ymin>
			<xmax>164</xmax>
			<ymax>526</ymax>
		</bndbox>
	</object>
	<object>
		<difficult>0</difficult>
		<name>&amp;*@HUST_text</name>
		<bndbox>
			<xmin>93</xmin>
			<ymin>527</ymin>
			<xmax>166</xmax>
			<ymax>545</ymax>
		</bndbox>
	</object>
	<object>
		<difficult>0</difficult>
		<name>&amp;*@HUST_text</name>
		<bndbox>
			<xmin>93</xmin>
			<ymin>545</ymin>
			<xmax>166</xmax>
			<ymax>563</ymax>
		</bndbox>
	</object>
	<object>
		<difficult>0</difficult>
		<name>&amp;*@HUST_text</name>
		<bndbox>
			<xmin>93</xmin>
			<ymin>563</ymin>
			<xmax>166</xmax>
			<ymax>581</ymax>
		</bndbox>
	</object>
	<object>
		<difficult>0</difficult>
		<name>&amp;*@HUST_text</name>
		<bndbox>
			<xmin>93</xmin>
			<ymin>582</ymin>
			<xmax>157</xmax>
			<ymax>599</ymax>
		</bndbox>
	</object>
	<object>
		<difficult>0</difficult>
		<name>&amp;*@HUST_text</name>
		<bndbox>
			<xmin>93</xmin>
			<ymin>600</ymin>
			<xmax>163</xmax>
			<ymax>617</ymax>
		</bndbox>
	</object>
	<object>
		<difficult>0</difficult>
		<name>&amp;*@HUST_text</name>
		<bndbox>
			<xmin>93</xmin>
			<ymin>618</ymin>
			<xmax>165</xmax>
			<ymax>635</ymax>
		</bndbox>
	</object>
	<object>
		<difficult>0</difficult>
		<name>&amp;*@HUST_text</name>
		<bndbox>
			<xmin>93</xmin>
			<ymin>636</ymin>
			<xmax>163</xmax>
			<ymax>653</ymax>
		</bndbox>
	</object>
	<object>
		<difficult>0</difficult>
		<name>&amp;*@HUST_text</name>
		<bndbox>
			<xmin>93</xmin>
			<ymin>653</ymin>
			<xmax>159</xmax>
			<ymax>671</ymax>
		</bndbox>
	</object>
	<object>
		<difficult>0</difficult>
		<name>&amp;*@HUST_text</name>
		<bndbox>
			<xmin>93</xmin>
			<ymin>672</ymin>
			<xmax>159</xmax>
			<ymax>690</ymax>
		</bndbox>
	</object>
	<object>
		<difficult>0</difficult>
		<name>&amp;*@HUST_text</name>
		<bndbox>
			<xmin>93</xmin>
			<ymin>690</ymin>
			<xmax>163</xmax>
			<ymax>707</ymax>
		</bndbox>
	</object>
	<object>
		<difficult>0</difficult>
		<name>&amp;*@HUST_text</name>
		<bndbox>
			<xmin>93</xmin>
			<ymin>708</ymin>
			<xmax>166</xmax>
			<ymax>724</ymax>
		</bndbox>
	</object>
	<object>
		<difficult>0</difficult>
		<name>&amp;*@HUST_text</name>
		<bndbox>
			<xmin>93</xmin>
			<ymin>724</ymin>
			<xmax>165</xmax>
			<ymax>742</ymax>
		</bndbox>
	</object>
	<object>
		<difficult>0</difficult>
		<name>&amp;*@HUST_text</name>
		<bndbox>
			<xmin>93</xmin>
			<ymin>743</ymin>
			<xmax>148</xmax>
			<ymax>761</ymax>
		</bndbox>
	</object>
	<object>
		<difficult>0</difficult>
		<name>&amp;*@HUST_text</name>
		<bndbox>
			<xmin>93</xmin>
			<ymin>761</ymin>
			<xmax>161</xmax>
			<ymax>778</ymax>
		</bndbox>
	</object>
	<object>
		<difficult>0</difficult>
		<name>&amp;*@HUST_text</name>
		<bndbox>
			<xmin>93</xmin>
			<ymin>779</ymin>
			<xmax>145</xmax>
			<ymax>799</ymax>
		</bndbox>
	</object>
</annotation>