<annotation>
	<filename>图像 0361.png</filename>
	<size>
		<width>1019</width>
		<height>735</height>
		<depth>3</depth>
	</size>
	<segmented>0</segmented>
	<object>
		<difficult>0</difficult>
		<name>&amp;*@HUST_text</name>
		<bndbox>
			<xmin>7</xmin>
			<ymin>0</ymin>
			<xmax>162</xmax>
			<ymax>56</ymax>
		</bndbox>
	</object>
	<object>
		<difficult>1</difficult>
		<name>&amp;*@HUST_special</name>
		<bndbox>
			<xmin>6</xmin>
			<ymin>67</ymin>
			<xmax>12</xmax>
			<ymax>91</ymax>
		</bndbox>
	</object>
	<object>
		<difficult>0</difficult>
		<name>&amp;*@HUST_text</name>
		<bndbox>
			<xmin>12</xmin>
			<ymin>67</ymin>
			<xmax>684</xmax>
			<ymax>92</ymax>
		</bndbox>
	</object>
	<object>
		<difficult>0</difficult>
		<name>&amp;*@HUST_text</name>
		<bndbox>
			<xmin>99</xmin>
			<ymin>118</ymin>
			<xmax>933</xmax>
			<ymax>163</ymax>
		</bndbox>
	</object>
	<object>
		<difficult>1</difficult>
		<name>&amp;*@HUST_special</name>
		<bndbox>
			<xmin>938</xmin>
			<ymin>0</ymin>
			<xmax>966</xmax>
			<ymax>57</ymax>
		</bndbox>
	</object>
	<object>
		<difficult>0</difficult>
		<name>&amp;*@HUST_text</name>
		<bndbox>
			<xmin>966</xmin>
			<ymin>0</ymin>
			<xmax>1009</xmax>
			<ymax>57</ymax>
		</bndbox>
	</object>
	<object>
		<difficult>0</difficult>
		<name>&amp;*@HUST_text</name>
		<bndbox>
			<xmin>298</xmin>
			<ymin>168</ymin>
			<xmax>724</xmax>
			<ymax>194</ymax>
		</bndbox>
	</object>
	<object>
		<difficult>0</difficult>
		<name>&amp;*@HUST_text</name>
		<bndbox>
			<xmin>8</xmin>
			<ymin>194</ymin>
			<xmax>1007</xmax>
			<ymax>206</ymax>
		</bndbox>
	</object>
	<object>
		<difficult>0</difficult>
		<name>&amp;*@HUST_text</name>
		<bndbox>
			<xmin>15</xmin>
			<ymin>214</ymin>
			<xmax>98</xmax>
			<ymax>235</ymax>
		</bndbox>
	</object>
	<object>
		<difficult>0</difficult>
		<name>&amp;*@HUST_text</name>
		<bndbox>
			<xmin>47</xmin>
			<ymin>236</ymin>
			<xmax>516</xmax>
			<ymax>252</ymax>
		</bndbox>
	</object>
	<object>
		<difficult>0</difficult>
		<name>&amp;*@HUST_text</name>
		<bndbox>
			<xmin>47</xmin>
			<ymin>252</ymin>
			<xmax>478</xmax>
			<ymax>271</ymax>
		</bndbox>
	</object>
	<object>
		<difficult>0</difficult>
		<name>&amp;*@HUST_text</name>
		<bndbox>
			<xmin>46</xmin>
			<ymin>271</ymin>
			<xmax>125</xmax>
			<ymax>288</ymax>
		</bndbox>
	</object>
	<object>
		<difficult>0</difficult>
		<name>&amp;*@HUST_text</name>
		<bndbox>
			<xmin>46</xmin>
			<ymin>289</ymin>
			<xmax>242</xmax>
			<ymax>307</ymax>
		</bndbox>
	</object>
	<object>
		<difficult>0</difficult>
		<name>&amp;*@HUST_text</name>
		<bndbox>
			<xmin>46</xmin>
			<ymin>307</ymin>
			<xmax>265</xmax>
			<ymax>328</ymax>
		</bndbox>
	</object>
	<object>
		<difficult>0</difficult>
		<name>&amp;*@HUST_text</name>
		<bndbox>
			<xmin>46</xmin>
			<ymin>328</ymin>
			<xmax>250</xmax>
			<ymax>349</ymax>
		</bndbox>
	</object>
	<object>
		<difficult>0</difficult>
		<name>&amp;*@HUST_text</name>
		<bndbox>
			<xmin>46</xmin>
			<ymin>349</ymin>
			<xmax>359</xmax>
			<ymax>370</ymax>
		</bndbox>
	</object>
	<object>
		<difficult>0</difficult>
		<name>&amp;*@HUST_text</name>
		<bndbox>
			<xmin>46</xmin>
			<ymin>370</ymin>
			<xmax>387</xmax>
			<ymax>391</ymax>
		</bndbox>
	</object>
	<object>
		<difficult>0</difficult>
		<name>&amp;*@HUST_text</name>
		<bndbox>
			<xmin>46</xmin>
			<ymin>392</ymin>
			<xmax>256</xmax>
			<ymax>413</ymax>
		</bndbox>
	</object>
	<object>
		<difficult>0</difficult>
		<name>&amp;*@HUST_text</name>
		<bndbox>
			<xmin>46</xmin>
			<ymin>413</ymin>
			<xmax>215</xmax>
			<ymax>431</ymax>
		</bndbox>
	</object>
	<object>
		<difficult>0</difficult>
		<name>&amp;*@HUST_text</name>
		<bndbox>
			<xmin>46</xmin>
			<ymin>432</ymin>
			<xmax>834</xmax>
			<ymax>449</ymax>
		</bndbox>
	</object>
	<object>
		<difficult>0</difficult>
		<name>&amp;*@HUST_text</name>
		<bndbox>
			<xmin>46</xmin>
			<ymin>449</ymin>
			<xmax>402</xmax>
			<ymax>468</ymax>
		</bndbox>
	</object>
	<object>
		<difficult>1</difficult>
		<name>&amp;*@HUST_special</name>
		<bndbox>
			<xmin>8</xmin>
			<ymin>697</ymin>
			<xmax>28</xmax>
			<ymax>721</ymax>
		</bndbox>
	</object>
	<object>
		<difficult>0</difficult>
		<name>&amp;*@HUST_text</name>
		<bndbox>
			<xmin>28</xmin>
			<ymin>697</ymin>
			<xmax>146</xmax>
			<ymax>721</ymax>
		</bndbox>
	</object>
	<object>
		<difficult>1</difficult>
		<name>&amp;*@HUST_special</name>
		<bndbox>
			<xmin>467</xmin>
			<ymin>696</ymin>
			<xmax>501</xmax>
			<ymax>717</ymax>
		</bndbox>
	</object>
	<object>
		<difficult>0</difficult>
		<name>&amp;*@HUST_text</name>
		<bndbox>
			<xmin>467</xmin>
			<ymin>717</ymin>
			<xmax>500</xmax>
			<ymax>722</ymax>
		</bndbox>
	</object>
	<object>
		<difficult>0</difficult>
		<name>&amp;*@HUST_text</name>
		<bndbox>
			<xmin>501</xmin>
			<ymin>696</ymin>
			<xmax>943</xmax>
			<ymax>721</ymax>
		</bndbox>
	</object>
</annotation>