<annotation>
	<filename>图像 0451.png</filename>
	<size>
		<width>1152</width>
		<height>650</height>
		<depth>3</depth>
	</size>
	<segmented>0</segmented>
	<object>
		<difficult>0</difficult>
		<name>&amp;*@HUST_text</name>
		<bndbox>
			<xmin>93</xmin>
			<ymin>0</ymin>
			<xmax>237</xmax>
			<ymax>48</ymax>
		</bndbox>
	</object>
	<object>
		<difficult>1</difficult>
		<name>&amp;*@HUST_special</name>
		<bndbox>
			<xmin>30</xmin>
			<ymin>0</ymin>
			<xmax>90</xmax>
			<ymax>48</ymax>
		</bndbox>
	</object>
	<object>
		<difficult>0</difficult>
		<name>&amp;*@HUST_text</name>
		<bndbox>
			<xmin>40</xmin>
			<ymin>105</ymin>
			<xmax>131</xmax>
			<ymax>131</ymax>
		</bndbox>
	</object>
	<object>
		<difficult>0</difficult>
		<name>&amp;*@HUST_text</name>
		<bndbox>
			<xmin>830</xmin>
			<ymin>13</ymin>
			<xmax>864</xmax>
			<ymax>36</ymax>
		</bndbox>
	</object>
	<object>
		<difficult>1</difficult>
		<name>&amp;*@HUST_special</name>
		<bndbox>
			<xmin>865</xmin>
			<ymin>12</ymin>
			<xmax>872</xmax>
			<ymax>36</ymax>
		</bndbox>
	</object>
	<object>
		<difficult>0</difficult>
		<name>&amp;*@HUST_text</name>
		<bndbox>
			<xmin>874</xmin>
			<ymin>13</ymin>
			<xmax>930</xmax>
			<ymax>35</ymax>
		</bndbox>
	</object>
	<object>
		<difficult>1</difficult>
		<name>&amp;*@HUST_special</name>
		<bndbox>
			<xmin>932</xmin>
			<ymin>12</ymin>
			<xmax>938</xmax>
			<ymax>35</ymax>
		</bndbox>
	</object>
	<object>
		<difficult>0</difficult>
		<name>&amp;*@HUST_text</name>
		<bndbox>
			<xmin>940</xmin>
			<ymin>13</ymin>
			<xmax>1021</xmax>
			<ymax>36</ymax>
		</bndbox>
	</object>
	<object>
		<difficult>0</difficult>
		<name>&amp;*@HUST_text</name>
		<bndbox>
			<xmin>684</xmin>
			<ymin>97</ymin>
			<xmax>809</xmax>
			<ymax>146</ymax>
		</bndbox>
	</object>
	<object>
		<difficult>0</difficult>
		<name>&amp;*@HUST_text</name>
		<bndbox>
			<xmin>834</xmin>
			<ymin>99</ymin>
			<xmax>947</xmax>
			<ymax>147</ymax>
		</bndbox>
	</object>
	<object>
		<difficult>0</difficult>
		<name>&amp;*@HUST_text</name>
		<bndbox>
			<xmin>678</xmin>
			<ymin>187</ymin>
			<xmax>770</xmax>
			<ymax>222</ymax>
		</bndbox>
	</object>
	<object>
		<difficult>0</difficult>
		<name>&amp;*@HUST_text</name>
		<bndbox>
			<xmin>676</xmin>
			<ymin>237</ymin>
			<xmax>771</xmax>
			<ymax>272</ymax>
		</bndbox>
	</object>
	<object>
		<difficult>0</difficult>
		<name>&amp;*@HUST_text</name>
		<bndbox>
			<xmin>708</xmin>
			<ymin>286</ymin>
			<xmax>933</xmax>
			<ymax>323</ymax>
		</bndbox>
	</object>
	<object>
		<difficult>0</difficult>
		<name>&amp;*@HUST_text</name>
		<bndbox>
			<xmin>820</xmin>
			<ymin>327</ymin>
			<xmax>898</xmax>
			<ymax>360</ymax>
		</bndbox>
	</object>
	<object>
		<difficult>0</difficult>
		<name>&amp;*@HUST_text</name>
		<bndbox>
			<xmin>902</xmin>
			<ymin>327</ymin>
			<xmax>970</xmax>
			<ymax>360</ymax>
		</bndbox>
	</object>
	<object>
		<difficult>0</difficult>
		<name>&amp;*@HUST_text</name>
		<bndbox>
			<xmin>41</xmin>
			<ymin>148</ymin>
			<xmax>56</xmax>
			<ymax>161</ymax>
		</bndbox>
	</object>
	<object>
		<difficult>0</difficult>
		<name>&amp;*@HUST_text</name>
		<bndbox>
			<xmin>67</xmin>
			<ymin>144</ymin>
			<xmax>568</xmax>
			<ymax>164</ymax>
		</bndbox>
	</object>
	<object>
		<difficult>0</difficult>
		<name>&amp;*@HUST_text</name>
		<bndbox>
			<xmin>68</xmin>
			<ymin>166</ymin>
			<xmax>346</xmax>
			<ymax>186</ymax>
		</bndbox>
	</object>
	<object>
		<difficult>0</difficult>
		<name>&amp;*@HUST_text</name>
		<bndbox>
			<xmin>68</xmin>
			<ymin>188</ymin>
			<xmax>423</xmax>
			<ymax>208</ymax>
		</bndbox>
	</object>
	<object>
		<difficult>0</difficult>
		<name>&amp;*@HUST_text</name>
		<bndbox>
			<xmin>68</xmin>
			<ymin>210</ymin>
			<xmax>548</xmax>
			<ymax>230</ymax>
		</bndbox>
	</object>
	<object>
		<difficult>0</difficult>
		<name>&amp;*@HUST_text</name>
		<bndbox>
			<xmin>69</xmin>
			<ymin>232</ymin>
			<xmax>576</xmax>
			<ymax>253</ymax>
		</bndbox>
	</object>
	<object>
		<difficult>0</difficult>
		<name>&amp;*@HUST_text</name>
		<bndbox>
			<xmin>69</xmin>
			<ymin>255</ymin>
			<xmax>396</xmax>
			<ymax>276</ymax>
		</bndbox>
	</object>
	<object>
		<difficult>0</difficult>
		<name>&amp;*@HUST_text</name>
		<bndbox>
			<xmin>41</xmin>
			<ymin>299</ymin>
			<xmax>57</xmax>
			<ymax>310</ymax>
		</bndbox>
	</object>
	<object>
		<difficult>0</difficult>
		<name>&amp;*@HUST_text</name>
		<bndbox>
			<xmin>64</xmin>
			<ymin>293</ymin>
			<xmax>603</xmax>
			<ymax>314</ymax>
		</bndbox>
	</object>
	<object>
		<difficult>0</difficult>
		<name>&amp;*@HUST_text</name>
		<bndbox>
			<xmin>64</xmin>
			<ymin>316</ymin>
			<xmax>602</xmax>
			<ymax>338</ymax>
		</bndbox>
	</object>
	<object>
		<difficult>0</difficult>
		<name>&amp;*@HUST_text</name>
		<bndbox>
			<xmin>64</xmin>
			<ymin>339</ymin>
			<xmax>341</xmax>
			<ymax>361</ymax>
		</bndbox>
	</object>
	<object>
		<difficult>0</difficult>
		<name>&amp;*@HUST_text</name>
		<bndbox>
			<xmin>41</xmin>
			<ymin>387</ymin>
			<xmax>58</xmax>
			<ymax>397</ymax>
		</bndbox>
	</object>
	<object>
		<difficult>0</difficult>
		<name>&amp;*@HUST_text</name>
		<bndbox>
			<xmin>63</xmin>
			<ymin>379</ymin>
			<xmax>601</xmax>
			<ymax>401</ymax>
		</bndbox>
	</object>
	<object>
		<difficult>0</difficult>
		<name>&amp;*@HUST_text</name>
		<bndbox>
			<xmin>63</xmin>
			<ymin>402</ymin>
			<xmax>288</xmax>
			<ymax>424</ymax>
		</bndbox>
	</object>
	<object>
		<difficult>0</difficult>
		<name>&amp;*@HUST_text</name>
		<bndbox>
			<xmin>63</xmin>
			<ymin>425</ymin>
			<xmax>605</xmax>
			<ymax>446</ymax>
		</bndbox>
	</object>
	<object>
		<difficult>0</difficult>
		<name>&amp;*@HUST_text</name>
		<bndbox>
			<xmin>64</xmin>
			<ymin>448</ymin>
			<xmax>527</xmax>
			<ymax>471</ymax>
		</bndbox>
	</object>
	<object>
		<difficult>0</difficult>
		<name>&amp;*@HUST_text</name>
		<bndbox>
			<xmin>41</xmin>
			<ymin>495</ymin>
			<xmax>57</xmax>
			<ymax>506</ymax>
		</bndbox>
	</object>
	<object>
		<difficult>0</difficult>
		<name>&amp;*@HUST_text</name>
		<bndbox>
			<xmin>67</xmin>
			<ymin>489</ymin>
			<xmax>601</xmax>
			<ymax>510</ymax>
		</bndbox>
	</object>
	<object>
		<difficult>0</difficult>
		<name>&amp;*@HUST_text</name>
		<bndbox>
			<xmin>67</xmin>
			<ymin>512</ymin>
			<xmax>602</xmax>
			<ymax>534</ymax>
		</bndbox>
	</object>
	<object>
		<difficult>0</difficult>
		<name>&amp;*@HUST_text</name>
		<bndbox>
			<xmin>67</xmin>
			<ymin>535</ymin>
			<xmax>366</xmax>
			<ymax>558</ymax>
		</bndbox>
	</object>
</annotation>