<annotation>
	<filename>图像 0821.png</filename>
	<size>
		<width>115</width>
		<height>753</height>
		<depth>3</depth>
	</size>
	<segmented>0</segmented>
	<object>
		<difficult>1</difficult>
		<name>&amp;*@HUST_special</name>
		<bndbox>
			<xmin>0</xmin>
			<ymin>0</ymin>
			<xmax>23</xmax>
			<ymax>752</ymax>
		</bndbox>
	</object>
	<object>
		<difficult>1</difficult>
		<name>&amp;*@HUST_special</name>
		<bndbox>
			<xmin>23</xmin>
			<ymin>16</ymin>
			<xmax>41</xmax>
			<ymax>752</ymax>
		</bndbox>
	</object>
	<object>
		<difficult>0</difficult>
		<name>&amp;*@HUST_text</name>
		<bndbox>
			<xmin>23</xmin>
			<ymin>0</ymin>
			<xmax>115</xmax>
			<ymax>15</ymax>
		</bndbox>
	</object>
	<object>
		<difficult>0</difficult>
		<name>&amp;*@HUST_text</name>
		<bndbox>
			<xmin>42</xmin>
			<ymin>15</ymin>
			<xmax>98</xmax>
			<ymax>33</ymax>
		</bndbox>
	</object>
	<object>
		<difficult>0</difficult>
		<name>&amp;*@HUST_text</name>
		<bndbox>
			<xmin>42</xmin>
			<ymin>33</ymin>
			<xmax>99</xmax>
			<ymax>51</ymax>
		</bndbox>
	</object>
	<object>
		<difficult>0</difficult>
		<name>&amp;*@HUST_text</name>
		<bndbox>
			<xmin>42</xmin>
			<ymin>51</ymin>
			<xmax>99</xmax>
			<ymax>69</ymax>
		</bndbox>
	</object>
	<object>
		<difficult>0</difficult>
		<name>&amp;*@HUST_text</name>
		<bndbox>
			<xmin>42</xmin>
			<ymin>69</ymin>
			<xmax>107</xmax>
			<ymax>87</ymax>
		</bndbox>
	</object>
	<object>
		<difficult>0</difficult>
		<name>&amp;*@HUST_text</name>
		<bndbox>
			<xmin>42</xmin>
			<ymin>87</ymin>
			<xmax>97</xmax>
			<ymax>105</ymax>
		</bndbox>
	</object>
	<object>
		<difficult>0</difficult>
		<name>&amp;*@HUST_text</name>
		<bndbox>
			<xmin>42</xmin>
			<ymin>105</ymin>
			<xmax>105</xmax>
			<ymax>123</ymax>
		</bndbox>
	</object>
	<object>
		<difficult>0</difficult>
		<name>&amp;*@HUST_text</name>
		<bndbox>
			<xmin>42</xmin>
			<ymin>123</ymin>
			<xmax>105</xmax>
			<ymax>141</ymax>
		</bndbox>
	</object>
	<object>
		<difficult>0</difficult>
		<name>&amp;*@HUST_text</name>
		<bndbox>
			<xmin>42</xmin>
			<ymin>141</ymin>
			<xmax>85</xmax>
			<ymax>158</ymax>
		</bndbox>
	</object>
	<object>
		<difficult>0</difficult>
		<name>&amp;*@HUST_text</name>
		<bndbox>
			<xmin>42</xmin>
			<ymin>158</ymin>
			<xmax>108</xmax>
			<ymax>177</ymax>
		</bndbox>
	</object>
	<object>
		<difficult>0</difficult>
		<name>&amp;*@HUST_text</name>
		<bndbox>
			<xmin>42</xmin>
			<ymin>177</ymin>
			<xmax>104</xmax>
			<ymax>195</ymax>
		</bndbox>
	</object>
	<object>
		<difficult>0</difficult>
		<name>&amp;*@HUST_text</name>
		<bndbox>
			<xmin>42</xmin>
			<ymin>195</ymin>
			<xmax>106</xmax>
			<ymax>213</ymax>
		</bndbox>
	</object>
	<object>
		<difficult>0</difficult>
		<name>&amp;*@HUST_text</name>
		<bndbox>
			<xmin>42</xmin>
			<ymin>214</ymin>
			<xmax>107</xmax>
			<ymax>231</ymax>
		</bndbox>
	</object>
	<object>
		<difficult>0</difficult>
		<name>&amp;*@HUST_text</name>
		<bndbox>
			<xmin>42</xmin>
			<ymin>231</ymin>
			<xmax>115</xmax>
			<ymax>250</ymax>
		</bndbox>
	</object>
	<object>
		<difficult>0</difficult>
		<name>&amp;*@HUST_text</name>
		<bndbox>
			<xmin>42</xmin>
			<ymin>250</ymin>
			<xmax>104</xmax>
			<ymax>267</ymax>
		</bndbox>
	</object>
	<object>
		<difficult>0</difficult>
		<name>&amp;*@HUST_text</name>
		<bndbox>
			<xmin>42</xmin>
			<ymin>267</ymin>
			<xmax>74</xmax>
			<ymax>284</ymax>
		</bndbox>
	</object>
	<object>
		<difficult>0</difficult>
		<name>&amp;*@HUST_text</name>
		<bndbox>
			<xmin>42</xmin>
			<ymin>284</ymin>
			<xmax>93</xmax>
			<ymax>303</ymax>
		</bndbox>
	</object>
	<object>
		<difficult>0</difficult>
		<name>&amp;*@HUST_text</name>
		<bndbox>
			<xmin>42</xmin>
			<ymin>303</ymin>
			<xmax>89</xmax>
			<ymax>321</ymax>
		</bndbox>
	</object>
	<object>
		<difficult>0</difficult>
		<name>&amp;*@HUST_text</name>
		<bndbox>
			<xmin>42</xmin>
			<ymin>321</ymin>
			<xmax>89</xmax>
			<ymax>338</ymax>
		</bndbox>
	</object>
	<object>
		<difficult>0</difficult>
		<name>&amp;*@HUST_text</name>
		<bndbox>
			<xmin>42</xmin>
			<ymin>339</ymin>
			<xmax>96</xmax>
			<ymax>358</ymax>
		</bndbox>
	</object>
	<object>
		<difficult>0</difficult>
		<name>&amp;*@HUST_text</name>
		<bndbox>
			<xmin>42</xmin>
			<ymin>358</ymin>
			<xmax>84</xmax>
			<ymax>375</ymax>
		</bndbox>
	</object>
	<object>
		<difficult>0</difficult>
		<name>&amp;*@HUST_text</name>
		<bndbox>
			<xmin>42</xmin>
			<ymin>375</ymin>
			<xmax>103</xmax>
			<ymax>393</ymax>
		</bndbox>
	</object>
	<object>
		<difficult>0</difficult>
		<name>&amp;*@HUST_text</name>
		<bndbox>
			<xmin>42</xmin>
			<ymin>394</ymin>
			<xmax>104</xmax>
			<ymax>411</ymax>
		</bndbox>
	</object>
	<object>
		<difficult>0</difficult>
		<name>&amp;*@HUST_text</name>
		<bndbox>
			<xmin>42</xmin>
			<ymin>411</ymin>
			<xmax>105</xmax>
			<ymax>429</ymax>
		</bndbox>
	</object>
	<object>
		<difficult>0</difficult>
		<name>&amp;*@HUST_text</name>
		<bndbox>
			<xmin>42</xmin>
			<ymin>430</ymin>
			<xmax>115</xmax>
			<ymax>448</ymax>
		</bndbox>
	</object>
	<object>
		<difficult>0</difficult>
		<name>&amp;*@HUST_text</name>
		<bndbox>
			<xmin>42</xmin>
			<ymin>448</ymin>
			<xmax>105</xmax>
			<ymax>464</ymax>
		</bndbox>
	</object>
	<object>
		<difficult>0</difficult>
		<name>&amp;*@HUST_text</name>
		<bndbox>
			<xmin>42</xmin>
			<ymin>465</ymin>
			<xmax>105</xmax>
			<ymax>482</ymax>
		</bndbox>
	</object>
	<object>
		<difficult>0</difficult>
		<name>&amp;*@HUST_text</name>
		<bndbox>
			<xmin>42</xmin>
			<ymin>482</ymin>
			<xmax>112</xmax>
			<ymax>501</ymax>
		</bndbox>
	</object>
	<object>
		<difficult>0</difficult>
		<name>&amp;*@HUST_text</name>
		<bndbox>
			<xmin>42</xmin>
			<ymin>501</ymin>
			<xmax>115</xmax>
			<ymax>520</ymax>
		</bndbox>
	</object>
	<object>
		<difficult>0</difficult>
		<name>&amp;*@HUST_text</name>
		<bndbox>
			<xmin>42</xmin>
			<ymin>520</ymin>
			<xmax>105</xmax>
			<ymax>537</ymax>
		</bndbox>
	</object>
	<object>
		<difficult>0</difficult>
		<name>&amp;*@HUST_text</name>
		<bndbox>
			<xmin>42</xmin>
			<ymin>538</ymin>
			<xmax>106</xmax>
			<ymax>555</ymax>
		</bndbox>
	</object>
	<object>
		<difficult>0</difficult>
		<name>&amp;*@HUST_text</name>
		<bndbox>
			<xmin>42</xmin>
			<ymin>556</ymin>
			<xmax>106</xmax>
			<ymax>573</ymax>
		</bndbox>
	</object>
	<object>
		<difficult>0</difficult>
		<name>&amp;*@HUST_text</name>
		<bndbox>
			<xmin>42</xmin>
			<ymin>573</ymin>
			<xmax>84</xmax>
			<ymax>591</ymax>
		</bndbox>
	</object>
	<object>
		<difficult>0</difficult>
		<name>&amp;*@HUST_text</name>
		<bndbox>
			<xmin>42</xmin>
			<ymin>591</ymin>
			<xmax>102</xmax>
			<ymax>609</ymax>
		</bndbox>
	</object>
	<object>
		<difficult>0</difficult>
		<name>&amp;*@HUST_text</name>
		<bndbox>
			<xmin>42</xmin>
			<ymin>609</ymin>
			<xmax>102</xmax>
			<ymax>627</ymax>
		</bndbox>
	</object>
	<object>
		<difficult>0</difficult>
		<name>&amp;*@HUST_text</name>
		<bndbox>
			<xmin>42</xmin>
			<ymin>627</ymin>
			<xmax>98</xmax>
			<ymax>645</ymax>
		</bndbox>
	</object>
	<object>
		<difficult>0</difficult>
		<name>&amp;*@HUST_text</name>
		<bndbox>
			<xmin>42</xmin>
			<ymin>645</ymin>
			<xmax>115</xmax>
			<ymax>664</ymax>
		</bndbox>
	</object>
	<object>
		<difficult>0</difficult>
		<name>&amp;*@HUST_text</name>
		<bndbox>
			<xmin>42</xmin>
			<ymin>664</ymin>
			<xmax>95</xmax>
			<ymax>681</ymax>
		</bndbox>
	</object>
	<object>
		<difficult>0</difficult>
		<name>&amp;*@HUST_text</name>
		<bndbox>
			<xmin>42</xmin>
			<ymin>681</ymin>
			<xmax>103</xmax>
			<ymax>699</ymax>
		</bndbox>
	</object>
	<object>
		<difficult>0</difficult>
		<name>&amp;*@HUST_text</name>
		<bndbox>
			<xmin>42</xmin>
			<ymin>700</ymin>
			<xmax>102</xmax>
			<ymax>717</ymax>
		</bndbox>
	</object>
	<object>
		<difficult>0</difficult>
		<name>&amp;*@HUST_text</name>
		<bndbox>
			<xmin>42</xmin>
			<ymin>717</ymin>
			<xmax>84</xmax>
			<ymax>734</ymax>
		</bndbox>
	</object>
	<object>
		<difficult>0</difficult>
		<name>&amp;*@HUST_text</name>
		<bndbox>
			<xmin>42</xmin>
			<ymin>735</ymin>
			<xmax>101</xmax>
			<ymax>751</ymax>
		</bndbox>
	</object>
</annotation>