<annotation>
	<filename>图像 0871.png</filename>
	<size>
		<width>123</width>
		<height>808</height>
		<depth>3</depth>
	</size>
	<segmented>0</segmented>
	<object>
		<difficult>1</difficult>
		<name>&amp;*@HUST_special</name>
		<bndbox>
			<xmin>4</xmin>
			<ymin>0</ymin>
			<xmax>26</xmax>
			<ymax>839</ymax>
		</bndbox>
	</object>
	<object>
		<difficult>1</difficult>
		<name>&amp;*@HUST_special</name>
		<bndbox>
			<xmin>27</xmin>
			<ymin>13</ymin>
			<xmax>44</xmax>
			<ymax>813</ymax>
		</bndbox>
	</object>
	<object>
		<difficult>1</difficult>
		<name>&amp;*@HUST_shelter</name>
		<bndbox>
			<xmin>27</xmin>
			<ymin>0</ymin>
			<xmax>113</xmax>
			<ymax>12</ymax>
		</bndbox>
	</object>
	<object>
		<difficult>0</difficult>
		<name>&amp;*@HUST_text</name>
		<bndbox>
			<xmin>45</xmin>
			<ymin>13</ymin>
			<xmax>105</xmax>
			<ymax>30</ymax>
		</bndbox>
	</object>
	<object>
		<difficult>0</difficult>
		<name>&amp;*@HUST_text</name>
		<bndbox>
			<xmin>45</xmin>
			<ymin>31</ymin>
			<xmax>105</xmax>
			<ymax>48</ymax>
		</bndbox>
	</object>
	<object>
		<difficult>0</difficult>
		<name>&amp;*@HUST_text</name>
		<bndbox>
			<xmin>45</xmin>
			<ymin>48</ymin>
			<xmax>105</xmax>
			<ymax>67</ymax>
		</bndbox>
	</object>
	<object>
		<difficult>0</difficult>
		<name>&amp;*@HUST_text</name>
		<bndbox>
			<xmin>45</xmin>
			<ymin>68</ymin>
			<xmax>105</xmax>
			<ymax>84</ymax>
		</bndbox>
	</object>
	<object>
		<difficult>0</difficult>
		<name>&amp;*@HUST_text</name>
		<bndbox>
			<xmin>45</xmin>
			<ymin>84</ymin>
			<xmax>105</xmax>
			<ymax>103</ymax>
		</bndbox>
	</object>
	<object>
		<difficult>0</difficult>
		<name>&amp;*@HUST_text</name>
		<bndbox>
			<xmin>45</xmin>
			<ymin>103</ymin>
			<xmax>106</xmax>
			<ymax>122</ymax>
		</bndbox>
	</object>
	<object>
		<difficult>0</difficult>
		<name>&amp;*@HUST_text</name>
		<bndbox>
			<xmin>45</xmin>
			<ymin>123</ymin>
			<xmax>105</xmax>
			<ymax>140</ymax>
		</bndbox>
	</object>
	<object>
		<difficult>0</difficult>
		<name>&amp;*@HUST_text</name>
		<bndbox>
			<xmin>45</xmin>
			<ymin>140</ymin>
			<xmax>106</xmax>
			<ymax>158</ymax>
		</bndbox>
	</object>
	<object>
		<difficult>0</difficult>
		<name>&amp;*@HUST_text</name>
		<bndbox>
			<xmin>45</xmin>
			<ymin>158</ymin>
			<xmax>106</xmax>
			<ymax>175</ymax>
		</bndbox>
	</object>
	<object>
		<difficult>0</difficult>
		<name>&amp;*@HUST_text</name>
		<bndbox>
			<xmin>45</xmin>
			<ymin>176</ymin>
			<xmax>107</xmax>
			<ymax>193</ymax>
		</bndbox>
	</object>
	<object>
		<difficult>0</difficult>
		<name>&amp;*@HUST_text</name>
		<bndbox>
			<xmin>45</xmin>
			<ymin>194</ymin>
			<xmax>110</xmax>
			<ymax>212</ymax>
		</bndbox>
	</object>
	<object>
		<difficult>0</difficult>
		<name>&amp;*@HUST_text</name>
		<bndbox>
			<xmin>45</xmin>
			<ymin>212</ymin>
			<xmax>111</xmax>
			<ymax>229</ymax>
		</bndbox>
	</object>
	<object>
		<difficult>0</difficult>
		<name>&amp;*@HUST_text</name>
		<bndbox>
			<xmin>45</xmin>
			<ymin>230</ymin>
			<xmax>109</xmax>
			<ymax>247</ymax>
		</bndbox>
	</object>
	<object>
		<difficult>0</difficult>
		<name>&amp;*@HUST_text</name>
		<bndbox>
			<xmin>45</xmin>
			<ymin>247</ymin>
			<xmax>109</xmax>
			<ymax>265</ymax>
		</bndbox>
	</object>
	<object>
		<difficult>0</difficult>
		<name>&amp;*@HUST_text</name>
		<bndbox>
			<xmin>45</xmin>
			<ymin>265</ymin>
			<xmax>109</xmax>
			<ymax>283</ymax>
		</bndbox>
	</object>
	<object>
		<difficult>0</difficult>
		<name>&amp;*@HUST_text</name>
		<bndbox>
			<xmin>45</xmin>
			<ymin>283</ymin>
			<xmax>108</xmax>
			<ymax>302</ymax>
		</bndbox>
	</object>
	<object>
		<difficult>0</difficult>
		<name>&amp;*@HUST_text</name>
		<bndbox>
			<xmin>45</xmin>
			<ymin>302</ymin>
			<xmax>108</xmax>
			<ymax>320</ymax>
		</bndbox>
	</object>
	<object>
		<difficult>0</difficult>
		<name>&amp;*@HUST_text</name>
		<bndbox>
			<xmin>45</xmin>
			<ymin>321</ymin>
			<xmax>110</xmax>
			<ymax>337</ymax>
		</bndbox>
	</object>
	<object>
		<difficult>0</difficult>
		<name>&amp;*@HUST_text</name>
		<bndbox>
			<xmin>45</xmin>
			<ymin>337</ymin>
			<xmax>107</xmax>
			<ymax>354</ymax>
		</bndbox>
	</object>
	<object>
		<difficult>0</difficult>
		<name>&amp;*@HUST_text</name>
		<bndbox>
			<xmin>45</xmin>
			<ymin>355</ymin>
			<xmax>107</xmax>
			<ymax>373</ymax>
		</bndbox>
	</object>
	<object>
		<difficult>0</difficult>
		<name>&amp;*@HUST_text</name>
		<bndbox>
			<xmin>45</xmin>
			<ymin>374</ymin>
			<xmax>110</xmax>
			<ymax>392</ymax>
		</bndbox>
	</object>
	<object>
		<difficult>0</difficult>
		<name>&amp;*@HUST_text</name>
		<bndbox>
			<xmin>45</xmin>
			<ymin>392</ymin>
			<xmax>111</xmax>
			<ymax>410</ymax>
		</bndbox>
	</object>
	<object>
		<difficult>0</difficult>
		<name>&amp;*@HUST_text</name>
		<bndbox>
			<xmin>45</xmin>
			<ymin>410</ymin>
			<xmax>111</xmax>
			<ymax>427</ymax>
		</bndbox>
	</object>
	<object>
		<difficult>0</difficult>
		<name>&amp;*@HUST_text</name>
		<bndbox>
			<xmin>45</xmin>
			<ymin>427</ymin>
			<xmax>112</xmax>
			<ymax>444</ymax>
		</bndbox>
	</object>
	<object>
		<difficult>0</difficult>
		<name>&amp;*@HUST_text</name>
		<bndbox>
			<xmin>45</xmin>
			<ymin>445</ymin>
			<xmax>105</xmax>
			<ymax>463</ymax>
		</bndbox>
	</object>
	<object>
		<difficult>0</difficult>
		<name>&amp;*@HUST_text</name>
		<bndbox>
			<xmin>45</xmin>
			<ymin>463</ymin>
			<xmax>109</xmax>
			<ymax>481</ymax>
		</bndbox>
	</object>
	<object>
		<difficult>0</difficult>
		<name>&amp;*@HUST_text</name>
		<bndbox>
			<xmin>45</xmin>
			<ymin>482</ymin>
			<xmax>109</xmax>
			<ymax>500</ymax>
		</bndbox>
	</object>
	<object>
		<difficult>0</difficult>
		<name>&amp;*@HUST_text</name>
		<bndbox>
			<xmin>45</xmin>
			<ymin>500</ymin>
			<xmax>109</xmax>
			<ymax>518</ymax>
		</bndbox>
	</object>
	<object>
		<difficult>0</difficult>
		<name>&amp;*@HUST_text</name>
		<bndbox>
			<xmin>45</xmin>
			<ymin>519</ymin>
			<xmax>88</xmax>
			<ymax>535</ymax>
		</bndbox>
	</object>
	<object>
		<difficult>0</difficult>
		<name>&amp;*@HUST_text</name>
		<bndbox>
			<xmin>45</xmin>
			<ymin>535</ymin>
			<xmax>114</xmax>
			<ymax>554</ymax>
		</bndbox>
	</object>
	<object>
		<difficult>0</difficult>
		<name>&amp;*@HUST_text</name>
		<bndbox>
			<xmin>45</xmin>
			<ymin>554</ymin>
			<xmax>114</xmax>
			<ymax>572</ymax>
		</bndbox>
	</object>
	<object>
		<difficult>0</difficult>
		<name>&amp;*@HUST_text</name>
		<bndbox>
			<xmin>45</xmin>
			<ymin>572</ymin>
			<xmax>114</xmax>
			<ymax>590</ymax>
		</bndbox>
	</object>
	<object>
		<difficult>0</difficult>
		<name>&amp;*@HUST_text</name>
		<bndbox>
			<xmin>45</xmin>
			<ymin>590</ymin>
			<xmax>102</xmax>
			<ymax>608</ymax>
		</bndbox>
	</object>
	<object>
		<difficult>0</difficult>
		<name>&amp;*@HUST_text</name>
		<bndbox>
			<xmin>45</xmin>
			<ymin>608</ymin>
			<xmax>114</xmax>
			<ymax>625</ymax>
		</bndbox>
	</object>
	<object>
		<difficult>0</difficult>
		<name>&amp;*@HUST_text</name>
		<bndbox>
			<xmin>45</xmin>
			<ymin>625</ymin>
			<xmax>115</xmax>
			<ymax>642</ymax>
		</bndbox>
	</object>
	<object>
		<difficult>0</difficult>
		<name>&amp;*@HUST_text</name>
		<bndbox>
			<xmin>45</xmin>
			<ymin>643</ymin>
			<xmax>113</xmax>
			<ymax>661</ymax>
		</bndbox>
	</object>
	<object>
		<difficult>0</difficult>
		<name>&amp;*@HUST_text</name>
		<bndbox>
			<xmin>45</xmin>
			<ymin>662</ymin>
			<xmax>113</xmax>
			<ymax>680</ymax>
		</bndbox>
	</object>
	<object>
		<difficult>0</difficult>
		<name>&amp;*@HUST_text</name>
		<bndbox>
			<xmin>45</xmin>
			<ymin>680</ymin>
			<xmax>118</xmax>
			<ymax>697</ymax>
		</bndbox>
	</object>
	<object>
		<difficult>0</difficult>
		<name>&amp;*@HUST_text</name>
		<bndbox>
			<xmin>45</xmin>
			<ymin>697</ymin>
			<xmax>88</xmax>
			<ymax>715</ymax>
		</bndbox>
	</object>
	<object>
		<difficult>0</difficult>
		<name>&amp;*@HUST_text</name>
		<bndbox>
			<xmin>45</xmin>
			<ymin>715</ymin>
			<xmax>119</xmax>
			<ymax>733</ymax>
		</bndbox>
	</object>
	<object>
		<difficult>0</difficult>
		<name>&amp;*@HUST_text</name>
		<bndbox>
			<xmin>45</xmin>
			<ymin>733</ymin>
			<xmax>117</xmax>
			<ymax>752</ymax>
		</bndbox>
	</object>
	<object>
		<difficult>0</difficult>
		<name>&amp;*@HUST_text</name>
		<bndbox>
			<xmin>45</xmin>
			<ymin>752</ymin>
			<xmax>88</xmax>
			<ymax>768</ymax>
		</bndbox>
	</object>
	<object>
		<difficult>0</difficult>
		<name>&amp;*@HUST_text</name>
		<bndbox>
			<xmin>45</xmin>
			<ymin>769</ymin>
			<xmax>118</xmax>
			<ymax>787</ymax>
		</bndbox>
	</object>
	<object>
		<difficult>0</difficult>
		<name>&amp;*@HUST_text</name>
		<bndbox>
			<xmin>45</xmin>
			<ymin>788</ymin>
			<xmax>106</xmax>
			<ymax>807</ymax>
		</bndbox>
	</object>
</annotation>