<annotation>
	<filename>图像 0591.png</filename>
	<size>
		<width>1731</width>
		<height>374</height>
		<depth>3</depth>
	</size>
	<segmented>0</segmented>
	<object>
		<difficult>0</difficult>
		<name>&amp;*@HUST_text</name>
		<bndbox>
			<xmin>44</xmin>
			<ymin>9</ymin>
			<xmax>244</xmax>
			<ymax>66</ymax>
		</bndbox>
	</object>
	<object>
		<difficult>0</difficult>
		<name>&amp;*@HUST_text</name>
		<bndbox>
			<xmin>11</xmin>
			<ymin>75</ymin>
			<xmax>121</xmax>
			<ymax>91</ymax>
		</bndbox>
	</object>
	<object>
		<difficult>0</difficult>
		<name>&amp;*@HUST_text</name>
		<bndbox>
			<xmin>127</xmin>
			<ymin>74</ymin>
			<xmax>153</xmax>
			<ymax>91</ymax>
		</bndbox>
	</object>
	<object>
		<difficult>1</difficult>
		<name>&amp;*@HUST_special</name>
		<bndbox>
			<xmin>11</xmin>
			<ymin>98</ymin>
			<xmax>35</xmax>
			<ymax>121</ymax>
		</bndbox>
	</object>
	<object>
		<difficult>0</difficult>
		<name>&amp;*@HUST_text</name>
		<bndbox>
			<xmin>36</xmin>
			<ymin>99</ymin>
			<xmax>72</xmax>
			<ymax>122</ymax>
		</bndbox>
	</object>
	<object>
		<difficult>1</difficult>
		<name>&amp;*@HUST_special</name>
		<bndbox>
			<xmin>73</xmin>
			<ymin>99</ymin>
			<xmax>117</xmax>
			<ymax>121</ymax>
		</bndbox>
	</object>
	<object>
		<difficult>0</difficult>
		<name>&amp;*@HUST_text</name>
		<bndbox>
			<xmin>119</xmin>
			<ymin>99</ymin>
			<xmax>169</xmax>
			<ymax>121</ymax>
		</bndbox>
	</object>
	<object>
		<difficult>1</difficult>
		<name>&amp;*@HUST_special</name>
		<bndbox>
			<xmin>170</xmin>
			<ymin>99</ymin>
			<xmax>313</xmax>
			<ymax>121</ymax>
		</bndbox>
	</object>
	<object>
		<difficult>1</difficult>
		<name>&amp;*@HUST_special</name>
		<bndbox>
			<xmin>20</xmin>
			<ymin>125</ymin>
			<xmax>61</xmax>
			<ymax>147</ymax>
		</bndbox>
	</object>
	<object>
		<difficult>1</difficult>
		<name>&amp;*@HUST_special</name>
		<bndbox>
			<xmin>19</xmin>
			<ymin>150</ymin>
			<xmax>59</xmax>
			<ymax>169</ymax>
		</bndbox>
	</object>
	<object>
		<difficult>1</difficult>
		<name>&amp;*@HUST_special</name>
		<bndbox>
			<xmin>20</xmin>
			<ymin>173</ymin>
			<xmax>60</xmax>
			<ymax>191</ymax>
		</bndbox>
	</object>
	<object>
		<difficult>1</difficult>
		<name>&amp;*@HUST_special</name>
		<bndbox>
			<xmin>20</xmin>
			<ymin>195</ymin>
			<xmax>59</xmax>
			<ymax>214</ymax>
		</bndbox>
	</object>
	<object>
		<difficult>1</difficult>
		<name>&amp;*@HUST_special</name>
		<bndbox>
			<xmin>20</xmin>
			<ymin>217</ymin>
			<xmax>59</xmax>
			<ymax>235</ymax>
		</bndbox>
	</object>
	<object>
		<difficult>0</difficult>
		<name>&amp;*@HUST_text</name>
		<bndbox>
			<xmin>75</xmin>
			<ymin>125</ymin>
			<xmax>121</xmax>
			<ymax>146</ymax>
		</bndbox>
	</object>
	<object>
		<difficult>0</difficult>
		<name>&amp;*@HUST_text</name>
		<bndbox>
			<xmin>133</xmin>
			<ymin>124</ymin>
			<xmax>188</xmax>
			<ymax>147</ymax>
		</bndbox>
	</object>
	<object>
		<difficult>1</difficult>
		<name>&amp;*@HUST_special</name>
		<bndbox>
			<xmin>192</xmin>
			<ymin>124</ymin>
			<xmax>202</xmax>
			<ymax>146</ymax>
		</bndbox>
	</object>
	<object>
		<difficult>0</difficult>
		<name>&amp;*@HUST_text</name>
		<bndbox>
			<xmin>70</xmin>
			<ymin>151</ymin>
			<xmax>92</xmax>
			<ymax>169</ymax>
		</bndbox>
	</object>
	<object>
		<difficult>0</difficult>
		<name>&amp;*@HUST_text</name>
		<bndbox>
			<xmin>70</xmin>
			<ymin>172</ymin>
			<xmax>92</xmax>
			<ymax>191</ymax>
		</bndbox>
	</object>
	<object>
		<difficult>0</difficult>
		<name>&amp;*@HUST_text</name>
		<bndbox>
			<xmin>70</xmin>
			<ymin>194</ymin>
			<xmax>90</xmax>
			<ymax>214</ymax>
		</bndbox>
	</object>
	<object>
		<difficult>0</difficult>
		<name>&amp;*@HUST_text</name>
		<bndbox>
			<xmin>70</xmin>
			<ymin>216</ymin>
			<xmax>91</xmax>
			<ymax>235</ymax>
		</bndbox>
	</object>
	<object>
		<difficult>0</difficult>
		<name>&amp;*@HUST_text</name>
		<bndbox>
			<xmin>209</xmin>
			<ymin>126</ymin>
			<xmax>266</xmax>
			<ymax>147</ymax>
		</bndbox>
	</object>
	<object>
		<difficult>1</difficult>
		<name>&amp;*@HUST_special</name>
		<bndbox>
			<xmin>269</xmin>
			<ymin>123</ymin>
			<xmax>280</xmax>
			<ymax>146</ymax>
		</bndbox>
	</object>
	<object>
		<difficult>0</difficult>
		<name>&amp;*@HUST_text</name>
		<bndbox>
			<xmin>288</xmin>
			<ymin>125</ymin>
			<xmax>341</xmax>
			<ymax>147</ymax>
		</bndbox>
	</object>
	<object>
		<difficult>1</difficult>
		<name>&amp;*@HUST_special</name>
		<bndbox>
			<xmin>346</xmin>
			<ymin>124</ymin>
			<xmax>356</xmax>
			<ymax>148</ymax>
		</bndbox>
	</object>
	<object>
		<difficult>0</difficult>
		<name>&amp;*@HUST_text</name>
		<bndbox>
			<xmin>361</xmin>
			<ymin>125</ymin>
			<xmax>418</xmax>
			<ymax>147</ymax>
		</bndbox>
	</object>
	<object>
		<difficult>1</difficult>
		<name>&amp;*@HUST_special</name>
		<bndbox>
			<xmin>422</xmin>
			<ymin>126</ymin>
			<xmax>432</xmax>
			<ymax>146</ymax>
		</bndbox>
	</object>
	<object>
		<difficult>0</difficult>
		<name>&amp;*@HUST_text</name>
		<bndbox>
			<xmin>443</xmin>
			<ymin>125</ymin>
			<xmax>493</xmax>
			<ymax>145</ymax>
		</bndbox>
	</object>
	<object>
		<difficult>1</difficult>
		<name>&amp;*@HUST_special</name>
		<bndbox>
			<xmin>498</xmin>
			<ymin>125</ymin>
			<xmax>508</xmax>
			<ymax>147</ymax>
		</bndbox>
	</object>
	<object>
		<difficult>0</difficult>
		<name>&amp;*@HUST_text</name>
		<bndbox>
			<xmin>516</xmin>
			<ymin>124</ymin>
			<xmax>570</xmax>
			<ymax>146</ymax>
		</bndbox>
	</object>
	<object>
		<difficult>1</difficult>
		<name>&amp;*@HUST_special</name>
		<bndbox>
			<xmin>574</xmin>
			<ymin>125</ymin>
			<xmax>584</xmax>
			<ymax>147</ymax>
		</bndbox>
	</object>
	<object>
		<difficult>0</difficult>
		<name>&amp;*@HUST_text</name>
		<bndbox>
			<xmin>592</xmin>
			<ymin>125</ymin>
			<xmax>646</xmax>
			<ymax>146</ymax>
		</bndbox>
	</object>
	<object>
		<difficult>1</difficult>
		<name>&amp;*@HUST_special</name>
		<bndbox>
			<xmin>650</xmin>
			<ymin>125</ymin>
			<xmax>660</xmax>
			<ymax>146</ymax>
		</bndbox>
	</object>
	<object>
		<difficult>0</difficult>
		<name>&amp;*@HUST_text</name>
		<bndbox>
			<xmin>671</xmin>
			<ymin>125</ymin>
			<xmax>721</xmax>
			<ymax>146</ymax>
		</bndbox>
	</object>
	<object>
		<difficult>1</difficult>
		<name>&amp;*@HUST_special</name>
		<bndbox>
			<xmin>725</xmin>
			<ymin>124</ymin>
			<xmax>734</xmax>
			<ymax>146</ymax>
		</bndbox>
	</object>
	<object>
		<difficult>0</difficult>
		<name>&amp;*@HUST_text</name>
		<bndbox>
			<xmin>744</xmin>
			<ymin>125</ymin>
			<xmax>798</xmax>
			<ymax>145</ymax>
		</bndbox>
	</object>
	<object>
		<difficult>1</difficult>
		<name>&amp;*@HUST_special</name>
		<bndbox>
			<xmin>801</xmin>
			<ymin>124</ymin>
			<xmax>811</xmax>
			<ymax>147</ymax>
		</bndbox>
	</object>
	<object>
		<difficult>0</difficult>
		<name>&amp;*@HUST_text</name>
		<bndbox>
			<xmin>895</xmin>
			<ymin>125</ymin>
			<xmax>996</xmax>
			<ymax>147</ymax>
		</bndbox>
	</object>
	<object>
		<difficult>0</difficult>
		<name>&amp;*@HUST_text</name>
		<bndbox>
			<xmin>814</xmin>
			<ymin>150</ymin>
			<xmax>1019</xmax>
			<ymax>170</ymax>
		</bndbox>
	</object>
	<object>
		<difficult>0</difficult>
		<name>&amp;*@HUST_text</name>
		<bndbox>
			<xmin>814</xmin>
			<ymin>172</ymin>
			<xmax>1005</xmax>
			<ymax>191</ymax>
		</bndbox>
	</object>
	<object>
		<difficult>0</difficult>
		<name>&amp;*@HUST_text</name>
		<bndbox>
			<xmin>813</xmin>
			<ymin>194</ymin>
			<xmax>895</xmax>
			<ymax>214</ymax>
		</bndbox>
	</object>
	<object>
		<difficult>0</difficult>
		<name>&amp;*@HUST_text</name>
		<bndbox>
			<xmin>814</xmin>
			<ymin>216</ymin>
			<xmax>930</xmax>
			<ymax>236</ymax>
		</bndbox>
	</object>
	<object>
		<difficult>1</difficult>
		<name>&amp;*@HUST_special</name>
		<bndbox>
			<xmin>1068</xmin>
			<ymin>125</ymin>
			<xmax>1079</xmax>
			<ymax>146</ymax>
		</bndbox>
	</object>
	<object>
		<difficult>0</difficult>
		<name>&amp;*@HUST_text</name>
		<bndbox>
			<xmin>1124</xmin>
			<ymin>125</ymin>
			<xmax>1192</xmax>
			<ymax>146</ymax>
		</bndbox>
	</object>
	<object>
		<difficult>1</difficult>
		<name>&amp;*@HUST_special</name>
		<bndbox>
			<xmin>1239</xmin>
			<ymin>124</ymin>
			<xmax>1249</xmax>
			<ymax>147</ymax>
		</bndbox>
	</object>
	<object>
		<difficult>0</difficult>
		<name>&amp;*@HUST_text</name>
		<bndbox>
			<xmin>1080</xmin>
			<ymin>150</ymin>
			<xmax>1207</xmax>
			<ymax>170</ymax>
		</bndbox>
	</object>
	<object>
		<difficult>0</difficult>
		<name>&amp;*@HUST_text</name>
		<bndbox>
			<xmin>1080</xmin>
			<ymin>173</ymin>
			<xmax>1204</xmax>
			<ymax>191</ymax>
		</bndbox>
	</object>
	<object>
		<difficult>0</difficult>
		<name>&amp;*@HUST_text</name>
		<bndbox>
			<xmin>1080</xmin>
			<ymin>194</ymin>
			<xmax>1206</xmax>
			<ymax>213</ymax>
		</bndbox>
	</object>
	<object>
		<difficult>0</difficult>
		<name>&amp;*@HUST_text</name>
		<bndbox>
			<xmin>1080</xmin>
			<ymin>216</ymin>
			<xmax>1207</xmax>
			<ymax>236</ymax>
		</bndbox>
	</object>
	<object>
		<difficult>0</difficult>
		<name>&amp;*@HUST_text</name>
		<bndbox>
			<xmin>1277</xmin>
			<ymin>125</ymin>
			<xmax>1348</xmax>
			<ymax>146</ymax>
		</bndbox>
	</object>
	<object>
		<difficult>1</difficult>
		<name>&amp;*@HUST_special</name>
		<bndbox>
			<xmin>1371</xmin>
			<ymin>124</ymin>
			<xmax>1382</xmax>
			<ymax>147</ymax>
		</bndbox>
	</object>
	<object>
		<difficult>0</difficult>
		<name>&amp;*@HUST_text</name>
		<bndbox>
			<xmin>1251</xmin>
			<ymin>150</ymin>
			<xmax>1331</xmax>
			<ymax>169</ymax>
		</bndbox>
	</object>
	<object>
		<difficult>0</difficult>
		<name>&amp;*@HUST_text</name>
		<bndbox>
			<xmin>1251</xmin>
			<ymin>172</ymin>
			<xmax>1329</xmax>
			<ymax>191</ymax>
		</bndbox>
	</object>
	<object>
		<difficult>0</difficult>
		<name>&amp;*@HUST_text</name>
		<bndbox>
			<xmin>1250</xmin>
			<ymin>194</ymin>
			<xmax>1330</xmax>
			<ymax>214</ymax>
		</bndbox>
	</object>
	<object>
		<difficult>0</difficult>
		<name>&amp;*@HUST_text</name>
		<bndbox>
			<xmin>1251</xmin>
			<ymin>216</ymin>
			<xmax>1330</xmax>
			<ymax>236</ymax>
		</bndbox>
	</object>
	<object>
		<difficult>0</difficult>
		<name>&amp;*@HUST_text</name>
		<bndbox>
			<xmin>1365</xmin>
			<ymin>99</ymin>
			<xmax>1507</xmax>
			<ymax>121</ymax>
		</bndbox>
	</object>
	<object>
		<difficult>0</difficult>
		<name>&amp;*@HUST_text</name>
		<bndbox>
			<xmin>1510</xmin>
			<ymin>102</ymin>
			<xmax>1533</xmax>
			<ymax>119</ymax>
		</bndbox>
	</object>
	<object>
		<difficult>0</difficult>
		<name>&amp;*@HUST_text</name>
		<bndbox>
			<xmin>1421</xmin>
			<ymin>125</ymin>
			<xmax>1511</xmax>
			<ymax>147</ymax>
		</bndbox>
	</object>
	<object>
		<difficult>1</difficult>
		<name>&amp;*@HUST_special</name>
		<bndbox>
			<xmin>1542</xmin>
			<ymin>123</ymin>
			<xmax>1552</xmax>
			<ymax>146</ymax>
		</bndbox>
	</object>
	<object>
		<difficult>0</difficult>
		<name>&amp;*@HUST_text</name>
		<bndbox>
			<xmin>1384</xmin>
			<ymin>150</ymin>
			<xmax>1506</xmax>
			<ymax>169</ymax>
		</bndbox>
	</object>
	<object>
		<difficult>0</difficult>
		<name>&amp;*@HUST_text</name>
		<bndbox>
			<xmin>1384</xmin>
			<ymin>172</ymin>
			<xmax>1504</xmax>
			<ymax>192</ymax>
		</bndbox>
	</object>
	<object>
		<difficult>0</difficult>
		<name>&amp;*@HUST_text</name>
		<bndbox>
			<xmin>1384</xmin>
			<ymin>194</ymin>
			<xmax>1502</xmax>
			<ymax>214</ymax>
		</bndbox>
	</object>
	<object>
		<difficult>0</difficult>
		<name>&amp;*@HUST_text</name>
		<bndbox>
			<xmin>1384</xmin>
			<ymin>215</ymin>
			<xmax>1502</xmax>
			<ymax>236</ymax>
		</bndbox>
	</object>
	<object>
		<difficult>0</difficult>
		<name>&amp;*@HUST_text</name>
		<bndbox>
			<xmin>1554</xmin>
			<ymin>216</ymin>
			<xmax>1638</xmax>
			<ymax>236</ymax>
		</bndbox>
	</object>
	<object>
		<difficult>0</difficult>
		<name>&amp;*@HUST_text</name>
		<bndbox>
			<xmin>1555</xmin>
			<ymin>194</ymin>
			<xmax>1638</xmax>
			<ymax>214</ymax>
		</bndbox>
	</object>
	<object>
		<difficult>0</difficult>
		<name>&amp;*@HUST_text</name>
		<bndbox>
			<xmin>1555</xmin>
			<ymin>172</ymin>
			<xmax>1636</xmax>
			<ymax>192</ymax>
		</bndbox>
	</object>
	<object>
		<difficult>0</difficult>
		<name>&amp;*@HUST_text</name>
		<bndbox>
			<xmin>1555</xmin>
			<ymin>150</ymin>
			<xmax>1637</xmax>
			<ymax>170</ymax>
		</bndbox>
	</object>
	<object>
		<difficult>0</difficult>
		<name>&amp;*@HUST_text</name>
		<bndbox>
			<xmin>1577</xmin>
			<ymin>125</ymin>
			<xmax>1664</xmax>
			<ymax>146</ymax>
		</bndbox>
	</object>
	<object>
		<difficult>1</difficult>
		<name>&amp;*@HUST_special</name>
		<bndbox>
			<xmin>1675</xmin>
			<ymin>124</ymin>
			<xmax>1686</xmax>
			<ymax>147</ymax>
		</bndbox>
	</object>
	<object>
		<difficult>1</difficult>
		<name>&amp;*@HUST_special</name>
		<bndbox>
			<xmin>1538</xmin>
			<ymin>99</ymin>
			<xmax>1622</xmax>
			<ymax>122</ymax>
		</bndbox>
	</object>
	<object>
		<difficult>0</difficult>
		<name>&amp;*@HUST_text</name>
		<bndbox>
			<xmin>1624</xmin>
			<ymin>99</ymin>
			<xmax>1663</xmax>
			<ymax>122</ymax>
		</bndbox>
	</object>
	<object>
		<difficult>0</difficult>
		<name>&amp;*@HUST_text</name>
		<bndbox>
			<xmin>1667</xmin>
			<ymin>103</ymin>
			<xmax>1687</xmax>
			<ymax>118</ymax>
		</bndbox>
	</object>
	<object>
		<difficult>0</difficult>
		<name>&amp;*@HUST_text</name>
		<bndbox>
			<xmin>1699</xmin>
			<ymin>101</ymin>
			<xmax>1721</xmax>
			<ymax>118</ymax>
		</bndbox>
	</object>
	<object>
		<difficult>0</difficult>
		<name>&amp;*@HUST_text</name>
		<bndbox>
			<xmin>1468</xmin>
			<ymin>50</ymin>
			<xmax>1565</xmax>
			<ymax>68</ymax>
		</bndbox>
	</object>
	<object>
		<difficult>1</difficult>
		<name>&amp;*@HUST_special</name>
		<bndbox>
			<xmin>1565</xmin>
			<ymin>50</ymin>
			<xmax>1575</xmax>
			<ymax>68</ymax>
		</bndbox>
	</object>
	<object>
		<difficult>0</difficult>
		<name>&amp;*@HUST_text</name>
		<bndbox>
			<xmin>1576</xmin>
			<ymin>50</ymin>
			<xmax>1666</xmax>
			<ymax>68</ymax>
		</bndbox>
	</object>
	<object>
		<difficult>1</difficult>
		<name>&amp;*@HUST_special</name>
		<bndbox>
			<xmin>1667</xmin>
			<ymin>50</ymin>
			<xmax>1675</xmax>
			<ymax>68</ymax>
		</bndbox>
	</object>
	<object>
		<difficult>0</difficult>
		<name>&amp;*@HUST_text</name>
		<bndbox>
			<xmin>1676</xmin>
			<ymin>51</ymin>
			<xmax>1730</xmax>
			<ymax>68</ymax>
		</bndbox>
	</object>
	<object>
		<difficult>1</difficult>
		<name>&amp;*@HUST_special</name>
		<bndbox>
			<xmin>1707</xmin>
			<ymin>32</ymin>
			<xmax>1723</xmax>
			<ymax>49</ymax>
		</bndbox>
	</object>
	<object>
		<difficult>0</difficult>
		<name>&amp;*@HUST_text</name>
		<bndbox>
			<xmin>1638</xmin>
			<ymin>30</ymin>
			<xmax>1705</xmax>
			<ymax>48</ymax>
		</bndbox>
	</object>
	<object>
		<difficult>0</difficult>
		<name>&amp;*@HUST_text</name>
		<bndbox>
			<xmin>1655</xmin>
			<ymin>0</ymin>
			<xmax>1730</xmax>
			<ymax>19</ymax>
		</bndbox>
	</object>
	<object>
		<difficult>1</difficult>
		<name>&amp;*@HUST_special</name>
		<bndbox>
			<xmin>1628</xmin>
			<ymin>30</ymin>
			<xmax>1638</xmax>
			<ymax>49</ymax>
		</bndbox>
	</object>
	<object>
		<difficult>0</difficult>
		<name>&amp;*@HUST_text</name>
		<bndbox>
			<xmin>1573</xmin>
			<ymin>31</ymin>
			<xmax>1628</xmax>
			<ymax>49</ymax>
		</bndbox>
	</object>
	<object>
		<difficult>1</difficult>
		<name>&amp;*@HUST_special</name>
		<bndbox>
			<xmin>1564</xmin>
			<ymin>32</ymin>
			<xmax>1573</xmax>
			<ymax>49</ymax>
		</bndbox>
	</object>
	<object>
		<difficult>0</difficult>
		<name>&amp;*@HUST_text</name>
		<bndbox>
			<xmin>1425</xmin>
			<ymin>27</ymin>
			<xmax>1562</xmax>
			<ymax>49</ymax>
		</bndbox>
	</object>
</annotation>