<annotation>
	<filename>图像 0801.png</filename>
	<size>
		<width>156</width>
		<height>775</height>
		<depth>3</depth>
	</size>
	<segmented>0</segmented>
	<object>
		<difficult>0</difficult>
		<name>&amp;*@HUST_text</name>
		<bndbox>
			<xmin>61</xmin>
			<ymin>2</ymin>
			<xmax>156</xmax>
			<ymax>18</ymax>
		</bndbox>
	</object>
	<object>
		<difficult>0</difficult>
		<name>&amp;*@HUST_text</name>
		<bndbox>
			<xmin>80</xmin>
			<ymin>20</ymin>
			<xmax>156</xmax>
			<ymax>36</ymax>
		</bndbox>
	</object>
	<object>
		<difficult>0</difficult>
		<name>&amp;*@HUST_text</name>
		<bndbox>
			<xmin>80</xmin>
			<ymin>37</ymin>
			<xmax>156</xmax>
			<ymax>54</ymax>
		</bndbox>
	</object>
	<object>
		<difficult>0</difficult>
		<name>&amp;*@HUST_text</name>
		<bndbox>
			<xmin>80</xmin>
			<ymin>56</ymin>
			<xmax>156</xmax>
			<ymax>73</ymax>
		</bndbox>
	</object>
	<object>
		<difficult>1</difficult>
		<name>&amp;*@HUST_special</name>
		<bndbox>
			<xmin>6</xmin>
			<ymin>0</ymin>
			<xmax>18</xmax>
			<ymax>771</ymax>
		</bndbox>
	</object>
	<object>
		<difficult>1</difficult>
		<name>&amp;*@HUST_special</name>
		<bndbox>
			<xmin>24</xmin>
			<ymin>0</ymin>
			<xmax>36</xmax>
			<ymax>771</ymax>
		</bndbox>
	</object>
	<object>
		<difficult>1</difficult>
		<name>&amp;*@HUST_special</name>
		<bndbox>
			<xmin>42</xmin>
			<ymin>0</ymin>
			<xmax>60</xmax>
			<ymax>772</ymax>
		</bndbox>
	</object>
	<object>
		<difficult>1</difficult>
		<name>&amp;*@HUST_special</name>
		<bndbox>
			<xmin>61</xmin>
			<ymin>20</ymin>
			<xmax>79</xmax>
			<ymax>559</ymax>
		</bndbox>
	</object>
	<object>
		<difficult>0</difficult>
		<name>&amp;*@HUST_text</name>
		<bndbox>
			<xmin>80</xmin>
			<ymin>74</ymin>
			<xmax>156</xmax>
			<ymax>91</ymax>
		</bndbox>
	</object>
	<object>
		<difficult>0</difficult>
		<name>&amp;*@HUST_text</name>
		<bndbox>
			<xmin>79</xmin>
			<ymin>92</ymin>
			<xmax>156</xmax>
			<ymax>109</ymax>
		</bndbox>
	</object>
	<object>
		<difficult>0</difficult>
		<name>&amp;*@HUST_text</name>
		<bndbox>
			<xmin>79</xmin>
			<ymin>110</ymin>
			<xmax>156</xmax>
			<ymax>125</ymax>
		</bndbox>
	</object>
	<object>
		<difficult>0</difficult>
		<name>&amp;*@HUST_text</name>
		<bndbox>
			<xmin>80</xmin>
			<ymin>127</ymin>
			<xmax>156</xmax>
			<ymax>144</ymax>
		</bndbox>
	</object>
	<object>
		<difficult>0</difficult>
		<name>&amp;*@HUST_text</name>
		<bndbox>
			<xmin>79</xmin>
			<ymin>146</ymin>
			<xmax>155</xmax>
			<ymax>161</ymax>
		</bndbox>
	</object>
	<object>
		<difficult>0</difficult>
		<name>&amp;*@HUST_text</name>
		<bndbox>
			<xmin>80</xmin>
			<ymin>162</ymin>
			<xmax>156</xmax>
			<ymax>179</ymax>
		</bndbox>
	</object>
	<object>
		<difficult>0</difficult>
		<name>&amp;*@HUST_text</name>
		<bndbox>
			<xmin>80</xmin>
			<ymin>181</ymin>
			<xmax>156</xmax>
			<ymax>197</ymax>
		</bndbox>
	</object>
	<object>
		<difficult>0</difficult>
		<name>&amp;*@HUST_text</name>
		<bndbox>
			<xmin>80</xmin>
			<ymin>199</ymin>
			<xmax>155</xmax>
			<ymax>216</ymax>
		</bndbox>
	</object>
	<object>
		<difficult>0</difficult>
		<name>&amp;*@HUST_text</name>
		<bndbox>
			<xmin>79</xmin>
			<ymin>217</ymin>
			<xmax>155</xmax>
			<ymax>233</ymax>
		</bndbox>
	</object>
	<object>
		<difficult>0</difficult>
		<name>&amp;*@HUST_text</name>
		<bndbox>
			<xmin>79</xmin>
			<ymin>234</ymin>
			<xmax>156</xmax>
			<ymax>252</ymax>
		</bndbox>
	</object>
	<object>
		<difficult>0</difficult>
		<name>&amp;*@HUST_text</name>
		<bndbox>
			<xmin>79</xmin>
			<ymin>253</ymin>
			<xmax>156</xmax>
			<ymax>271</ymax>
		</bndbox>
	</object>
	<object>
		<difficult>0</difficult>
		<name>&amp;*@HUST_text</name>
		<bndbox>
			<xmin>80</xmin>
			<ymin>271</ymin>
			<xmax>156</xmax>
			<ymax>290</ymax>
		</bndbox>
	</object>
	<object>
		<difficult>0</difficult>
		<name>&amp;*@HUST_text</name>
		<bndbox>
			<xmin>80</xmin>
			<ymin>291</ymin>
			<xmax>156</xmax>
			<ymax>308</ymax>
		</bndbox>
	</object>
	<object>
		<difficult>0</difficult>
		<name>&amp;*@HUST_text</name>
		<bndbox>
			<xmin>80</xmin>
			<ymin>309</ymin>
			<xmax>156</xmax>
			<ymax>325</ymax>
		</bndbox>
	</object>
	<object>
		<difficult>0</difficult>
		<name>&amp;*@HUST_text</name>
		<bndbox>
			<xmin>79</xmin>
			<ymin>326</ymin>
			<xmax>156</xmax>
			<ymax>343</ymax>
		</bndbox>
	</object>
	<object>
		<difficult>0</difficult>
		<name>&amp;*@HUST_text</name>
		<bndbox>
			<xmin>80</xmin>
			<ymin>343</ymin>
			<xmax>156</xmax>
			<ymax>361</ymax>
		</bndbox>
	</object>
	<object>
		<difficult>0</difficult>
		<name>&amp;*@HUST_text</name>
		<bndbox>
			<xmin>80</xmin>
			<ymin>362</ymin>
			<xmax>156</xmax>
			<ymax>379</ymax>
		</bndbox>
	</object>
	<object>
		<difficult>0</difficult>
		<name>&amp;*@HUST_text</name>
		<bndbox>
			<xmin>79</xmin>
			<ymin>379</ymin>
			<xmax>155</xmax>
			<ymax>396</ymax>
		</bndbox>
	</object>
	<object>
		<difficult>0</difficult>
		<name>&amp;*@HUST_text</name>
		<bndbox>
			<xmin>79</xmin>
			<ymin>397</ymin>
			<xmax>155</xmax>
			<ymax>414</ymax>
		</bndbox>
	</object>
	<object>
		<difficult>0</difficult>
		<name>&amp;*@HUST_text</name>
		<bndbox>
			<xmin>79</xmin>
			<ymin>415</ymin>
			<xmax>155</xmax>
			<ymax>432</ymax>
		</bndbox>
	</object>
	<object>
		<difficult>0</difficult>
		<name>&amp;*@HUST_text</name>
		<bndbox>
			<xmin>79</xmin>
			<ymin>434</ymin>
			<xmax>156</xmax>
			<ymax>451</ymax>
		</bndbox>
	</object>
	<object>
		<difficult>0</difficult>
		<name>&amp;*@HUST_text</name>
		<bndbox>
			<xmin>80</xmin>
			<ymin>452</ymin>
			<xmax>156</xmax>
			<ymax>469</ymax>
		</bndbox>
	</object>
	<object>
		<difficult>0</difficult>
		<name>&amp;*@HUST_text</name>
		<bndbox>
			<xmin>80</xmin>
			<ymin>470</ymin>
			<xmax>155</xmax>
			<ymax>487</ymax>
		</bndbox>
	</object>
	<object>
		<difficult>0</difficult>
		<name>&amp;*@HUST_text</name>
		<bndbox>
			<xmin>79</xmin>
			<ymin>488</ymin>
			<xmax>155</xmax>
			<ymax>504</ymax>
		</bndbox>
	</object>
	<object>
		<difficult>0</difficult>
		<name>&amp;*@HUST_text</name>
		<bndbox>
			<xmin>79</xmin>
			<ymin>505</ymin>
			<xmax>156</xmax>
			<ymax>523</ymax>
		</bndbox>
	</object>
	<object>
		<difficult>0</difficult>
		<name>&amp;*@HUST_text</name>
		<bndbox>
			<xmin>79</xmin>
			<ymin>524</ymin>
			<xmax>156</xmax>
			<ymax>541</ymax>
		</bndbox>
	</object>
	<object>
		<difficult>0</difficult>
		<name>&amp;*@HUST_text</name>
		<bndbox>
			<xmin>80</xmin>
			<ymin>542</ymin>
			<xmax>156</xmax>
			<ymax>559</ymax>
		</bndbox>
	</object>
	<object>
		<difficult>0</difficult>
		<name>&amp;*@HUST_text</name>
		<bndbox>
			<xmin>61</xmin>
			<ymin>560</ymin>
			<xmax>156</xmax>
			<ymax>577</ymax>
		</bndbox>
	</object>
	<object>
		<difficult>1</difficult>
		<name>&amp;*@HUST_special</name>
		<bndbox>
			<xmin>62</xmin>
			<ymin>579</ymin>
			<xmax>78</xmax>
			<ymax>667</ymax>
		</bndbox>
	</object>
	<object>
		<difficult>0</difficult>
		<name>&amp;*@HUST_text</name>
		<bndbox>
			<xmin>79</xmin>
			<ymin>579</ymin>
			<xmax>156</xmax>
			<ymax>596</ymax>
		</bndbox>
	</object>
	<object>
		<difficult>0</difficult>
		<name>&amp;*@HUST_text</name>
		<bndbox>
			<xmin>79</xmin>
			<ymin>597</ymin>
			<xmax>155</xmax>
			<ymax>613</ymax>
		</bndbox>
	</object>
	<object>
		<difficult>0</difficult>
		<name>&amp;*@HUST_text</name>
		<bndbox>
			<xmin>79</xmin>
			<ymin>614</ymin>
			<xmax>156</xmax>
			<ymax>631</ymax>
		</bndbox>
	</object>
	<object>
		<difficult>0</difficult>
		<name>&amp;*@HUST_text</name>
		<bndbox>
			<xmin>79</xmin>
			<ymin>632</ymin>
			<xmax>154</xmax>
			<ymax>649</ymax>
		</bndbox>
	</object>
	<object>
		<difficult>0</difficult>
		<name>&amp;*@HUST_text</name>
		<bndbox>
			<xmin>79</xmin>
			<ymin>650</ymin>
			<xmax>154</xmax>
			<ymax>667</ymax>
		</bndbox>
	</object>
	<object>
		<difficult>0</difficult>
		<name>&amp;*@HUST_text</name>
		<bndbox>
			<xmin>61</xmin>
			<ymin>668</ymin>
			<xmax>153</xmax>
			<ymax>685</ymax>
		</bndbox>
	</object>
	<object>
		<difficult>1</difficult>
		<name>&amp;*@HUST_special</name>
		<bndbox>
			<xmin>62</xmin>
			<ymin>687</ymin>
			<xmax>78</xmax>
			<ymax>772</ymax>
		</bndbox>
	</object>
	<object>
		<difficult>0</difficult>
		<name>&amp;*@HUST_text</name>
		<bndbox>
			<xmin>79</xmin>
			<ymin>687</ymin>
			<xmax>153</xmax>
			<ymax>704</ymax>
		</bndbox>
	</object>
	<object>
		<difficult>0</difficult>
		<name>&amp;*@HUST_text</name>
		<bndbox>
			<xmin>79</xmin>
			<ymin>705</ymin>
			<xmax>153</xmax>
			<ymax>723</ymax>
		</bndbox>
	</object>
	<object>
		<difficult>0</difficult>
		<name>&amp;*@HUST_text</name>
		<bndbox>
			<xmin>79</xmin>
			<ymin>724</ymin>
			<xmax>154</xmax>
			<ymax>740</ymax>
		</bndbox>
	</object>
	<object>
		<difficult>0</difficult>
		<name>&amp;*@HUST_text</name>
		<bndbox>
			<xmin>79</xmin>
			<ymin>741</ymin>
			<xmax>154</xmax>
			<ymax>758</ymax>
		</bndbox>
	</object>
	<object>
		<difficult>0</difficult>
		<name>&amp;*@HUST_text</name>
		<bndbox>
			<xmin>79</xmin>
			<ymin>760</ymin>
			<xmax>154</xmax>
			<ymax>772</ymax>
		</bndbox>
	</object>
</annotation>