<annotation>
	<filename>图像 0701.png</filename>
	<size>
		<width>158</width>
		<height>697</height>
		<depth>3</depth>
	</size>
	<segmented>0</segmented>
	<object>
		<difficult>1</difficult>
		<name>&amp;*@HUST_special</name>
		<bndbox>
			<xmin>0</xmin>
			<ymin>0</ymin>
			<xmax>11</xmax>
			<ymax>790</ymax>
		</bndbox>
	</object>
	<object>
		<difficult>1</difficult>
		<name>&amp;*@HUST_special</name>
		<bndbox>
			<xmin>12</xmin>
			<ymin>0</ymin>
			<xmax>30</xmax>
			<ymax>718</ymax>
		</bndbox>
	</object>
	<object>
		<difficult>1</difficult>
		<name>&amp;*@HUST_special</name>
		<bndbox>
			<xmin>31</xmin>
			<ymin>0</ymin>
			<xmax>49</xmax>
			<ymax>729</ymax>
		</bndbox>
	</object>
	<object>
		<difficult>1</difficult>
		<name>&amp;*@HUST_special</name>
		<bndbox>
			<xmin>50</xmin>
			<ymin>16</ymin>
			<xmax>67</xmax>
			<ymax>708</ymax>
		</bndbox>
	</object>
	<object>
		<difficult>1</difficult>
		<name>&amp;*@HUST_special</name>
		<bndbox>
			<xmin>68</xmin>
			<ymin>35</ymin>
			<xmax>85</xmax>
			<ymax>715</ymax>
		</bndbox>
	</object>
	<object>
		<difficult>0</difficult>
		<name>&amp;*@HUST_text</name>
		<bndbox>
			<xmin>49</xmin>
			<ymin>0</ymin>
			<xmax>139</xmax>
			<ymax>15</ymax>
		</bndbox>
	</object>
	<object>
		<difficult>0</difficult>
		<name>&amp;*@HUST_text</name>
		<bndbox>
			<xmin>68</xmin>
			<ymin>16</ymin>
			<xmax>158</xmax>
			<ymax>34</ymax>
		</bndbox>
	</object>
	<object>
		<difficult>0</difficult>
		<name>&amp;*@HUST_text</name>
		<bndbox>
			<xmin>86</xmin>
			<ymin>35</ymin>
			<xmax>154</xmax>
			<ymax>52</ymax>
		</bndbox>
	</object>
	<object>
		<difficult>0</difficult>
		<name>&amp;*@HUST_text</name>
		<bndbox>
			<xmin>86</xmin>
			<ymin>52</ymin>
			<xmax>146</xmax>
			<ymax>69</ymax>
		</bndbox>
	</object>
	<object>
		<difficult>0</difficult>
		<name>&amp;*@HUST_text</name>
		<bndbox>
			<xmin>86</xmin>
			<ymin>70</ymin>
			<xmax>158</xmax>
			<ymax>88</ymax>
		</bndbox>
	</object>
	<object>
		<difficult>0</difficult>
		<name>&amp;*@HUST_text</name>
		<bndbox>
			<xmin>86</xmin>
			<ymin>88</ymin>
			<xmax>149</xmax>
			<ymax>106</ymax>
		</bndbox>
	</object>
	<object>
		<difficult>0</difficult>
		<name>&amp;*@HUST_text</name>
		<bndbox>
			<xmin>86</xmin>
			<ymin>107</ymin>
			<xmax>150</xmax>
			<ymax>124</ymax>
		</bndbox>
	</object>
	<object>
		<difficult>0</difficult>
		<name>&amp;*@HUST_text</name>
		<bndbox>
			<xmin>86</xmin>
			<ymin>124</ymin>
			<xmax>151</xmax>
			<ymax>142</ymax>
		</bndbox>
	</object>
	<object>
		<difficult>0</difficult>
		<name>&amp;*@HUST_text</name>
		<bndbox>
			<xmin>86</xmin>
			<ymin>143</ymin>
			<xmax>151</xmax>
			<ymax>160</ymax>
		</bndbox>
	</object>
	<object>
		<difficult>0</difficult>
		<name>&amp;*@HUST_text</name>
		<bndbox>
			<xmin>86</xmin>
			<ymin>160</ymin>
			<xmax>151</xmax>
			<ymax>178</ymax>
		</bndbox>
	</object>
	<object>
		<difficult>0</difficult>
		<name>&amp;*@HUST_text</name>
		<bndbox>
			<xmin>86</xmin>
			<ymin>178</ymin>
			<xmax>152</xmax>
			<ymax>196</ymax>
		</bndbox>
	</object>
	<object>
		<difficult>0</difficult>
		<name>&amp;*@HUST_text</name>
		<bndbox>
			<xmin>86</xmin>
			<ymin>196</ymin>
			<xmax>152</xmax>
			<ymax>213</ymax>
		</bndbox>
	</object>
	<object>
		<difficult>0</difficult>
		<name>&amp;*@HUST_text</name>
		<bndbox>
			<xmin>86</xmin>
			<ymin>214</ymin>
			<xmax>153</xmax>
			<ymax>232</ymax>
		</bndbox>
	</object>
	<object>
		<difficult>0</difficult>
		<name>&amp;*@HUST_text</name>
		<bndbox>
			<xmin>86</xmin>
			<ymin>232</ymin>
			<xmax>153</xmax>
			<ymax>250</ymax>
		</bndbox>
	</object>
	<object>
		<difficult>0</difficult>
		<name>&amp;*@HUST_text</name>
		<bndbox>
			<xmin>86</xmin>
			<ymin>250</ymin>
			<xmax>153</xmax>
			<ymax>268</ymax>
		</bndbox>
	</object>
	<object>
		<difficult>0</difficult>
		<name>&amp;*@HUST_text</name>
		<bndbox>
			<xmin>86</xmin>
			<ymin>268</ymin>
			<xmax>154</xmax>
			<ymax>286</ymax>
		</bndbox>
	</object>
	<object>
		<difficult>0</difficult>
		<name>&amp;*@HUST_text</name>
		<bndbox>
			<xmin>86</xmin>
			<ymin>286</ymin>
			<xmax>154</xmax>
			<ymax>304</ymax>
		</bndbox>
	</object>
	<object>
		<difficult>0</difficult>
		<name>&amp;*@HUST_text</name>
		<bndbox>
			<xmin>86</xmin>
			<ymin>304</ymin>
			<xmax>148</xmax>
			<ymax>322</ymax>
		</bndbox>
	</object>
	<object>
		<difficult>0</difficult>
		<name>&amp;*@HUST_text</name>
		<bndbox>
			<xmin>86</xmin>
			<ymin>323</ymin>
			<xmax>148</xmax>
			<ymax>340</ymax>
		</bndbox>
	</object>
	<object>
		<difficult>0</difficult>
		<name>&amp;*@HUST_text</name>
		<bndbox>
			<xmin>86</xmin>
			<ymin>341</ymin>
			<xmax>148</xmax>
			<ymax>358</ymax>
		</bndbox>
	</object>
	<object>
		<difficult>0</difficult>
		<name>&amp;*@HUST_text</name>
		<bndbox>
			<xmin>86</xmin>
			<ymin>358</ymin>
			<xmax>148</xmax>
			<ymax>376</ymax>
		</bndbox>
	</object>
	<object>
		<difficult>0</difficult>
		<name>&amp;*@HUST_text</name>
		<bndbox>
			<xmin>86</xmin>
			<ymin>376</ymin>
			<xmax>149</xmax>
			<ymax>394</ymax>
		</bndbox>
	</object>
	<object>
		<difficult>0</difficult>
		<name>&amp;*@HUST_text</name>
		<bndbox>
			<xmin>86</xmin>
			<ymin>394</ymin>
			<xmax>149</xmax>
			<ymax>412</ymax>
		</bndbox>
	</object>
	<object>
		<difficult>0</difficult>
		<name>&amp;*@HUST_text</name>
		<bndbox>
			<xmin>86</xmin>
			<ymin>412</ymin>
			<xmax>149</xmax>
			<ymax>429</ymax>
		</bndbox>
	</object>
	<object>
		<difficult>0</difficult>
		<name>&amp;*@HUST_text</name>
		<bndbox>
			<xmin>86</xmin>
			<ymin>430</ymin>
			<xmax>150</xmax>
			<ymax>448</ymax>
		</bndbox>
	</object>
	<object>
		<difficult>0</difficult>
		<name>&amp;*@HUST_text</name>
		<bndbox>
			<xmin>86</xmin>
			<ymin>448</ymin>
			<xmax>150</xmax>
			<ymax>466</ymax>
		</bndbox>
	</object>
	<object>
		<difficult>0</difficult>
		<name>&amp;*@HUST_text</name>
		<bndbox>
			<xmin>86</xmin>
			<ymin>466</ymin>
			<xmax>150</xmax>
			<ymax>485</ymax>
		</bndbox>
	</object>
	<object>
		<difficult>0</difficult>
		<name>&amp;*@HUST_text</name>
		<bndbox>
			<xmin>86</xmin>
			<ymin>485</ymin>
			<xmax>150</xmax>
			<ymax>502</ymax>
		</bndbox>
	</object>
	<object>
		<difficult>0</difficult>
		<name>&amp;*@HUST_text</name>
		<bndbox>
			<xmin>86</xmin>
			<ymin>503</ymin>
			<xmax>126</xmax>
			<ymax>520</ymax>
		</bndbox>
	</object>
	<object>
		<difficult>0</difficult>
		<name>&amp;*@HUST_text</name>
		<bndbox>
			<xmin>86</xmin>
			<ymin>521</ymin>
			<xmax>141</xmax>
			<ymax>537</ymax>
		</bndbox>
	</object>
	<object>
		<difficult>0</difficult>
		<name>&amp;*@HUST_text</name>
		<bndbox>
			<xmin>86</xmin>
			<ymin>538</ymin>
			<xmax>149</xmax>
			<ymax>556</ymax>
		</bndbox>
	</object>
	<object>
		<difficult>0</difficult>
		<name>&amp;*@HUST_text</name>
		<bndbox>
			<xmin>86</xmin>
			<ymin>556</ymin>
			<xmax>149</xmax>
			<ymax>574</ymax>
		</bndbox>
	</object>
	<object>
		<difficult>0</difficult>
		<name>&amp;*@HUST_text</name>
		<bndbox>
			<xmin>86</xmin>
			<ymin>574</ymin>
			<xmax>149</xmax>
			<ymax>591</ymax>
		</bndbox>
	</object>
	<object>
		<difficult>0</difficult>
		<name>&amp;*@HUST_text</name>
		<bndbox>
			<xmin>86</xmin>
			<ymin>592</ymin>
			<xmax>149</xmax>
			<ymax>610</ymax>
		</bndbox>
	</object>
	<object>
		<difficult>0</difficult>
		<name>&amp;*@HUST_text</name>
		<bndbox>
			<xmin>86</xmin>
			<ymin>610</ymin>
			<xmax>150</xmax>
			<ymax>628</ymax>
		</bndbox>
	</object>
	<object>
		<difficult>0</difficult>
		<name>&amp;*@HUST_text</name>
		<bndbox>
			<xmin>86</xmin>
			<ymin>628</ymin>
			<xmax>147</xmax>
			<ymax>646</ymax>
		</bndbox>
	</object>
	<object>
		<difficult>0</difficult>
		<name>&amp;*@HUST_text</name>
		<bndbox>
			<xmin>86</xmin>
			<ymin>646</ymin>
			<xmax>148</xmax>
			<ymax>664</ymax>
		</bndbox>
	</object>
	<object>
		<difficult>0</difficult>
		<name>&amp;*@HUST_text</name>
		<bndbox>
			<xmin>86</xmin>
			<ymin>664</ymin>
			<xmax>149</xmax>
			<ymax>681</ymax>
		</bndbox>
	</object>
	<object>
		<difficult>0</difficult>
		<name>&amp;*@HUST_text</name>
		<bndbox>
			<xmin>86</xmin>
			<ymin>682</ymin>
			<xmax>149</xmax>
			<ymax>697</ymax>
		</bndbox>
	</object>
</annotation>