<annotation>
	<filename>图像 3761.png</filename>
	<size>
		<width>1877</width>
		<height>433</height>
		<depth>3</depth>
	</size>
	<segmented>0</segmented>
	<object>
		<difficult>0</difficult>
		<name>&amp;*@HUST_text</name>
		<bndbox>
			<xmin>7</xmin>
			<ymin>46</ymin>
			<xmax>113</xmax>
			<ymax>101</ymax>
		</bndbox>
	</object>
	<object>
		<difficult>0</difficult>
		<name>&amp;*@HUST_text</name>
		<bndbox>
			<xmin>480</xmin>
			<ymin>57</ymin>
			<xmax>590</xmax>
			<ymax>89</ymax>
		</bndbox>
	</object>
	<object>
		<difficult>0</difficult>
		<name>&amp;*@HUST_text</name>
		<bndbox>
			<xmin>239</xmin>
			<ymin>107</ymin>
			<xmax>516</xmax>
			<ymax>138</ymax>
		</bndbox>
	</object>
	<object>
		<difficult>0</difficult>
		<name>&amp;*@HUST_text</name>
		<bndbox>
			<xmin>148</xmin>
			<ymin>57</ymin>
			<xmax>247</xmax>
			<ymax>91</ymax>
		</bndbox>
	</object>
	<object>
		<difficult>0</difficult>
		<name>&amp;*@HUST_text</name>
		<bndbox>
			<xmin>863</xmin>
			<ymin>154</ymin>
			<xmax>1141</xmax>
			<ymax>194</ymax>
		</bndbox>
	</object>
	<object>
		<difficult>0</difficult>
		<name>&amp;*@HUST_text</name>
		<bndbox>
			<xmin>7</xmin>
			<ymin>14</ymin>
			<xmax>107</xmax>
			<ymax>42</ymax>
		</bndbox>
	</object>
	<object>
		<difficult>0</difficult>
		<name>&amp;*@HUST_text</name>
		<bndbox>
			<xmin>46</xmin>
			<ymin>107</ymin>
			<xmax>231</xmax>
			<ymax>137</ymax>
		</bndbox>
	</object>
	<object>
		<difficult>0</difficult>
		<name>&amp;*@HUST_text</name>
		<bndbox>
			<xmin>665</xmin>
			<ymin>58</ymin>
			<xmax>786</xmax>
			<ymax>90</ymax>
		</bndbox>
	</object>
	<object>
		<difficult>0</difficult>
		<name>&amp;*@HUST_text</name>
		<bndbox>
			<xmin>285</xmin>
			<ymin>59</ymin>
			<xmax>402</xmax>
			<ymax>92</ymax>
		</bndbox>
	</object>
	<object>
		<difficult>0</difficult>
		<name>&amp;*@HUST_text</name>
		<bndbox>
			<xmin>884</xmin>
			<ymin>59</ymin>
			<xmax>931</xmax>
			<ymax>92</ymax>
		</bndbox>
	</object>
	<object>
		<difficult>0</difficult>
		<name>&amp;*@HUST_text</name>
		<bndbox>
			<xmin>523</xmin>
			<ymin>108</ymin>
			<xmax>990</xmax>
			<ymax>136</ymax>
		</bndbox>
	</object>
	<object>
		<difficult>0</difficult>
		<name>&amp;*@HUST_text</name>
		<bndbox>
			<xmin>1282</xmin>
			<ymin>108</ymin>
			<xmax>1438</xmax>
			<ymax>133</ymax>
		</bndbox>
	</object>
	<object>
		<difficult>0</difficult>
		<name>&amp;*@HUST_text</name>
		<bndbox>
			<xmin>996</xmin>
			<ymin>107</ymin>
			<xmax>1145</xmax>
			<ymax>136</ymax>
		</bndbox>
	</object>
	<object>
		<difficult>0</difficult>
		<name>&amp;*@HUST_text</name>
		<bndbox>
			<xmin>410</xmin>
			<ymin>55</ymin>
			<xmax>473</xmax>
			<ymax>90</ymax>
		</bndbox>
	</object>
	<object>
		<difficult>0</difficult>
		<name>&amp;*@HUST_text</name>
		<bndbox>
			<xmin>1563</xmin>
			<ymin>108</ymin>
			<xmax>1838</xmax>
			<ymax>136</ymax>
		</bndbox>
	</object>
	<object>
		<difficult>1</difficult>
		<name>&amp;*@HUST_special</name>
		<bndbox>
			<xmin>120</xmin>
			<ymin>57</ymin>
			<xmax>146</xmax>
			<ymax>91</ymax>
		</bndbox>
	</object>
	<object>
		<difficult>0</difficult>
		<name>&amp;*@HUST_text</name>
		<bndbox>
			<xmin>251</xmin>
			<ymin>57</ymin>
			<xmax>282</xmax>
			<ymax>92</ymax>
		</bndbox>
	</object>
	<object>
		<difficult>1</difficult>
		<name>&amp;*@HUST_special</name>
		<bndbox>
			<xmin>594</xmin>
			<ymin>57</ymin>
			<xmax>615</xmax>
			<ymax>89</ymax>
		</bndbox>
	</object>
	<object>
		<difficult>1</difficult>
		<name>&amp;*@HUST_special</name>
		<bndbox>
			<xmin>637</xmin>
			<ymin>58</ymin>
			<xmax>662</xmax>
			<ymax>92</ymax>
		</bndbox>
	</object>
	<object>
		<difficult>1</difficult>
		<name>&amp;*@HUST_special</name>
		<bndbox>
			<xmin>800</xmin>
			<ymin>52</ymin>
			<xmax>835</xmax>
			<ymax>98</ymax>
		</bndbox>
	</object>
	<object>
		<difficult>1</difficult>
		<name>&amp;*@HUST_special</name>
		<bndbox>
			<xmin>850</xmin>
			<ymin>57</ymin>
			<xmax>882</xmax>
			<ymax>93</ymax>
		</bndbox>
	</object>
	<object>
		<difficult>1</difficult>
		<name>&amp;*@HUST_special</name>
		<bndbox>
			<xmin>1147</xmin>
			<ymin>108</ymin>
			<xmax>1265</xmax>
			<ymax>137</ymax>
		</bndbox>
	</object>
	<object>
		<difficult>1</difficult>
		<name>&amp;*@HUST_special</name>
		<bndbox>
			<xmin>1440</xmin>
			<ymin>107</ymin>
			<xmax>1554</xmax>
			<ymax>133</ymax>
		</bndbox>
	</object>
</annotation>