<annotation>
	<filename>图像 3801.png</filename>
	<size>
		<width>1893</width>
		<height>271</height>
		<depth>3</depth>
	</size>
	<segmented>0</segmented>
	<object>
		<difficult>1</difficult>
		<name>&amp;*@HUST_special</name>
		<bndbox>
			<xmin>20</xmin>
			<ymin>0</ymin>
			<xmax>40</xmax>
			<ymax>26</ymax>
		</bndbox>
	</object>
	<object>
		<difficult>0</difficult>
		<name>&amp;*@HUST_text</name>
		<bndbox>
			<xmin>1</xmin>
			<ymin>28</ymin>
			<xmax>71</xmax>
			<ymax>57</ymax>
		</bndbox>
	</object>
	<object>
		<difficult>0</difficult>
		<name>&amp;*@HUST_text</name>
		<bndbox>
			<xmin>87</xmin>
			<ymin>28</ymin>
			<xmax>168</xmax>
			<ymax>58</ymax>
		</bndbox>
	</object>
	<object>
		<difficult>0</difficult>
		<name>&amp;*@HUST_text</name>
		<bndbox>
			<xmin>178</xmin>
			<ymin>28</ymin>
			<xmax>259</xmax>
			<ymax>58</ymax>
		</bndbox>
	</object>
	<object>
		<difficult>0</difficult>
		<name>&amp;*@HUST_text</name>
		<bndbox>
			<xmin>0</xmin>
			<ymin>65</ymin>
			<xmax>137</xmax>
			<ymax>94</ymax>
		</bndbox>
	</object>
	<object>
		<difficult>0</difficult>
		<name>&amp;*@HUST_text</name>
		<bndbox>
			<xmin>146</xmin>
			<ymin>65</ymin>
			<xmax>271</xmax>
			<ymax>94</ymax>
		</bndbox>
	</object>
	<object>
		<difficult>0</difficult>
		<name>&amp;*@HUST_text</name>
		<bndbox>
			<xmin>280</xmin>
			<ymin>60</ymin>
			<xmax>498</xmax>
			<ymax>100</ymax>
		</bndbox>
	</object>
	<object>
		<difficult>0</difficult>
		<name>&amp;*@HUST_text</name>
		<bndbox>
			<xmin>1</xmin>
			<ymin>103</ymin>
			<xmax>217</xmax>
			<ymax>143</ymax>
		</bndbox>
	</object>
	<object>
		<difficult>0</difficult>
		<name>&amp;*@HUST_text</name>
		<bndbox>
			<xmin>28</xmin>
			<ymin>149</ymin>
			<xmax>74</xmax>
			<ymax>189</ymax>
		</bndbox>
	</object>
	<object>
		<difficult>0</difficult>
		<name>&amp;*@HUST_text</name>
		<bndbox>
			<xmin>79</xmin>
			<ymin>153</ymin>
			<xmax>193</xmax>
			<ymax>182</ymax>
		</bndbox>
	</object>
	<object>
		<difficult>1</difficult>
		<name>&amp;*@HUST_special</name>
		<bndbox>
			<xmin>243</xmin>
			<ymin>153</ymin>
			<xmax>277</xmax>
			<ymax>181</ymax>
		</bndbox>
	</object>
	<object>
		<difficult>1</difficult>
		<name>&amp;*@HUST_special</name>
		<bndbox>
			<xmin>282</xmin>
			<ymin>148</ymin>
			<xmax>296</xmax>
			<ymax>186</ymax>
		</bndbox>
	</object>
	<object>
		<difficult>0</difficult>
		<name>&amp;*@HUST_text</name>
		<bndbox>
			<xmin>297</xmin>
			<ymin>147</ymin>
			<xmax>332</xmax>
			<ymax>186</ymax>
		</bndbox>
	</object>
	<object>
		<difficult>1</difficult>
		<name>&amp;*@HUST_special</name>
		<bndbox>
			<xmin>508</xmin>
			<ymin>153</ymin>
			<xmax>533</xmax>
			<ymax>181</ymax>
		</bndbox>
	</object>
	<object>
		<difficult>1</difficult>
		<name>&amp;*@HUST_special</name>
		<bndbox>
			<xmin>540</xmin>
			<ymin>150</ymin>
			<xmax>552</xmax>
			<ymax>184</ymax>
		</bndbox>
	</object>
	<object>
		<difficult>0</difficult>
		<name>&amp;*@HUST_text</name>
		<bndbox>
			<xmin>552</xmin>
			<ymin>149</ymin>
			<xmax>658</xmax>
			<ymax>189</ymax>
		</bndbox>
	</object>
	<object>
		<difficult>0</difficult>
		<name>&amp;*@HUST_text</name>
		<bndbox>
			<xmin>664</xmin>
			<ymin>153</ymin>
			<xmax>749</xmax>
			<ymax>181</ymax>
		</bndbox>
	</object>
	<object>
		<difficult>1</difficult>
		<name>&amp;*@HUST_special</name>
		<bndbox>
			<xmin>758</xmin>
			<ymin>153</ymin>
			<xmax>786</xmax>
			<ymax>181</ymax>
		</bndbox>
	</object>
	<object>
		<difficult>0</difficult>
		<name>&amp;*@HUST_text</name>
		<bndbox>
			<xmin>791</xmin>
			<ymin>152</ymin>
			<xmax>809</xmax>
			<ymax>184</ymax>
		</bndbox>
	</object>
	<object>
		<difficult>0</difficult>
		<name>&amp;*@HUST_text</name>
		<bndbox>
			<xmin>815</xmin>
			<ymin>153</ymin>
			<xmax>905</xmax>
			<ymax>181</ymax>
		</bndbox>
	</object>
	<object>
		<difficult>1</difficult>
		<name>&amp;*@HUST_special</name>
		<bndbox>
			<xmin>913</xmin>
			<ymin>153</ymin>
			<xmax>943</xmax>
			<ymax>182</ymax>
		</bndbox>
	</object>
	<object>
		<difficult>1</difficult>
		<name>&amp;*@HUST_special</name>
		<bndbox>
			<xmin>947</xmin>
			<ymin>147</ymin>
			<xmax>961</xmax>
			<ymax>185</ymax>
		</bndbox>
	</object>
	<object>
		<difficult>0</difficult>
		<name>&amp;*@HUST_text</name>
		<bndbox>
			<xmin>963</xmin>
			<ymin>147</ymin>
			<xmax>1083</xmax>
			<ymax>185</ymax>
		</bndbox>
	</object>
	<object>
		<difficult>1</difficult>
		<name>&amp;*@HUST_special</name>
		<bndbox>
			<xmin>1085</xmin>
			<ymin>147</ymin>
			<xmax>1119</xmax>
			<ymax>185</ymax>
		</bndbox>
	</object>
	<object>
		<difficult>0</difficult>
		<name>&amp;*@HUST_text</name>
		<bndbox>
			<xmin>1120</xmin>
			<ymin>147</ymin>
			<xmax>1238</xmax>
			<ymax>186</ymax>
		</bndbox>
	</object>
	<object>
		<difficult>1</difficult>
		<name>&amp;*@HUST_special</name>
		<bndbox>
			<xmin>1242</xmin>
			<ymin>147</ymin>
			<xmax>1275</xmax>
			<ymax>186</ymax>
		</bndbox>
	</object>
	<object>
		<difficult>1</difficult>
		<name>&amp;*@HUST_special</name>
		<bndbox>
			<xmin>1281</xmin>
			<ymin>153</ymin>
			<xmax>1306</xmax>
			<ymax>180</ymax>
		</bndbox>
	</object>
	<object>
		<difficult>0</difficult>
		<name>&amp;*@HUST_text</name>
		<bndbox>
			<xmin>1308</xmin>
			<ymin>153</ymin>
			<xmax>1343</xmax>
			<ymax>181</ymax>
		</bndbox>
	</object>
	<object>
		<difficult>1</difficult>
		<name>&amp;*@HUST_special</name>
		<bndbox>
			<xmin>1348</xmin>
			<ymin>151</ymin>
			<xmax>1361</xmax>
			<ymax>185</ymax>
		</bndbox>
	</object>
	<object>
		<difficult>1</difficult>
		<name>&amp;*@HUST_special</name>
		<bndbox>
			<xmin>1366</xmin>
			<ymin>153</ymin>
			<xmax>1389</xmax>
			<ymax>182</ymax>
		</bndbox>
	</object>
	<object>
		<difficult>0</difficult>
		<name>&amp;*@HUST_text</name>
		<bndbox>
			<xmin>1391</xmin>
			<ymin>153</ymin>
			<xmax>1429</xmax>
			<ymax>181</ymax>
		</bndbox>
	</object>
	<object>
		<difficult>1</difficult>
		<name>&amp;*@HUST_special</name>
		<bndbox>
			<xmin>1577</xmin>
			<ymin>194</ymin>
			<xmax>1594</xmax>
			<ymax>229</ymax>
		</bndbox>
	</object>
	<object>
		<difficult>0</difficult>
		<name>&amp;*@HUST_text</name>
		<bndbox>
			<xmin>1499</xmin>
			<ymin>197</ymin>
			<xmax>1572</xmax>
			<ymax>225</ymax>
		</bndbox>
	</object>
	<object>
		<difficult>1</difficult>
		<name>&amp;*@HUST_special</name>
		<bndbox>
			<xmin>1474</xmin>
			<ymin>198</ymin>
			<xmax>1497</xmax>
			<ymax>225</ymax>
		</bndbox>
	</object>
	<object>
		<difficult>1</difficult>
		<name>&amp;*@HUST_special</name>
		<bndbox>
			<xmin>1446</xmin>
			<ymin>191</ymin>
			<xmax>1468</xmax>
			<ymax>232</ymax>
		</bndbox>
	</object>
	<object>
		<difficult>0</difficult>
		<name>&amp;*@HUST_text</name>
		<bndbox>
			<xmin>1345</xmin>
			<ymin>197</ymin>
			<xmax>1441</xmax>
			<ymax>225</ymax>
		</bndbox>
	</object>
	<object>
		<difficult>1</difficult>
		<name>&amp;*@HUST_special</name>
		<bndbox>
			<xmin>1318</xmin>
			<ymin>197</ymin>
			<xmax>1343</xmax>
			<ymax>225</ymax>
		</bndbox>
	</object>
	<object>
		<difficult>1</difficult>
		<name>&amp;*@HUST_special</name>
		<bndbox>
			<xmin>1302</xmin>
			<ymin>192</ymin>
			<xmax>1312</xmax>
			<ymax>230</ymax>
		</bndbox>
	</object>
	<object>
		<difficult>1</difficult>
		<name>&amp;*@HUST_special</name>
		<bndbox>
			<xmin>1271</xmin>
			<ymin>198</ymin>
			<xmax>1297</xmax>
			<ymax>226</ymax>
		</bndbox>
	</object>
	<object>
		<difficult>1</difficult>
		<name>&amp;*@HUST_special</name>
		<bndbox>
			<xmin>1228</xmin>
			<ymin>197</ymin>
			<xmax>1258</xmax>
			<ymax>225</ymax>
		</bndbox>
	</object>
	<object>
		<difficult>0</difficult>
		<name>&amp;*@HUST_text</name>
		<bndbox>
			<xmin>1073</xmin>
			<ymin>197</ymin>
			<xmax>1224</xmax>
			<ymax>225</ymax>
		</bndbox>
	</object>
	<object>
		<difficult>0</difficult>
		<name>&amp;*@HUST_text</name>
		<bndbox>
			<xmin>983</xmin>
			<ymin>192</ymin>
			<xmax>1068</xmax>
			<ymax>232</ymax>
		</bndbox>
	</object>
	<object>
		<difficult>1</difficult>
		<name>&amp;*@HUST_special</name>
		<bndbox>
			<xmin>971</xmin>
			<ymin>192</ymin>
			<xmax>982</xmax>
			<ymax>233</ymax>
		</bndbox>
	</object>
	<object>
		<difficult>1</difficult>
		<name>&amp;*@HUST_special</name>
		<bndbox>
			<xmin>937</xmin>
			<ymin>197</ymin>
			<xmax>966</xmax>
			<ymax>225</ymax>
		</bndbox>
	</object>
	<object>
		<difficult>0</difficult>
		<name>&amp;*@HUST_text</name>
		<bndbox>
			<xmin>747</xmin>
			<ymin>192</ymin>
			<xmax>829</xmax>
			<ymax>229</ymax>
		</bndbox>
	</object>
	<object>
		<difficult>1</difficult>
		<name>&amp;*@HUST_special</name>
		<bndbox>
			<xmin>733</xmin>
			<ymin>191</ymin>
			<xmax>746</xmax>
			<ymax>229</ymax>
		</bndbox>
	</object>
	<object>
		<difficult>1</difficult>
		<name>&amp;*@HUST_special</name>
		<bndbox>
			<xmin>698</xmin>
			<ymin>197</ymin>
			<xmax>728</xmax>
			<ymax>225</ymax>
		</bndbox>
	</object>
	<object>
		<difficult>1</difficult>
		<name>&amp;*@HUST_special</name>
		<bndbox>
			<xmin>481</xmin>
			<ymin>191</ymin>
			<xmax>494</xmax>
			<ymax>232</ymax>
		</bndbox>
	</object>
	<object>
		<difficult>0</difficult>
		<name>&amp;*@HUST_text</name>
		<bndbox>
			<xmin>496</xmin>
			<ymin>190</ymin>
			<xmax>535</xmax>
			<ymax>233</ymax>
		</bndbox>
	</object>
	<object>
		<difficult>1</difficult>
		<name>&amp;*@HUST_special</name>
		<bndbox>
			<xmin>450</xmin>
			<ymin>197</ymin>
			<xmax>477</xmax>
			<ymax>225</ymax>
		</bndbox>
	</object>
	<object>
		<difficult>0</difficult>
		<name>&amp;*@HUST_text</name>
		<bndbox>
			<xmin>312</xmin>
			<ymin>198</ymin>
			<xmax>370</xmax>
			<ymax>226</ymax>
		</bndbox>
	</object>
	<object>
		<difficult>0</difficult>
		<name>&amp;*@HUST_text</name>
		<bndbox>
			<xmin>244</xmin>
			<ymin>192</ymin>
			<xmax>308</xmax>
			<ymax>231</ymax>
		</bndbox>
	</object>
	<object>
		<difficult>1</difficult>
		<name>&amp;*@HUST_special</name>
		<bndbox>
			<xmin>229</xmin>
			<ymin>191</ymin>
			<xmax>243</xmax>
			<ymax>230</ymax>
		</bndbox>
	</object>
	<object>
		<difficult>1</difficult>
		<name>&amp;*@HUST_special</name>
		<bndbox>
			<xmin>196</xmin>
			<ymin>197</ymin>
			<xmax>225</xmax>
			<ymax>225</ymax>
		</bndbox>
	</object>
	<object>
		<difficult>0</difficult>
		<name>&amp;*@HUST_text</name>
		<bndbox>
			<xmin>43</xmin>
			<ymin>192</ymin>
			<xmax>129</xmax>
			<ymax>229</ymax>
		</bndbox>
	</object>
	<object>
		<difficult>1</difficult>
		<name>&amp;*@HUST_special</name>
		<bndbox>
			<xmin>28</xmin>
			<ymin>192</ymin>
			<xmax>42</xmax>
			<ymax>229</ymax>
		</bndbox>
	</object>
	<object>
		<difficult>0</difficult>
		<name>&amp;*@HUST_text</name>
		<bndbox>
			<xmin>47</xmin>
			<ymin>233</ymin>
			<xmax>115</xmax>
			<ymax>265</ymax>
		</bndbox>
	</object>
	<object>
		<difficult>0</difficult>
		<name>&amp;*@HUST_text</name>
		<bndbox>
			<xmin>168</xmin>
			<ymin>233</ymin>
			<xmax>245</xmax>
			<ymax>265</ymax>
		</bndbox>
	</object>
	<object>
		<difficult>0</difficult>
		<name>&amp;*@HUST_text</name>
		<bndbox>
			<xmin>291</xmin>
			<ymin>233</ymin>
			<xmax>363</xmax>
			<ymax>264</ymax>
		</bndbox>
	</object>
	<object>
		<difficult>0</difficult>
		<name>&amp;*@HUST_text</name>
		<bndbox>
			<xmin>452</xmin>
			<ymin>235</ymin>
			<xmax>538</xmax>
			<ymax>264</ymax>
		</bndbox>
	</object>
	<object>
		<difficult>0</difficult>
		<name>&amp;*@HUST_text</name>
		<bndbox>
			<xmin>575</xmin>
			<ymin>234</ymin>
			<xmax>651</xmax>
			<ymax>265</ymax>
		</bndbox>
	</object>
	<object>
		<difficult>0</difficult>
		<name>&amp;*@HUST_text</name>
		<bndbox>
			<xmin>696</xmin>
			<ymin>232</ymin>
			<xmax>770</xmax>
			<ymax>264</ymax>
		</bndbox>
	</object>
	<object>
		<difficult>0</difficult>
		<name>&amp;*@HUST_text</name>
		<bndbox>
			<xmin>820</xmin>
			<ymin>231</ymin>
			<xmax>896</xmax>
			<ymax>265</ymax>
		</bndbox>
	</object>
	<object>
		<difficult>0</difficult>
		<name>&amp;*@HUST_text</name>
		<bndbox>
			<xmin>941</xmin>
			<ymin>234</ymin>
			<xmax>1043</xmax>
			<ymax>265</ymax>
		</bndbox>
	</object>
	<object>
		<difficult>0</difficult>
		<name>&amp;*@HUST_text</name>
		<bndbox>
			<xmin>1063</xmin>
			<ymin>234</ymin>
			<xmax>1164</xmax>
			<ymax>265</ymax>
		</bndbox>
	</object>
	<object>
		<difficult>0</difficult>
		<name>&amp;*@HUST_text</name>
		<bndbox>
			<xmin>1185</xmin>
			<ymin>234</ymin>
			<xmax>1291</xmax>
			<ymax>265</ymax>
		</bndbox>
	</object>
	<object>
		<difficult>0</difficult>
		<name>&amp;*@HUST_text</name>
		<bndbox>
			<xmin>1308</xmin>
			<ymin>232</ymin>
			<xmax>1413</xmax>
			<ymax>265</ymax>
		</bndbox>
	</object>
	<object>
		<difficult>0</difficult>
		<name>&amp;*@HUST_text</name>
		<bndbox>
			<xmin>1429</xmin>
			<ymin>233</ymin>
			<xmax>1545</xmax>
			<ymax>265</ymax>
		</bndbox>
	</object>
	<object>
		<difficult>0</difficult>
		<name>&amp;*@HUST_text</name>
		<bndbox>
			<xmin>1550</xmin>
			<ymin>232</ymin>
			<xmax>1667</xmax>
			<ymax>264</ymax>
		</bndbox>
	</object>
	<object>
		<difficult>0</difficult>
		<name>&amp;*@HUST_text</name>
		<bndbox>
			<xmin>1673</xmin>
			<ymin>232</ymin>
			<xmax>1786</xmax>
			<ymax>264</ymax>
		</bndbox>
	</object>
	<object>
		<difficult>0</difficult>
		<name>&amp;*@HUST_text</name>
		<bndbox>
			<xmin>1795</xmin>
			<ymin>232</ymin>
			<xmax>1868</xmax>
			<ymax>265</ymax>
		</bndbox>
	</object>
	<object>
		<difficult>0</difficult>
		<name>&amp;*@HUST_text</name>
		<bndbox>
			<xmin>42</xmin>
			<ymin>0</ymin>
			<xmax>91</xmax>
			<ymax>25</ymax>
		</bndbox>
	</object>
	<object>
		<difficult>1</difficult>
		<name>&amp;*@HUST_special</name>
		<bndbox>
			<xmin>97</xmin>
			<ymin>0</ymin>
			<xmax>120</xmax>
			<ymax>25</ymax>
		</bndbox>
	</object>
	<object>
		<difficult>0</difficult>
		<name>&amp;*@HUST_text</name>
		<bndbox>
			<xmin>128</xmin>
			<ymin>0</ymin>
			<xmax>202</xmax>
			<ymax>25</ymax>
		</bndbox>
	</object>
	<object>
		<difficult>1</difficult>
		<name>&amp;*@HUST_special</name>
		<bndbox>
			<xmin>207</xmin>
			<ymin>0</ymin>
			<xmax>232</xmax>
			<ymax>24</ymax>
		</bndbox>
	</object>
	<object>
		<difficult>0</difficult>
		<name>&amp;*@HUST_text</name>
		<bndbox>
			<xmin>241</xmin>
			<ymin>0</ymin>
			<xmax>341</xmax>
			<ymax>24</ymax>
		</bndbox>
	</object>
	<object>
		<difficult>1</difficult>
		<name>&amp;*@HUST_special</name>
		<bndbox>
			<xmin>345</xmin>
			<ymin>0</ymin>
			<xmax>370</xmax>
			<ymax>24</ymax>
		</bndbox>
	</object>
	<object>
		<difficult>0</difficult>
		<name>&amp;*@HUST_text</name>
		<bndbox>
			<xmin>376</xmin>
			<ymin>0</ymin>
			<xmax>474</xmax>
			<ymax>24</ymax>
		</bndbox>
	</object>
</annotation>