<annotation>
	<filename>图像 3831.png</filename>
	<size>
		<width>1854</width>
		<height>803</height>
		<depth>3</depth>
	</size>
	<segmented>0</segmented>
	<object>
		<difficult>0</difficult>
		<name>&amp;*@HUST_text</name>
		<bndbox>
			<xmin>813</xmin>
			<ymin>19</ymin>
			<xmax>1136</xmax>
			<ymax>76</ymax>
		</bndbox>
	</object>
	<object>
		<difficult>0</difficult>
		<name>&amp;*@HUST_text</name>
		<bndbox>
			<xmin>77</xmin>
			<ymin>78</ymin>
			<xmax>193</xmax>
			<ymax>112</ymax>
		</bndbox>
	</object>
	<object>
		<difficult>0</difficult>
		<name>&amp;*@HUST_text</name>
		<bndbox>
			<xmin>90</xmin>
			<ymin>119</ymin>
			<xmax>145</xmax>
			<ymax>157</ymax>
		</bndbox>
	</object>
	<object>
		<difficult>0</difficult>
		<name>&amp;*@HUST_text</name>
		<bndbox>
			<xmin>149</xmin>
			<ymin>119</ymin>
			<xmax>187</xmax>
			<ymax>150</ymax>
		</bndbox>
	</object>
	<object>
		<difficult>0</difficult>
		<name>&amp;*@HUST_text</name>
		<bndbox>
			<xmin>89</xmin>
			<ymin>158</ymin>
			<xmax>232</xmax>
			<ymax>181</ymax>
		</bndbox>
	</object>
	<object>
		<difficult>0</difficult>
		<name>&amp;*@HUST_text</name>
		<bndbox>
			<xmin>94</xmin>
			<ymin>191</ymin>
			<xmax>147</xmax>
			<ymax>228</ymax>
		</bndbox>
	</object>
	<object>
		<difficult>0</difficult>
		<name>&amp;*@HUST_text</name>
		<bndbox>
			<xmin>149</xmin>
			<ymin>192</ymin>
			<xmax>174</xmax>
			<ymax>227</ymax>
		</bndbox>
	</object>
	<object>
		<difficult>0</difficult>
		<name>&amp;*@HUST_text</name>
		<bndbox>
			<xmin>93</xmin>
			<ymin>229</ymin>
			<xmax>234</xmax>
			<ymax>252</ymax>
		</bndbox>
	</object>
	<object>
		<difficult>0</difficult>
		<name>&amp;*@HUST_text</name>
		<bndbox>
			<xmin>93</xmin>
			<ymin>258</ymin>
			<xmax>144</xmax>
			<ymax>296</ymax>
		</bndbox>
	</object>
	<object>
		<difficult>0</difficult>
		<name>&amp;*@HUST_text</name>
		<bndbox>
			<xmin>147</xmin>
			<ymin>258</ymin>
			<xmax>182</xmax>
			<ymax>294</ymax>
		</bndbox>
	</object>
	<object>
		<difficult>0</difficult>
		<name>&amp;*@HUST_text</name>
		<bndbox>
			<xmin>92</xmin>
			<ymin>297</ymin>
			<xmax>238</xmax>
			<ymax>321</ymax>
		</bndbox>
	</object>
	<object>
		<difficult>0</difficult>
		<name>&amp;*@HUST_text</name>
		<bndbox>
			<xmin>77</xmin>
			<ymin>327</ymin>
			<xmax>145</xmax>
			<ymax>364</ymax>
		</bndbox>
	</object>
	<object>
		<difficult>0</difficult>
		<name>&amp;*@HUST_text</name>
		<bndbox>
			<xmin>149</xmin>
			<ymin>327</ymin>
			<xmax>179</xmax>
			<ymax>364</ymax>
		</bndbox>
	</object>
	<object>
		<difficult>0</difficult>
		<name>&amp;*@HUST_text</name>
		<bndbox>
			<xmin>77</xmin>
			<ymin>364</ymin>
			<xmax>224</xmax>
			<ymax>391</ymax>
		</bndbox>
	</object>
	<object>
		<difficult>0</difficult>
		<name>&amp;*@HUST_text</name>
		<bndbox>
			<xmin>76</xmin>
			<ymin>396</ymin>
			<xmax>148</xmax>
			<ymax>437</ymax>
		</bndbox>
	</object>
	<object>
		<difficult>0</difficult>
		<name>&amp;*@HUST_text</name>
		<bndbox>
			<xmin>150</xmin>
			<ymin>397</ymin>
			<xmax>185</xmax>
			<ymax>436</ymax>
		</bndbox>
	</object>
	<object>
		<difficult>0</difficult>
		<name>&amp;*@HUST_text</name>
		<bndbox>
			<xmin>76</xmin>
			<ymin>438</ymin>
			<xmax>239</xmax>
			<ymax>461</ymax>
		</bndbox>
	</object>
	<object>
		<difficult>0</difficult>
		<name>&amp;*@HUST_text</name>
		<bndbox>
			<xmin>78</xmin>
			<ymin>465</ymin>
			<xmax>191</xmax>
			<ymax>494</ymax>
		</bndbox>
	</object>
	<object>
		<difficult>0</difficult>
		<name>&amp;*@HUST_text</name>
		<bndbox>
			<xmin>25</xmin>
			<ymin>494</ymin>
			<xmax>515</xmax>
			<ymax>507</ymax>
		</bndbox>
	</object>
	<object>
		<difficult>0</difficult>
		<name>&amp;*@HUST_text</name>
		<bndbox>
			<xmin>13</xmin>
			<ymin>506</ymin>
			<xmax>249</xmax>
			<ymax>518</ymax>
		</bndbox>
	</object>
	<object>
		<difficult>0</difficult>
		<name>&amp;*@HUST_text</name>
		<bndbox>
			<xmin>512</xmin>
			<ymin>469</ymin>
			<xmax>576</xmax>
			<ymax>493</ymax>
		</bndbox>
	</object>
	<object>
		<difficult>0</difficult>
		<name>&amp;*@HUST_text</name>
		<bndbox>
			<xmin>13</xmin>
			<ymin>525</ymin>
			<xmax>256</xmax>
			<ymax>546</ymax>
		</bndbox>
	</object>
	<object>
		<difficult>0</difficult>
		<name>&amp;*@HUST_text</name>
		<bndbox>
			<xmin>12</xmin>
			<ymin>548</ymin>
			<xmax>254</xmax>
			<ymax>572</ymax>
		</bndbox>
	</object>
	<object>
		<difficult>0</difficult>
		<name>&amp;*@HUST_text</name>
		<bndbox>
			<xmin>12</xmin>
			<ymin>572</ymin>
			<xmax>255</xmax>
			<ymax>598</ymax>
		</bndbox>
	</object>
	<object>
		<difficult>0</difficult>
		<name>&amp;*@HUST_text</name>
		<bndbox>
			<xmin>12</xmin>
			<ymin>598</ymin>
			<xmax>251</xmax>
			<ymax>623</ymax>
		</bndbox>
	</object>
	<object>
		<difficult>0</difficult>
		<name>&amp;*@HUST_text</name>
		<bndbox>
			<xmin>12</xmin>
			<ymin>624</ymin>
			<xmax>252</xmax>
			<ymax>649</ymax>
		</bndbox>
	</object>
	<object>
		<difficult>0</difficult>
		<name>&amp;*@HUST_text</name>
		<bndbox>
			<xmin>11</xmin>
			<ymin>650</ymin>
			<xmax>254</xmax>
			<ymax>673</ymax>
		</bndbox>
	</object>
	<object>
		<difficult>0</difficult>
		<name>&amp;*@HUST_text</name>
		<bndbox>
			<xmin>12</xmin>
			<ymin>674</ymin>
			<xmax>259</xmax>
			<ymax>700</ymax>
		</bndbox>
	</object>
	<object>
		<difficult>0</difficult>
		<name>&amp;*@HUST_text</name>
		<bndbox>
			<xmin>11</xmin>
			<ymin>701</ymin>
			<xmax>259</xmax>
			<ymax>725</ymax>
		</bndbox>
	</object>
	<object>
		<difficult>1</difficult>
		<name>&amp;*@HUST_shelter</name>
		<bndbox>
			<xmin>11</xmin>
			<ymin>727</ymin>
			<xmax>253</xmax>
			<ymax>736</ymax>
		</bndbox>
	</object>
	<object>
		<difficult>0</difficult>
		<name>&amp;*@HUST_text</name>
		<bndbox>
			<xmin>286</xmin>
			<ymin>721</ymin>
			<xmax>475</xmax>
			<ymax>774</ymax>
		</bndbox>
	</object>
	<object>
		<difficult>0</difficult>
		<name>&amp;*@HUST_text</name>
		<bndbox>
			<xmin>286</xmin>
			<ymin>694</ymin>
			<xmax>497</xmax>
			<ymax>720</ymax>
		</bndbox>
	</object>
	<object>
		<difficult>0</difficult>
		<name>&amp;*@HUST_text</name>
		<bndbox>
			<xmin>285</xmin>
			<ymin>666</ymin>
			<xmax>497</xmax>
			<ymax>692</ymax>
		</bndbox>
	</object>
	<object>
		<difficult>0</difficult>
		<name>&amp;*@HUST_text</name>
		<bndbox>
			<xmin>287</xmin>
			<ymin>634</ymin>
			<xmax>348</xmax>
			<ymax>665</ymax>
		</bndbox>
	</object>
	<object>
		<difficult>0</difficult>
		<name>&amp;*@HUST_text</name>
		<bndbox>
			<xmin>287</xmin>
			<ymin>614</ymin>
			<xmax>458</xmax>
			<ymax>632</ymax>
		</bndbox>
	</object>
	<object>
		<difficult>0</difficult>
		<name>&amp;*@HUST_text</name>
		<bndbox>
			<xmin>287</xmin>
			<ymin>581</ymin>
			<xmax>569</xmax>
			<ymax>613</ymax>
		</bndbox>
	</object>
	<object>
		<difficult>0</difficult>
		<name>&amp;*@HUST_text</name>
		<bndbox>
			<xmin>306</xmin>
			<ymin>535</ymin>
			<xmax>490</xmax>
			<ymax>566</ymax>
		</bndbox>
	</object>
	<object>
		<difficult>0</difficult>
		<name>&amp;*@HUST_text</name>
		<bndbox>
			<xmin>290</xmin>
			<ymin>518</ymin>
			<xmax>303</xmax>
			<ymax>534</ymax>
		</bndbox>
	</object>
	<object>
		<difficult>0</difficult>
		<name>&amp;*@HUST_text</name>
		<bndbox>
			<xmin>284</xmin>
			<ymin>412</ymin>
			<xmax>377</xmax>
			<ymax>447</ymax>
		</bndbox>
	</object>
	<object>
		<difficult>0</difficult>
		<name>&amp;*@HUST_text</name>
		<bndbox>
			<xmin>285</xmin>
			<ymin>390</ymin>
			<xmax>582</xmax>
			<ymax>411</ymax>
		</bndbox>
	</object>
	<object>
		<difficult>0</difficult>
		<name>&amp;*@HUST_text</name>
		<bndbox>
			<xmin>286</xmin>
			<ymin>363</ymin>
			<xmax>498</xmax>
			<ymax>388</ymax>
		</bndbox>
	</object>
	<object>
		<difficult>0</difficult>
		<name>&amp;*@HUST_text</name>
		<bndbox>
			<xmin>286</xmin>
			<ymin>335</ymin>
			<xmax>500</xmax>
			<ymax>361</ymax>
		</bndbox>
	</object>
	<object>
		<difficult>0</difficult>
		<name>&amp;*@HUST_text</name>
		<bndbox>
			<xmin>286</xmin>
			<ymin>303</ymin>
			<xmax>346</xmax>
			<ymax>334</ymax>
		</bndbox>
	</object>
	<object>
		<difficult>0</difficult>
		<name>&amp;*@HUST_text</name>
		<bndbox>
			<xmin>286</xmin>
			<ymin>282</ymin>
			<xmax>481</xmax>
			<ymax>302</ymax>
		</bndbox>
	</object>
	<object>
		<difficult>0</difficult>
		<name>&amp;*@HUST_text</name>
		<bndbox>
			<xmin>287</xmin>
			<ymin>254</ymin>
			<xmax>503</xmax>
			<ymax>281</ymax>
		</bndbox>
	</object>
	<object>
		<difficult>0</difficult>
		<name>&amp;*@HUST_text</name>
		<bndbox>
			<xmin>305</xmin>
			<ymin>204</ymin>
			<xmax>571</xmax>
			<ymax>234</ymax>
		</bndbox>
	</object>
	<object>
		<difficult>0</difficult>
		<name>&amp;*@HUST_text</name>
		<bndbox>
			<xmin>287</xmin>
			<ymin>188</ymin>
			<xmax>305</xmax>
			<ymax>203</ymax>
		</bndbox>
	</object>
	<object>
		<difficult>0</difficult>
		<name>&amp;*@HUST_text</name>
		<bndbox>
			<xmin>273</xmin>
			<ymin>105</ymin>
			<xmax>339</xmax>
			<ymax>159</ymax>
		</bndbox>
	</object>
	<object>
		<difficult>0</difficult>
		<name>&amp;*@HUST_text</name>
		<bndbox>
			<xmin>507</xmin>
			<ymin>102</ymin>
			<xmax>573</xmax>
			<ymax>166</ymax>
		</bndbox>
	</object>
	<object>
		<difficult>0</difficult>
		<name>&amp;*@HUST_text</name>
		<bndbox>
			<xmin>602</xmin>
			<ymin>187</ymin>
			<xmax>616</xmax>
			<ymax>203</ymax>
		</bndbox>
	</object>
	<object>
		<difficult>0</difficult>
		<name>&amp;*@HUST_text</name>
		<bndbox>
			<xmin>618</xmin>
			<ymin>203</ymin>
			<xmax>835</xmax>
			<ymax>233</ymax>
		</bndbox>
	</object>
	<object>
		<difficult>0</difficult>
		<name>&amp;*@HUST_text</name>
		<bndbox>
			<xmin>598</xmin>
			<ymin>255</ymin>
			<xmax>875</xmax>
			<ymax>282</ymax>
		</bndbox>
	</object>
	<object>
		<difficult>0</difficult>
		<name>&amp;*@HUST_text</name>
		<bndbox>
			<xmin>598</xmin>
			<ymin>283</ymin>
			<xmax>763</xmax>
			<ymax>303</ymax>
		</bndbox>
	</object>
	<object>
		<difficult>0</difficult>
		<name>&amp;*@HUST_text</name>
		<bndbox>
			<xmin>602</xmin>
			<ymin>306</ymin>
			<xmax>657</xmax>
			<ymax>335</ymax>
		</bndbox>
	</object>
	<object>
		<difficult>0</difficult>
		<name>&amp;*@HUST_text</name>
		<bndbox>
			<xmin>602</xmin>
			<ymin>336</ymin>
			<xmax>799</xmax>
			<ymax>359</ymax>
		</bndbox>
	</object>
	<object>
		<difficult>0</difficult>
		<name>&amp;*@HUST_text</name>
		<bndbox>
			<xmin>601</xmin>
			<ymin>360</ymin>
			<xmax>803</xmax>
			<ymax>386</ymax>
		</bndbox>
	</object>
	<object>
		<difficult>0</difficult>
		<name>&amp;*@HUST_text</name>
		<bndbox>
			<xmin>601</xmin>
			<ymin>387</ymin>
			<xmax>892</xmax>
			<ymax>410</ymax>
		</bndbox>
	</object>
	<object>
		<difficult>0</difficult>
		<name>&amp;*@HUST_text</name>
		<bndbox>
			<xmin>601</xmin>
			<ymin>411</ymin>
			<xmax>894</xmax>
			<ymax>430</ymax>
		</bndbox>
	</object>
	<object>
		<difficult>0</difficult>
		<name>&amp;*@HUST_text</name>
		<bndbox>
			<xmin>601</xmin>
			<ymin>430</ymin>
			<xmax>724</xmax>
			<ymax>461</ymax>
		</bndbox>
	</object>
	<object>
		<difficult>0</difficult>
		<name>&amp;*@HUST_text</name>
		<bndbox>
			<xmin>813</xmin>
			<ymin>469</ymin>
			<xmax>886</xmax>
			<ymax>498</ymax>
		</bndbox>
	</object>
	<object>
		<difficult>0</difficult>
		<name>&amp;*@HUST_text</name>
		<bndbox>
			<xmin>1125</xmin>
			<ymin>469</ymin>
			<xmax>1197</xmax>
			<ymax>498</ymax>
		</bndbox>
	</object>
	<object>
		<difficult>0</difficult>
		<name>&amp;*@HUST_text</name>
		<bndbox>
			<xmin>912</xmin>
			<ymin>430</ymin>
			<xmax>955</xmax>
			<ymax>461</ymax>
		</bndbox>
	</object>
	<object>
		<difficult>0</difficult>
		<name>&amp;*@HUST_text</name>
		<bndbox>
			<xmin>911</xmin>
			<ymin>412</ymin>
			<xmax>1207</xmax>
			<ymax>430</ymax>
		</bndbox>
	</object>
	<object>
		<difficult>0</difficult>
		<name>&amp;*@HUST_text</name>
		<bndbox>
			<xmin>910</xmin>
			<ymin>390</ymin>
			<xmax>1182</xmax>
			<ymax>410</ymax>
		</bndbox>
	</object>
	<object>
		<difficult>0</difficult>
		<name>&amp;*@HUST_text</name>
		<bndbox>
			<xmin>910</xmin>
			<ymin>365</ymin>
			<xmax>1125</xmax>
			<ymax>389</ymax>
		</bndbox>
	</object>
	<object>
		<difficult>0</difficult>
		<name>&amp;*@HUST_text</name>
		<bndbox>
			<xmin>911</xmin>
			<ymin>336</ymin>
			<xmax>1124</xmax>
			<ymax>364</ymax>
		</bndbox>
	</object>
	<object>
		<difficult>0</difficult>
		<name>&amp;*@HUST_text</name>
		<bndbox>
			<xmin>910</xmin>
			<ymin>301</ymin>
			<xmax>971</xmax>
			<ymax>334</ymax>
		</bndbox>
	</object>
	<object>
		<difficult>0</difficult>
		<name>&amp;*@HUST_text</name>
		<bndbox>
			<xmin>909</xmin>
			<ymin>282</ymin>
			<xmax>1076</xmax>
			<ymax>299</ymax>
		</bndbox>
	</object>
	<object>
		<difficult>0</difficult>
		<name>&amp;*@HUST_text</name>
		<bndbox>
			<xmin>910</xmin>
			<ymin>252</ymin>
			<xmax>1186</xmax>
			<ymax>282</ymax>
		</bndbox>
	</object>
	<object>
		<difficult>0</difficult>
		<name>&amp;*@HUST_text</name>
		<bndbox>
			<xmin>928</xmin>
			<ymin>205</ymin>
			<xmax>1193</xmax>
			<ymax>234</ymax>
		</bndbox>
	</object>
	<object>
		<difficult>0</difficult>
		<name>&amp;*@HUST_text</name>
		<bndbox>
			<xmin>913</xmin>
			<ymin>186</ymin>
			<xmax>926</xmax>
			<ymax>204</ymax>
		</bndbox>
	</object>
	<object>
		<difficult>0</difficult>
		<name>&amp;*@HUST_text</name>
		<bndbox>
			<xmin>1041</xmin>
			<ymin>101</ymin>
			<xmax>1124</xmax>
			<ymax>164</ymax>
		</bndbox>
	</object>
	<object>
		<difficult>0</difficult>
		<name>&amp;*@HUST_text</name>
		<bndbox>
			<xmin>1136</xmin>
			<ymin>121</ymin>
			<xmax>1200</xmax>
			<ymax>144</ymax>
		</bndbox>
	</object>
	<object>
		<difficult>0</difficult>
		<name>&amp;*@HUST_text</name>
		<bndbox>
			<xmin>786</xmin>
			<ymin>99</ymin>
			<xmax>869</xmax>
			<ymax>160</ymax>
		</bndbox>
	</object>
	<object>
		<difficult>0</difficult>
		<name>&amp;*@HUST_text</name>
		<bndbox>
			<xmin>1296</xmin>
			<ymin>94</ymin>
			<xmax>1385</xmax>
			<ymax>169</ymax>
		</bndbox>
	</object>
	<object>
		<difficult>0</difficult>
		<name>&amp;*@HUST_text</name>
		<bndbox>
			<xmin>1368</xmin>
			<ymin>21</ymin>
			<xmax>1675</xmax>
			<ymax>76</ymax>
		</bndbox>
	</object>
	<object>
		<difficult>0</difficult>
		<name>&amp;*@HUST_text</name>
		<bndbox>
			<xmin>1581</xmin>
			<ymin>95</ymin>
			<xmax>1680</xmax>
			<ymax>171</ymax>
		</bndbox>
	</object>
	<object>
		<difficult>0</difficult>
		<name>&amp;*@HUST_text</name>
		<bndbox>
			<xmin>1714</xmin>
			<ymin>119</ymin>
			<xmax>1753</xmax>
			<ymax>145</ymax>
		</bndbox>
	</object>
	<object>
		<difficult>0</difficult>
		<name>&amp;*@HUST_text</name>
		<bndbox>
			<xmin>1803</xmin>
			<ymin>119</ymin>
			<xmax>1843</xmax>
			<ymax>145</ymax>
		</bndbox>
	</object>
	<object>
		<difficult>0</difficult>
		<name>&amp;*@HUST_text</name>
		<bndbox>
			<xmin>1553</xmin>
			<ymin>204</ymin>
			<xmax>1810</xmax>
			<ymax>235</ymax>
		</bndbox>
	</object>
	<object>
		<difficult>0</difficult>
		<name>&amp;*@HUST_text</name>
		<bndbox>
			<xmin>1537</xmin>
			<ymin>187</ymin>
			<xmax>1551</xmax>
			<ymax>203</ymax>
		</bndbox>
	</object>
	<object>
		<difficult>0</difficult>
		<name>&amp;*@HUST_text</name>
		<bndbox>
			<xmin>1240</xmin>
			<ymin>204</ymin>
			<xmax>1500</xmax>
			<ymax>231</ymax>
		</bndbox>
	</object>
	<object>
		<difficult>0</difficult>
		<name>&amp;*@HUST_text</name>
		<bndbox>
			<xmin>1225</xmin>
			<ymin>185</ymin>
			<xmax>1239</xmax>
			<ymax>204</ymax>
		</bndbox>
	</object>
	<object>
		<difficult>0</difficult>
		<name>&amp;*@HUST_text</name>
		<bndbox>
			<xmin>1224</xmin>
			<ymin>252</ymin>
			<xmax>1489</xmax>
			<ymax>282</ymax>
		</bndbox>
	</object>
	<object>
		<difficult>0</difficult>
		<name>&amp;*@HUST_text</name>
		<bndbox>
			<xmin>1224</xmin>
			<ymin>282</ymin>
			<xmax>1398</xmax>
			<ymax>306</ymax>
		</bndbox>
	</object>
	<object>
		<difficult>0</difficult>
		<name>&amp;*@HUST_text</name>
		<bndbox>
			<xmin>1224</xmin>
			<ymin>307</ymin>
			<xmax>1282</xmax>
			<ymax>334</ymax>
		</bndbox>
	</object>
	<object>
		<difficult>0</difficult>
		<name>&amp;*@HUST_text</name>
		<bndbox>
			<xmin>1224</xmin>
			<ymin>335</ymin>
			<xmax>1433</xmax>
			<ymax>360</ymax>
		</bndbox>
	</object>
	<object>
		<difficult>0</difficult>
		<name>&amp;*@HUST_text</name>
		<bndbox>
			<xmin>1224</xmin>
			<ymin>361</ymin>
			<xmax>1436</xmax>
			<ymax>389</ymax>
		</bndbox>
	</object>
	<object>
		<difficult>0</difficult>
		<name>&amp;*@HUST_text</name>
		<bndbox>
			<xmin>1224</xmin>
			<ymin>389</ymin>
			<xmax>1503</xmax>
			<ymax>412</ymax>
		</bndbox>
	</object>
	<object>
		<difficult>0</difficult>
		<name>&amp;*@HUST_text</name>
		<bndbox>
			<xmin>1223</xmin>
			<ymin>412</ymin>
			<xmax>1469</xmax>
			<ymax>430</ymax>
		</bndbox>
	</object>
	<object>
		<difficult>0</difficult>
		<name>&amp;*@HUST_text</name>
		<bndbox>
			<xmin>1223</xmin>
			<ymin>431</ymin>
			<xmax>1404</xmax>
			<ymax>458</ymax>
		</bndbox>
	</object>
	<object>
		<difficult>0</difficult>
		<name>&amp;*@HUST_text</name>
		<bndbox>
			<xmin>1437</xmin>
			<ymin>468</ymin>
			<xmax>1510</xmax>
			<ymax>498</ymax>
		</bndbox>
	</object>
	<object>
		<difficult>0</difficult>
		<name>&amp;*@HUST_text</name>
		<bndbox>
			<xmin>1537</xmin>
			<ymin>412</ymin>
			<xmax>1602</xmax>
			<ymax>439</ymax>
		</bndbox>
	</object>
	<object>
		<difficult>0</difficult>
		<name>&amp;*@HUST_text</name>
		<bndbox>
			<xmin>1748</xmin>
			<ymin>469</ymin>
			<xmax>1824</xmax>
			<ymax>497</ymax>
		</bndbox>
	</object>
	<object>
		<difficult>0</difficult>
		<name>&amp;*@HUST_text</name>
		<bndbox>
			<xmin>1534</xmin>
			<ymin>391</ymin>
			<xmax>1833</xmax>
			<ymax>411</ymax>
		</bndbox>
	</object>
	<object>
		<difficult>0</difficult>
		<name>&amp;*@HUST_text</name>
		<bndbox>
			<xmin>1534</xmin>
			<ymin>364</ymin>
			<xmax>1745</xmax>
			<ymax>390</ymax>
		</bndbox>
	</object>
	<object>
		<difficult>0</difficult>
		<name>&amp;*@HUST_text</name>
		<bndbox>
			<xmin>1535</xmin>
			<ymin>336</ymin>
			<xmax>1743</xmax>
			<ymax>363</ymax>
		</bndbox>
	</object>
	<object>
		<difficult>0</difficult>
		<name>&amp;*@HUST_text</name>
		<bndbox>
			<xmin>1536</xmin>
			<ymin>304</ymin>
			<xmax>1595</xmax>
			<ymax>333</ymax>
		</bndbox>
	</object>
	<object>
		<difficult>0</difficult>
		<name>&amp;*@HUST_text</name>
		<bndbox>
			<xmin>1535</xmin>
			<ymin>282</ymin>
			<xmax>1728</xmax>
			<ymax>304</ymax>
		</bndbox>
	</object>
	<object>
		<difficult>0</difficult>
		<name>&amp;*@HUST_text</name>
		<bndbox>
			<xmin>1534</xmin>
			<ymin>250</ymin>
			<xmax>1821</xmax>
			<ymax>282</ymax>
		</bndbox>
	</object>
	<object>
		<difficult>1</difficult>
		<name>&amp;*@HUST_special</name>
		<bndbox>
			<xmin>1784</xmin>
			<ymin>184</ymin>
			<xmax>1832</xmax>
			<ymax>203</ymax>
		</bndbox>
	</object>
	<object>
		<difficult>1</difficult>
		<name>&amp;*@HUST_special</name>
		<bndbox>
			<xmin>1777</xmin>
			<ymin>120</ymin>
			<xmax>1802</xmax>
			<ymax>144</ymax>
		</bndbox>
	</object>
	<object>
		<difficult>1</difficult>
		<name>&amp;*@HUST_special</name>
		<bndbox>
			<xmin>1692</xmin>
			<ymin>120</ymin>
			<xmax>1713</xmax>
			<ymax>144</ymax>
		</bndbox>
	</object>
	<object>
		<difficult>1</difficult>
		<name>&amp;*@HUST_special</name>
		<bndbox>
			<xmin>1554</xmin>
			<ymin>96</ymin>
			<xmax>1579</xmax>
			<ymax>168</ymax>
		</bndbox>
	</object>
	<object>
		<difficult>1</difficult>
		<name>&amp;*@HUST_special</name>
		<bndbox>
			<xmin>1470</xmin>
			<ymin>184</ymin>
			<xmax>1521</xmax>
			<ymax>202</ymax>
		</bndbox>
	</object>
	<object>
		<difficult>1</difficult>
		<name>&amp;*@HUST_special</name>
		<bndbox>
			<xmin>1255</xmin>
			<ymin>121</ymin>
			<xmax>1287</xmax>
			<ymax>144</ymax>
		</bndbox>
	</object>
	<object>
		<difficult>1</difficult>
		<name>&amp;*@HUST_special</name>
		<bndbox>
			<xmin>1149</xmin>
			<ymin>183</ymin>
			<xmax>1209</xmax>
			<ymax>202</ymax>
		</bndbox>
	</object>
	<object>
		<difficult>1</difficult>
		<name>&amp;*@HUST_special</name>
		<bndbox>
			<xmin>1598</xmin>
			<ymin>306</ymin>
			<xmax>1635</xmax>
			<ymax>332</ymax>
		</bndbox>
	</object>
	<object>
		<difficult>1</difficult>
		<name>&amp;*@HUST_special</name>
		<bndbox>
			<xmin>1284</xmin>
			<ymin>307</ymin>
			<xmax>1330</xmax>
			<ymax>333</ymax>
		</bndbox>
	</object>
	<object>
		<difficult>1</difficult>
		<name>&amp;*@HUST_special</name>
		<bndbox>
			<xmin>974</xmin>
			<ymin>303</ymin>
			<xmax>1006</xmax>
			<ymax>333</ymax>
		</bndbox>
	</object>
	<object>
		<difficult>1</difficult>
		<name>&amp;*@HUST_special</name>
		<bndbox>
			<xmin>660</xmin>
			<ymin>305</ymin>
			<xmax>710</xmax>
			<ymax>333</ymax>
		</bndbox>
	</object>
	<object>
		<difficult>1</difficult>
		<name>&amp;*@HUST_special</name>
		<bndbox>
			<xmin>847</xmin>
			<ymin>183</ymin>
			<xmax>896</xmax>
			<ymax>212</ymax>
		</bndbox>
	</object>
	<object>
		<difficult>1</difficult>
		<name>&amp;*@HUST_special</name>
		<bndbox>
			<xmin>738</xmin>
			<ymin>121</ymin>
			<xmax>776</xmax>
			<ymax>144</ymax>
		</bndbox>
	</object>
	<object>
		<difficult>1</difficult>
		<name>&amp;*@HUST_special</name>
		<bndbox>
			<xmin>534</xmin>
			<ymin>184</ymin>
			<xmax>584</xmax>
			<ymax>202</ymax>
		</bndbox>
	</object>
	<object>
		<difficult>1</difficult>
		<name>&amp;*@HUST_special</name>
		<bndbox>
			<xmin>348</xmin>
			<ymin>304</ymin>
			<xmax>380</xmax>
			<ymax>334</ymax>
		</bndbox>
	</object>
	<object>
		<difficult>1</difficult>
		<name>&amp;*@HUST_special</name>
		<bndbox>
			<xmin>528</xmin>
			<ymin>514</ymin>
			<xmax>583</xmax>
			<ymax>540</ymax>
		</bndbox>
	</object>
	<object>
		<difficult>1</difficult>
		<name>&amp;*@HUST_special</name>
		<bndbox>
			<xmin>351</xmin>
			<ymin>635</ymin>
			<xmax>400</xmax>
			<ymax>665</ymax>
		</bndbox>
	</object>
	<object>
		<difficult>1</difficult>
		<name>&amp;*@HUST_special</name>
		<bndbox>
			<xmin>11</xmin>
			<ymin>397</ymin>
			<xmax>71</xmax>
			<ymax>458</ymax>
		</bndbox>
	</object>
	<object>
		<difficult>1</difficult>
		<name>&amp;*@HUST_special</name>
		<bndbox>
			<xmin>14</xmin>
			<ymin>329</ymin>
			<xmax>69</xmax>
			<ymax>389</ymax>
		</bndbox>
	</object>
	<object>
		<difficult>1</difficult>
		<name>&amp;*@HUST_special</name>
		<bndbox>
			<xmin>16</xmin>
			<ymin>256</ymin>
			<xmax>90</xmax>
			<ymax>321</ymax>
		</bndbox>
	</object>
	<object>
		<difficult>1</difficult>
		<name>&amp;*@HUST_special</name>
		<bndbox>
			<xmin>12</xmin>
			<ymin>187</ymin>
			<xmax>91</xmax>
			<ymax>248</ymax>
		</bndbox>
	</object>
	<object>
		<difficult>1</difficult>
		<name>&amp;*@HUST_special</name>
		<bndbox>
			<xmin>15</xmin>
			<ymin>116</ymin>
			<xmax>88</xmax>
			<ymax>181</ymax>
		</bndbox>
	</object>
</annotation>