<annotation>
	<filename>图像 4171.png</filename>
	<size>
		<width>894</width>
		<height>929</height>
		<depth>3</depth>
	</size>
	<segmented>0</segmented>
	<object>
		<difficult>0</difficult>
		<name>&amp;*@HUST_text</name>
		<bndbox>
			<xmin>56</xmin>
			<ymin>2</ymin>
			<xmax>763</xmax>
			<ymax>21</ymax>
		</bndbox>
	</object>
	<object>
		<difficult>0</difficult>
		<name>&amp;*@HUST_text</name>
		<bndbox>
			<xmin>55</xmin>
			<ymin>27</ymin>
			<xmax>874</xmax>
			<ymax>49</ymax>
		</bndbox>
	</object>
	<object>
		<difficult>0</difficult>
		<name>&amp;*@HUST_text</name>
		<bndbox>
			<xmin>56</xmin>
			<ymin>53</ymin>
			<xmax>732</xmax>
			<ymax>77</ymax>
		</bndbox>
	</object>
	<object>
		<difficult>0</difficult>
		<name>&amp;*@HUST_text</name>
		<bndbox>
			<xmin>56</xmin>
			<ymin>80</ymin>
			<xmax>732</xmax>
			<ymax>106</ymax>
		</bndbox>
	</object>
	<object>
		<difficult>0</difficult>
		<name>&amp;*@HUST_text</name>
		<bndbox>
			<xmin>57</xmin>
			<ymin>109</ymin>
			<xmax>732</xmax>
			<ymax>134</ymax>
		</bndbox>
	</object>
	<object>
		<difficult>0</difficult>
		<name>&amp;*@HUST_text</name>
		<bndbox>
			<xmin>59</xmin>
			<ymin>139</ymin>
			<xmax>732</xmax>
			<ymax>164</ymax>
		</bndbox>
	</object>
	<object>
		<difficult>0</difficult>
		<name>&amp;*@HUST_text</name>
		<bndbox>
			<xmin>60</xmin>
			<ymin>167</ymin>
			<xmax>732</xmax>
			<ymax>195</ymax>
		</bndbox>
	</object>
	<object>
		<difficult>0</difficult>
		<name>&amp;*@HUST_text</name>
		<bndbox>
			<xmin>84</xmin>
			<ymin>215</ymin>
			<xmax>529</xmax>
			<ymax>246</ymax>
		</bndbox>
	</object>
	<object>
		<difficult>0</difficult>
		<name>&amp;*@HUST_text</name>
		<bndbox>
			<xmin>777</xmin>
			<ymin>304</ymin>
			<xmax>877</xmax>
			<ymax>345</ymax>
		</bndbox>
	</object>
	<object>
		<difficult>0</difficult>
		<name>&amp;*@HUST_text</name>
		<bndbox>
			<xmin>77</xmin>
			<ymin>411</ymin>
			<xmax>867</xmax>
			<ymax>453</ymax>
		</bndbox>
	</object>
	<object>
		<difficult>0</difficult>
		<name>&amp;*@HUST_text</name>
		<bndbox>
			<xmin>77</xmin>
			<ymin>457</ymin>
			<xmax>374</xmax>
			<ymax>501</ymax>
		</bndbox>
	</object>
	<object>
		<difficult>0</difficult>
		<name>&amp;*@HUST_text</name>
		<bndbox>
			<xmin>90</xmin>
			<ymin>508</ymin>
			<xmax>178</xmax>
			<ymax>544</ymax>
		</bndbox>
	</object>
	<object>
		<difficult>0</difficult>
		<name>&amp;*@HUST_text</name>
		<bndbox>
			<xmin>433</xmin>
			<ymin>508</ymin>
			<xmax>529</xmax>
			<ymax>543</ymax>
		</bndbox>
	</object>
	<object>
		<difficult>0</difficult>
		<name>&amp;*@HUST_text</name>
		<bndbox>
			<xmin>89</xmin>
			<ymin>552</ymin>
			<xmax>229</xmax>
			<ymax>592</ymax>
		</bndbox>
	</object>
	<object>
		<difficult>0</difficult>
		<name>&amp;*@HUST_text</name>
		<bndbox>
			<xmin>433</xmin>
			<ymin>554</ymin>
			<xmax>699</xmax>
			<ymax>592</ymax>
		</bndbox>
	</object>
	<object>
		<difficult>0</difficult>
		<name>&amp;*@HUST_text</name>
		<bndbox>
			<xmin>91</xmin>
			<ymin>600</ymin>
			<xmax>284</xmax>
			<ymax>638</ymax>
		</bndbox>
	</object>
	<object>
		<difficult>0</difficult>
		<name>&amp;*@HUST_text</name>
		<bndbox>
			<xmin>434</xmin>
			<ymin>600</ymin>
			<xmax>697</xmax>
			<ymax>638</ymax>
		</bndbox>
	</object>
	<object>
		<difficult>0</difficult>
		<name>&amp;*@HUST_text</name>
		<bndbox>
			<xmin>90</xmin>
			<ymin>646</ymin>
			<xmax>334</xmax>
			<ymax>687</ymax>
		</bndbox>
	</object>
	<object>
		<difficult>0</difficult>
		<name>&amp;*@HUST_text</name>
		<bndbox>
			<xmin>436</xmin>
			<ymin>648</ymin>
			<xmax>697</xmax>
			<ymax>686</ymax>
		</bndbox>
	</object>
	<object>
		<difficult>0</difficult>
		<name>&amp;*@HUST_text</name>
		<bndbox>
			<xmin>89</xmin>
			<ymin>692</ymin>
			<xmax>208</xmax>
			<ymax>732</ymax>
		</bndbox>
	</object>
	<object>
		<difficult>0</difficult>
		<name>&amp;*@HUST_text</name>
		<bndbox>
			<xmin>433</xmin>
			<ymin>692</ymin>
			<xmax>722</xmax>
			<ymax>733</ymax>
		</bndbox>
	</object>
	<object>
		<difficult>0</difficult>
		<name>&amp;*@HUST_text</name>
		<bndbox>
			<xmin>89</xmin>
			<ymin>740</ymin>
			<xmax>223</xmax>
			<ymax>781</ymax>
		</bndbox>
	</object>
	<object>
		<difficult>0</difficult>
		<name>&amp;*@HUST_text</name>
		<bndbox>
			<xmin>434</xmin>
			<ymin>740</ymin>
			<xmax>693</xmax>
			<ymax>781</ymax>
		</bndbox>
	</object>
	<object>
		<difficult>0</difficult>
		<name>&amp;*@HUST_text</name>
		<bndbox>
			<xmin>90</xmin>
			<ymin>786</ymin>
			<xmax>219</xmax>
			<ymax>828</ymax>
		</bndbox>
	</object>
	<object>
		<difficult>0</difficult>
		<name>&amp;*@HUST_text</name>
		<bndbox>
			<xmin>433</xmin>
			<ymin>787</ymin>
			<xmax>681</xmax>
			<ymax>827</ymax>
		</bndbox>
	</object>
	<object>
		<difficult>0</difficult>
		<name>&amp;*@HUST_text</name>
		<bndbox>
			<xmin>89</xmin>
			<ymin>835</ymin>
			<xmax>242</xmax>
			<ymax>874</ymax>
		</bndbox>
	</object>
	<object>
		<difficult>0</difficult>
		<name>&amp;*@HUST_text</name>
		<bndbox>
			<xmin>436</xmin>
			<ymin>836</ymin>
			<xmax>684</xmax>
			<ymax>875</ymax>
		</bndbox>
	</object>
	<object>
		<difficult>0</difficult>
		<name>&amp;*@HUST_text</name>
		<bndbox>
			<xmin>90</xmin>
			<ymin>882</ymin>
			<xmax>232</xmax>
			<ymax>922</ymax>
		</bndbox>
	</object>
	<object>
		<difficult>0</difficult>
		<name>&amp;*@HUST_text</name>
		<bndbox>
			<xmin>435</xmin>
			<ymin>883</ymin>
			<xmax>674</xmax>
			<ymax>921</ymax>
		</bndbox>
	</object>
	<object>
		<difficult>0</difficult>
		<name>&amp;*@HUST_text</name>
		<bndbox>
			<xmin>777</xmin>
			<ymin>349</ymin>
			<xmax>877</xmax>
			<ymax>393</ymax>
		</bndbox>
	</object>
	<object>
		<difficult>1</difficult>
		<name>&amp;*@HUST_special</name>
		<bndbox>
			<xmin>77</xmin>
			<ymin>399</ymin>
			<xmax>875</xmax>
			<ymax>409</ymax>
		</bndbox>
	</object>
</annotation>