<annotation>
	<filename>图像 4231.png</filename>
	<size>
		<width>915</width>
		<height>685</height>
		<depth>3</depth>
	</size>
	<segmented>0</segmented>
	<object>
		<difficult>0</difficult>
		<name>&amp;*@HUST_text</name>
		<bndbox>
			<xmin>1</xmin>
			<ymin>3</ymin>
			<xmax>34</xmax>
			<ymax>21</ymax>
		</bndbox>
	</object>
	<object>
		<difficult>1</difficult>
		<name>&amp;*@HUST_special</name>
		<bndbox>
			<xmin>16</xmin>
			<ymin>25</ymin>
			<xmax>93</xmax>
			<ymax>90</ymax>
		</bndbox>
	</object>
	<object>
		<difficult>0</difficult>
		<name>&amp;*@HUST_text</name>
		<bndbox>
			<xmin>16</xmin>
			<ymin>91</ymin>
			<xmax>93</xmax>
			<ymax>114</ymax>
		</bndbox>
	</object>
	<object>
		<difficult>0</difficult>
		<name>&amp;*@HUST_text</name>
		<bndbox>
			<xmin>3</xmin>
			<ymin>120</ymin>
			<xmax>52</xmax>
			<ymax>140</ymax>
		</bndbox>
	</object>
	<object>
		<difficult>0</difficult>
		<name>&amp;*@HUST_text</name>
		<bndbox>
			<xmin>58</xmin>
			<ymin>123</ymin>
			<xmax>91</xmax>
			<ymax>133</ymax>
		</bndbox>
	</object>
	<object>
		<difficult>0</difficult>
		<name>&amp;*@HUST_text</name>
		<bndbox>
			<xmin>95</xmin>
			<ymin>25</ymin>
			<xmax>278</xmax>
			<ymax>58</ymax>
		</bndbox>
	</object>
	<object>
		<difficult>1</difficult>
		<name>&amp;*@HUST_special</name>
		<bndbox>
			<xmin>280</xmin>
			<ymin>25</ymin>
			<xmax>338</xmax>
			<ymax>57</ymax>
		</bndbox>
	</object>
	<object>
		<difficult>0</difficult>
		<name>&amp;*@HUST_text</name>
		<bndbox>
			<xmin>95</xmin>
			<ymin>62</ymin>
			<xmax>265</xmax>
			<ymax>94</ymax>
		</bndbox>
	</object>
	<object>
		<difficult>0</difficult>
		<name>&amp;*@HUST_text</name>
		<bndbox>
			<xmin>267</xmin>
			<ymin>62</ymin>
			<xmax>340</xmax>
			<ymax>94</ymax>
		</bndbox>
	</object>
	<object>
		<difficult>0</difficult>
		<name>&amp;*@HUST_text</name>
		<bndbox>
			<xmin>342</xmin>
			<ymin>62</ymin>
			<xmax>429</xmax>
			<ymax>95</ymax>
		</bndbox>
	</object>
	<object>
		<difficult>0</difficult>
		<name>&amp;*@HUST_text</name>
		<bndbox>
			<xmin>117</xmin>
			<ymin>99</ymin>
			<xmax>426</xmax>
			<ymax>120</ymax>
		</bndbox>
	</object>
	<object>
		<difficult>0</difficult>
		<name>&amp;*@HUST_text</name>
		<bndbox>
			<xmin>100</xmin>
			<ymin>133</ymin>
			<xmax>1194</xmax>
			<ymax>169</ymax>
		</bndbox>
	</object>
	<object>
		<difficult>0</difficult>
		<name>&amp;*@HUST_text</name>
		<bndbox>
			<xmin>100</xmin>
			<ymin>171</ymin>
			<xmax>1392</xmax>
			<ymax>198</ymax>
		</bndbox>
	</object>
	<object>
		<difficult>0</difficult>
		<name>&amp;*@HUST_text</name>
		<bndbox>
			<xmin>100</xmin>
			<ymin>201</ymin>
			<xmax>1447</xmax>
			<ymax>227</ymax>
		</bndbox>
	</object>
	<object>
		<difficult>0</difficult>
		<name>&amp;*@HUST_text</name>
		<bndbox>
			<xmin>100</xmin>
			<ymin>229</ymin>
			<xmax>1527</xmax>
			<ymax>253</ymax>
		</bndbox>
	</object>
	<object>
		<difficult>0</difficult>
		<name>&amp;*@HUST_text</name>
		<bndbox>
			<xmin>101</xmin>
			<ymin>255</ymin>
			<xmax>1448</xmax>
			<ymax>285</ymax>
		</bndbox>
	</object>
	<object>
		<difficult>0</difficult>
		<name>&amp;*@HUST_text</name>
		<bndbox>
			<xmin>101</xmin>
			<ymin>329</ymin>
			<xmax>1087</xmax>
			<ymax>376</ymax>
		</bndbox>
	</object>
	<object>
		<difficult>0</difficult>
		<name>&amp;*@HUST_text</name>
		<bndbox>
			<xmin>101</xmin>
			<ymin>379</ymin>
			<xmax>950</xmax>
			<ymax>405</ymax>
		</bndbox>
	</object>
	<object>
		<difficult>0</difficult>
		<name>&amp;*@HUST_text</name>
		<bndbox>
			<xmin>100</xmin>
			<ymin>408</ymin>
			<xmax>968</xmax>
			<ymax>434</ymax>
		</bndbox>
	</object>
	<object>
		<difficult>0</difficult>
		<name>&amp;*@HUST_text</name>
		<bndbox>
			<xmin>100</xmin>
			<ymin>436</ymin>
			<xmax>1033</xmax>
			<ymax>461</ymax>
		</bndbox>
	</object>
	<object>
		<difficult>0</difficult>
		<name>&amp;*@HUST_text</name>
		<bndbox>
			<xmin>100</xmin>
			<ymin>464</ymin>
			<xmax>1105</xmax>
			<ymax>490</ymax>
		</bndbox>
	</object>
	<object>
		<difficult>0</difficult>
		<name>&amp;*@HUST_text</name>
		<bndbox>
			<xmin>100</xmin>
			<ymin>493</ymin>
			<xmax>1028</xmax>
			<ymax>516</ymax>
		</bndbox>
	</object>
	<object>
		<difficult>0</difficult>
		<name>&amp;*@HUST_text</name>
		<bndbox>
			<xmin>100</xmin>
			<ymin>520</ymin>
			<xmax>177</xmax>
			<ymax>543</ymax>
		</bndbox>
	</object>
	<object>
		<difficult>0</difficult>
		<name>&amp;*@HUST_text</name>
		<bndbox>
			<xmin>101</xmin>
			<ymin>547</ymin>
			<xmax>1066</xmax>
			<ymax>572</ymax>
		</bndbox>
	</object>
	<object>
		<difficult>0</difficult>
		<name>&amp;*@HUST_text</name>
		<bndbox>
			<xmin>101</xmin>
			<ymin>576</ymin>
			<xmax>421</xmax>
			<ymax>608</ymax>
		</bndbox>
	</object>
	<object>
		<difficult>0</difficult>
		<name>&amp;*@HUST_text</name>
		<bndbox>
			<xmin>98</xmin>
			<ymin>615</ymin>
			<xmax>478</xmax>
			<ymax>668</ymax>
		</bndbox>
	</object>
	<object>
		<difficult>0</difficult>
		<name>&amp;*@HUST_text</name>
		<bndbox>
			<xmin>180</xmin>
			<ymin>521</ymin>
			<xmax>676</xmax>
			<ymax>541</ymax>
		</bndbox>
	</object>
	<object>
		<difficult>0</difficult>
		<name>&amp;*@HUST_text</name>
		<bndbox>
			<xmin>679</xmin>
			<ymin>520</ymin>
			<xmax>1117</xmax>
			<ymax>543</ymax>
		</bndbox>
	</object>
</annotation>