<annotation>
	<filename>图像 4711.png</filename>
	<size>
		<width>798</width>
		<height>558</height>
		<depth>3</depth>
	</size>
	<segmented>0</segmented>
	<object>
		<difficult>0</difficult>
		<name>&amp;*@HUST_text</name>
		<bndbox>
			<xmin>4</xmin>
			<ymin>7</ymin>
			<xmax>283</xmax>
			<ymax>35</ymax>
		</bndbox>
	</object>
	<object>
		<difficult>0</difficult>
		<name>&amp;*@HUST_text</name>
		<bndbox>
			<xmin>4</xmin>
			<ymin>45</ymin>
			<xmax>352</xmax>
			<ymax>72</ymax>
		</bndbox>
	</object>
	<object>
		<difficult>0</difficult>
		<name>&amp;*@HUST_text</name>
		<bndbox>
			<xmin>4</xmin>
			<ymin>83</ymin>
			<xmax>325</xmax>
			<ymax>112</ymax>
		</bndbox>
	</object>
	<object>
		<difficult>0</difficult>
		<name>&amp;*@HUST_text</name>
		<bndbox>
			<xmin>3</xmin>
			<ymin>121</ymin>
			<xmax>200</xmax>
			<ymax>150</ymax>
		</bndbox>
	</object>
	<object>
		<difficult>0</difficult>
		<name>&amp;*@HUST_text</name>
		<bndbox>
			<xmin>3</xmin>
			<ymin>160</ymin>
			<xmax>277</xmax>
			<ymax>189</ymax>
		</bndbox>
	</object>
	<object>
		<difficult>0</difficult>
		<name>&amp;*@HUST_text</name>
		<bndbox>
			<xmin>3</xmin>
			<ymin>197</ymin>
			<xmax>347</xmax>
			<ymax>225</ymax>
		</bndbox>
	</object>
	<object>
		<difficult>0</difficult>
		<name>&amp;*@HUST_text</name>
		<bndbox>
			<xmin>4</xmin>
			<ymin>236</ymin>
			<xmax>197</xmax>
			<ymax>264</ymax>
		</bndbox>
	</object>
	<object>
		<difficult>1</difficult>
		<name>&amp;*@HUST_special</name>
		<bndbox>
			<xmin>199</xmin>
			<ymin>236</ymin>
			<xmax>237</xmax>
			<ymax>264</ymax>
		</bndbox>
	</object>
	<object>
		<difficult>0</difficult>
		<name>&amp;*@HUST_text</name>
		<bndbox>
			<xmin>3</xmin>
			<ymin>274</ymin>
			<xmax>141</xmax>
			<ymax>302</ymax>
		</bndbox>
	</object>
	<object>
		<difficult>0</difficult>
		<name>&amp;*@HUST_text</name>
		<bndbox>
			<xmin>3</xmin>
			<ymin>314</ymin>
			<xmax>458</xmax>
			<ymax>342</ymax>
		</bndbox>
	</object>
	<object>
		<difficult>0</difficult>
		<name>&amp;*@HUST_text</name>
		<bndbox>
			<xmin>3</xmin>
			<ymin>343</ymin>
			<xmax>128</xmax>
			<ymax>367</ymax>
		</bndbox>
	</object>
	<object>
		<difficult>0</difficult>
		<name>&amp;*@HUST_text</name>
		<bndbox>
			<xmin>4</xmin>
			<ymin>379</ymin>
			<xmax>214</xmax>
			<ymax>406</ymax>
		</bndbox>
	</object>
	<object>
		<difficult>0</difficult>
		<name>&amp;*@HUST_text</name>
		<bndbox>
			<xmin>3</xmin>
			<ymin>417</ymin>
			<xmax>307</xmax>
			<ymax>445</ymax>
		</bndbox>
	</object>
	<object>
		<difficult>0</difficult>
		<name>&amp;*@HUST_text</name>
		<bndbox>
			<xmin>221</xmin>
			<ymin>387</ymin>
			<xmax>234</xmax>
			<ymax>400</ymax>
		</bndbox>
	</object>
	<object>
		<difficult>0</difficult>
		<name>&amp;*@HUST_text</name>
		<bndbox>
			<xmin>4</xmin>
			<ymin>455</ymin>
			<xmax>263</xmax>
			<ymax>482</ymax>
		</bndbox>
	</object>
	<object>
		<difficult>0</difficult>
		<name>&amp;*@HUST_text</name>
		<bndbox>
			<xmin>3</xmin>
			<ymin>495</ymin>
			<xmax>458</xmax>
			<ymax>523</ymax>
		</bndbox>
	</object>
	<object>
		<difficult>0</difficult>
		<name>&amp;*@HUST_text</name>
		<bndbox>
			<xmin>3</xmin>
			<ymin>524</ymin>
			<xmax>85</xmax>
			<ymax>549</ymax>
		</bndbox>
	</object>
	<object>
		<difficult>1</difficult>
		<name>&amp;*@HUST_special</name>
		<bndbox>
			<xmin>87</xmin>
			<ymin>523</ymin>
			<xmax>120</xmax>
			<ymax>549</ymax>
		</bndbox>
	</object>
	<object>
		<difficult>0</difficult>
		<name>&amp;*@HUST_text</name>
		<bndbox>
			<xmin>4</xmin>
			<ymin>0</ymin>
			<xmax>911</xmax>
			<ymax>6</ymax>
		</bndbox>
	</object>
	<object>
		<difficult>0</difficult>
		<name>&amp;*@HUST_text</name>
		<bndbox>
			<xmin>3</xmin>
			<ymin>36</ymin>
			<xmax>844</xmax>
			<ymax>44</ymax>
		</bndbox>
	</object>
	<object>
		<difficult>0</difficult>
		<name>&amp;*@HUST_text</name>
		<bndbox>
			<xmin>4</xmin>
			<ymin>74</ymin>
			<xmax>911</xmax>
			<ymax>81</ymax>
		</bndbox>
	</object>
	<object>
		<difficult>0</difficult>
		<name>&amp;*@HUST_text</name>
		<bndbox>
			<xmin>5</xmin>
			<ymin>114</ymin>
			<xmax>901</xmax>
			<ymax>119</ymax>
		</bndbox>
	</object>
	<object>
		<difficult>0</difficult>
		<name>&amp;*@HUST_text</name>
		<bndbox>
			<xmin>4</xmin>
			<ymin>152</ymin>
			<xmax>871</xmax>
			<ymax>159</ymax>
		</bndbox>
	</object>
	<object>
		<difficult>0</difficult>
		<name>&amp;*@HUST_text</name>
		<bndbox>
			<xmin>3</xmin>
			<ymin>190</ymin>
			<xmax>918</xmax>
			<ymax>196</ymax>
		</bndbox>
	</object>
	<object>
		<difficult>0</difficult>
		<name>&amp;*@HUST_text</name>
		<bndbox>
			<xmin>3</xmin>
			<ymin>228</ymin>
			<xmax>942</xmax>
			<ymax>234</ymax>
		</bndbox>
	</object>
	<object>
		<difficult>0</difficult>
		<name>&amp;*@HUST_text</name>
		<bndbox>
			<xmin>3</xmin>
			<ymin>266</ymin>
			<xmax>918</xmax>
			<ymax>272</ymax>
		</bndbox>
	</object>
	<object>
		<difficult>0</difficult>
		<name>&amp;*@HUST_text</name>
		<bndbox>
			<xmin>3</xmin>
			<ymin>304</ymin>
			<xmax>942</xmax>
			<ymax>311</ymax>
		</bndbox>
	</object>
	<object>
		<difficult>0</difficult>
		<name>&amp;*@HUST_text</name>
		<bndbox>
			<xmin>4</xmin>
			<ymin>370</ymin>
			<xmax>910</xmax>
			<ymax>377</ymax>
		</bndbox>
	</object>
	<object>
		<difficult>0</difficult>
		<name>&amp;*@HUST_text</name>
		<bndbox>
			<xmin>4</xmin>
			<ymin>409</ymin>
			<xmax>961</xmax>
			<ymax>415</ymax>
		</bndbox>
	</object>
	<object>
		<difficult>0</difficult>
		<name>&amp;*@HUST_text</name>
		<bndbox>
			<xmin>4</xmin>
			<ymin>447</ymin>
			<xmax>909</xmax>
			<ymax>453</ymax>
		</bndbox>
	</object>
	<object>
		<difficult>0</difficult>
		<name>&amp;*@HUST_text</name>
		<bndbox>
			<xmin>4</xmin>
			<ymin>485</ymin>
			<xmax>876</xmax>
			<ymax>491</ymax>
		</bndbox>
	</object>
	<object>
		<difficult>0</difficult>
		<name>&amp;*@HUST_text</name>
		<bndbox>
			<xmin>3</xmin>
			<ymin>551</ymin>
			<xmax>899</xmax>
			<ymax>558</ymax>
		</bndbox>
	</object>
	<object>
		<difficult>0</difficult>
		<name>&amp;*@HUST_text</name>
		<bndbox>
			<xmin>460</xmin>
			<ymin>7</ymin>
			<xmax>514</xmax>
			<ymax>22</ymax>
		</bndbox>
	</object>
	<object>
		<difficult>0</difficult>
		<name>&amp;*@HUST_text</name>
		<bndbox>
			<xmin>460</xmin>
			<ymin>22</ymin>
			<xmax>576</xmax>
			<ymax>36</ymax>
		</bndbox>
	</object>
	<object>
		<difficult>0</difficult>
		<name>&amp;*@HUST_text</name>
		<bndbox>
			<xmin>458</xmin>
			<ymin>45</ymin>
			<xmax>512</xmax>
			<ymax>59</ymax>
		</bndbox>
	</object>
	<object>
		<difficult>0</difficult>
		<name>&amp;*@HUST_text</name>
		<bndbox>
			<xmin>458</xmin>
			<ymin>60</ymin>
			<xmax>575</xmax>
			<ymax>73</ymax>
		</bndbox>
	</object>
	<object>
		<difficult>0</difficult>
		<name>&amp;*@HUST_text</name>
		<bndbox>
			<xmin>457</xmin>
			<ymin>81</ymin>
			<xmax>512</xmax>
			<ymax>98</ymax>
		</bndbox>
	</object>
	<object>
		<difficult>0</difficult>
		<name>&amp;*@HUST_text</name>
		<bndbox>
			<xmin>457</xmin>
			<ymin>98</ymin>
			<xmax>577</xmax>
			<ymax>113</ymax>
		</bndbox>
	</object>
	<object>
		<difficult>0</difficult>
		<name>&amp;*@HUST_text</name>
		<bndbox>
			<xmin>457</xmin>
			<ymin>121</ymin>
			<xmax>529</xmax>
			<ymax>135</ymax>
		</bndbox>
	</object>
	<object>
		<difficult>0</difficult>
		<name>&amp;*@HUST_text</name>
		<bndbox>
			<xmin>457</xmin>
			<ymin>136</ymin>
			<xmax>579</xmax>
			<ymax>151</ymax>
		</bndbox>
	</object>
	<object>
		<difficult>0</difficult>
		<name>&amp;*@HUST_text</name>
		<bndbox>
			<xmin>457</xmin>
			<ymin>159</ymin>
			<xmax>515</xmax>
			<ymax>174</ymax>
		</bndbox>
	</object>
	<object>
		<difficult>0</difficult>
		<name>&amp;*@HUST_text</name>
		<bndbox>
			<xmin>457</xmin>
			<ymin>175</ymin>
			<xmax>576</xmax>
			<ymax>190</ymax>
		</bndbox>
	</object>
	<object>
		<difficult>0</difficult>
		<name>&amp;*@HUST_text</name>
		<bndbox>
			<xmin>457</xmin>
			<ymin>197</ymin>
			<xmax>516</xmax>
			<ymax>212</ymax>
		</bndbox>
	</object>
	<object>
		<difficult>0</difficult>
		<name>&amp;*@HUST_text</name>
		<bndbox>
			<xmin>457</xmin>
			<ymin>213</ymin>
			<xmax>577</xmax>
			<ymax>227</ymax>
		</bndbox>
	</object>
	<object>
		<difficult>0</difficult>
		<name>&amp;*@HUST_text</name>
		<bndbox>
			<xmin>457</xmin>
			<ymin>235</ymin>
			<xmax>513</xmax>
			<ymax>251</ymax>
		</bndbox>
	</object>
	<object>
		<difficult>0</difficult>
		<name>&amp;*@HUST_text</name>
		<bndbox>
			<xmin>457</xmin>
			<ymin>251</ymin>
			<xmax>576</xmax>
			<ymax>266</ymax>
		</bndbox>
	</object>
	<object>
		<difficult>0</difficult>
		<name>&amp;*@HUST_text</name>
		<bndbox>
			<xmin>457</xmin>
			<ymin>273</ymin>
			<xmax>503</xmax>
			<ymax>289</ymax>
		</bndbox>
	</object>
	<object>
		<difficult>0</difficult>
		<name>&amp;*@HUST_text</name>
		<bndbox>
			<xmin>457</xmin>
			<ymin>289</ymin>
			<xmax>576</xmax>
			<ymax>304</ymax>
		</bndbox>
	</object>
	<object>
		<difficult>0</difficult>
		<name>&amp;*@HUST_text</name>
		<bndbox>
			<xmin>460</xmin>
			<ymin>322</ymin>
			<xmax>515</xmax>
			<ymax>343</ymax>
		</bndbox>
	</object>
	<object>
		<difficult>0</difficult>
		<name>&amp;*@HUST_text</name>
		<bndbox>
			<xmin>460</xmin>
			<ymin>343</ymin>
			<xmax>579</xmax>
			<ymax>361</ymax>
		</bndbox>
	</object>
	<object>
		<difficult>0</difficult>
		<name>&amp;*@HUST_text</name>
		<bndbox>
			<xmin>461</xmin>
			<ymin>378</ymin>
			<xmax>511</xmax>
			<ymax>393</ymax>
		</bndbox>
	</object>
	<object>
		<difficult>0</difficult>
		<name>&amp;*@HUST_text</name>
		<bndbox>
			<xmin>461</xmin>
			<ymin>393</ymin>
			<xmax>577</xmax>
			<ymax>407</ymax>
		</bndbox>
	</object>
	<object>
		<difficult>0</difficult>
		<name>&amp;*@HUST_text</name>
		<bndbox>
			<xmin>461</xmin>
			<ymin>417</ymin>
			<xmax>499</xmax>
			<ymax>431</ymax>
		</bndbox>
	</object>
	<object>
		<difficult>0</difficult>
		<name>&amp;*@HUST_text</name>
		<bndbox>
			<xmin>461</xmin>
			<ymin>431</ymin>
			<xmax>576</xmax>
			<ymax>446</ymax>
		</bndbox>
	</object>
	<object>
		<difficult>0</difficult>
		<name>&amp;*@HUST_text</name>
		<bndbox>
			<xmin>460</xmin>
			<ymin>454</ymin>
			<xmax>515</xmax>
			<ymax>469</ymax>
		</bndbox>
	</object>
	<object>
		<difficult>0</difficult>
		<name>&amp;*@HUST_text</name>
		<bndbox>
			<xmin>460</xmin>
			<ymin>470</ymin>
			<xmax>576</xmax>
			<ymax>484</ymax>
		</bndbox>
	</object>
	<object>
		<difficult>0</difficult>
		<name>&amp;*@HUST_text</name>
		<bndbox>
			<xmin>460</xmin>
			<ymin>504</ymin>
			<xmax>513</xmax>
			<ymax>522</ymax>
		</bndbox>
	</object>
	<object>
		<difficult>0</difficult>
		<name>&amp;*@HUST_text</name>
		<bndbox>
			<xmin>460</xmin>
			<ymin>523</ymin>
			<xmax>580</xmax>
			<ymax>543</ymax>
		</bndbox>
	</object>
	<object>
		<difficult>0</difficult>
		<name>&amp;*@HUST_text</name>
		<bndbox>
			<xmin>584</xmin>
			<ymin>497</ymin>
			<xmax>665</xmax>
			<ymax>547</ymax>
		</bndbox>
	</object>
	<object>
		<difficult>0</difficult>
		<name>&amp;*@HUST_text</name>
		<bndbox>
			<xmin>585</xmin>
			<ymin>455</ymin>
			<xmax>666</xmax>
			<ymax>484</ymax>
		</bndbox>
	</object>
	<object>
		<difficult>0</difficult>
		<name>&amp;*@HUST_text</name>
		<bndbox>
			<xmin>584</xmin>
			<ymin>416</ymin>
			<xmax>673</xmax>
			<ymax>446</ymax>
		</bndbox>
	</object>
	<object>
		<difficult>0</difficult>
		<name>&amp;*@HUST_text</name>
		<bndbox>
			<xmin>581</xmin>
			<ymin>378</ymin>
			<xmax>675</xmax>
			<ymax>408</ymax>
		</bndbox>
	</object>
	<object>
		<difficult>0</difficult>
		<name>&amp;*@HUST_text</name>
		<bndbox>
			<xmin>582</xmin>
			<ymin>318</ymin>
			<xmax>674</xmax>
			<ymax>365</ymax>
		</bndbox>
	</object>
	<object>
		<difficult>0</difficult>
		<name>&amp;*@HUST_text</name>
		<bndbox>
			<xmin>583</xmin>
			<ymin>273</ymin>
			<xmax>673</xmax>
			<ymax>303</ymax>
		</bndbox>
	</object>
	<object>
		<difficult>0</difficult>
		<name>&amp;*@HUST_text</name>
		<bndbox>
			<xmin>583</xmin>
			<ymin>235</ymin>
			<xmax>673</xmax>
			<ymax>265</ymax>
		</bndbox>
	</object>
	<object>
		<difficult>0</difficult>
		<name>&amp;*@HUST_text</name>
		<bndbox>
			<xmin>582</xmin>
			<ymin>197</ymin>
			<xmax>673</xmax>
			<ymax>227</ymax>
		</bndbox>
	</object>
	<object>
		<difficult>0</difficult>
		<name>&amp;*@HUST_text</name>
		<bndbox>
			<xmin>582</xmin>
			<ymin>159</ymin>
			<xmax>672</xmax>
			<ymax>190</ymax>
		</bndbox>
	</object>
	<object>
		<difficult>0</difficult>
		<name>&amp;*@HUST_text</name>
		<bndbox>
			<xmin>584</xmin>
			<ymin>120</ymin>
			<xmax>674</xmax>
			<ymax>151</ymax>
		</bndbox>
	</object>
	<object>
		<difficult>0</difficult>
		<name>&amp;*@HUST_text</name>
		<bndbox>
			<xmin>584</xmin>
			<ymin>82</ymin>
			<xmax>673</xmax>
			<ymax>113</ymax>
		</bndbox>
	</object>
	<object>
		<difficult>0</difficult>
		<name>&amp;*@HUST_text</name>
		<bndbox>
			<xmin>584</xmin>
			<ymin>44</ymin>
			<xmax>673</xmax>
			<ymax>72</ymax>
		</bndbox>
	</object>
	<object>
		<difficult>0</difficult>
		<name>&amp;*@HUST_text</name>
		<bndbox>
			<xmin>584</xmin>
			<ymin>7</ymin>
			<xmax>673</xmax>
			<ymax>35</ymax>
		</bndbox>
	</object>
	<object>
		<difficult>0</difficult>
		<name>&amp;*@HUST_text</name>
		<bndbox>
			<xmin>737</xmin>
			<ymin>7</ymin>
			<xmax>796</xmax>
			<ymax>21</ymax>
		</bndbox>
	</object>
	<object>
		<difficult>0</difficult>
		<name>&amp;*@HUST_text</name>
		<bndbox>
			<xmin>676</xmin>
			<ymin>21</ymin>
			<xmax>798</xmax>
			<ymax>36</ymax>
		</bndbox>
	</object>
	<object>
		<difficult>0</difficult>
		<name>&amp;*@HUST_text</name>
		<bndbox>
			<xmin>735</xmin>
			<ymin>44</ymin>
			<xmax>798</xmax>
			<ymax>59</ymax>
		</bndbox>
	</object>
	<object>
		<difficult>0</difficult>
		<name>&amp;*@HUST_text</name>
		<bndbox>
			<xmin>677</xmin>
			<ymin>59</ymin>
			<xmax>798</xmax>
			<ymax>73</ymax>
		</bndbox>
	</object>
	<object>
		<difficult>0</difficult>
		<name>&amp;*@HUST_text</name>
		<bndbox>
			<xmin>735</xmin>
			<ymin>81</ymin>
			<xmax>798</xmax>
			<ymax>97</ymax>
		</bndbox>
	</object>
	<object>
		<difficult>0</difficult>
		<name>&amp;*@HUST_text</name>
		<bndbox>
			<xmin>676</xmin>
			<ymin>98</ymin>
			<xmax>798</xmax>
			<ymax>113</ymax>
		</bndbox>
	</object>
	<object>
		<difficult>0</difficult>
		<name>&amp;*@HUST_text</name>
		<bndbox>
			<xmin>717</xmin>
			<ymin>120</ymin>
			<xmax>797</xmax>
			<ymax>136</ymax>
		</bndbox>
	</object>
	<object>
		<difficult>0</difficult>
		<name>&amp;*@HUST_text</name>
		<bndbox>
			<xmin>675</xmin>
			<ymin>136</ymin>
			<xmax>797</xmax>
			<ymax>151</ymax>
		</bndbox>
	</object>
	<object>
		<difficult>0</difficult>
		<name>&amp;*@HUST_text</name>
		<bndbox>
			<xmin>736</xmin>
			<ymin>159</ymin>
			<xmax>798</xmax>
			<ymax>174</ymax>
		</bndbox>
	</object>
	<object>
		<difficult>0</difficult>
		<name>&amp;*@HUST_text</name>
		<bndbox>
			<xmin>676</xmin>
			<ymin>174</ymin>
			<xmax>798</xmax>
			<ymax>190</ymax>
		</bndbox>
	</object>
	<object>
		<difficult>0</difficult>
		<name>&amp;*@HUST_text</name>
		<bndbox>
			<xmin>736</xmin>
			<ymin>197</ymin>
			<xmax>798</xmax>
			<ymax>212</ymax>
		</bndbox>
	</object>
	<object>
		<difficult>0</difficult>
		<name>&amp;*@HUST_text</name>
		<bndbox>
			<xmin>676</xmin>
			<ymin>213</ymin>
			<xmax>797</xmax>
			<ymax>227</ymax>
		</bndbox>
	</object>
	<object>
		<difficult>0</difficult>
		<name>&amp;*@HUST_text</name>
		<bndbox>
			<xmin>736</xmin>
			<ymin>235</ymin>
			<xmax>798</xmax>
			<ymax>251</ymax>
		</bndbox>
	</object>
	<object>
		<difficult>0</difficult>
		<name>&amp;*@HUST_text</name>
		<bndbox>
			<xmin>677</xmin>
			<ymin>251</ymin>
			<xmax>797</xmax>
			<ymax>266</ymax>
		</bndbox>
	</object>
	<object>
		<difficult>0</difficult>
		<name>&amp;*@HUST_text</name>
		<bndbox>
			<xmin>738</xmin>
			<ymin>273</ymin>
			<xmax>797</xmax>
			<ymax>289</ymax>
		</bndbox>
	</object>
	<object>
		<difficult>0</difficult>
		<name>&amp;*@HUST_text</name>
		<bndbox>
			<xmin>676</xmin>
			<ymin>289</ymin>
			<xmax>797</xmax>
			<ymax>304</ymax>
		</bndbox>
	</object>
	<object>
		<difficult>0</difficult>
		<name>&amp;*@HUST_text</name>
		<bndbox>
			<xmin>733</xmin>
			<ymin>317</ymin>
			<xmax>797</xmax>
			<ymax>342</ymax>
		</bndbox>
	</object>
	<object>
		<difficult>0</difficult>
		<name>&amp;*@HUST_text</name>
		<bndbox>
			<xmin>678</xmin>
			<ymin>342</ymin>
			<xmax>798</xmax>
			<ymax>362</ymax>
		</bndbox>
	</object>
	<object>
		<difficult>0</difficult>
		<name>&amp;*@HUST_text</name>
		<bndbox>
			<xmin>736</xmin>
			<ymin>378</ymin>
			<xmax>797</xmax>
			<ymax>393</ymax>
		</bndbox>
	</object>
	<object>
		<difficult>0</difficult>
		<name>&amp;*@HUST_text</name>
		<bndbox>
			<xmin>677</xmin>
			<ymin>394</ymin>
			<xmax>798</xmax>
			<ymax>408</ymax>
		</bndbox>
	</object>
	<object>
		<difficult>0</difficult>
		<name>&amp;*@HUST_text</name>
		<bndbox>
			<xmin>736</xmin>
			<ymin>416</ymin>
			<xmax>798</xmax>
			<ymax>431</ymax>
		</bndbox>
	</object>
	<object>
		<difficult>0</difficult>
		<name>&amp;*@HUST_text</name>
		<bndbox>
			<xmin>675</xmin>
			<ymin>431</ymin>
			<xmax>798</xmax>
			<ymax>446</ymax>
		</bndbox>
	</object>
	<object>
		<difficult>0</difficult>
		<name>&amp;*@HUST_text</name>
		<bndbox>
			<xmin>736</xmin>
			<ymin>454</ymin>
			<xmax>798</xmax>
			<ymax>469</ymax>
		</bndbox>
	</object>
	<object>
		<difficult>0</difficult>
		<name>&amp;*@HUST_text</name>
		<bndbox>
			<xmin>673</xmin>
			<ymin>470</ymin>
			<xmax>797</xmax>
			<ymax>484</ymax>
		</bndbox>
	</object>
	<object>
		<difficult>0</difficult>
		<name>&amp;*@HUST_text</name>
		<bndbox>
			<xmin>732</xmin>
			<ymin>499</ymin>
			<xmax>798</xmax>
			<ymax>522</ymax>
		</bndbox>
	</object>
	<object>
		<difficult>0</difficult>
		<name>&amp;*@HUST_text</name>
		<bndbox>
			<xmin>673</xmin>
			<ymin>522</ymin>
			<xmax>798</xmax>
			<ymax>542</ymax>
		</bndbox>
	</object>
</annotation>