<annotation>
	<filename>图像 4671.png</filename>
	<size>
		<width>795</width>
		<height>945</height>
		<depth>3</depth>
	</size>
	<segmented>0</segmented>
	<object>
		<difficult>0</difficult>
		<name>&amp;*@HUST_text</name>
		<bndbox>
			<xmin>3</xmin>
			<ymin>52</ymin>
			<xmax>790</xmax>
			<ymax>61</ymax>
		</bndbox>
	</object>
	<object>
		<difficult>0</difficult>
		<name>&amp;*@HUST_text</name>
		<bndbox>
			<xmin>4</xmin>
			<ymin>119</ymin>
			<xmax>792</xmax>
			<ymax>126</ymax>
		</bndbox>
	</object>
	<object>
		<difficult>0</difficult>
		<name>&amp;*@HUST_text</name>
		<bndbox>
			<xmin>4</xmin>
			<ymin>185</ymin>
			<xmax>791</xmax>
			<ymax>192</ymax>
		</bndbox>
	</object>
	<object>
		<difficult>0</difficult>
		<name>&amp;*@HUST_text</name>
		<bndbox>
			<xmin>3</xmin>
			<ymin>251</ymin>
			<xmax>792</xmax>
			<ymax>259</ymax>
		</bndbox>
	</object>
	<object>
		<difficult>0</difficult>
		<name>&amp;*@HUST_text</name>
		<bndbox>
			<xmin>5</xmin>
			<ymin>318</ymin>
			<xmax>793</xmax>
			<ymax>324</ymax>
		</bndbox>
	</object>
	<object>
		<difficult>0</difficult>
		<name>&amp;*@HUST_text</name>
		<bndbox>
			<xmin>3</xmin>
			<ymin>383</ymin>
			<xmax>794</xmax>
			<ymax>391</ymax>
		</bndbox>
	</object>
	<object>
		<difficult>0</difficult>
		<name>&amp;*@HUST_text</name>
		<bndbox>
			<xmin>4</xmin>
			<ymin>449</ymin>
			<xmax>792</xmax>
			<ymax>456</ymax>
		</bndbox>
	</object>
	<object>
		<difficult>0</difficult>
		<name>&amp;*@HUST_text</name>
		<bndbox>
			<xmin>4</xmin>
			<ymin>517</ymin>
			<xmax>795</xmax>
			<ymax>522</ymax>
		</bndbox>
	</object>
	<object>
		<difficult>0</difficult>
		<name>&amp;*@HUST_text</name>
		<bndbox>
			<xmin>3</xmin>
			<ymin>580</ymin>
			<xmax>792</xmax>
			<ymax>589</ymax>
		</bndbox>
	</object>
	<object>
		<difficult>0</difficult>
		<name>&amp;*@HUST_text</name>
		<bndbox>
			<xmin>4</xmin>
			<ymin>646</ymin>
			<xmax>790</xmax>
			<ymax>654</ymax>
		</bndbox>
	</object>
	<object>
		<difficult>0</difficult>
		<name>&amp;*@HUST_text</name>
		<bndbox>
			<xmin>4</xmin>
			<ymin>713</ymin>
			<xmax>793</xmax>
			<ymax>719</ymax>
		</bndbox>
	</object>
	<object>
		<difficult>0</difficult>
		<name>&amp;*@HUST_text</name>
		<bndbox>
			<xmin>4</xmin>
			<ymin>751</ymin>
			<xmax>793</xmax>
			<ymax>757</ymax>
		</bndbox>
	</object>
	<object>
		<difficult>0</difficult>
		<name>&amp;*@HUST_text</name>
		<bndbox>
			<xmin>4</xmin>
			<ymin>816</ymin>
			<xmax>792</xmax>
			<ymax>824</ymax>
		</bndbox>
	</object>
	<object>
		<difficult>0</difficult>
		<name>&amp;*@HUST_text</name>
		<bndbox>
			<xmin>4</xmin>
			<ymin>883</ymin>
			<xmax>792</xmax>
			<ymax>890</ymax>
		</bndbox>
	</object>
	<object>
		<difficult>0</difficult>
		<name>&amp;*@HUST_text</name>
		<bndbox>
			<xmin>5</xmin>
			<ymin>891</ymin>
			<xmax>450</xmax>
			<ymax>922</ymax>
		</bndbox>
	</object>
	<object>
		<difficult>0</difficult>
		<name>&amp;*@HUST_text</name>
		<bndbox>
			<xmin>5</xmin>
			<ymin>924</ymin>
			<xmax>182</xmax>
			<ymax>945</ymax>
		</bndbox>
	</object>
	<object>
		<difficult>0</difficult>
		<name>&amp;*@HUST_text</name>
		<bndbox>
			<xmin>5</xmin>
			<ymin>858</ymin>
			<xmax>221</xmax>
			<ymax>882</ymax>
		</bndbox>
	</object>
	<object>
		<difficult>0</difficult>
		<name>&amp;*@HUST_text</name>
		<bndbox>
			<xmin>5</xmin>
			<ymin>826</ymin>
			<xmax>452</xmax>
			<ymax>857</ymax>
		</bndbox>
	</object>
	<object>
		<difficult>0</difficult>
		<name>&amp;*@HUST_text</name>
		<bndbox>
			<xmin>5</xmin>
			<ymin>789</ymin>
			<xmax>166</xmax>
			<ymax>814</ymax>
		</bndbox>
	</object>
	<object>
		<difficult>0</difficult>
		<name>&amp;*@HUST_text</name>
		<bndbox>
			<xmin>5</xmin>
			<ymin>759</ymin>
			<xmax>450</xmax>
			<ymax>788</ymax>
		</bndbox>
	</object>
	<object>
		<difficult>0</difficult>
		<name>&amp;*@HUST_text</name>
		<bndbox>
			<xmin>6</xmin>
			<ymin>721</ymin>
			<xmax>184</xmax>
			<ymax>748</ymax>
		</bndbox>
	</object>
	<object>
		<difficult>0</difficult>
		<name>&amp;*@HUST_text</name>
		<bndbox>
			<xmin>5</xmin>
			<ymin>685</ymin>
			<xmax>217</xmax>
			<ymax>711</ymax>
		</bndbox>
	</object>
	<object>
		<difficult>0</difficult>
		<name>&amp;*@HUST_text</name>
		<bndbox>
			<xmin>5</xmin>
			<ymin>656</ymin>
			<xmax>444</xmax>
			<ymax>681</ymax>
		</bndbox>
	</object>
	<object>
		<difficult>0</difficult>
		<name>&amp;*@HUST_text</name>
		<bndbox>
			<xmin>6</xmin>
			<ymin>622</ymin>
			<xmax>183</xmax>
			<ymax>644</ymax>
		</bndbox>
	</object>
	<object>
		<difficult>0</difficult>
		<name>&amp;*@HUST_text</name>
		<bndbox>
			<xmin>5</xmin>
			<ymin>590</ymin>
			<xmax>457</xmax>
			<ymax>620</ymax>
		</bndbox>
	</object>
	<object>
		<difficult>0</difficult>
		<name>&amp;*@HUST_text</name>
		<bndbox>
			<xmin>6</xmin>
			<ymin>554</ymin>
			<xmax>187</xmax>
			<ymax>579</ymax>
		</bndbox>
	</object>
	<object>
		<difficult>0</difficult>
		<name>&amp;*@HUST_text</name>
		<bndbox>
			<xmin>4</xmin>
			<ymin>526</ymin>
			<xmax>443</xmax>
			<ymax>552</ymax>
		</bndbox>
	</object>
	<object>
		<difficult>0</difficult>
		<name>&amp;*@HUST_text</name>
		<bndbox>
			<xmin>4</xmin>
			<ymin>488</ymin>
			<xmax>193</xmax>
			<ymax>515</ymax>
		</bndbox>
	</object>
	<object>
		<difficult>0</difficult>
		<name>&amp;*@HUST_text</name>
		<bndbox>
			<xmin>5</xmin>
			<ymin>457</ymin>
			<xmax>458</xmax>
			<ymax>485</ymax>
		</bndbox>
	</object>
	<object>
		<difficult>0</difficult>
		<name>&amp;*@HUST_text</name>
		<bndbox>
			<xmin>4</xmin>
			<ymin>421</ymin>
			<xmax>196</xmax>
			<ymax>448</ymax>
		</bndbox>
	</object>
	<object>
		<difficult>0</difficult>
		<name>&amp;*@HUST_text</name>
		<bndbox>
			<xmin>4</xmin>
			<ymin>392</ymin>
			<xmax>456</xmax>
			<ymax>419</ymax>
		</bndbox>
	</object>
	<object>
		<difficult>0</difficult>
		<name>&amp;*@HUST_text</name>
		<bndbox>
			<xmin>5</xmin>
			<ymin>357</ymin>
			<xmax>185</xmax>
			<ymax>381</ymax>
		</bndbox>
	</object>
	<object>
		<difficult>0</difficult>
		<name>&amp;*@HUST_text</name>
		<bndbox>
			<xmin>5</xmin>
			<ymin>326</ymin>
			<xmax>456</xmax>
			<ymax>355</ymax>
		</bndbox>
	</object>
	<object>
		<difficult>0</difficult>
		<name>&amp;*@HUST_text</name>
		<bndbox>
			<xmin>5</xmin>
			<ymin>289</ymin>
			<xmax>207</xmax>
			<ymax>317</ymax>
		</bndbox>
	</object>
	<object>
		<difficult>0</difficult>
		<name>&amp;*@HUST_text</name>
		<bndbox>
			<xmin>5</xmin>
			<ymin>260</ymin>
			<xmax>453</xmax>
			<ymax>287</ymax>
		</bndbox>
	</object>
	<object>
		<difficult>0</difficult>
		<name>&amp;*@HUST_text</name>
		<bndbox>
			<xmin>4</xmin>
			<ymin>222</ymin>
			<xmax>186</xmax>
			<ymax>249</ymax>
		</bndbox>
	</object>
	<object>
		<difficult>0</difficult>
		<name>&amp;*@HUST_text</name>
		<bndbox>
			<xmin>4</xmin>
			<ymin>193</ymin>
			<xmax>463</xmax>
			<ymax>222</ymax>
		</bndbox>
	</object>
	<object>
		<difficult>0</difficult>
		<name>&amp;*@HUST_text</name>
		<bndbox>
			<xmin>4</xmin>
			<ymin>157</ymin>
			<xmax>196</xmax>
			<ymax>184</ymax>
		</bndbox>
	</object>
	<object>
		<difficult>0</difficult>
		<name>&amp;*@HUST_text</name>
		<bndbox>
			<xmin>4</xmin>
			<ymin>127</ymin>
			<xmax>459</xmax>
			<ymax>157</ymax>
		</bndbox>
	</object>
	<object>
		<difficult>0</difficult>
		<name>&amp;*@HUST_text</name>
		<bndbox>
			<xmin>5</xmin>
			<ymin>91</ymin>
			<xmax>190</xmax>
			<ymax>119</ymax>
		</bndbox>
	</object>
	<object>
		<difficult>0</difficult>
		<name>&amp;*@HUST_text</name>
		<bndbox>
			<xmin>5</xmin>
			<ymin>62</ymin>
			<xmax>458</xmax>
			<ymax>90</ymax>
		</bndbox>
	</object>
	<object>
		<difficult>0</difficult>
		<name>&amp;*@HUST_text</name>
		<bndbox>
			<xmin>4</xmin>
			<ymin>26</ymin>
			<xmax>183</xmax>
			<ymax>51</ymax>
		</bndbox>
	</object>
	<object>
		<difficult>0</difficult>
		<name>&amp;*@HUST_text</name>
		<bndbox>
			<xmin>5</xmin>
			<ymin>1</ymin>
			<xmax>458</xmax>
			<ymax>23</ymax>
		</bndbox>
	</object>
	<object>
		<difficult>0</difficult>
		<name>&amp;*@HUST_text</name>
		<bndbox>
			<xmin>442</xmin>
			<ymin>26</ymin>
			<xmax>570</xmax>
			<ymax>51</ymax>
		</bndbox>
	</object>
	<object>
		<difficult>0</difficult>
		<name>&amp;*@HUST_text</name>
		<bndbox>
			<xmin>460</xmin>
			<ymin>1</ymin>
			<xmax>508</xmax>
			<ymax>25</ymax>
		</bndbox>
	</object>
	<object>
		<difficult>0</difficult>
		<name>&amp;*@HUST_text</name>
		<bndbox>
			<xmin>580</xmin>
			<ymin>2</ymin>
			<xmax>669</xmax>
			<ymax>50</ymax>
		</bndbox>
	</object>
	<object>
		<difficult>0</difficult>
		<name>&amp;*@HUST_text</name>
		<bndbox>
			<xmin>580</xmin>
			<ymin>62</ymin>
			<xmax>670</xmax>
			<ymax>119</ymax>
		</bndbox>
	</object>
	<object>
		<difficult>0</difficult>
		<name>&amp;*@HUST_text</name>
		<bndbox>
			<xmin>581</xmin>
			<ymin>127</ymin>
			<xmax>668</xmax>
			<ymax>183</ymax>
		</bndbox>
	</object>
	<object>
		<difficult>0</difficult>
		<name>&amp;*@HUST_text</name>
		<bndbox>
			<xmin>451</xmin>
			<ymin>158</ymin>
			<xmax>581</xmax>
			<ymax>183</ymax>
		</bndbox>
	</object>
	<object>
		<difficult>0</difficult>
		<name>&amp;*@HUST_text</name>
		<bndbox>
			<xmin>460</xmin>
			<ymin>129</ymin>
			<xmax>509</xmax>
			<ymax>157</ymax>
		</bndbox>
	</object>
	<object>
		<difficult>0</difficult>
		<name>&amp;*@HUST_text</name>
		<bndbox>
			<xmin>448</xmin>
			<ymin>92</ymin>
			<xmax>577</xmax>
			<ymax>118</ymax>
		</bndbox>
	</object>
	<object>
		<difficult>0</difficult>
		<name>&amp;*@HUST_text</name>
		<bndbox>
			<xmin>459</xmin>
			<ymin>62</ymin>
			<xmax>497</xmax>
			<ymax>91</ymax>
		</bndbox>
	</object>
	<object>
		<difficult>0</difficult>
		<name>&amp;*@HUST_text</name>
		<bndbox>
			<xmin>448</xmin>
			<ymin>224</ymin>
			<xmax>574</xmax>
			<ymax>250</ymax>
		</bndbox>
	</object>
	<object>
		<difficult>0</difficult>
		<name>&amp;*@HUST_text</name>
		<bndbox>
			<xmin>464</xmin>
			<ymin>193</ymin>
			<xmax>514</xmax>
			<ymax>223</ymax>
		</bndbox>
	</object>
	<object>
		<difficult>0</difficult>
		<name>&amp;*@HUST_text</name>
		<bndbox>
			<xmin>582</xmin>
			<ymin>194</ymin>
			<xmax>671</xmax>
			<ymax>250</ymax>
		</bndbox>
	</object>
	<object>
		<difficult>0</difficult>
		<name>&amp;*@HUST_text</name>
		<bndbox>
			<xmin>582</xmin>
			<ymin>260</ymin>
			<xmax>674</xmax>
			<ymax>316</ymax>
		</bndbox>
	</object>
	<object>
		<difficult>0</difficult>
		<name>&amp;*@HUST_text</name>
		<bndbox>
			<xmin>442</xmin>
			<ymin>290</ymin>
			<xmax>577</xmax>
			<ymax>316</ymax>
		</bndbox>
	</object>
	<object>
		<difficult>0</difficult>
		<name>&amp;*@HUST_text</name>
		<bndbox>
			<xmin>455</xmin>
			<ymin>260</ymin>
			<xmax>505</xmax>
			<ymax>289</ymax>
		</bndbox>
	</object>
	<object>
		<difficult>0</difficult>
		<name>&amp;*@HUST_text</name>
		<bndbox>
			<xmin>444</xmin>
			<ymin>357</ymin>
			<xmax>573</xmax>
			<ymax>382</ymax>
		</bndbox>
	</object>
	<object>
		<difficult>0</difficult>
		<name>&amp;*@HUST_text</name>
		<bndbox>
			<xmin>458</xmin>
			<ymin>326</ymin>
			<xmax>502</xmax>
			<ymax>356</ymax>
		</bndbox>
	</object>
	<object>
		<difficult>0</difficult>
		<name>&amp;*@HUST_text</name>
		<bndbox>
			<xmin>582</xmin>
			<ymin>327</ymin>
			<xmax>673</xmax>
			<ymax>380</ymax>
		</bndbox>
	</object>
	<object>
		<difficult>0</difficult>
		<name>&amp;*@HUST_text</name>
		<bndbox>
			<xmin>582</xmin>
			<ymin>393</ymin>
			<xmax>673</xmax>
			<ymax>444</ymax>
		</bndbox>
	</object>
	<object>
		<difficult>0</difficult>
		<name>&amp;*@HUST_text</name>
		<bndbox>
			<xmin>448</xmin>
			<ymin>422</ymin>
			<xmax>570</xmax>
			<ymax>447</ymax>
		</bndbox>
	</object>
	<object>
		<difficult>0</difficult>
		<name>&amp;*@HUST_text</name>
		<bndbox>
			<xmin>458</xmin>
			<ymin>392</ymin>
			<xmax>505</xmax>
			<ymax>421</ymax>
		</bndbox>
	</object>
	<object>
		<difficult>0</difficult>
		<name>&amp;*@HUST_text</name>
		<bndbox>
			<xmin>446</xmin>
			<ymin>489</ymin>
			<xmax>566</xmax>
			<ymax>515</ymax>
		</bndbox>
	</object>
	<object>
		<difficult>0</difficult>
		<name>&amp;*@HUST_text</name>
		<bndbox>
			<xmin>460</xmin>
			<ymin>458</ymin>
			<xmax>501</xmax>
			<ymax>488</ymax>
		</bndbox>
	</object>
	<object>
		<difficult>0</difficult>
		<name>&amp;*@HUST_text</name>
		<bndbox>
			<xmin>581</xmin>
			<ymin>459</ymin>
			<xmax>671</xmax>
			<ymax>514</ymax>
		</bndbox>
	</object>
	<object>
		<difficult>0</difficult>
		<name>&amp;*@HUST_text</name>
		<bndbox>
			<xmin>442</xmin>
			<ymin>555</ymin>
			<xmax>576</xmax>
			<ymax>579</ymax>
		</bndbox>
	</object>
	<object>
		<difficult>0</difficult>
		<name>&amp;*@HUST_text</name>
		<bndbox>
			<xmin>448</xmin>
			<ymin>524</ymin>
			<xmax>507</xmax>
			<ymax>553</ymax>
		</bndbox>
	</object>
	<object>
		<difficult>0</difficult>
		<name>&amp;*@HUST_text</name>
		<bndbox>
			<xmin>582</xmin>
			<ymin>525</ymin>
			<xmax>665</xmax>
			<ymax>578</ymax>
		</bndbox>
	</object>
	<object>
		<difficult>0</difficult>
		<name>&amp;*@HUST_text</name>
		<bndbox>
			<xmin>581</xmin>
			<ymin>590</ymin>
			<xmax>671</xmax>
			<ymax>645</ymax>
		</bndbox>
	</object>
	<object>
		<difficult>0</difficult>
		<name>&amp;*@HUST_text</name>
		<bndbox>
			<xmin>445</xmin>
			<ymin>621</ymin>
			<xmax>575</xmax>
			<ymax>645</ymax>
		</bndbox>
	</object>
	<object>
		<difficult>0</difficult>
		<name>&amp;*@HUST_text</name>
		<bndbox>
			<xmin>459</xmin>
			<ymin>591</ymin>
			<xmax>500</xmax>
			<ymax>620</ymax>
		</bndbox>
	</object>
	<object>
		<difficult>0</difficult>
		<name>&amp;*@HUST_text</name>
		<bndbox>
			<xmin>441</xmin>
			<ymin>686</ymin>
			<xmax>572</xmax>
			<ymax>712</ymax>
		</bndbox>
	</object>
	<object>
		<difficult>0</difficult>
		<name>&amp;*@HUST_text</name>
		<bndbox>
			<xmin>455</xmin>
			<ymin>657</ymin>
			<xmax>502</xmax>
			<ymax>686</ymax>
		</bndbox>
	</object>
	<object>
		<difficult>0</difficult>
		<name>&amp;*@HUST_text</name>
		<bndbox>
			<xmin>582</xmin>
			<ymin>656</ymin>
			<xmax>670</xmax>
			<ymax>710</ymax>
		</bndbox>
	</object>
	<object>
		<difficult>0</difficult>
		<name>&amp;*@HUST_text</name>
		<bndbox>
			<xmin>583</xmin>
			<ymin>721</ymin>
			<xmax>671</xmax>
			<ymax>749</ymax>
		</bndbox>
	</object>
	<object>
		<difficult>0</difficult>
		<name>&amp;*@HUST_text</name>
		<bndbox>
			<xmin>448</xmin>
			<ymin>737</ymin>
			<xmax>572</xmax>
			<ymax>750</ymax>
		</bndbox>
	</object>
	<object>
		<difficult>0</difficult>
		<name>&amp;*@HUST_text</name>
		<bndbox>
			<xmin>449</xmin>
			<ymin>720</ymin>
			<xmax>506</xmax>
			<ymax>736</ymax>
		</bndbox>
	</object>
	<object>
		<difficult>0</difficult>
		<name>&amp;*@HUST_text</name>
		<bndbox>
			<xmin>449</xmin>
			<ymin>791</ymin>
			<xmax>571</xmax>
			<ymax>815</ymax>
		</bndbox>
	</object>
	<object>
		<difficult>0</difficult>
		<name>&amp;*@HUST_text</name>
		<bndbox>
			<xmin>452</xmin>
			<ymin>759</ymin>
			<xmax>510</xmax>
			<ymax>791</ymax>
		</bndbox>
	</object>
	<object>
		<difficult>0</difficult>
		<name>&amp;*@HUST_text</name>
		<bndbox>
			<xmin>585</xmin>
			<ymin>761</ymin>
			<xmax>668</xmax>
			<ymax>810</ymax>
		</bndbox>
	</object>
	<object>
		<difficult>0</difficult>
		<name>&amp;*@HUST_text</name>
		<bndbox>
			<xmin>587</xmin>
			<ymin>827</ymin>
			<xmax>667</xmax>
			<ymax>881</ymax>
		</bndbox>
	</object>
	<object>
		<difficult>0</difficult>
		<name>&amp;*@HUST_text</name>
		<bndbox>
			<xmin>453</xmin>
			<ymin>856</ymin>
			<xmax>580</xmax>
			<ymax>880</ymax>
		</bndbox>
	</object>
	<object>
		<difficult>0</difficult>
		<name>&amp;*@HUST_text</name>
		<bndbox>
			<xmin>456</xmin>
			<ymin>826</ymin>
			<xmax>499</xmax>
			<ymax>855</ymax>
		</bndbox>
	</object>
	<object>
		<difficult>0</difficult>
		<name>&amp;*@HUST_text</name>
		<bndbox>
			<xmin>451</xmin>
			<ymin>922</ymin>
			<xmax>575</xmax>
			<ymax>943</ymax>
		</bndbox>
	</object>
	<object>
		<difficult>0</difficult>
		<name>&amp;*@HUST_text</name>
		<bndbox>
			<xmin>454</xmin>
			<ymin>892</ymin>
			<xmax>499</xmax>
			<ymax>921</ymax>
		</bndbox>
	</object>
	<object>
		<difficult>0</difficult>
		<name>&amp;*@HUST_text</name>
		<bndbox>
			<xmin>589</xmin>
			<ymin>895</ymin>
			<xmax>661</xmax>
			<ymax>943</ymax>
		</bndbox>
	</object>
	<object>
		<difficult>0</difficult>
		<name>&amp;*@HUST_text</name>
		<bndbox>
			<xmin>673</xmin>
			<ymin>923</ymin>
			<xmax>794</xmax>
			<ymax>943</ymax>
		</bndbox>
	</object>
	<object>
		<difficult>0</difficult>
		<name>&amp;*@HUST_text</name>
		<bndbox>
			<xmin>744</xmin>
			<ymin>896</ymin>
			<xmax>792</xmax>
			<ymax>922</ymax>
		</bndbox>
	</object>
	<object>
		<difficult>0</difficult>
		<name>&amp;*@HUST_text</name>
		<bndbox>
			<xmin>669</xmin>
			<ymin>856</ymin>
			<xmax>791</xmax>
			<ymax>881</ymax>
		</bndbox>
	</object>
	<object>
		<difficult>0</difficult>
		<name>&amp;*@HUST_text</name>
		<bndbox>
			<xmin>741</xmin>
			<ymin>828</ymin>
			<xmax>791</xmax>
			<ymax>855</ymax>
		</bndbox>
	</object>
	<object>
		<difficult>0</difficult>
		<name>&amp;*@HUST_text</name>
		<bndbox>
			<xmin>670</xmin>
			<ymin>791</ymin>
			<xmax>794</xmax>
			<ymax>815</ymax>
		</bndbox>
	</object>
	<object>
		<difficult>0</difficult>
		<name>&amp;*@HUST_text</name>
		<bndbox>
			<xmin>746</xmin>
			<ymin>761</ymin>
			<xmax>792</xmax>
			<ymax>789</ymax>
		</bndbox>
	</object>
	<object>
		<difficult>0</difficult>
		<name>&amp;*@HUST_text</name>
		<bndbox>
			<xmin>674</xmin>
			<ymin>736</ymin>
			<xmax>795</xmax>
			<ymax>750</ymax>
		</bndbox>
	</object>
	<object>
		<difficult>0</difficult>
		<name>&amp;*@HUST_text</name>
		<bndbox>
			<xmin>743</xmin>
			<ymin>720</ymin>
			<xmax>792</xmax>
			<ymax>735</ymax>
		</bndbox>
	</object>
	<object>
		<difficult>0</difficult>
		<name>&amp;*@HUST_text</name>
		<bndbox>
			<xmin>673</xmin>
			<ymin>686</ymin>
			<xmax>792</xmax>
			<ymax>711</ymax>
		</bndbox>
	</object>
	<object>
		<difficult>0</difficult>
		<name>&amp;*@HUST_text</name>
		<bndbox>
			<xmin>746</xmin>
			<ymin>659</ymin>
			<xmax>791</xmax>
			<ymax>685</ymax>
		</bndbox>
	</object>
	<object>
		<difficult>0</difficult>
		<name>&amp;*@HUST_text</name>
		<bndbox>
			<xmin>675</xmin>
			<ymin>621</ymin>
			<xmax>795</xmax>
			<ymax>644</ymax>
		</bndbox>
	</object>
	<object>
		<difficult>0</difficult>
		<name>&amp;*@HUST_text</name>
		<bndbox>
			<xmin>746</xmin>
			<ymin>599</ymin>
			<xmax>788</xmax>
			<ymax>620</ymax>
		</bndbox>
	</object>
	<object>
		<difficult>0</difficult>
		<name>&amp;*@HUST_text</name>
		<bndbox>
			<xmin>669</xmin>
			<ymin>554</ymin>
			<xmax>791</xmax>
			<ymax>577</ymax>
		</bndbox>
	</object>
	<object>
		<difficult>0</difficult>
		<name>&amp;*@HUST_text</name>
		<bndbox>
			<xmin>744</xmin>
			<ymin>530</ymin>
			<xmax>789</xmax>
			<ymax>554</ymax>
		</bndbox>
	</object>
	<object>
		<difficult>0</difficult>
		<name>&amp;*@HUST_text</name>
		<bndbox>
			<xmin>673</xmin>
			<ymin>488</ymin>
			<xmax>792</xmax>
			<ymax>514</ymax>
		</bndbox>
	</object>
	<object>
		<difficult>0</difficult>
		<name>&amp;*@HUST_text</name>
		<bndbox>
			<xmin>746</xmin>
			<ymin>458</ymin>
			<xmax>788</xmax>
			<ymax>487</ymax>
		</bndbox>
	</object>
	<object>
		<difficult>0</difficult>
		<name>&amp;*@HUST_text</name>
		<bndbox>
			<xmin>677</xmin>
			<ymin>423</ymin>
			<xmax>794</xmax>
			<ymax>446</ymax>
		</bndbox>
	</object>
	<object>
		<difficult>0</difficult>
		<name>&amp;*@HUST_text</name>
		<bndbox>
			<xmin>744</xmin>
			<ymin>396</ymin>
			<xmax>788</xmax>
			<ymax>422</ymax>
		</bndbox>
	</object>
	<object>
		<difficult>0</difficult>
		<name>&amp;*@HUST_text</name>
		<bndbox>
			<xmin>676</xmin>
			<ymin>357</ymin>
			<xmax>794</xmax>
			<ymax>380</ymax>
		</bndbox>
	</object>
	<object>
		<difficult>0</difficult>
		<name>&amp;*@HUST_text</name>
		<bndbox>
			<xmin>747</xmin>
			<ymin>327</ymin>
			<xmax>794</xmax>
			<ymax>356</ymax>
		</bndbox>
	</object>
	<object>
		<difficult>0</difficult>
		<name>&amp;*@HUST_text</name>
		<bndbox>
			<xmin>677</xmin>
			<ymin>290</ymin>
			<xmax>794</xmax>
			<ymax>315</ymax>
		</bndbox>
	</object>
	<object>
		<difficult>0</difficult>
		<name>&amp;*@HUST_text</name>
		<bndbox>
			<xmin>742</xmin>
			<ymin>262</ymin>
			<xmax>790</xmax>
			<ymax>289</ymax>
		</bndbox>
	</object>
	<object>
		<difficult>0</difficult>
		<name>&amp;*@HUST_text</name>
		<bndbox>
			<xmin>673</xmin>
			<ymin>225</ymin>
			<xmax>793</xmax>
			<ymax>248</ymax>
		</bndbox>
	</object>
	<object>
		<difficult>0</difficult>
		<name>&amp;*@HUST_text</name>
		<bndbox>
			<xmin>741</xmin>
			<ymin>195</ymin>
			<xmax>792</xmax>
			<ymax>224</ymax>
		</bndbox>
	</object>
	<object>
		<difficult>0</difficult>
		<name>&amp;*@HUST_text</name>
		<bndbox>
			<xmin>673</xmin>
			<ymin>159</ymin>
			<xmax>792</xmax>
			<ymax>184</ymax>
		</bndbox>
	</object>
	<object>
		<difficult>0</difficult>
		<name>&amp;*@HUST_text</name>
		<bndbox>
			<xmin>742</xmin>
			<ymin>128</ymin>
			<xmax>790</xmax>
			<ymax>158</ymax>
		</bndbox>
	</object>
	<object>
		<difficult>0</difficult>
		<name>&amp;*@HUST_text</name>
		<bndbox>
			<xmin>673</xmin>
			<ymin>92</ymin>
			<xmax>793</xmax>
			<ymax>118</ymax>
		</bndbox>
	</object>
	<object>
		<difficult>0</difficult>
		<name>&amp;*@HUST_text</name>
		<bndbox>
			<xmin>743</xmin>
			<ymin>66</ymin>
			<xmax>792</xmax>
			<ymax>92</ymax>
		</bndbox>
	</object>
	<object>
		<difficult>0</difficult>
		<name>&amp;*@HUST_text</name>
		<bndbox>
			<xmin>675</xmin>
			<ymin>26</ymin>
			<xmax>793</xmax>
			<ymax>50</ymax>
		</bndbox>
	</object>
	<object>
		<difficult>0</difficult>
		<name>&amp;*@HUST_text</name>
		<bndbox>
			<xmin>743</xmin>
			<ymin>2</ymin>
			<xmax>790</xmax>
			<ymax>26</ymax>
		</bndbox>
	</object>
</annotation>