<annotation>
	<filename>图像 4591.png</filename>
	<size>
		<width>789</width>
		<height>684</height>
		<depth>3</depth>
	</size>
	<segmented>0</segmented>
	<object>
		<difficult>1</difficult>
		<name>&amp;*@HUST_shelter</name>
		<bndbox>
			<xmin>551</xmin>
			<ymin>0</ymin>
			<xmax>780</xmax>
			<ymax>11</ymax>
		</bndbox>
	</object>
	<object>
		<difficult>0</difficult>
		<name>&amp;*@HUST_text</name>
		<bndbox>
			<xmin>1</xmin>
			<ymin>6</ymin>
			<xmax>154</xmax>
			<ymax>41</ymax>
		</bndbox>
	</object>
	<object>
		<difficult>0</difficult>
		<name>&amp;*@HUST_text</name>
		<bndbox>
			<xmin>0</xmin>
			<ymin>50</ymin>
			<xmax>410</xmax>
			<ymax>80</ymax>
		</bndbox>
	</object>
	<object>
		<difficult>1</difficult>
		<name>&amp;*@HUST_special</name>
		<bndbox>
			<xmin>414</xmin>
			<ymin>39</ymin>
			<xmax>447</xmax>
			<ymax>74</ymax>
		</bndbox>
	</object>
	<object>
		<difficult>0</difficult>
		<name>&amp;*@HUST_text</name>
		<bndbox>
			<xmin>453</xmin>
			<ymin>20</ymin>
			<xmax>529</xmax>
			<ymax>43</ymax>
		</bndbox>
	</object>
	<object>
		<difficult>0</difficult>
		<name>&amp;*@HUST_text</name>
		<bndbox>
			<xmin>566</xmin>
			<ymin>21</ymin>
			<xmax>672</xmax>
			<ymax>40</ymax>
		</bndbox>
	</object>
	<object>
		<difficult>0</difficult>
		<name>&amp;*@HUST_text</name>
		<bndbox>
			<xmin>705</xmin>
			<ymin>19</ymin>
			<xmax>766</xmax>
			<ymax>41</ymax>
		</bndbox>
	</object>
	<object>
		<difficult>1</difficult>
		<name>&amp;*@HUST_special</name>
		<bndbox>
			<xmin>767</xmin>
			<ymin>19</ymin>
			<xmax>784</xmax>
			<ymax>42</ymax>
		</bndbox>
	</object>
	<object>
		<difficult>0</difficult>
		<name>&amp;*@HUST_text</name>
		<bndbox>
			<xmin>455</xmin>
			<ymin>46</ymin>
			<xmax>520</xmax>
			<ymax>66</ymax>
		</bndbox>
	</object>
	<object>
		<difficult>0</difficult>
		<name>&amp;*@HUST_text</name>
		<bndbox>
			<xmin>455</xmin>
			<ymin>67</ymin>
			<xmax>576</xmax>
			<ymax>82</ymax>
		</bndbox>
	</object>
	<object>
		<difficult>0</difficult>
		<name>&amp;*@HUST_text</name>
		<bndbox>
			<xmin>581</xmin>
			<ymin>51</ymin>
			<xmax>657</xmax>
			<ymax>78</ymax>
		</bndbox>
	</object>
	<object>
		<difficult>0</difficult>
		<name>&amp;*@HUST_text</name>
		<bndbox>
			<xmin>725</xmin>
			<ymin>48</ymin>
			<xmax>779</xmax>
			<ymax>66</ymax>
		</bndbox>
	</object>
	<object>
		<difficult>0</difficult>
		<name>&amp;*@HUST_text</name>
		<bndbox>
			<xmin>678</xmin>
			<ymin>68</ymin>
			<xmax>779</xmax>
			<ymax>80</ymax>
		</bndbox>
	</object>
	<object>
		<difficult>0</difficult>
		<name>&amp;*@HUST_text</name>
		<bndbox>
			<xmin>3</xmin>
			<ymin>84</ymin>
			<xmax>789</xmax>
			<ymax>88</ymax>
		</bndbox>
	</object>
	<object>
		<difficult>0</difficult>
		<name>&amp;*@HUST_text</name>
		<bndbox>
			<xmin>0</xmin>
			<ymin>93</ymin>
			<xmax>216</xmax>
			<ymax>119</ymax>
		</bndbox>
	</object>
	<object>
		<difficult>0</difficult>
		<name>&amp;*@HUST_text</name>
		<bndbox>
			<xmin>452</xmin>
			<ymin>91</ymin>
			<xmax>557</xmax>
			<ymax>103</ymax>
		</bndbox>
	</object>
	<object>
		<difficult>0</difficult>
		<name>&amp;*@HUST_text</name>
		<bndbox>
			<xmin>453</xmin>
			<ymin>106</ymin>
			<xmax>572</xmax>
			<ymax>120</ymax>
		</bndbox>
	</object>
	<object>
		<difficult>0</difficult>
		<name>&amp;*@HUST_text</name>
		<bndbox>
			<xmin>579</xmin>
			<ymin>94</ymin>
			<xmax>667</xmax>
			<ymax>120</ymax>
		</bndbox>
	</object>
	<object>
		<difficult>0</difficult>
		<name>&amp;*@HUST_text</name>
		<bndbox>
			<xmin>732</xmin>
			<ymin>91</ymin>
			<xmax>789</xmax>
			<ymax>103</ymax>
		</bndbox>
	</object>
	<object>
		<difficult>0</difficult>
		<name>&amp;*@HUST_text</name>
		<bndbox>
			<xmin>674</xmin>
			<ymin>107</ymin>
			<xmax>787</xmax>
			<ymax>120</ymax>
		</bndbox>
	</object>
	<object>
		<difficult>0</difficult>
		<name>&amp;*@HUST_text</name>
		<bndbox>
			<xmin>2</xmin>
			<ymin>122</ymin>
			<xmax>785</xmax>
			<ymax>125</ymax>
		</bndbox>
	</object>
	<object>
		<difficult>0</difficult>
		<name>&amp;*@HUST_text</name>
		<bndbox>
			<xmin>3</xmin>
			<ymin>129</ymin>
			<xmax>266</xmax>
			<ymax>156</ymax>
		</bndbox>
	</object>
	<object>
		<difficult>0</difficult>
		<name>&amp;*@HUST_text</name>
		<bndbox>
			<xmin>452</xmin>
			<ymin>127</ymin>
			<xmax>527</xmax>
			<ymax>142</ymax>
		</bndbox>
	</object>
	<object>
		<difficult>0</difficult>
		<name>&amp;*@HUST_text</name>
		<bndbox>
			<xmin>449</xmin>
			<ymin>144</ymin>
			<xmax>565</xmax>
			<ymax>158</ymax>
		</bndbox>
	</object>
	<object>
		<difficult>0</difficult>
		<name>&amp;*@HUST_text</name>
		<bndbox>
			<xmin>584</xmin>
			<ymin>129</ymin>
			<xmax>654</xmax>
			<ymax>155</ymax>
		</bndbox>
	</object>
	<object>
		<difficult>0</difficult>
		<name>&amp;*@HUST_text</name>
		<bndbox>
			<xmin>739</xmin>
			<ymin>127</ymin>
			<xmax>780</xmax>
			<ymax>140</ymax>
		</bndbox>
	</object>
	<object>
		<difficult>0</difficult>
		<name>&amp;*@HUST_text</name>
		<bndbox>
			<xmin>674</xmin>
			<ymin>144</ymin>
			<xmax>784</xmax>
			<ymax>158</ymax>
		</bndbox>
	</object>
	<object>
		<difficult>0</difficult>
		<name>&amp;*@HUST_text</name>
		<bndbox>
			<xmin>6</xmin>
			<ymin>160</ymin>
			<xmax>789</xmax>
			<ymax>166</ymax>
		</bndbox>
	</object>
	<object>
		<difficult>0</difficult>
		<name>&amp;*@HUST_text</name>
		<bndbox>
			<xmin>5</xmin>
			<ymin>172</ymin>
			<xmax>113</xmax>
			<ymax>195</ymax>
		</bndbox>
	</object>
	<object>
		<difficult>1</difficult>
		<name>&amp;*@HUST_special</name>
		<bndbox>
			<xmin>118</xmin>
			<ymin>169</ymin>
			<xmax>136</xmax>
			<ymax>183</ymax>
		</bndbox>
	</object>
	<object>
		<difficult>1</difficult>
		<name>&amp;*@HUST_special</name>
		<bndbox>
			<xmin>138</xmin>
			<ymin>174</ymin>
			<xmax>170</xmax>
			<ymax>190</ymax>
		</bndbox>
	</object>
	<object>
		<difficult>0</difficult>
		<name>&amp;*@HUST_text</name>
		<bndbox>
			<xmin>448</xmin>
			<ymin>168</ymin>
			<xmax>510</xmax>
			<ymax>179</ymax>
		</bndbox>
	</object>
	<object>
		<difficult>0</difficult>
		<name>&amp;*@HUST_text</name>
		<bndbox>
			<xmin>447</xmin>
			<ymin>182</ymin>
			<xmax>569</xmax>
			<ymax>198</ymax>
		</bndbox>
	</object>
	<object>
		<difficult>0</difficult>
		<name>&amp;*@HUST_text</name>
		<bndbox>
			<xmin>578</xmin>
			<ymin>172</ymin>
			<xmax>661</xmax>
			<ymax>193</ymax>
		</bndbox>
	</object>
	<object>
		<difficult>0</difficult>
		<name>&amp;*@HUST_text</name>
		<bndbox>
			<xmin>744</xmin>
			<ymin>167</ymin>
			<xmax>782</xmax>
			<ymax>181</ymax>
		</bndbox>
	</object>
	<object>
		<difficult>0</difficult>
		<name>&amp;*@HUST_text</name>
		<bndbox>
			<xmin>674</xmin>
			<ymin>184</ymin>
			<xmax>782</xmax>
			<ymax>194</ymax>
		</bndbox>
	</object>
	<object>
		<difficult>0</difficult>
		<name>&amp;*@HUST_text</name>
		<bndbox>
			<xmin>6</xmin>
			<ymin>200</ymin>
			<xmax>789</xmax>
			<ymax>205</ymax>
		</bndbox>
	</object>
	<object>
		<difficult>0</difficult>
		<name>&amp;*@HUST_text</name>
		<bndbox>
			<xmin>4</xmin>
			<ymin>208</ymin>
			<xmax>320</xmax>
			<ymax>232</ymax>
		</bndbox>
	</object>
	<object>
		<difficult>1</difficult>
		<name>&amp;*@HUST_special</name>
		<bndbox>
			<xmin>322</xmin>
			<ymin>208</ymin>
			<xmax>354</xmax>
			<ymax>228</ymax>
		</bndbox>
	</object>
	<object>
		<difficult>0</difficult>
		<name>&amp;*@HUST_text</name>
		<bndbox>
			<xmin>456</xmin>
			<ymin>208</ymin>
			<xmax>502</xmax>
			<ymax>219</ymax>
		</bndbox>
	</object>
	<object>
		<difficult>0</difficult>
		<name>&amp;*@HUST_text</name>
		<bndbox>
			<xmin>449</xmin>
			<ymin>221</ymin>
			<xmax>572</xmax>
			<ymax>234</ymax>
		</bndbox>
	</object>
	<object>
		<difficult>0</difficult>
		<name>&amp;*@HUST_text</name>
		<bndbox>
			<xmin>582</xmin>
			<ymin>208</ymin>
			<xmax>650</xmax>
			<ymax>233</ymax>
		</bndbox>
	</object>
	<object>
		<difficult>0</difficult>
		<name>&amp;*@HUST_text</name>
		<bndbox>
			<xmin>718</xmin>
			<ymin>207</ymin>
			<xmax>782</xmax>
			<ymax>220</ymax>
		</bndbox>
	</object>
	<object>
		<difficult>0</difficult>
		<name>&amp;*@HUST_text</name>
		<bndbox>
			<xmin>673</xmin>
			<ymin>221</ymin>
			<xmax>783</xmax>
			<ymax>232</ymax>
		</bndbox>
	</object>
	<object>
		<difficult>0</difficult>
		<name>&amp;*@HUST_text</name>
		<bndbox>
			<xmin>4</xmin>
			<ymin>236</ymin>
			<xmax>789</xmax>
			<ymax>241</ymax>
		</bndbox>
	</object>
	<object>
		<difficult>0</difficult>
		<name>&amp;*@HUST_text</name>
		<bndbox>
			<xmin>6</xmin>
			<ymin>246</ymin>
			<xmax>235</xmax>
			<ymax>270</ymax>
		</bndbox>
	</object>
	<object>
		<difficult>0</difficult>
		<name>&amp;*@HUST_text</name>
		<bndbox>
			<xmin>459</xmin>
			<ymin>243</ymin>
			<xmax>517</xmax>
			<ymax>257</ymax>
		</bndbox>
	</object>
	<object>
		<difficult>0</difficult>
		<name>&amp;*@HUST_text</name>
		<bndbox>
			<xmin>448</xmin>
			<ymin>259</ymin>
			<xmax>567</xmax>
			<ymax>273</ymax>
		</bndbox>
	</object>
	<object>
		<difficult>0</difficult>
		<name>&amp;*@HUST_text</name>
		<bndbox>
			<xmin>588</xmin>
			<ymin>245</ymin>
			<xmax>645</xmax>
			<ymax>271</ymax>
		</bndbox>
	</object>
	<object>
		<difficult>0</difficult>
		<name>&amp;*@HUST_text</name>
		<bndbox>
			<xmin>732</xmin>
			<ymin>243</ymin>
			<xmax>779</xmax>
			<ymax>256</ymax>
		</bndbox>
	</object>
	<object>
		<difficult>0</difficult>
		<name>&amp;*@HUST_text</name>
		<bndbox>
			<xmin>669</xmin>
			<ymin>258</ymin>
			<xmax>785</xmax>
			<ymax>271</ymax>
		</bndbox>
	</object>
	<object>
		<difficult>0</difficult>
		<name>&amp;*@HUST_text</name>
		<bndbox>
			<xmin>5</xmin>
			<ymin>275</ymin>
			<xmax>789</xmax>
			<ymax>278</ymax>
		</bndbox>
	</object>
	<object>
		<difficult>0</difficult>
		<name>&amp;*@HUST_text</name>
		<bndbox>
			<xmin>4</xmin>
			<ymin>281</ymin>
			<xmax>451</xmax>
			<ymax>305</ymax>
		</bndbox>
	</object>
	<object>
		<difficult>0</difficult>
		<name>&amp;*@HUST_text</name>
		<bndbox>
			<xmin>3</xmin>
			<ymin>313</ymin>
			<xmax>28</xmax>
			<ymax>333</ymax>
		</bndbox>
	</object>
	<object>
		<difficult>1</difficult>
		<name>&amp;*@HUST_special</name>
		<bndbox>
			<xmin>38</xmin>
			<ymin>308</ymin>
			<xmax>103</xmax>
			<ymax>336</ymax>
		</bndbox>
	</object>
	<object>
		<difficult>0</difficult>
		<name>&amp;*@HUST_text</name>
		<bndbox>
			<xmin>459</xmin>
			<ymin>295</ymin>
			<xmax>529</xmax>
			<ymax>309</ymax>
		</bndbox>
	</object>
	<object>
		<difficult>0</difficult>
		<name>&amp;*@HUST_text</name>
		<bndbox>
			<xmin>453</xmin>
			<ymin>311</ymin>
			<xmax>581</xmax>
			<ymax>332</ymax>
		</bndbox>
	</object>
	<object>
		<difficult>0</difficult>
		<name>&amp;*@HUST_text</name>
		<bndbox>
			<xmin>584</xmin>
			<ymin>289</ymin>
			<xmax>665</xmax>
			<ymax>332</ymax>
		</bndbox>
	</object>
	<object>
		<difficult>0</difficult>
		<name>&amp;*@HUST_text</name>
		<bndbox>
			<xmin>727</xmin>
			<ymin>289</ymin>
			<xmax>784</xmax>
			<ymax>310</ymax>
		</bndbox>
	</object>
	<object>
		<difficult>0</difficult>
		<name>&amp;*@HUST_text</name>
		<bndbox>
			<xmin>679</xmin>
			<ymin>312</ymin>
			<xmax>782</xmax>
			<ymax>329</ymax>
		</bndbox>
	</object>
	<object>
		<difficult>0</difficult>
		<name>&amp;*@HUST_text</name>
		<bndbox>
			<xmin>3</xmin>
			<ymin>338</ymin>
			<xmax>788</xmax>
			<ymax>343</ymax>
		</bndbox>
	</object>
	<object>
		<difficult>0</difficult>
		<name>&amp;*@HUST_text</name>
		<bndbox>
			<xmin>7</xmin>
			<ymin>352</ymin>
			<xmax>443</xmax>
			<ymax>370</ymax>
		</bndbox>
	</object>
	<object>
		<difficult>0</difficult>
		<name>&amp;*@HUST_text</name>
		<bndbox>
			<xmin>8</xmin>
			<ymin>379</ymin>
			<xmax>157</xmax>
			<ymax>397</ymax>
		</bndbox>
	</object>
	<object>
		<difficult>1</difficult>
		<name>&amp;*@HUST_special</name>
		<bndbox>
			<xmin>167</xmin>
			<ymin>375</ymin>
			<xmax>215</xmax>
			<ymax>401</ymax>
		</bndbox>
	</object>
	<object>
		<difficult>0</difficult>
		<name>&amp;*@HUST_text</name>
		<bndbox>
			<xmin>460</xmin>
			<ymin>358</ymin>
			<xmax>499</xmax>
			<ymax>374</ymax>
		</bndbox>
	</object>
	<object>
		<difficult>0</difficult>
		<name>&amp;*@HUST_text</name>
		<bndbox>
			<xmin>458</xmin>
			<ymin>377</ymin>
			<xmax>565</xmax>
			<ymax>395</ymax>
		</bndbox>
	</object>
	<object>
		<difficult>0</difficult>
		<name>&amp;*@HUST_text</name>
		<bndbox>
			<xmin>573</xmin>
			<ymin>354</ymin>
			<xmax>663</xmax>
			<ymax>400</ymax>
		</bndbox>
	</object>
	<object>
		<difficult>0</difficult>
		<name>&amp;*@HUST_text</name>
		<bndbox>
			<xmin>729</xmin>
			<ymin>360</ymin>
			<xmax>783</xmax>
			<ymax>374</ymax>
		</bndbox>
	</object>
	<object>
		<difficult>0</difficult>
		<name>&amp;*@HUST_text</name>
		<bndbox>
			<xmin>680</xmin>
			<ymin>377</ymin>
			<xmax>787</xmax>
			<ymax>392</ymax>
		</bndbox>
	</object>
	<object>
		<difficult>0</difficult>
		<name>&amp;*@HUST_text</name>
		<bndbox>
			<xmin>3</xmin>
			<ymin>406</ymin>
			<xmax>789</xmax>
			<ymax>410</ymax>
		</bndbox>
	</object>
	<object>
		<difficult>0</difficult>
		<name>&amp;*@HUST_text</name>
		<bndbox>
			<xmin>8</xmin>
			<ymin>419</ymin>
			<xmax>334</xmax>
			<ymax>436</ymax>
		</bndbox>
	</object>
	<object>
		<difficult>0</difficult>
		<name>&amp;*@HUST_text</name>
		<bndbox>
			<xmin>452</xmin>
			<ymin>413</ymin>
			<xmax>509</xmax>
			<ymax>428</ymax>
		</bndbox>
	</object>
	<object>
		<difficult>0</difficult>
		<name>&amp;*@HUST_text</name>
		<bndbox>
			<xmin>451</xmin>
			<ymin>429</ymin>
			<xmax>567</xmax>
			<ymax>443</ymax>
		</bndbox>
	</object>
	<object>
		<difficult>0</difficult>
		<name>&amp;*@HUST_text</name>
		<bndbox>
			<xmin>587</xmin>
			<ymin>414</ymin>
			<xmax>651</xmax>
			<ymax>443</ymax>
		</bndbox>
	</object>
	<object>
		<difficult>0</difficult>
		<name>&amp;*@HUST_text</name>
		<bndbox>
			<xmin>735</xmin>
			<ymin>414</ymin>
			<xmax>779</xmax>
			<ymax>427</ymax>
		</bndbox>
	</object>
	<object>
		<difficult>0</difficult>
		<name>&amp;*@HUST_text</name>
		<bndbox>
			<xmin>669</xmin>
			<ymin>429</ymin>
			<xmax>781</xmax>
			<ymax>439</ymax>
		</bndbox>
	</object>
	<object>
		<difficult>0</difficult>
		<name>&amp;*@HUST_text</name>
		<bndbox>
			<xmin>5</xmin>
			<ymin>445</ymin>
			<xmax>789</xmax>
			<ymax>448</ymax>
		</bndbox>
	</object>
	<object>
		<difficult>0</difficult>
		<name>&amp;*@HUST_text</name>
		<bndbox>
			<xmin>5</xmin>
			<ymin>453</ymin>
			<xmax>295</xmax>
			<ymax>479</ymax>
		</bndbox>
	</object>
	<object>
		<difficult>1</difficult>
		<name>&amp;*@HUST_special</name>
		<bndbox>
			<xmin>299</xmin>
			<ymin>453</ymin>
			<xmax>345</xmax>
			<ymax>479</ymax>
		</bndbox>
	</object>
	<object>
		<difficult>0</difficult>
		<name>&amp;*@HUST_text</name>
		<bndbox>
			<xmin>453</xmin>
			<ymin>451</ymin>
			<xmax>508</xmax>
			<ymax>468</ymax>
		</bndbox>
	</object>
	<object>
		<difficult>0</difficult>
		<name>&amp;*@HUST_text</name>
		<bndbox>
			<xmin>451</xmin>
			<ymin>469</ymin>
			<xmax>567</xmax>
			<ymax>481</ymax>
		</bndbox>
	</object>
	<object>
		<difficult>0</difficult>
		<name>&amp;*@HUST_text</name>
		<bndbox>
			<xmin>579</xmin>
			<ymin>451</ymin>
			<xmax>663</xmax>
			<ymax>480</ymax>
		</bndbox>
	</object>
	<object>
		<difficult>0</difficult>
		<name>&amp;*@HUST_text</name>
		<bndbox>
			<xmin>725</xmin>
			<ymin>452</ymin>
			<xmax>777</xmax>
			<ymax>464</ymax>
		</bndbox>
	</object>
	<object>
		<difficult>0</difficult>
		<name>&amp;*@HUST_text</name>
		<bndbox>
			<xmin>674</xmin>
			<ymin>467</ymin>
			<xmax>779</xmax>
			<ymax>480</ymax>
		</bndbox>
	</object>
	<object>
		<difficult>0</difficult>
		<name>&amp;*@HUST_text</name>
		<bndbox>
			<xmin>3</xmin>
			<ymin>483</ymin>
			<xmax>789</xmax>
			<ymax>488</ymax>
		</bndbox>
	</object>
	<object>
		<difficult>0</difficult>
		<name>&amp;*@HUST_text</name>
		<bndbox>
			<xmin>5</xmin>
			<ymin>494</ymin>
			<xmax>206</xmax>
			<ymax>517</ymax>
		</bndbox>
	</object>
	<object>
		<difficult>0</difficult>
		<name>&amp;*@HUST_text</name>
		<bndbox>
			<xmin>450</xmin>
			<ymin>490</ymin>
			<xmax>526</xmax>
			<ymax>505</ymax>
		</bndbox>
	</object>
	<object>
		<difficult>0</difficult>
		<name>&amp;*@HUST_text</name>
		<bndbox>
			<xmin>443</xmin>
			<ymin>507</ymin>
			<xmax>561</xmax>
			<ymax>519</ymax>
		</bndbox>
	</object>
	<object>
		<difficult>0</difficult>
		<name>&amp;*@HUST_text</name>
		<bndbox>
			<xmin>581</xmin>
			<ymin>495</ymin>
			<xmax>649</xmax>
			<ymax>514</ymax>
		</bndbox>
	</object>
	<object>
		<difficult>0</difficult>
		<name>&amp;*@HUST_text</name>
		<bndbox>
			<xmin>671</xmin>
			<ymin>505</ymin>
			<xmax>788</xmax>
			<ymax>518</ymax>
		</bndbox>
	</object>
	<object>
		<difficult>0</difficult>
		<name>&amp;*@HUST_text</name>
		<bndbox>
			<xmin>723</xmin>
			<ymin>489</ymin>
			<xmax>783</xmax>
			<ymax>503</ymax>
		</bndbox>
	</object>
	<object>
		<difficult>0</difficult>
		<name>&amp;*@HUST_text</name>
		<bndbox>
			<xmin>2</xmin>
			<ymin>521</ymin>
			<xmax>789</xmax>
			<ymax>527</ymax>
		</bndbox>
	</object>
	<object>
		<difficult>0</difficult>
		<name>&amp;*@HUST_text</name>
		<bndbox>
			<xmin>5</xmin>
			<ymin>533</ymin>
			<xmax>140</xmax>
			<ymax>556</ymax>
		</bndbox>
	</object>
	<object>
		<difficult>0</difficult>
		<name>&amp;*@HUST_text</name>
		<bndbox>
			<xmin>455</xmin>
			<ymin>529</ymin>
			<xmax>528</xmax>
			<ymax>542</ymax>
		</bndbox>
	</object>
	<object>
		<difficult>0</difficult>
		<name>&amp;*@HUST_text</name>
		<bndbox>
			<xmin>451</xmin>
			<ymin>543</ymin>
			<xmax>558</xmax>
			<ymax>555</ymax>
		</bndbox>
	</object>
	<object>
		<difficult>0</difficult>
		<name>&amp;*@HUST_text</name>
		<bndbox>
			<xmin>579</xmin>
			<ymin>532</ymin>
			<xmax>647</xmax>
			<ymax>557</ymax>
		</bndbox>
	</object>
	<object>
		<difficult>0</difficult>
		<name>&amp;*@HUST_text</name>
		<bndbox>
			<xmin>717</xmin>
			<ymin>529</ymin>
			<xmax>781</xmax>
			<ymax>539</ymax>
		</bndbox>
	</object>
	<object>
		<difficult>0</difficult>
		<name>&amp;*@HUST_text</name>
		<bndbox>
			<xmin>675</xmin>
			<ymin>541</ymin>
			<xmax>781</xmax>
			<ymax>556</ymax>
		</bndbox>
	</object>
	<object>
		<difficult>0</difficult>
		<name>&amp;*@HUST_text</name>
		<bndbox>
			<xmin>5</xmin>
			<ymin>559</ymin>
			<xmax>787</xmax>
			<ymax>563</ymax>
		</bndbox>
	</object>
	<object>
		<difficult>0</difficult>
		<name>&amp;*@HUST_text</name>
		<bndbox>
			<xmin>1</xmin>
			<ymin>569</ymin>
			<xmax>67</xmax>
			<ymax>591</ymax>
		</bndbox>
	</object>
	<object>
		<difficult>1</difficult>
		<name>&amp;*@HUST_special</name>
		<bndbox>
			<xmin>75</xmin>
			<ymin>566</ymin>
			<xmax>133</xmax>
			<ymax>592</ymax>
		</bndbox>
	</object>
	<object>
		<difficult>0</difficult>
		<name>&amp;*@HUST_text</name>
		<bndbox>
			<xmin>457</xmin>
			<ymin>565</ymin>
			<xmax>515</xmax>
			<ymax>579</ymax>
		</bndbox>
	</object>
	<object>
		<difficult>0</difficult>
		<name>&amp;*@HUST_text</name>
		<bndbox>
			<xmin>454</xmin>
			<ymin>582</ymin>
			<xmax>564</xmax>
			<ymax>595</ymax>
		</bndbox>
	</object>
	<object>
		<difficult>0</difficult>
		<name>&amp;*@HUST_text</name>
		<bndbox>
			<xmin>585</xmin>
			<ymin>569</ymin>
			<xmax>650</xmax>
			<ymax>593</ymax>
		</bndbox>
	</object>
	<object>
		<difficult>0</difficult>
		<name>&amp;*@HUST_text</name>
		<bndbox>
			<xmin>709</xmin>
			<ymin>567</ymin>
			<xmax>781</xmax>
			<ymax>581</ymax>
		</bndbox>
	</object>
	<object>
		<difficult>0</difficult>
		<name>&amp;*@HUST_text</name>
		<bndbox>
			<xmin>681</xmin>
			<ymin>583</ymin>
			<xmax>779</xmax>
			<ymax>595</ymax>
		</bndbox>
	</object>
	<object>
		<difficult>0</difficult>
		<name>&amp;*@HUST_text</name>
		<bndbox>
			<xmin>6</xmin>
			<ymin>597</ymin>
			<xmax>789</xmax>
			<ymax>601</ymax>
		</bndbox>
	</object>
	<object>
		<difficult>0</difficult>
		<name>&amp;*@HUST_text</name>
		<bndbox>
			<xmin>9</xmin>
			<ymin>605</ymin>
			<xmax>280</xmax>
			<ymax>633</ymax>
		</bndbox>
	</object>
	<object>
		<difficult>0</difficult>
		<name>&amp;*@HUST_text</name>
		<bndbox>
			<xmin>457</xmin>
			<ymin>605</ymin>
			<xmax>506</xmax>
			<ymax>617</ymax>
		</bndbox>
	</object>
	<object>
		<difficult>0</difficult>
		<name>&amp;*@HUST_text</name>
		<bndbox>
			<xmin>451</xmin>
			<ymin>619</ymin>
			<xmax>576</xmax>
			<ymax>633</ymax>
		</bndbox>
	</object>
	<object>
		<difficult>0</difficult>
		<name>&amp;*@HUST_text</name>
		<bndbox>
			<xmin>581</xmin>
			<ymin>608</ymin>
			<xmax>658</xmax>
			<ymax>630</ymax>
		</bndbox>
	</object>
	<object>
		<difficult>0</difficult>
		<name>&amp;*@HUST_text</name>
		<bndbox>
			<xmin>716</xmin>
			<ymin>605</ymin>
			<xmax>777</xmax>
			<ymax>617</ymax>
		</bndbox>
	</object>
	<object>
		<difficult>0</difficult>
		<name>&amp;*@HUST_text</name>
		<bndbox>
			<xmin>675</xmin>
			<ymin>619</ymin>
			<xmax>783</xmax>
			<ymax>633</ymax>
		</bndbox>
	</object>
	<object>
		<difficult>0</difficult>
		<name>&amp;*@HUST_text</name>
		<bndbox>
			<xmin>5</xmin>
			<ymin>635</ymin>
			<xmax>789</xmax>
			<ymax>640</ymax>
		</bndbox>
	</object>
	<object>
		<difficult>0</difficult>
		<name>&amp;*@HUST_text</name>
		<bndbox>
			<xmin>2</xmin>
			<ymin>645</ymin>
			<xmax>451</xmax>
			<ymax>670</ymax>
		</bndbox>
	</object>
	<object>
		<difficult>1</difficult>
		<name>&amp;*@HUST_shelter</name>
		<bndbox>
			<xmin>0</xmin>
			<ymin>673</ymin>
			<xmax>83</xmax>
			<ymax>683</ymax>
		</bndbox>
	</object>
	<object>
		<difficult>0</difficult>
		<name>&amp;*@HUST_text</name>
		<bndbox>
			<xmin>455</xmin>
			<ymin>651</ymin>
			<xmax>520</xmax>
			<ymax>669</ymax>
		</bndbox>
	</object>
	<object>
		<difficult>0</difficult>
		<name>&amp;*@HUST_text</name>
		<bndbox>
			<xmin>455</xmin>
			<ymin>671</ymin>
			<xmax>566</xmax>
			<ymax>684</ymax>
		</bndbox>
	</object>
	<object>
		<difficult>0</difficult>
		<name>&amp;*@HUST_text</name>
		<bndbox>
			<xmin>570</xmin>
			<ymin>645</ymin>
			<xmax>655</xmax>
			<ymax>681</ymax>
		</bndbox>
	</object>
	<object>
		<difficult>0</difficult>
		<name>&amp;*@HUST_text</name>
		<bndbox>
			<xmin>716</xmin>
			<ymin>642</ymin>
			<xmax>787</xmax>
			<ymax>668</ymax>
		</bndbox>
	</object>
	<object>
		<difficult>0</difficult>
		<name>&amp;*@HUST_text</name>
		<bndbox>
			<xmin>677</xmin>
			<ymin>670</ymin>
			<xmax>789</xmax>
			<ymax>683</ymax>
		</bndbox>
	</object>
</annotation>