<annotation>
	<filename>图像 3431.png</filename>
	<size>
		<width>1078</width>
		<height>445</height>
		<depth>3</depth>
	</size>
	<segmented>0</segmented>
	<object>
		<difficult>1</difficult>
		<name>&amp;*@HUST_special</name>
		<bndbox>
			<xmin>865</xmin>
			<ymin>0</ymin>
			<xmax>879</xmax>
			<ymax>16</ymax>
		</bndbox>
	</object>
	<object>
		<difficult>0</difficult>
		<name>&amp;*@HUST_text</name>
		<bndbox>
			<xmin>880</xmin>
			<ymin>0</ymin>
			<xmax>911</xmax>
			<ymax>15</ymax>
		</bndbox>
	</object>
	<object>
		<difficult>1</difficult>
		<name>&amp;*@HUST_special</name>
		<bndbox>
			<xmin>923</xmin>
			<ymin>0</ymin>
			<xmax>937</xmax>
			<ymax>15</ymax>
		</bndbox>
	</object>
	<object>
		<difficult>0</difficult>
		<name>&amp;*@HUST_text</name>
		<bndbox>
			<xmin>937</xmin>
			<ymin>0</ymin>
			<xmax>993</xmax>
			<ymax>15</ymax>
		</bndbox>
	</object>
	<object>
		<difficult>1</difficult>
		<name>&amp;*@HUST_special</name>
		<bndbox>
			<xmin>61</xmin>
			<ymin>21</ymin>
			<xmax>123</xmax>
			<ymax>57</ymax>
		</bndbox>
	</object>
	<object>
		<difficult>0</difficult>
		<name>&amp;*@HUST_text</name>
		<bndbox>
			<xmin>61</xmin>
			<ymin>57</ymin>
			<xmax>123</xmax>
			<ymax>70</ymax>
		</bndbox>
	</object>
	<object>
		<difficult>0</difficult>
		<name>&amp;*@HUST_text</name>
		<bndbox>
			<xmin>61</xmin>
			<ymin>70</ymin>
			<xmax>123</xmax>
			<ymax>77</ymax>
		</bndbox>
	</object>
	<object>
		<difficult>0</difficult>
		<name>&amp;*@HUST_text</name>
		<bndbox>
			<xmin>127</xmin>
			<ymin>18</ymin>
			<xmax>477</xmax>
			<ymax>49</ymax>
		</bndbox>
	</object>
	<object>
		<difficult>0</difficult>
		<name>&amp;*@HUST_text</name>
		<bndbox>
			<xmin>127</xmin>
			<ymin>49</ymin>
			<xmax>915</xmax>
			<ymax>65</ymax>
		</bndbox>
	</object>
	<object>
		<difficult>0</difficult>
		<name>&amp;*@HUST_text</name>
		<bndbox>
			<xmin>127</xmin>
			<ymin>65</ymin>
			<xmax>769</xmax>
			<ymax>83</ymax>
		</bndbox>
	</object>
	<object>
		<difficult>0</difficult>
		<name>&amp;*@HUST_text</name>
		<bndbox>
			<xmin>55</xmin>
			<ymin>107</ymin>
			<xmax>111</xmax>
			<ymax>134</ymax>
		</bndbox>
	</object>
	<object>
		<difficult>0</difficult>
		<name>&amp;*@HUST_text</name>
		<bndbox>
			<xmin>115</xmin>
			<ymin>106</ymin>
			<xmax>205</xmax>
			<ymax>135</ymax>
		</bndbox>
	</object>
	<object>
		<difficult>0</difficult>
		<name>&amp;*@HUST_text</name>
		<bndbox>
			<xmin>209</xmin>
			<ymin>106</ymin>
			<xmax>312</xmax>
			<ymax>134</ymax>
		</bndbox>
	</object>
	<object>
		<difficult>0</difficult>
		<name>&amp;*@HUST_text</name>
		<bndbox>
			<xmin>316</xmin>
			<ymin>106</ymin>
			<xmax>395</xmax>
			<ymax>135</ymax>
		</bndbox>
	</object>
	<object>
		<difficult>0</difficult>
		<name>&amp;*@HUST_text</name>
		<bndbox>
			<xmin>397</xmin>
			<ymin>106</ymin>
			<xmax>487</xmax>
			<ymax>134</ymax>
		</bndbox>
	</object>
	<object>
		<difficult>0</difficult>
		<name>&amp;*@HUST_text</name>
		<bndbox>
			<xmin>489</xmin>
			<ymin>106</ymin>
			<xmax>569</xmax>
			<ymax>135</ymax>
		</bndbox>
	</object>
	<object>
		<difficult>0</difficult>
		<name>&amp;*@HUST_text</name>
		<bndbox>
			<xmin>572</xmin>
			<ymin>106</ymin>
			<xmax>645</xmax>
			<ymax>134</ymax>
		</bndbox>
	</object>
	<object>
		<difficult>0</difficult>
		<name>&amp;*@HUST_text</name>
		<bndbox>
			<xmin>650</xmin>
			<ymin>106</ymin>
			<xmax>734</xmax>
			<ymax>135</ymax>
		</bndbox>
	</object>
	<object>
		<difficult>0</difficult>
		<name>&amp;*@HUST_text</name>
		<bndbox>
			<xmin>798</xmin>
			<ymin>110</ymin>
			<xmax>846</xmax>
			<ymax>132</ymax>
		</bndbox>
	</object>
	<object>
		<difficult>1</difficult>
		<name>&amp;*@HUST_special</name>
		<bndbox>
			<xmin>847</xmin>
			<ymin>110</ymin>
			<xmax>863</xmax>
			<ymax>132</ymax>
		</bndbox>
	</object>
	<object>
		<difficult>0</difficult>
		<name>&amp;*@HUST_text</name>
		<bndbox>
			<xmin>864</xmin>
			<ymin>110</ymin>
			<xmax>919</xmax>
			<ymax>132</ymax>
		</bndbox>
	</object>
	<object>
		<difficult>1</difficult>
		<name>&amp;*@HUST_special</name>
		<bndbox>
			<xmin>977</xmin>
			<ymin>110</ymin>
			<xmax>1013</xmax>
			<ymax>132</ymax>
		</bndbox>
	</object>
	<object>
		<difficult>1</difficult>
		<name>&amp;*@HUST_special</name>
		<bndbox>
			<xmin>924</xmin>
			<ymin>181</ymin>
			<xmax>939</xmax>
			<ymax>200</ymax>
		</bndbox>
	</object>
	<object>
		<difficult>0</difficult>
		<name>&amp;*@HUST_text</name>
		<bndbox>
			<xmin>940</xmin>
			<ymin>180</ymin>
			<xmax>1000</xmax>
			<ymax>200</ymax>
		</bndbox>
	</object>
	<object>
		<difficult>0</difficult>
		<name>&amp;*@HUST_text</name>
		<bndbox>
			<xmin>947</xmin>
			<ymin>212</ymin>
			<xmax>1002</xmax>
			<ymax>234</ymax>
		</bndbox>
	</object>
	<object>
		<difficult>0</difficult>
		<name>&amp;*@HUST_text</name>
		<bndbox>
			<xmin>40</xmin>
			<ymin>149</ymin>
			<xmax>231</xmax>
			<ymax>177</ymax>
		</bndbox>
	</object>
	<object>
		<difficult>0</difficult>
		<name>&amp;*@HUST_text</name>
		<bndbox>
			<xmin>40</xmin>
			<ymin>178</ymin>
			<xmax>139</xmax>
			<ymax>201</ymax>
		</bndbox>
	</object>
	<object>
		<difficult>0</difficult>
		<name>&amp;*@HUST_text</name>
		<bndbox>
			<xmin>62</xmin>
			<ymin>218</ymin>
			<xmax>127</xmax>
			<ymax>242</ymax>
		</bndbox>
	</object>
	<object>
		<difficult>0</difficult>
		<name>&amp;*@HUST_text</name>
		<bndbox>
			<xmin>137</xmin>
			<ymin>218</ymin>
			<xmax>201</xmax>
			<ymax>243</ymax>
		</bndbox>
	</object>
	<object>
		<difficult>0</difficult>
		<name>&amp;*@HUST_text</name>
		<bndbox>
			<xmin>213</xmin>
			<ymin>217</ymin>
			<xmax>277</xmax>
			<ymax>242</ymax>
		</bndbox>
	</object>
	<object>
		<difficult>0</difficult>
		<name>&amp;*@HUST_text</name>
		<bndbox>
			<xmin>56</xmin>
			<ymin>249</ymin>
			<xmax>88</xmax>
			<ymax>272</ymax>
		</bndbox>
	</object>
	<object>
		<difficult>0</difficult>
		<name>&amp;*@HUST_text</name>
		<bndbox>
			<xmin>89</xmin>
			<ymin>249</ymin>
			<xmax>148</xmax>
			<ymax>272</ymax>
		</bndbox>
	</object>
	<object>
		<difficult>0</difficult>
		<name>&amp;*@HUST_text</name>
		<bndbox>
			<xmin>148</xmin>
			<ymin>249</ymin>
			<xmax>179</xmax>
			<ymax>272</ymax>
		</bndbox>
	</object>
	<object>
		<difficult>0</difficult>
		<name>&amp;*@HUST_text</name>
		<bndbox>
			<xmin>180</xmin>
			<ymin>249</ymin>
			<xmax>233</xmax>
			<ymax>272</ymax>
		</bndbox>
	</object>
	<object>
		<difficult>0</difficult>
		<name>&amp;*@HUST_text</name>
		<bndbox>
			<xmin>235</xmin>
			<ymin>249</ymin>
			<xmax>290</xmax>
			<ymax>272</ymax>
		</bndbox>
	</object>
	<object>
		<difficult>0</difficult>
		<name>&amp;*@HUST_text</name>
		<bndbox>
			<xmin>291</xmin>
			<ymin>249</ymin>
			<xmax>345</xmax>
			<ymax>272</ymax>
		</bndbox>
	</object>
	<object>
		<difficult>0</difficult>
		<name>&amp;*@HUST_text</name>
		<bndbox>
			<xmin>346</xmin>
			<ymin>249</ymin>
			<xmax>426</xmax>
			<ymax>272</ymax>
		</bndbox>
	</object>
	<object>
		<difficult>0</difficult>
		<name>&amp;*@HUST_text</name>
		<bndbox>
			<xmin>427</xmin>
			<ymin>249</ymin>
			<xmax>482</xmax>
			<ymax>272</ymax>
		</bndbox>
	</object>
	<object>
		<difficult>0</difficult>
		<name>&amp;*@HUST_text</name>
		<bndbox>
			<xmin>483</xmin>
			<ymin>249</ymin>
			<xmax>553</xmax>
			<ymax>273</ymax>
		</bndbox>
	</object>
</annotation>