<annotation>
	<filename>图像 3481.png</filename>
	<size>
		<width>787</width>
		<height>599</height>
		<depth>3</depth>
	</size>
	<segmented>0</segmented>
	<object>
		<difficult>0</difficult>
		<name>&amp;*@HUST_text</name>
		<bndbox>
			<xmin>7</xmin>
			<ymin>2</ymin>
			<xmax>266</xmax>
			<ymax>52</ymax>
		</bndbox>
	</object>
	<object>
		<difficult>0</difficult>
		<name>&amp;*@HUST_text</name>
		<bndbox>
			<xmin>7</xmin>
			<ymin>53</ymin>
			<xmax>257</xmax>
			<ymax>88</ymax>
		</bndbox>
	</object>
	<object>
		<difficult>0</difficult>
		<name>&amp;*@HUST_text</name>
		<bndbox>
			<xmin>6</xmin>
			<ymin>89</ymin>
			<xmax>477</xmax>
			<ymax>124</ymax>
		</bndbox>
	</object>
	<object>
		<difficult>0</difficult>
		<name>&amp;*@HUST_text</name>
		<bndbox>
			<xmin>30</xmin>
			<ymin>129</ymin>
			<xmax>102</xmax>
			<ymax>151</ymax>
		</bndbox>
	</object>
	<object>
		<difficult>0</difficult>
		<name>&amp;*@HUST_text</name>
		<bndbox>
			<xmin>35</xmin>
			<ymin>154</ymin>
			<xmax>336</xmax>
			<ymax>192</ymax>
		</bndbox>
	</object>
	<object>
		<difficult>0</difficult>
		<name>&amp;*@HUST_text</name>
		<bndbox>
			<xmin>35</xmin>
			<ymin>193</ymin>
			<xmax>450</xmax>
			<ymax>224</ymax>
		</bndbox>
	</object>
	<object>
		<difficult>0</difficult>
		<name>&amp;*@HUST_text</name>
		<bndbox>
			<xmin>34</xmin>
			<ymin>225</ymin>
			<xmax>357</xmax>
			<ymax>260</ymax>
		</bndbox>
	</object>
	<object>
		<difficult>0</difficult>
		<name>&amp;*@HUST_text</name>
		<bndbox>
			<xmin>474</xmin>
			<ymin>276</ymin>
			<xmax>538</xmax>
			<ymax>296</ymax>
		</bndbox>
	</object>
	<object>
		<difficult>1</difficult>
		<name>&amp;*@HUST_special</name>
		<bndbox>
			<xmin>521</xmin>
			<ymin>134</ymin>
			<xmax>547</xmax>
			<ymax>148</ymax>
		</bndbox>
	</object>
	<object>
		<difficult>0</difficult>
		<name>&amp;*@HUST_text</name>
		<bndbox>
			<xmin>20</xmin>
			<ymin>314</ymin>
			<xmax>337</xmax>
			<ymax>357</ymax>
		</bndbox>
	</object>
	<object>
		<difficult>0</difficult>
		<name>&amp;*@HUST_text</name>
		<bndbox>
			<xmin>19</xmin>
			<ymin>360</ymin>
			<xmax>139</xmax>
			<ymax>395</ymax>
		</bndbox>
	</object>
	<object>
		<difficult>0</difficult>
		<name>&amp;*@HUST_text</name>
		<bndbox>
			<xmin>142</xmin>
			<ymin>359</ymin>
			<xmax>281</xmax>
			<ymax>396</ymax>
		</bndbox>
	</object>
	<object>
		<difficult>1</difficult>
		<name>&amp;*@HUST_special</name>
		<bndbox>
			<xmin>41</xmin>
			<ymin>413</ymin>
			<xmax>68</xmax>
			<ymax>443</ymax>
		</bndbox>
	</object>
	<object>
		<difficult>0</difficult>
		<name>&amp;*@HUST_text</name>
		<bndbox>
			<xmin>69</xmin>
			<ymin>413</ymin>
			<xmax>129</xmax>
			<ymax>443</ymax>
		</bndbox>
	</object>
	<object>
		<difficult>1</difficult>
		<name>&amp;*@HUST_special</name>
		<bndbox>
			<xmin>288</xmin>
			<ymin>414</ymin>
			<xmax>317</xmax>
			<ymax>443</ymax>
		</bndbox>
	</object>
	<object>
		<difficult>0</difficult>
		<name>&amp;*@HUST_text</name>
		<bndbox>
			<xmin>318</xmin>
			<ymin>413</ymin>
			<xmax>369</xmax>
			<ymax>443</ymax>
		</bndbox>
	</object>
	<object>
		<difficult>0</difficult>
		<name>&amp;*@HUST_text</name>
		<bndbox>
			<xmin>12</xmin>
			<ymin>456</ymin>
			<xmax>258</xmax>
			<ymax>506</ymax>
		</bndbox>
	</object>
	<object>
		<difficult>0</difficult>
		<name>&amp;*@HUST_text</name>
		<bndbox>
			<xmin>272</xmin>
			<ymin>456</ymin>
			<xmax>365</xmax>
			<ymax>506</ymax>
		</bndbox>
	</object>
	<object>
		<difficult>1</difficult>
		<name>&amp;*@HUST_special</name>
		<bndbox>
			<xmin>367</xmin>
			<ymin>456</ymin>
			<xmax>500</xmax>
			<ymax>506</ymax>
		</bndbox>
	</object>
	<object>
		<difficult>0</difficult>
		<name>&amp;*@HUST_text</name>
		<bndbox>
			<xmin>502</xmin>
			<ymin>456</ymin>
			<xmax>712</xmax>
			<ymax>506</ymax>
		</bndbox>
	</object>
	<object>
		<difficult>0</difficult>
		<name>&amp;*@HUST_text</name>
		<bndbox>
			<xmin>12</xmin>
			<ymin>508</ymin>
			<xmax>84</xmax>
			<ymax>543</ymax>
		</bndbox>
	</object>
	<object>
		<difficult>0</difficult>
		<name>&amp;*@HUST_text</name>
		<bndbox>
			<xmin>97</xmin>
			<ymin>514</ymin>
			<xmax>187</xmax>
			<ymax>539</ymax>
		</bndbox>
	</object>
	<object>
		<difficult>0</difficult>
		<name>&amp;*@HUST_text</name>
		<bndbox>
			<xmin>97</xmin>
			<ymin>562</ymin>
			<xmax>187</xmax>
			<ymax>587</ymax>
		</bndbox>
	</object>
	<object>
		<difficult>0</difficult>
		<name>&amp;*@HUST_text</name>
		<bndbox>
			<xmin>212</xmin>
			<ymin>514</ymin>
			<xmax>301</xmax>
			<ymax>539</ymax>
		</bndbox>
	</object>
	<object>
		<difficult>0</difficult>
		<name>&amp;*@HUST_text</name>
		<bndbox>
			<xmin>327</xmin>
			<ymin>514</ymin>
			<xmax>418</xmax>
			<ymax>539</ymax>
		</bndbox>
	</object>
	<object>
		<difficult>0</difficult>
		<name>&amp;*@HUST_text</name>
		<bndbox>
			<xmin>442</xmin>
			<ymin>514</ymin>
			<xmax>532</xmax>
			<ymax>539</ymax>
		</bndbox>
	</object>
	<object>
		<difficult>0</difficult>
		<name>&amp;*@HUST_text</name>
		<bndbox>
			<xmin>557</xmin>
			<ymin>514</ymin>
			<xmax>648</xmax>
			<ymax>539</ymax>
		</bndbox>
	</object>
	<object>
		<difficult>0</difficult>
		<name>&amp;*@HUST_text</name>
		<bndbox>
			<xmin>672</xmin>
			<ymin>514</ymin>
			<xmax>762</xmax>
			<ymax>539</ymax>
		</bndbox>
	</object>
	<object>
		<difficult>1</difficult>
		<name>&amp;*@HUST_special</name>
		<bndbox>
			<xmin>163</xmin>
			<ymin>413</ymin>
			<xmax>189</xmax>
			<ymax>444</ymax>
		</bndbox>
	</object>
	<object>
		<difficult>0</difficult>
		<name>&amp;*@HUST_text</name>
		<bndbox>
			<xmin>190</xmin>
			<ymin>413</ymin>
			<xmax>259</xmax>
			<ymax>444</ymax>
		</bndbox>
	</object>
</annotation>