<annotation>
	<filename>图像 3991.png</filename>
	<size>
		<width>1002</width>
		<height>627</height>
		<depth>3</depth>
	</size>
	<segmented>0</segmented>
	<object>
		<difficult>0</difficult>
		<name>&amp;*@HUST_text</name>
		<bndbox>
			<xmin>342</xmin>
			<ymin>364</ymin>
			<xmax>748</xmax>
			<ymax>406</ymax>
		</bndbox>
	</object>
	<object>
		<difficult>0</difficult>
		<name>&amp;*@HUST_text</name>
		<bndbox>
			<xmin>22</xmin>
			<ymin>141</ymin>
			<xmax>170</xmax>
			<ymax>170</ymax>
		</bndbox>
	</object>
	<object>
		<difficult>0</difficult>
		<name>&amp;*@HUST_text</name>
		<bndbox>
			<xmin>135</xmin>
			<ymin>4</ymin>
			<xmax>284</xmax>
			<ymax>37</ymax>
		</bndbox>
	</object>
	<object>
		<difficult>0</difficult>
		<name>&amp;*@HUST_text</name>
		<bndbox>
			<xmin>340</xmin>
			<ymin>341</ymin>
			<xmax>748</xmax>
			<ymax>361</ymax>
		</bndbox>
	</object>
	<object>
		<difficult>0</difficult>
		<name>&amp;*@HUST_text</name>
		<bndbox>
			<xmin>340</xmin>
			<ymin>279</ymin>
			<xmax>753</xmax>
			<ymax>320</ymax>
		</bndbox>
	</object>
	<object>
		<difficult>0</difficult>
		<name>&amp;*@HUST_text</name>
		<bndbox>
			<xmin>341</xmin>
			<ymin>321</ymin>
			<xmax>751</xmax>
			<ymax>338</ymax>
		</bndbox>
	</object>
	<object>
		<difficult>0</difficult>
		<name>&amp;*@HUST_text</name>
		<bndbox>
			<xmin>109</xmin>
			<ymin>40</ymin>
			<xmax>288</xmax>
			<ymax>68</ymax>
		</bndbox>
	</object>
	<object>
		<difficult>0</difficult>
		<name>&amp;*@HUST_text</name>
		<bndbox>
			<xmin>760</xmin>
			<ymin>102</ymin>
			<xmax>816</xmax>
			<ymax>121</ymax>
		</bndbox>
	</object>
	<object>
		<difficult>0</difficult>
		<name>&amp;*@HUST_text</name>
		<bndbox>
			<xmin>113</xmin>
			<ymin>20</ymin>
			<xmax>125</xmax>
			<ymax>34</ymax>
		</bndbox>
	</object>
	<object>
		<difficult>1</difficult>
		<name>&amp;*@HUST_special</name>
		<bndbox>
			<xmin>3</xmin>
			<ymin>3</ymin>
			<xmax>105</xmax>
			<ymax>92</ymax>
		</bndbox>
	</object>
	<object>
		<difficult>1</difficult>
		<name>&amp;*@HUST_special</name>
		<bndbox>
			<xmin>817</xmin>
			<ymin>102</ymin>
			<xmax>835</xmax>
			<ymax>122</ymax>
		</bndbox>
	</object>
	<object>
		<difficult>0</difficult>
		<name>&amp;*@HUST_text</name>
		<bndbox>
			<xmin>836</xmin>
			<ymin>101</ymin>
			<xmax>945</xmax>
			<ymax>121</ymax>
		</bndbox>
	</object>
	<object>
		<difficult>1</difficult>
		<name>&amp;*@HUST_special</name>
		<bndbox>
			<xmin>949</xmin>
			<ymin>99</ymin>
			<xmax>988</xmax>
			<ymax>125</ymax>
		</bndbox>
	</object>
	<object>
		<difficult>1</difficult>
		<name>&amp;*@HUST_special</name>
		<bndbox>
			<xmin>249</xmin>
			<ymin>278</ymin>
			<xmax>336</xmax>
			<ymax>406</ymax>
		</bndbox>
	</object>
</annotation>