<annotation>
	<filename>图像 3951.png</filename>
	<size>
		<width>1908</width>
		<height>826</height>
		<depth>3</depth>
	</size>
	<segmented>0</segmented>
	<object>
		<difficult>0</difficult>
		<name>&amp;*@HUST_text</name>
		<bndbox>
			<xmin>2</xmin>
			<ymin>2</ymin>
			<xmax>97</xmax>
			<ymax>32</ymax>
		</bndbox>
	</object>
	<object>
		<difficult>0</difficult>
		<name>&amp;*@HUST_text</name>
		<bndbox>
			<xmin>103</xmin>
			<ymin>3</ymin>
			<xmax>184</xmax>
			<ymax>25</ymax>
		</bndbox>
	</object>
	<object>
		<difficult>1</difficult>
		<name>&amp;*@HUST_special</name>
		<bndbox>
			<xmin>262</xmin>
			<ymin>3</ymin>
			<xmax>290</xmax>
			<ymax>25</ymax>
		</bndbox>
	</object>
	<object>
		<difficult>0</difficult>
		<name>&amp;*@HUST_text</name>
		<bndbox>
			<xmin>299</xmin>
			<ymin>1</ymin>
			<xmax>371</xmax>
			<ymax>33</ymax>
		</bndbox>
	</object>
	<object>
		<difficult>0</difficult>
		<name>&amp;*@HUST_text</name>
		<bndbox>
			<xmin>378</xmin>
			<ymin>2</ymin>
			<xmax>475</xmax>
			<ymax>25</ymax>
		</bndbox>
	</object>
	<object>
		<difficult>1</difficult>
		<name>&amp;*@HUST_special</name>
		<bndbox>
			<xmin>587</xmin>
			<ymin>0</ymin>
			<xmax>614</xmax>
			<ymax>25</ymax>
		</bndbox>
	</object>
	<object>
		<difficult>0</difficult>
		<name>&amp;*@HUST_text</name>
		<bndbox>
			<xmin>615</xmin>
			<ymin>0</ymin>
			<xmax>654</xmax>
			<ymax>24</ymax>
		</bndbox>
	</object>
	<object>
		<difficult>0</difficult>
		<name>&amp;*@HUST_text</name>
		<bndbox>
			<xmin>1</xmin>
			<ymin>59</ymin>
			<xmax>42</xmax>
			<ymax>110</ymax>
		</bndbox>
	</object>
	<object>
		<difficult>0</difficult>
		<name>&amp;*@HUST_text</name>
		<bndbox>
			<xmin>49</xmin>
			<ymin>61</ymin>
			<xmax>130</xmax>
			<ymax>109</ymax>
		</bndbox>
	</object>
	<object>
		<difficult>1</difficult>
		<name>&amp;*@HUST_special</name>
		<bndbox>
			<xmin>132</xmin>
			<ymin>61</ymin>
			<xmax>179</xmax>
			<ymax>110</ymax>
		</bndbox>
	</object>
	<object>
		<difficult>0</difficult>
		<name>&amp;*@HUST_text</name>
		<bndbox>
			<xmin>2</xmin>
			<ymin>114</ymin>
			<xmax>44</xmax>
			<ymax>143</ymax>
		</bndbox>
	</object>
	<object>
		<difficult>0</difficult>
		<name>&amp;*@HUST_text</name>
		<bndbox>
			<xmin>2</xmin>
			<ymin>147</ymin>
			<xmax>42</xmax>
			<ymax>176</ymax>
		</bndbox>
	</object>
	<object>
		<difficult>0</difficult>
		<name>&amp;*@HUST_text</name>
		<bndbox>
			<xmin>2</xmin>
			<ymin>180</ymin>
			<xmax>43</xmax>
			<ymax>208</ymax>
		</bndbox>
	</object>
	<object>
		<difficult>0</difficult>
		<name>&amp;*@HUST_text</name>
		<bndbox>
			<xmin>1</xmin>
			<ymin>213</ymin>
			<xmax>43</xmax>
			<ymax>242</ymax>
		</bndbox>
	</object>
	<object>
		<difficult>0</difficult>
		<name>&amp;*@HUST_text</name>
		<bndbox>
			<xmin>2</xmin>
			<ymin>246</ymin>
			<xmax>43</xmax>
			<ymax>275</ymax>
		</bndbox>
	</object>
	<object>
		<difficult>0</difficult>
		<name>&amp;*@HUST_text</name>
		<bndbox>
			<xmin>2</xmin>
			<ymin>279</ymin>
			<xmax>43</xmax>
			<ymax>308</ymax>
		</bndbox>
	</object>
	<object>
		<difficult>0</difficult>
		<name>&amp;*@HUST_text</name>
		<bndbox>
			<xmin>2</xmin>
			<ymin>313</ymin>
			<xmax>44</xmax>
			<ymax>341</ymax>
		</bndbox>
	</object>
	<object>
		<difficult>0</difficult>
		<name>&amp;*@HUST_text</name>
		<bndbox>
			<xmin>2</xmin>
			<ymin>346</ymin>
			<xmax>43</xmax>
			<ymax>374</ymax>
		</bndbox>
	</object>
	<object>
		<difficult>0</difficult>
		<name>&amp;*@HUST_text</name>
		<bndbox>
			<xmin>2</xmin>
			<ymin>379</ymin>
			<xmax>43</xmax>
			<ymax>406</ymax>
		</bndbox>
	</object>
	<object>
		<difficult>0</difficult>
		<name>&amp;*@HUST_text</name>
		<bndbox>
			<xmin>2</xmin>
			<ymin>412</ymin>
			<xmax>43</xmax>
			<ymax>440</ymax>
		</bndbox>
	</object>
	<object>
		<difficult>0</difficult>
		<name>&amp;*@HUST_text</name>
		<bndbox>
			<xmin>2</xmin>
			<ymin>445</ymin>
			<xmax>42</xmax>
			<ymax>472</ymax>
		</bndbox>
	</object>
	<object>
		<difficult>0</difficult>
		<name>&amp;*@HUST_text</name>
		<bndbox>
			<xmin>2</xmin>
			<ymin>477</ymin>
			<xmax>43</xmax>
			<ymax>507</ymax>
		</bndbox>
	</object>
	<object>
		<difficult>0</difficult>
		<name>&amp;*@HUST_text</name>
		<bndbox>
			<xmin>1</xmin>
			<ymin>511</ymin>
			<xmax>43</xmax>
			<ymax>539</ymax>
		</bndbox>
	</object>
	<object>
		<difficult>0</difficult>
		<name>&amp;*@HUST_text</name>
		<bndbox>
			<xmin>1</xmin>
			<ymin>544</ymin>
			<xmax>43</xmax>
			<ymax>572</ymax>
		</bndbox>
	</object>
	<object>
		<difficult>0</difficult>
		<name>&amp;*@HUST_text</name>
		<bndbox>
			<xmin>2</xmin>
			<ymin>577</ymin>
			<xmax>43</xmax>
			<ymax>605</ymax>
		</bndbox>
	</object>
	<object>
		<difficult>0</difficult>
		<name>&amp;*@HUST_text</name>
		<bndbox>
			<xmin>2</xmin>
			<ymin>610</ymin>
			<xmax>43</xmax>
			<ymax>639</ymax>
		</bndbox>
	</object>
	<object>
		<difficult>0</difficult>
		<name>&amp;*@HUST_text</name>
		<bndbox>
			<xmin>2</xmin>
			<ymin>643</ymin>
			<xmax>43</xmax>
			<ymax>671</ymax>
		</bndbox>
	</object>
	<object>
		<difficult>0</difficult>
		<name>&amp;*@HUST_text</name>
		<bndbox>
			<xmin>2</xmin>
			<ymin>675</ymin>
			<xmax>43</xmax>
			<ymax>704</ymax>
		</bndbox>
	</object>
	<object>
		<difficult>0</difficult>
		<name>&amp;*@HUST_text</name>
		<bndbox>
			<xmin>1</xmin>
			<ymin>708</ymin>
			<xmax>43</xmax>
			<ymax>735</ymax>
		</bndbox>
	</object>
	<object>
		<difficult>1</difficult>
		<name>&amp;*@HUST_special</name>
		<bndbox>
			<xmin>1</xmin>
			<ymin>741</ymin>
			<xmax>11</xmax>
			<ymax>752</ymax>
		</bndbox>
	</object>
	<object>
		<difficult>0</difficult>
		<name>&amp;*@HUST_text</name>
		<bndbox>
			<xmin>48</xmin>
			<ymin>115</ymin>
			<xmax>203</xmax>
			<ymax>142</ymax>
		</bndbox>
	</object>
	<object>
		<difficult>0</difficult>
		<name>&amp;*@HUST_text</name>
		<bndbox>
			<xmin>47</xmin>
			<ymin>147</ymin>
			<xmax>203</xmax>
			<ymax>176</ymax>
		</bndbox>
	</object>
	<object>
		<difficult>0</difficult>
		<name>&amp;*@HUST_text</name>
		<bndbox>
			<xmin>48</xmin>
			<ymin>180</ymin>
			<xmax>204</xmax>
			<ymax>208</ymax>
		</bndbox>
	</object>
	<object>
		<difficult>0</difficult>
		<name>&amp;*@HUST_text</name>
		<bndbox>
			<xmin>49</xmin>
			<ymin>213</ymin>
			<xmax>202</xmax>
			<ymax>242</ymax>
		</bndbox>
	</object>
	<object>
		<difficult>0</difficult>
		<name>&amp;*@HUST_text</name>
		<bndbox>
			<xmin>47</xmin>
			<ymin>246</ymin>
			<xmax>202</xmax>
			<ymax>275</ymax>
		</bndbox>
	</object>
	<object>
		<difficult>0</difficult>
		<name>&amp;*@HUST_text</name>
		<bndbox>
			<xmin>47</xmin>
			<ymin>278</ymin>
			<xmax>202</xmax>
			<ymax>308</ymax>
		</bndbox>
	</object>
	<object>
		<difficult>0</difficult>
		<name>&amp;*@HUST_text</name>
		<bndbox>
			<xmin>47</xmin>
			<ymin>312</ymin>
			<xmax>203</xmax>
			<ymax>340</ymax>
		</bndbox>
	</object>
	<object>
		<difficult>0</difficult>
		<name>&amp;*@HUST_text</name>
		<bndbox>
			<xmin>47</xmin>
			<ymin>345</ymin>
			<xmax>203</xmax>
			<ymax>374</ymax>
		</bndbox>
	</object>
	<object>
		<difficult>0</difficult>
		<name>&amp;*@HUST_text</name>
		<bndbox>
			<xmin>47</xmin>
			<ymin>378</ymin>
			<xmax>202</xmax>
			<ymax>407</ymax>
		</bndbox>
	</object>
	<object>
		<difficult>0</difficult>
		<name>&amp;*@HUST_text</name>
		<bndbox>
			<xmin>47</xmin>
			<ymin>411</ymin>
			<xmax>203</xmax>
			<ymax>440</ymax>
		</bndbox>
	</object>
	<object>
		<difficult>0</difficult>
		<name>&amp;*@HUST_text</name>
		<bndbox>
			<xmin>48</xmin>
			<ymin>444</ymin>
			<xmax>203</xmax>
			<ymax>471</ymax>
		</bndbox>
	</object>
	<object>
		<difficult>0</difficult>
		<name>&amp;*@HUST_text</name>
		<bndbox>
			<xmin>47</xmin>
			<ymin>477</ymin>
			<xmax>203</xmax>
			<ymax>506</ymax>
		</bndbox>
	</object>
	<object>
		<difficult>0</difficult>
		<name>&amp;*@HUST_text</name>
		<bndbox>
			<xmin>47</xmin>
			<ymin>509</ymin>
			<xmax>203</xmax>
			<ymax>538</ymax>
		</bndbox>
	</object>
	<object>
		<difficult>0</difficult>
		<name>&amp;*@HUST_text</name>
		<bndbox>
			<xmin>47</xmin>
			<ymin>543</ymin>
			<xmax>203</xmax>
			<ymax>572</ymax>
		</bndbox>
	</object>
	<object>
		<difficult>0</difficult>
		<name>&amp;*@HUST_text</name>
		<bndbox>
			<xmin>48</xmin>
			<ymin>576</ymin>
			<xmax>202</xmax>
			<ymax>605</ymax>
		</bndbox>
	</object>
	<object>
		<difficult>0</difficult>
		<name>&amp;*@HUST_text</name>
		<bndbox>
			<xmin>47</xmin>
			<ymin>610</ymin>
			<xmax>203</xmax>
			<ymax>637</ymax>
		</bndbox>
	</object>
	<object>
		<difficult>0</difficult>
		<name>&amp;*@HUST_text</name>
		<bndbox>
			<xmin>47</xmin>
			<ymin>643</ymin>
			<xmax>203</xmax>
			<ymax>671</ymax>
		</bndbox>
	</object>
	<object>
		<difficult>0</difficult>
		<name>&amp;*@HUST_text</name>
		<bndbox>
			<xmin>46</xmin>
			<ymin>674</ymin>
			<xmax>202</xmax>
			<ymax>704</ymax>
		</bndbox>
	</object>
	<object>
		<difficult>0</difficult>
		<name>&amp;*@HUST_text</name>
		<bndbox>
			<xmin>47</xmin>
			<ymin>708</ymin>
			<xmax>203</xmax>
			<ymax>736</ymax>
		</bndbox>
	</object>
	<object>
		<difficult>1</difficult>
		<name>&amp;*@HUST_special</name>
		<bndbox>
			<xmin>208</xmin>
			<ymin>113</ymin>
			<xmax>248</xmax>
			<ymax>143</ymax>
		</bndbox>
	</object>
	<object>
		<difficult>1</difficult>
		<name>&amp;*@HUST_special</name>
		<bndbox>
			<xmin>208</xmin>
			<ymin>147</ymin>
			<xmax>247</xmax>
			<ymax>176</ymax>
		</bndbox>
	</object>
	<object>
		<difficult>1</difficult>
		<name>&amp;*@HUST_special</name>
		<bndbox>
			<xmin>207</xmin>
			<ymin>179</ymin>
			<xmax>247</xmax>
			<ymax>209</ymax>
		</bndbox>
	</object>
	<object>
		<difficult>1</difficult>
		<name>&amp;*@HUST_special</name>
		<bndbox>
			<xmin>207</xmin>
			<ymin>212</ymin>
			<xmax>249</xmax>
			<ymax>242</ymax>
		</bndbox>
	</object>
	<object>
		<difficult>1</difficult>
		<name>&amp;*@HUST_special</name>
		<bndbox>
			<xmin>207</xmin>
			<ymin>246</ymin>
			<xmax>249</xmax>
			<ymax>276</ymax>
		</bndbox>
	</object>
	<object>
		<difficult>1</difficult>
		<name>&amp;*@HUST_special</name>
		<bndbox>
			<xmin>207</xmin>
			<ymin>278</ymin>
			<xmax>248</xmax>
			<ymax>309</ymax>
		</bndbox>
	</object>
	<object>
		<difficult>1</difficult>
		<name>&amp;*@HUST_special</name>
		<bndbox>
			<xmin>207</xmin>
			<ymin>311</ymin>
			<xmax>248</xmax>
			<ymax>341</ymax>
		</bndbox>
	</object>
	<object>
		<difficult>1</difficult>
		<name>&amp;*@HUST_special</name>
		<bndbox>
			<xmin>207</xmin>
			<ymin>345</ymin>
			<xmax>248</xmax>
			<ymax>374</ymax>
		</bndbox>
	</object>
	<object>
		<difficult>1</difficult>
		<name>&amp;*@HUST_special</name>
		<bndbox>
			<xmin>207</xmin>
			<ymin>377</ymin>
			<xmax>248</xmax>
			<ymax>408</ymax>
		</bndbox>
	</object>
	<object>
		<difficult>1</difficult>
		<name>&amp;*@HUST_special</name>
		<bndbox>
			<xmin>207</xmin>
			<ymin>410</ymin>
			<xmax>248</xmax>
			<ymax>440</ymax>
		</bndbox>
	</object>
	<object>
		<difficult>1</difficult>
		<name>&amp;*@HUST_special</name>
		<bndbox>
			<xmin>206</xmin>
			<ymin>443</ymin>
			<xmax>247</xmax>
			<ymax>474</ymax>
		</bndbox>
	</object>
	<object>
		<difficult>1</difficult>
		<name>&amp;*@HUST_special</name>
		<bndbox>
			<xmin>206</xmin>
			<ymin>476</ymin>
			<xmax>247</xmax>
			<ymax>506</ymax>
		</bndbox>
	</object>
	<object>
		<difficult>1</difficult>
		<name>&amp;*@HUST_special</name>
		<bndbox>
			<xmin>207</xmin>
			<ymin>509</ymin>
			<xmax>248</xmax>
			<ymax>539</ymax>
		</bndbox>
	</object>
	<object>
		<difficult>1</difficult>
		<name>&amp;*@HUST_special</name>
		<bndbox>
			<xmin>208</xmin>
			<ymin>543</ymin>
			<xmax>248</xmax>
			<ymax>572</ymax>
		</bndbox>
	</object>
	<object>
		<difficult>1</difficult>
		<name>&amp;*@HUST_special</name>
		<bndbox>
			<xmin>207</xmin>
			<ymin>575</ymin>
			<xmax>248</xmax>
			<ymax>606</ymax>
		</bndbox>
	</object>
	<object>
		<difficult>1</difficult>
		<name>&amp;*@HUST_special</name>
		<bndbox>
			<xmin>207</xmin>
			<ymin>608</ymin>
			<xmax>247</xmax>
			<ymax>638</ymax>
		</bndbox>
	</object>
	<object>
		<difficult>1</difficult>
		<name>&amp;*@HUST_special</name>
		<bndbox>
			<xmin>206</xmin>
			<ymin>641</ymin>
			<xmax>248</xmax>
			<ymax>672</ymax>
		</bndbox>
	</object>
	<object>
		<difficult>1</difficult>
		<name>&amp;*@HUST_special</name>
		<bndbox>
			<xmin>207</xmin>
			<ymin>674</ymin>
			<xmax>248</xmax>
			<ymax>705</ymax>
		</bndbox>
	</object>
	<object>
		<difficult>1</difficult>
		<name>&amp;*@HUST_special</name>
		<bndbox>
			<xmin>206</xmin>
			<ymin>707</ymin>
			<xmax>248</xmax>
			<ymax>738</ymax>
		</bndbox>
	</object>
	<object>
		<difficult>0</difficult>
		<name>&amp;*@HUST_text</name>
		<bndbox>
			<xmin>421</xmin>
			<ymin>64</ymin>
			<xmax>488</xmax>
			<ymax>106</ymax>
		</bndbox>
	</object>
	<object>
		<difficult>1</difficult>
		<name>&amp;*@HUST_special</name>
		<bndbox>
			<xmin>489</xmin>
			<ymin>64</ymin>
			<xmax>525</xmax>
			<ymax>106</ymax>
		</bndbox>
	</object>
	<object>
		<difficult>0</difficult>
		<name>&amp;*@HUST_text</name>
		<bndbox>
			<xmin>252</xmin>
			<ymin>114</ymin>
			<xmax>695</xmax>
			<ymax>143</ymax>
		</bndbox>
	</object>
	<object>
		<difficult>0</difficult>
		<name>&amp;*@HUST_text</name>
		<bndbox>
			<xmin>252</xmin>
			<ymin>147</ymin>
			<xmax>695</xmax>
			<ymax>175</ymax>
		</bndbox>
	</object>
	<object>
		<difficult>0</difficult>
		<name>&amp;*@HUST_text</name>
		<bndbox>
			<xmin>252</xmin>
			<ymin>180</ymin>
			<xmax>694</xmax>
			<ymax>210</ymax>
		</bndbox>
	</object>
	<object>
		<difficult>0</difficult>
		<name>&amp;*@HUST_text</name>
		<bndbox>
			<xmin>252</xmin>
			<ymin>213</ymin>
			<xmax>694</xmax>
			<ymax>241</ymax>
		</bndbox>
	</object>
	<object>
		<difficult>0</difficult>
		<name>&amp;*@HUST_text</name>
		<bndbox>
			<xmin>252</xmin>
			<ymin>246</ymin>
			<xmax>695</xmax>
			<ymax>275</ymax>
		</bndbox>
	</object>
	<object>
		<difficult>0</difficult>
		<name>&amp;*@HUST_text</name>
		<bndbox>
			<xmin>252</xmin>
			<ymin>279</ymin>
			<xmax>696</xmax>
			<ymax>308</ymax>
		</bndbox>
	</object>
	<object>
		<difficult>0</difficult>
		<name>&amp;*@HUST_text</name>
		<bndbox>
			<xmin>253</xmin>
			<ymin>313</ymin>
			<xmax>695</xmax>
			<ymax>341</ymax>
		</bndbox>
	</object>
	<object>
		<difficult>0</difficult>
		<name>&amp;*@HUST_text</name>
		<bndbox>
			<xmin>252</xmin>
			<ymin>708</ymin>
			<xmax>694</xmax>
			<ymax>737</ymax>
		</bndbox>
	</object>
	<object>
		<difficult>0</difficult>
		<name>&amp;*@HUST_text</name>
		<bndbox>
			<xmin>251</xmin>
			<ymin>675</ymin>
			<xmax>694</xmax>
			<ymax>704</ymax>
		</bndbox>
	</object>
	<object>
		<difficult>0</difficult>
		<name>&amp;*@HUST_text</name>
		<bndbox>
			<xmin>252</xmin>
			<ymin>642</ymin>
			<xmax>694</xmax>
			<ymax>670</ymax>
		</bndbox>
	</object>
	<object>
		<difficult>0</difficult>
		<name>&amp;*@HUST_text</name>
		<bndbox>
			<xmin>252</xmin>
			<ymin>609</ymin>
			<xmax>693</xmax>
			<ymax>637</ymax>
		</bndbox>
	</object>
	<object>
		<difficult>0</difficult>
		<name>&amp;*@HUST_text</name>
		<bndbox>
			<xmin>252</xmin>
			<ymin>576</ymin>
			<xmax>692</xmax>
			<ymax>605</ymax>
		</bndbox>
	</object>
	<object>
		<difficult>0</difficult>
		<name>&amp;*@HUST_text</name>
		<bndbox>
			<xmin>252</xmin>
			<ymin>543</ymin>
			<xmax>693</xmax>
			<ymax>572</ymax>
		</bndbox>
	</object>
	<object>
		<difficult>0</difficult>
		<name>&amp;*@HUST_text</name>
		<bndbox>
			<xmin>252</xmin>
			<ymin>510</ymin>
			<xmax>692</xmax>
			<ymax>538</ymax>
		</bndbox>
	</object>
	<object>
		<difficult>0</difficult>
		<name>&amp;*@HUST_text</name>
		<bndbox>
			<xmin>252</xmin>
			<ymin>476</ymin>
			<xmax>693</xmax>
			<ymax>506</ymax>
		</bndbox>
	</object>
	<object>
		<difficult>0</difficult>
		<name>&amp;*@HUST_text</name>
		<bndbox>
			<xmin>252</xmin>
			<ymin>443</ymin>
			<xmax>694</xmax>
			<ymax>473</ymax>
		</bndbox>
	</object>
	<object>
		<difficult>0</difficult>
		<name>&amp;*@HUST_text</name>
		<bndbox>
			<xmin>252</xmin>
			<ymin>411</ymin>
			<xmax>694</xmax>
			<ymax>440</ymax>
		</bndbox>
	</object>
	<object>
		<difficult>0</difficult>
		<name>&amp;*@HUST_text</name>
		<bndbox>
			<xmin>252</xmin>
			<ymin>378</ymin>
			<xmax>694</xmax>
			<ymax>406</ymax>
		</bndbox>
	</object>
	<object>
		<difficult>0</difficult>
		<name>&amp;*@HUST_text</name>
		<bndbox>
			<xmin>252</xmin>
			<ymin>345</ymin>
			<xmax>694</xmax>
			<ymax>373</ymax>
		</bndbox>
	</object>
	<object>
		<difficult>0</difficult>
		<name>&amp;*@HUST_text</name>
		<bndbox>
			<xmin>556</xmin>
			<ymin>754</ymin>
			<xmax>634</xmax>
			<ymax>792</ymax>
		</bndbox>
	</object>
	<object>
		<difficult>0</difficult>
		<name>&amp;*@HUST_text</name>
		<bndbox>
			<xmin>641</xmin>
			<ymin>759</ymin>
			<xmax>707</xmax>
			<ymax>781</ymax>
		</bndbox>
	</object>
	<object>
		<difficult>1</difficult>
		<name>&amp;*@HUST_special</name>
		<bndbox>
			<xmin>713</xmin>
			<ymin>759</ymin>
			<xmax>734</xmax>
			<ymax>781</ymax>
		</bndbox>
	</object>
	<object>
		<difficult>1</difficult>
		<name>&amp;*@HUST_special</name>
		<bndbox>
			<xmin>753</xmin>
			<ymin>756</ymin>
			<xmax>782</xmax>
			<ymax>788</ymax>
		</bndbox>
	</object>
	<object>
		<difficult>0</difficult>
		<name>&amp;*@HUST_text</name>
		<bndbox>
			<xmin>789</xmin>
			<ymin>755</ymin>
			<xmax>822</xmax>
			<ymax>788</ymax>
		</bndbox>
	</object>
	<object>
		<difficult>1</difficult>
		<name>&amp;*@HUST_special</name>
		<bndbox>
			<xmin>829</xmin>
			<ymin>755</ymin>
			<xmax>864</xmax>
			<ymax>788</ymax>
		</bndbox>
	</object>
	<object>
		<difficult>0</difficult>
		<name>&amp;*@HUST_text</name>
		<bndbox>
			<xmin>868</xmin>
			<ymin>755</ymin>
			<xmax>912</xmax>
			<ymax>785</ymax>
		</bndbox>
	</object>
	<object>
		<difficult>0</difficult>
		<name>&amp;*@HUST_text</name>
		<bndbox>
			<xmin>916</xmin>
			<ymin>759</ymin>
			<xmax>957</xmax>
			<ymax>781</ymax>
		</bndbox>
	</object>
	<object>
		<difficult>0</difficult>
		<name>&amp;*@HUST_text</name>
		<bndbox>
			<xmin>961</xmin>
			<ymin>756</ymin>
			<xmax>1001</xmax>
			<ymax>787</ymax>
		</bndbox>
	</object>
	<object>
		<difficult>0</difficult>
		<name>&amp;*@HUST_text</name>
		<bndbox>
			<xmin>713</xmin>
			<ymin>65</ymin>
			<xmax>790</xmax>
			<ymax>106</ymax>
		</bndbox>
	</object>
	<object>
		<difficult>1</difficult>
		<name>&amp;*@HUST_special</name>
		<bndbox>
			<xmin>792</xmin>
			<ymin>65</ymin>
			<xmax>831</xmax>
			<ymax>107</ymax>
		</bndbox>
	</object>
	<object>
		<difficult>0</difficult>
		<name>&amp;*@HUST_text</name>
		<bndbox>
			<xmin>702</xmin>
			<ymin>114</ymin>
			<xmax>858</xmax>
			<ymax>142</ymax>
		</bndbox>
	</object>
	<object>
		<difficult>0</difficult>
		<name>&amp;*@HUST_text</name>
		<bndbox>
			<xmin>702</xmin>
			<ymin>148</ymin>
			<xmax>858</xmax>
			<ymax>176</ymax>
		</bndbox>
	</object>
	<object>
		<difficult>0</difficult>
		<name>&amp;*@HUST_text</name>
		<bndbox>
			<xmin>702</xmin>
			<ymin>181</ymin>
			<xmax>858</xmax>
			<ymax>209</ymax>
		</bndbox>
	</object>
	<object>
		<difficult>0</difficult>
		<name>&amp;*@HUST_text</name>
		<bndbox>
			<xmin>703</xmin>
			<ymin>213</ymin>
			<xmax>858</xmax>
			<ymax>241</ymax>
		</bndbox>
	</object>
	<object>
		<difficult>0</difficult>
		<name>&amp;*@HUST_text</name>
		<bndbox>
			<xmin>702</xmin>
			<ymin>246</ymin>
			<xmax>858</xmax>
			<ymax>275</ymax>
		</bndbox>
	</object>
	<object>
		<difficult>0</difficult>
		<name>&amp;*@HUST_text</name>
		<bndbox>
			<xmin>702</xmin>
			<ymin>279</ymin>
			<xmax>857</xmax>
			<ymax>308</ymax>
		</bndbox>
	</object>
	<object>
		<difficult>0</difficult>
		<name>&amp;*@HUST_text</name>
		<bndbox>
			<xmin>703</xmin>
			<ymin>312</ymin>
			<xmax>858</xmax>
			<ymax>341</ymax>
		</bndbox>
	</object>
	<object>
		<difficult>0</difficult>
		<name>&amp;*@HUST_text</name>
		<bndbox>
			<xmin>702</xmin>
			<ymin>345</ymin>
			<xmax>858</xmax>
			<ymax>374</ymax>
		</bndbox>
	</object>
	<object>
		<difficult>0</difficult>
		<name>&amp;*@HUST_text</name>
		<bndbox>
			<xmin>702</xmin>
			<ymin>378</ymin>
			<xmax>858</xmax>
			<ymax>407</ymax>
		</bndbox>
	</object>
	<object>
		<difficult>0</difficult>
		<name>&amp;*@HUST_text</name>
		<bndbox>
			<xmin>701</xmin>
			<ymin>411</ymin>
			<xmax>858</xmax>
			<ymax>439</ymax>
		</bndbox>
	</object>
	<object>
		<difficult>0</difficult>
		<name>&amp;*@HUST_text</name>
		<bndbox>
			<xmin>702</xmin>
			<ymin>445</ymin>
			<xmax>858</xmax>
			<ymax>473</ymax>
		</bndbox>
	</object>
	<object>
		<difficult>0</difficult>
		<name>&amp;*@HUST_text</name>
		<bndbox>
			<xmin>702</xmin>
			<ymin>478</ymin>
			<xmax>857</xmax>
			<ymax>505</ymax>
		</bndbox>
	</object>
	<object>
		<difficult>0</difficult>
		<name>&amp;*@HUST_text</name>
		<bndbox>
			<xmin>703</xmin>
			<ymin>511</ymin>
			<xmax>857</xmax>
			<ymax>538</ymax>
		</bndbox>
	</object>
	<object>
		<difficult>0</difficult>
		<name>&amp;*@HUST_text</name>
		<bndbox>
			<xmin>701</xmin>
			<ymin>543</ymin>
			<xmax>857</xmax>
			<ymax>571</ymax>
		</bndbox>
	</object>
	<object>
		<difficult>0</difficult>
		<name>&amp;*@HUST_text</name>
		<bndbox>
			<xmin>702</xmin>
			<ymin>577</ymin>
			<xmax>858</xmax>
			<ymax>605</ymax>
		</bndbox>
	</object>
	<object>
		<difficult>0</difficult>
		<name>&amp;*@HUST_text</name>
		<bndbox>
			<xmin>702</xmin>
			<ymin>608</ymin>
			<xmax>858</xmax>
			<ymax>638</ymax>
		</bndbox>
	</object>
	<object>
		<difficult>0</difficult>
		<name>&amp;*@HUST_text</name>
		<bndbox>
			<xmin>702</xmin>
			<ymin>642</ymin>
			<xmax>858</xmax>
			<ymax>670</ymax>
		</bndbox>
	</object>
	<object>
		<difficult>0</difficult>
		<name>&amp;*@HUST_text</name>
		<bndbox>
			<xmin>702</xmin>
			<ymin>675</ymin>
			<xmax>858</xmax>
			<ymax>704</ymax>
		</bndbox>
	</object>
	<object>
		<difficult>0</difficult>
		<name>&amp;*@HUST_text</name>
		<bndbox>
			<xmin>702</xmin>
			<ymin>709</ymin>
			<xmax>858</xmax>
			<ymax>736</ymax>
		</bndbox>
	</object>
	<object>
		<difficult>0</difficult>
		<name>&amp;*@HUST_text</name>
		<bndbox>
			<xmin>862</xmin>
			<ymin>65</ymin>
			<xmax>960</xmax>
			<ymax>110</ymax>
		</bndbox>
	</object>
	<object>
		<difficult>1</difficult>
		<name>&amp;*@HUST_special</name>
		<bndbox>
			<xmin>962</xmin>
			<ymin>65</ymin>
			<xmax>1015</xmax>
			<ymax>110</ymax>
		</bndbox>
	</object>
	<object>
		<difficult>0</difficult>
		<name>&amp;*@HUST_text</name>
		<bndbox>
			<xmin>862</xmin>
			<ymin>114</ymin>
			<xmax>1018</xmax>
			<ymax>143</ymax>
		</bndbox>
	</object>
	<object>
		<difficult>0</difficult>
		<name>&amp;*@HUST_text</name>
		<bndbox>
			<xmin>863</xmin>
			<ymin>148</ymin>
			<xmax>1018</xmax>
			<ymax>175</ymax>
		</bndbox>
	</object>
	<object>
		<difficult>0</difficult>
		<name>&amp;*@HUST_text</name>
		<bndbox>
			<xmin>863</xmin>
			<ymin>181</ymin>
			<xmax>1017</xmax>
			<ymax>208</ymax>
		</bndbox>
	</object>
	<object>
		<difficult>0</difficult>
		<name>&amp;*@HUST_text</name>
		<bndbox>
			<xmin>861</xmin>
			<ymin>214</ymin>
			<xmax>1018</xmax>
			<ymax>241</ymax>
		</bndbox>
	</object>
	<object>
		<difficult>0</difficult>
		<name>&amp;*@HUST_text</name>
		<bndbox>
			<xmin>863</xmin>
			<ymin>246</ymin>
			<xmax>1017</xmax>
			<ymax>273</ymax>
		</bndbox>
	</object>
	<object>
		<difficult>0</difficult>
		<name>&amp;*@HUST_text</name>
		<bndbox>
			<xmin>862</xmin>
			<ymin>279</ymin>
			<xmax>1018</xmax>
			<ymax>307</ymax>
		</bndbox>
	</object>
	<object>
		<difficult>0</difficult>
		<name>&amp;*@HUST_text</name>
		<bndbox>
			<xmin>862</xmin>
			<ymin>312</ymin>
			<xmax>1017</xmax>
			<ymax>340</ymax>
		</bndbox>
	</object>
	<object>
		<difficult>0</difficult>
		<name>&amp;*@HUST_text</name>
		<bndbox>
			<xmin>864</xmin>
			<ymin>345</ymin>
			<xmax>1016</xmax>
			<ymax>373</ymax>
		</bndbox>
	</object>
	<object>
		<difficult>0</difficult>
		<name>&amp;*@HUST_text</name>
		<bndbox>
			<xmin>863</xmin>
			<ymin>378</ymin>
			<xmax>1017</xmax>
			<ymax>407</ymax>
		</bndbox>
	</object>
	<object>
		<difficult>0</difficult>
		<name>&amp;*@HUST_text</name>
		<bndbox>
			<xmin>862</xmin>
			<ymin>411</ymin>
			<xmax>1017</xmax>
			<ymax>439</ymax>
		</bndbox>
	</object>
	<object>
		<difficult>0</difficult>
		<name>&amp;*@HUST_text</name>
		<bndbox>
			<xmin>862</xmin>
			<ymin>444</ymin>
			<xmax>1016</xmax>
			<ymax>471</ymax>
		</bndbox>
	</object>
	<object>
		<difficult>0</difficult>
		<name>&amp;*@HUST_text</name>
		<bndbox>
			<xmin>863</xmin>
			<ymin>478</ymin>
			<xmax>1017</xmax>
			<ymax>505</ymax>
		</bndbox>
	</object>
	<object>
		<difficult>0</difficult>
		<name>&amp;*@HUST_text</name>
		<bndbox>
			<xmin>863</xmin>
			<ymin>511</ymin>
			<xmax>1016</xmax>
			<ymax>538</ymax>
		</bndbox>
	</object>
	<object>
		<difficult>0</difficult>
		<name>&amp;*@HUST_text</name>
		<bndbox>
			<xmin>863</xmin>
			<ymin>545</ymin>
			<xmax>1017</xmax>
			<ymax>570</ymax>
		</bndbox>
	</object>
	<object>
		<difficult>0</difficult>
		<name>&amp;*@HUST_text</name>
		<bndbox>
			<xmin>863</xmin>
			<ymin>576</ymin>
			<xmax>1017</xmax>
			<ymax>605</ymax>
		</bndbox>
	</object>
	<object>
		<difficult>0</difficult>
		<name>&amp;*@HUST_text</name>
		<bndbox>
			<xmin>862</xmin>
			<ymin>609</ymin>
			<xmax>1018</xmax>
			<ymax>637</ymax>
		</bndbox>
	</object>
	<object>
		<difficult>0</difficult>
		<name>&amp;*@HUST_text</name>
		<bndbox>
			<xmin>863</xmin>
			<ymin>643</ymin>
			<xmax>1017</xmax>
			<ymax>671</ymax>
		</bndbox>
	</object>
	<object>
		<difficult>0</difficult>
		<name>&amp;*@HUST_text</name>
		<bndbox>
			<xmin>862</xmin>
			<ymin>675</ymin>
			<xmax>1017</xmax>
			<ymax>703</ymax>
		</bndbox>
	</object>
	<object>
		<difficult>0</difficult>
		<name>&amp;*@HUST_text</name>
		<bndbox>
			<xmin>863</xmin>
			<ymin>708</ymin>
			<xmax>1017</xmax>
			<ymax>736</ymax>
		</bndbox>
	</object>
	<object>
		<difficult>0</difficult>
		<name>&amp;*@HUST_text</name>
		<bndbox>
			<xmin>1022</xmin>
			<ymin>67</ymin>
			<xmax>1114</xmax>
			<ymax>108</ymax>
		</bndbox>
	</object>
	<object>
		<difficult>1</difficult>
		<name>&amp;*@HUST_special</name>
		<bndbox>
			<xmin>1116</xmin>
			<ymin>67</ymin>
			<xmax>1163</xmax>
			<ymax>108</ymax>
		</bndbox>
	</object>
	<object>
		<difficult>0</difficult>
		<name>&amp;*@HUST_text</name>
		<bndbox>
			<xmin>1172</xmin>
			<ymin>63</ymin>
			<xmax>1253</xmax>
			<ymax>109</ymax>
		</bndbox>
	</object>
	<object>
		<difficult>1</difficult>
		<name>&amp;*@HUST_special</name>
		<bndbox>
			<xmin>1255</xmin>
			<ymin>63</ymin>
			<xmax>1298</xmax>
			<ymax>109</ymax>
		</bndbox>
	</object>
	<object>
		<difficult>0</difficult>
		<name>&amp;*@HUST_text</name>
		<bndbox>
			<xmin>1023</xmin>
			<ymin>114</ymin>
			<xmax>1109</xmax>
			<ymax>143</ymax>
		</bndbox>
	</object>
	<object>
		<difficult>0</difficult>
		<name>&amp;*@HUST_text</name>
		<bndbox>
			<xmin>1023</xmin>
			<ymin>147</ymin>
			<xmax>1108</xmax>
			<ymax>176</ymax>
		</bndbox>
	</object>
	<object>
		<difficult>0</difficult>
		<name>&amp;*@HUST_text</name>
		<bndbox>
			<xmin>1024</xmin>
			<ymin>180</ymin>
			<xmax>1109</xmax>
			<ymax>209</ymax>
		</bndbox>
	</object>
	<object>
		<difficult>0</difficult>
		<name>&amp;*@HUST_text</name>
		<bndbox>
			<xmin>1023</xmin>
			<ymin>213</ymin>
			<xmax>1110</xmax>
			<ymax>242</ymax>
		</bndbox>
	</object>
	<object>
		<difficult>0</difficult>
		<name>&amp;*@HUST_text</name>
		<bndbox>
			<xmin>1022</xmin>
			<ymin>247</ymin>
			<xmax>1112</xmax>
			<ymax>274</ymax>
		</bndbox>
	</object>
	<object>
		<difficult>0</difficult>
		<name>&amp;*@HUST_text</name>
		<bndbox>
			<xmin>1024</xmin>
			<ymin>279</ymin>
			<xmax>1112</xmax>
			<ymax>307</ymax>
		</bndbox>
	</object>
	<object>
		<difficult>0</difficult>
		<name>&amp;*@HUST_text</name>
		<bndbox>
			<xmin>1022</xmin>
			<ymin>312</ymin>
			<xmax>1115</xmax>
			<ymax>340</ymax>
		</bndbox>
	</object>
	<object>
		<difficult>0</difficult>
		<name>&amp;*@HUST_text</name>
		<bndbox>
			<xmin>1023</xmin>
			<ymin>345</ymin>
			<xmax>1115</xmax>
			<ymax>373</ymax>
		</bndbox>
	</object>
	<object>
		<difficult>0</difficult>
		<name>&amp;*@HUST_text</name>
		<bndbox>
			<xmin>1023</xmin>
			<ymin>378</ymin>
			<xmax>1117</xmax>
			<ymax>406</ymax>
		</bndbox>
	</object>
	<object>
		<difficult>0</difficult>
		<name>&amp;*@HUST_text</name>
		<bndbox>
			<xmin>1022</xmin>
			<ymin>411</ymin>
			<xmax>1114</xmax>
			<ymax>440</ymax>
		</bndbox>
	</object>
	<object>
		<difficult>0</difficult>
		<name>&amp;*@HUST_text</name>
		<bndbox>
			<xmin>1023</xmin>
			<ymin>444</ymin>
			<xmax>1114</xmax>
			<ymax>472</ymax>
		</bndbox>
	</object>
	<object>
		<difficult>0</difficult>
		<name>&amp;*@HUST_text</name>
		<bndbox>
			<xmin>1022</xmin>
			<ymin>476</ymin>
			<xmax>1116</xmax>
			<ymax>506</ymax>
		</bndbox>
	</object>
	<object>
		<difficult>0</difficult>
		<name>&amp;*@HUST_text</name>
		<bndbox>
			<xmin>1022</xmin>
			<ymin>510</ymin>
			<xmax>1116</xmax>
			<ymax>538</ymax>
		</bndbox>
	</object>
	<object>
		<difficult>0</difficult>
		<name>&amp;*@HUST_text</name>
		<bndbox>
			<xmin>1022</xmin>
			<ymin>543</ymin>
			<xmax>1113</xmax>
			<ymax>571</ymax>
		</bndbox>
	</object>
	<object>
		<difficult>0</difficult>
		<name>&amp;*@HUST_text</name>
		<bndbox>
			<xmin>1022</xmin>
			<ymin>577</ymin>
			<xmax>1113</xmax>
			<ymax>604</ymax>
		</bndbox>
	</object>
	<object>
		<difficult>0</difficult>
		<name>&amp;*@HUST_text</name>
		<bndbox>
			<xmin>1022</xmin>
			<ymin>609</ymin>
			<xmax>1112</xmax>
			<ymax>638</ymax>
		</bndbox>
	</object>
	<object>
		<difficult>0</difficult>
		<name>&amp;*@HUST_text</name>
		<bndbox>
			<xmin>1022</xmin>
			<ymin>642</ymin>
			<xmax>1117</xmax>
			<ymax>671</ymax>
		</bndbox>
	</object>
	<object>
		<difficult>0</difficult>
		<name>&amp;*@HUST_text</name>
		<bndbox>
			<xmin>1022</xmin>
			<ymin>675</ymin>
			<xmax>1117</xmax>
			<ymax>703</ymax>
		</bndbox>
	</object>
	<object>
		<difficult>0</difficult>
		<name>&amp;*@HUST_text</name>
		<bndbox>
			<xmin>1022</xmin>
			<ymin>708</ymin>
			<xmax>1116</xmax>
			<ymax>737</ymax>
		</bndbox>
	</object>
	<object>
		<difficult>0</difficult>
		<name>&amp;*@HUST_text</name>
		<bndbox>
			<xmin>1357</xmin>
			<ymin>65</ymin>
			<xmax>1496</xmax>
			<ymax>108</ymax>
		</bndbox>
	</object>
	<object>
		<difficult>1</difficult>
		<name>&amp;*@HUST_special</name>
		<bndbox>
			<xmin>1499</xmin>
			<ymin>66</ymin>
			<xmax>1533</xmax>
			<ymax>110</ymax>
		</bndbox>
	</object>
	<object>
		<difficult>1</difficult>
		<name>&amp;*@HUST_special</name>
		<bndbox>
			<xmin>1543</xmin>
			<ymin>55</ymin>
			<xmax>1557</xmax>
			<ymax>69</ymax>
		</bndbox>
	</object>
	<object>
		<difficult>0</difficult>
		<name>&amp;*@HUST_text</name>
		<bndbox>
			<xmin>1333</xmin>
			<ymin>114</ymin>
			<xmax>1536</xmax>
			<ymax>141</ymax>
		</bndbox>
	</object>
	<object>
		<difficult>0</difficult>
		<name>&amp;*@HUST_text</name>
		<bndbox>
			<xmin>1332</xmin>
			<ymin>147</ymin>
			<xmax>1536</xmax>
			<ymax>174</ymax>
		</bndbox>
	</object>
	<object>
		<difficult>0</difficult>
		<name>&amp;*@HUST_text</name>
		<bndbox>
			<xmin>1333</xmin>
			<ymin>180</ymin>
			<xmax>1537</xmax>
			<ymax>208</ymax>
		</bndbox>
	</object>
	<object>
		<difficult>0</difficult>
		<name>&amp;*@HUST_text</name>
		<bndbox>
			<xmin>1332</xmin>
			<ymin>213</ymin>
			<xmax>1537</xmax>
			<ymax>241</ymax>
		</bndbox>
	</object>
	<object>
		<difficult>0</difficult>
		<name>&amp;*@HUST_text</name>
		<bndbox>
			<xmin>1332</xmin>
			<ymin>247</ymin>
			<xmax>1537</xmax>
			<ymax>274</ymax>
		</bndbox>
	</object>
	<object>
		<difficult>0</difficult>
		<name>&amp;*@HUST_text</name>
		<bndbox>
			<xmin>1332</xmin>
			<ymin>279</ymin>
			<xmax>1537</xmax>
			<ymax>306</ymax>
		</bndbox>
	</object>
	<object>
		<difficult>0</difficult>
		<name>&amp;*@HUST_text</name>
		<bndbox>
			<xmin>1332</xmin>
			<ymin>312</ymin>
			<xmax>1537</xmax>
			<ymax>340</ymax>
		</bndbox>
	</object>
	<object>
		<difficult>0</difficult>
		<name>&amp;*@HUST_text</name>
		<bndbox>
			<xmin>1333</xmin>
			<ymin>345</ymin>
			<xmax>1539</xmax>
			<ymax>373</ymax>
		</bndbox>
	</object>
	<object>
		<difficult>0</difficult>
		<name>&amp;*@HUST_text</name>
		<bndbox>
			<xmin>1332</xmin>
			<ymin>379</ymin>
			<xmax>1537</xmax>
			<ymax>406</ymax>
		</bndbox>
	</object>
	<object>
		<difficult>0</difficult>
		<name>&amp;*@HUST_text</name>
		<bndbox>
			<xmin>1332</xmin>
			<ymin>412</ymin>
			<xmax>1537</xmax>
			<ymax>439</ymax>
		</bndbox>
	</object>
	<object>
		<difficult>0</difficult>
		<name>&amp;*@HUST_text</name>
		<bndbox>
			<xmin>1332</xmin>
			<ymin>445</ymin>
			<xmax>1538</xmax>
			<ymax>473</ymax>
		</bndbox>
	</object>
	<object>
		<difficult>0</difficult>
		<name>&amp;*@HUST_text</name>
		<bndbox>
			<xmin>1333</xmin>
			<ymin>478</ymin>
			<xmax>1538</xmax>
			<ymax>506</ymax>
		</bndbox>
	</object>
	<object>
		<difficult>0</difficult>
		<name>&amp;*@HUST_text</name>
		<bndbox>
			<xmin>1332</xmin>
			<ymin>511</ymin>
			<xmax>1538</xmax>
			<ymax>539</ymax>
		</bndbox>
	</object>
	<object>
		<difficult>0</difficult>
		<name>&amp;*@HUST_text</name>
		<bndbox>
			<xmin>1332</xmin>
			<ymin>544</ymin>
			<xmax>1539</xmax>
			<ymax>570</ymax>
		</bndbox>
	</object>
	<object>
		<difficult>0</difficult>
		<name>&amp;*@HUST_text</name>
		<bndbox>
			<xmin>1332</xmin>
			<ymin>576</ymin>
			<xmax>1539</xmax>
			<ymax>603</ymax>
		</bndbox>
	</object>
	<object>
		<difficult>0</difficult>
		<name>&amp;*@HUST_text</name>
		<bndbox>
			<xmin>1332</xmin>
			<ymin>609</ymin>
			<xmax>1539</xmax>
			<ymax>638</ymax>
		</bndbox>
	</object>
	<object>
		<difficult>0</difficult>
		<name>&amp;*@HUST_text</name>
		<bndbox>
			<xmin>1332</xmin>
			<ymin>642</ymin>
			<xmax>1539</xmax>
			<ymax>671</ymax>
		</bndbox>
	</object>
	<object>
		<difficult>0</difficult>
		<name>&amp;*@HUST_text</name>
		<bndbox>
			<xmin>1332</xmin>
			<ymin>675</ymin>
			<xmax>1538</xmax>
			<ymax>703</ymax>
		</bndbox>
	</object>
	<object>
		<difficult>0</difficult>
		<name>&amp;*@HUST_text</name>
		<bndbox>
			<xmin>1332</xmin>
			<ymin>709</ymin>
			<xmax>1538</xmax>
			<ymax>737</ymax>
		</bndbox>
	</object>
	<object>
		<difficult>1</difficult>
		<name>&amp;*@HUST_special</name>
		<bndbox>
			<xmin>1512</xmin>
			<ymin>742</ymin>
			<xmax>1537</xmax>
			<ymax>751</ymax>
		</bndbox>
	</object>
	<object>
		<difficult>1</difficult>
		<name>&amp;*@HUST_special</name>
		<bndbox>
			<xmin>1544</xmin>
			<ymin>729</ymin>
			<xmax>1557</xmax>
			<ymax>748</ymax>
		</bndbox>
	</object>
	<object>
		<difficult>1</difficult>
		<name>&amp;*@HUST_shelter</name>
		<bndbox>
			<xmin>1556</xmin>
			<ymin>0</ymin>
			<xmax>1665</xmax>
			<ymax>14</ymax>
		</bndbox>
	</object>
	<object>
		<difficult>1</difficult>
		<name>&amp;*@HUST_special</name>
		<bndbox>
			<xmin>1556</xmin>
			<ymin>17</ymin>
			<xmax>1596</xmax>
			<ymax>37</ymax>
		</bndbox>
	</object>
	<object>
		<difficult>1</difficult>
		<name>&amp;*@HUST_special</name>
		<bndbox>
			<xmin>1560</xmin>
			<ymin>39</ymin>
			<xmax>1592</xmax>
			<ymax>61</ymax>
		</bndbox>
	</object>
	<object>
		<difficult>0</difficult>
		<name>&amp;*@HUST_text</name>
		<bndbox>
			<xmin>1598</xmin>
			<ymin>16</ymin>
			<xmax>1893</xmax>
			<ymax>39</ymax>
		</bndbox>
	</object>
	<object>
		<difficult>0</difficult>
		<name>&amp;*@HUST_text</name>
		<bndbox>
			<xmin>1593</xmin>
			<ymin>40</ymin>
			<xmax>1864</xmax>
			<ymax>63</ymax>
		</bndbox>
	</object>
	<object>
		<difficult>0</difficult>
		<name>&amp;*@HUST_text</name>
		<bndbox>
			<xmin>1646</xmin>
			<ymin>112</ymin>
			<xmax>1682</xmax>
			<ymax>141</ymax>
		</bndbox>
	</object>
	<object>
		<difficult>0</difficult>
		<name>&amp;*@HUST_text</name>
		<bndbox>
			<xmin>1683</xmin>
			<ymin>178</ymin>
			<xmax>1777</xmax>
			<ymax>209</ymax>
		</bndbox>
	</object>
	<object>
		<difficult>0</difficult>
		<name>&amp;*@HUST_text</name>
		<bndbox>
			<xmin>1781</xmin>
			<ymin>242</ymin>
			<xmax>1816</xmax>
			<ymax>272</ymax>
		</bndbox>
	</object>
	<object>
		<difficult>0</difficult>
		<name>&amp;*@HUST_text</name>
		<bndbox>
			<xmin>1560</xmin>
			<ymin>365</ymin>
			<xmax>1740</xmax>
			<ymax>450</ymax>
		</bndbox>
	</object>
	<object>
		<difficult>0</difficult>
		<name>&amp;*@HUST_text</name>
		<bndbox>
			<xmin>1689</xmin>
			<ymin>469</ymin>
			<xmax>1827</xmax>
			<ymax>502</ymax>
		</bndbox>
	</object>
	<object>
		<difficult>0</difficult>
		<name>&amp;*@HUST_text</name>
		<bndbox>
			<xmin>1651</xmin>
			<ymin>523</ymin>
			<xmax>1687</xmax>
			<ymax>563</ymax>
		</bndbox>
	</object>
	<object>
		<difficult>0</difficult>
		<name>&amp;*@HUST_text</name>
		<bndbox>
			<xmin>1651</xmin>
			<ymin>580</ymin>
			<xmax>1667</xmax>
			<ymax>611</ymax>
		</bndbox>
	</object>
	<object>
		<difficult>0</difficult>
		<name>&amp;*@HUST_text</name>
		<bndbox>
			<xmin>1651</xmin>
			<ymin>632</ymin>
			<xmax>1657</xmax>
			<ymax>672</ymax>
		</bndbox>
	</object>
	<object>
		<difficult>0</difficult>
		<name>&amp;*@HUST_text</name>
		<bndbox>
			<xmin>1650</xmin>
			<ymin>687</ymin>
			<xmax>1659</xmax>
			<ymax>727</ymax>
		</bndbox>
	</object>
	<object>
		<difficult>1</difficult>
		<name>Difficult</name>
		<bndbox>
			<xmin>1564</xmin>
			<ymin>482</ymin>
			<xmax>1644</xmax>
			<ymax>566</ymax>
		</bndbox>
	</object>
	<object>
		<difficult>1</difficult>
		<name>Difficult</name>
		<bndbox>
			<xmin>1567</xmin>
			<ymin>536</ymin>
			<xmax>1643</xmax>
			<ymax>619</ymax>
		</bndbox>
	</object>
	<object>
		<difficult>1</difficult>
		<name>Difficult</name>
		<bndbox>
			<xmin>1562</xmin>
			<ymin>592</ymin>
			<xmax>1644</xmax>
			<ymax>682</ymax>
		</bndbox>
	</object>
	<object>
		<difficult>1</difficult>
		<name>Difficult</name>
		<bndbox>
			<xmin>1567</xmin>
			<ymin>644</ymin>
			<xmax>1644</xmax>
			<ymax>730</ymax>
		</bndbox>
	</object>
	<object>
		<difficult>1</difficult>
		<name>Difficult</name>
		<bndbox>
			<xmin>1565</xmin>
			<ymin>704</ymin>
			<xmax>1645</xmax>
			<ymax>784</ymax>
		</bndbox>
	</object>
	<object>
		<difficult>0</difficult>
		<name>&amp;*@HUST_text</name>
		<bndbox>
			<xmin>1646</xmin>
			<ymin>741</ymin>
			<xmax>1881</xmax>
			<ymax>773</ymax>
		</bndbox>
	</object>
	<object>
		<difficult>1</difficult>
		<name>&amp;*@HUST_special</name>
		<bndbox>
			<xmin>1616</xmin>
			<ymin>789</ymin>
			<xmax>1652</xmax>
			<ymax>817</ymax>
		</bndbox>
	</object>
	<object>
		<difficult>0</difficult>
		<name>&amp;*@HUST_text</name>
		<bndbox>
			<xmin>1653</xmin>
			<ymin>788</ymin>
			<xmax>1742</xmax>
			<ymax>817</ymax>
		</bndbox>
	</object>
	<object>
		<difficult>1</difficult>
		<name>&amp;*@HUST_special</name>
		<bndbox>
			<xmin>1743</xmin>
			<ymin>788</ymin>
			<xmax>1776</xmax>
			<ymax>817</ymax>
		</bndbox>
	</object>
	<object>
		<difficult>0</difficult>
		<name>&amp;*@HUST_text</name>
		<bndbox>
			<xmin>1778</xmin>
			<ymin>788</ymin>
			<xmax>1859</xmax>
			<ymax>816</ymax>
		</bndbox>
	</object>
</annotation>