<annotation>
	<filename>图像 3961.png</filename>
	<size>
		<width>455</width>
		<height>393</height>
		<depth>3</depth>
	</size>
	<segmented>0</segmented>
	<object>
		<difficult>0</difficult>
		<name>&amp;*@HUST_text</name>
		<bndbox>
			<xmin>117</xmin>
			<ymin>29</ymin>
			<xmax>361</xmax>
			<ymax>62</ymax>
		</bndbox>
	</object>
	<object>
		<difficult>1</difficult>
		<name>&amp;*@HUST_special</name>
		<bndbox>
			<xmin>26</xmin>
			<ymin>68</ymin>
			<xmax>124</xmax>
			<ymax>164</ymax>
		</bndbox>
	</object>
	<object>
		<difficult>0</difficult>
		<name>&amp;*@HUST_text</name>
		<bndbox>
			<xmin>126</xmin>
			<ymin>77</ymin>
			<xmax>436</xmax>
			<ymax>107</ymax>
		</bndbox>
	</object>
	<object>
		<difficult>0</difficult>
		<name>&amp;*@HUST_text</name>
		<bndbox>
			<xmin>126</xmin>
			<ymin>107</ymin>
			<xmax>320</xmax>
			<ymax>129</ymax>
		</bndbox>
	</object>
	<object>
		<difficult>0</difficult>
		<name>&amp;*@HUST_text</name>
		<bndbox>
			<xmin>126</xmin>
			<ymin>129</ymin>
			<xmax>445</xmax>
			<ymax>152</ymax>
		</bndbox>
	</object>
	<object>
		<difficult>0</difficult>
		<name>&amp;*@HUST_text</name>
		<bndbox>
			<xmin>126</xmin>
			<ymin>153</ymin>
			<xmax>254</xmax>
			<ymax>176</ymax>
		</bndbox>
	</object>
	<object>
		<difficult>0</difficult>
		<name>&amp;*@HUST_text</name>
		<bndbox>
			<xmin>126</xmin>
			<ymin>176</ymin>
			<xmax>440</xmax>
			<ymax>199</ymax>
		</bndbox>
	</object>
	<object>
		<difficult>0</difficult>
		<name>&amp;*@HUST_text</name>
		<bndbox>
			<xmin>126</xmin>
			<ymin>199</ymin>
			<xmax>441</xmax>
			<ymax>222</ymax>
		</bndbox>
	</object>
	<object>
		<difficult>0</difficult>
		<name>&amp;*@HUST_text</name>
		<bndbox>
			<xmin>126</xmin>
			<ymin>223</ymin>
			<xmax>441</xmax>
			<ymax>244</ymax>
		</bndbox>
	</object>
	<object>
		<difficult>0</difficult>
		<name>&amp;*@HUST_text</name>
		<bndbox>
			<xmin>126</xmin>
			<ymin>245</ymin>
			<xmax>241</xmax>
			<ymax>267</ymax>
		</bndbox>
	</object>
	<object>
		<difficult>0</difficult>
		<name>&amp;*@HUST_text</name>
		<bndbox>
			<xmin>126</xmin>
			<ymin>267</ymin>
			<xmax>447</xmax>
			<ymax>290</ymax>
		</bndbox>
	</object>
	<object>
		<difficult>0</difficult>
		<name>&amp;*@HUST_text</name>
		<bndbox>
			<xmin>126</xmin>
			<ymin>291</ymin>
			<xmax>363</xmax>
			<ymax>313</ymax>
		</bndbox>
	</object>
	<object>
		<difficult>0</difficult>
		<name>&amp;*@HUST_text</name>
		<bndbox>
			<xmin>126</xmin>
			<ymin>314</ymin>
			<xmax>260</xmax>
			<ymax>336</ymax>
		</bndbox>
	</object>
	<object>
		<difficult>0</difficult>
		<name>&amp;*@HUST_text</name>
		<bndbox>
			<xmin>126</xmin>
			<ymin>337</ymin>
			<xmax>313</xmax>
			<ymax>362</ymax>
		</bndbox>
	</object>
</annotation>