<annotation>
	<filename>图像 4751.png</filename>
	<size>
		<width>194</width>
		<height>71</height>
		<depth>3</depth>
	</size>
	<segmented>0</segmented>
	<object>
		<difficult>0</difficult>
		<name>&amp;*@HUST_text</name>
		<bndbox>
			<xmin>6</xmin>
			<ymin>5</ymin>
			<xmax>98</xmax>
			<ymax>35</ymax>
		</bndbox>
	</object>
	<object>
		<difficult>0</difficult>
		<name>&amp;*@HUST_text</name>
		<bndbox>
			<xmin>6</xmin>
			<ymin>36</ymin>
			<xmax>140</xmax>
			<ymax>65</ymax>
		</bndbox>
	</object>
	<object>
		<difficult>1</difficult>
		<name>&amp;*@HUST_shelter</name>
		<bndbox>
			<xmin>187</xmin>
			<ymin>5</ymin>
			<xmax>194</xmax>
			<ymax>31</ymax>
		</bndbox>
	</object>
</annotation>