<annotation>
	<filename>图像 5161.png</filename>
	<size>
		<width>1225</width>
		<height>911</height>
		<depth>3</depth>
	</size>
	<segmented>0</segmented>
	<object>
		<difficult>0</difficult>
		<name>&amp;*@HUST_text</name>
		<bndbox>
			<xmin>2</xmin>
			<ymin>1</ymin>
			<xmax>83</xmax>
			<ymax>40</ymax>
		</bndbox>
	</object>
	<object>
		<difficult>0</difficult>
		<name>&amp;*@HUST_text</name>
		<bndbox>
			<xmin>86</xmin>
			<ymin>1</ymin>
			<xmax>169</xmax>
			<ymax>41</ymax>
		</bndbox>
	</object>
	<object>
		<difficult>1</difficult>
		<name>&amp;*@HUST_special</name>
		<bndbox>
			<xmin>2</xmin>
			<ymin>42</ymin>
			<xmax>935</xmax>
			<ymax>49</ymax>
		</bndbox>
	</object>
	<object>
		<difficult>1</difficult>
		<name>&amp;*@HUST_special</name>
		<bndbox>
			<xmin>2</xmin>
			<ymin>51</ymin>
			<xmax>28</xmax>
			<ymax>85</ymax>
		</bndbox>
	</object>
	<object>
		<difficult>0</difficult>
		<name>&amp;*@HUST_text</name>
		<bndbox>
			<xmin>1</xmin>
			<ymin>87</ymin>
			<xmax>938</xmax>
			<ymax>90</ymax>
		</bndbox>
	</object>
	<object>
		<difficult>1</difficult>
		<name>&amp;*@HUST_special</name>
		<bndbox>
			<xmin>1</xmin>
			<ymin>94</ymin>
			<xmax>28</xmax>
			<ymax>126</ymax>
		</bndbox>
	</object>
	<object>
		<difficult>0</difficult>
		<name>&amp;*@HUST_text</name>
		<bndbox>
			<xmin>1</xmin>
			<ymin>127</ymin>
			<xmax>942</xmax>
			<ymax>133</ymax>
		</bndbox>
	</object>
	<object>
		<difficult>0</difficult>
		<name>&amp;*@HUST_text</name>
		<bndbox>
			<xmin>30</xmin>
			<ymin>51</ymin>
			<xmax>60</xmax>
			<ymax>85</ymax>
		</bndbox>
	</object>
	<object>
		<difficult>0</difficult>
		<name>&amp;*@HUST_text</name>
		<bndbox>
			<xmin>30</xmin>
			<ymin>94</ymin>
			<xmax>52</xmax>
			<ymax>126</ymax>
		</bndbox>
	</object>
	<object>
		<difficult>1</difficult>
		<name>&amp;*@HUST_special</name>
		<bndbox>
			<xmin>1</xmin>
			<ymin>134</ymin>
			<xmax>29</xmax>
			<ymax>168</ymax>
		</bndbox>
	</object>
	<object>
		<difficult>0</difficult>
		<name>&amp;*@HUST_text</name>
		<bndbox>
			<xmin>30</xmin>
			<ymin>134</ymin>
			<xmax>52</xmax>
			<ymax>168</ymax>
		</bndbox>
	</object>
	<object>
		<difficult>0</difficult>
		<name>&amp;*@HUST_text</name>
		<bndbox>
			<xmin>1</xmin>
			<ymin>169</ymin>
			<xmax>940</xmax>
			<ymax>175</ymax>
		</bndbox>
	</object>
	<object>
		<difficult>1</difficult>
		<name>&amp;*@HUST_special</name>
		<bndbox>
			<xmin>2</xmin>
			<ymin>176</ymin>
			<xmax>29</xmax>
			<ymax>208</ymax>
		</bndbox>
	</object>
	<object>
		<difficult>0</difficult>
		<name>&amp;*@HUST_text</name>
		<bndbox>
			<xmin>30</xmin>
			<ymin>176</ymin>
			<xmax>50</xmax>
			<ymax>207</ymax>
		</bndbox>
	</object>
	<object>
		<difficult>0</difficult>
		<name>&amp;*@HUST_text</name>
		<bndbox>
			<xmin>1</xmin>
			<ymin>209</ymin>
			<xmax>938</xmax>
			<ymax>215</ymax>
		</bndbox>
	</object>
	<object>
		<difficult>1</difficult>
		<name>&amp;*@HUST_special</name>
		<bndbox>
			<xmin>2</xmin>
			<ymin>217</ymin>
			<xmax>28</xmax>
			<ymax>249</ymax>
		</bndbox>
	</object>
	<object>
		<difficult>0</difficult>
		<name>&amp;*@HUST_text</name>
		<bndbox>
			<xmin>30</xmin>
			<ymin>217</ymin>
			<xmax>57</xmax>
			<ymax>249</ymax>
		</bndbox>
	</object>
	<object>
		<difficult>0</difficult>
		<name>&amp;*@HUST_text</name>
		<bndbox>
			<xmin>2</xmin>
			<ymin>250</ymin>
			<xmax>939</xmax>
			<ymax>256</ymax>
		</bndbox>
	</object>
	<object>
		<difficult>1</difficult>
		<name>&amp;*@HUST_special</name>
		<bndbox>
			<xmin>2</xmin>
			<ymin>257</ymin>
			<xmax>29</xmax>
			<ymax>291</ymax>
		</bndbox>
	</object>
	<object>
		<difficult>0</difficult>
		<name>&amp;*@HUST_text</name>
		<bndbox>
			<xmin>30</xmin>
			<ymin>258</ymin>
			<xmax>50</xmax>
			<ymax>291</ymax>
		</bndbox>
	</object>
	<object>
		<difficult>0</difficult>
		<name>&amp;*@HUST_text</name>
		<bndbox>
			<xmin>1</xmin>
			<ymin>292</ymin>
			<xmax>941</xmax>
			<ymax>296</ymax>
		</bndbox>
	</object>
	<object>
		<difficult>1</difficult>
		<name>&amp;*@HUST_special</name>
		<bndbox>
			<xmin>2</xmin>
			<ymin>298</ymin>
			<xmax>28</xmax>
			<ymax>331</ymax>
		</bndbox>
	</object>
	<object>
		<difficult>0</difficult>
		<name>&amp;*@HUST_text</name>
		<bndbox>
			<xmin>29</xmin>
			<ymin>297</ymin>
			<xmax>51</xmax>
			<ymax>331</ymax>
		</bndbox>
	</object>
	<object>
		<difficult>0</difficult>
		<name>&amp;*@HUST_text</name>
		<bndbox>
			<xmin>3</xmin>
			<ymin>332</ymin>
			<xmax>939</xmax>
			<ymax>337</ymax>
		</bndbox>
	</object>
	<object>
		<difficult>1</difficult>
		<name>&amp;*@HUST_special</name>
		<bndbox>
			<xmin>3</xmin>
			<ymin>339</ymin>
			<xmax>27</xmax>
			<ymax>372</ymax>
		</bndbox>
	</object>
	<object>
		<difficult>0</difficult>
		<name>&amp;*@HUST_text</name>
		<bndbox>
			<xmin>28</xmin>
			<ymin>339</ymin>
			<xmax>49</xmax>
			<ymax>372</ymax>
		</bndbox>
	</object>
	<object>
		<difficult>0</difficult>
		<name>&amp;*@HUST_text</name>
		<bndbox>
			<xmin>2</xmin>
			<ymin>373</ymin>
			<xmax>941</xmax>
			<ymax>379</ymax>
		</bndbox>
	</object>
	<object>
		<difficult>1</difficult>
		<name>&amp;*@HUST_special</name>
		<bndbox>
			<xmin>3</xmin>
			<ymin>381</ymin>
			<xmax>28</xmax>
			<ymax>412</ymax>
		</bndbox>
	</object>
	<object>
		<difficult>0</difficult>
		<name>&amp;*@HUST_text</name>
		<bndbox>
			<xmin>29</xmin>
			<ymin>381</ymin>
			<xmax>51</xmax>
			<ymax>412</ymax>
		</bndbox>
	</object>
	<object>
		<difficult>0</difficult>
		<name>&amp;*@HUST_text</name>
		<bndbox>
			<xmin>1</xmin>
			<ymin>413</ymin>
			<xmax>938</xmax>
			<ymax>421</ymax>
		</bndbox>
	</object>
	<object>
		<difficult>1</difficult>
		<name>&amp;*@HUST_special</name>
		<bndbox>
			<xmin>3</xmin>
			<ymin>422</ymin>
			<xmax>29</xmax>
			<ymax>454</ymax>
		</bndbox>
	</object>
	<object>
		<difficult>0</difficult>
		<name>&amp;*@HUST_text</name>
		<bndbox>
			<xmin>30</xmin>
			<ymin>422</ymin>
			<xmax>51</xmax>
			<ymax>453</ymax>
		</bndbox>
	</object>
	<object>
		<difficult>0</difficult>
		<name>&amp;*@HUST_text</name>
		<bndbox>
			<xmin>2</xmin>
			<ymin>455</ymin>
			<xmax>936</xmax>
			<ymax>460</ymax>
		</bndbox>
	</object>
	<object>
		<difficult>1</difficult>
		<name>&amp;*@HUST_special</name>
		<bndbox>
			<xmin>2</xmin>
			<ymin>461</ymin>
			<xmax>27</xmax>
			<ymax>491</ymax>
		</bndbox>
	</object>
	<object>
		<difficult>0</difficult>
		<name>&amp;*@HUST_text</name>
		<bndbox>
			<xmin>28</xmin>
			<ymin>461</ymin>
			<xmax>49</xmax>
			<ymax>490</ymax>
		</bndbox>
	</object>
	<object>
		<difficult>1</difficult>
		<name>&amp;*@HUST_special</name>
		<bndbox>
			<xmin>3</xmin>
			<ymin>551</ymin>
			<xmax>39</xmax>
			<ymax>592</ymax>
		</bndbox>
	</object>
	<object>
		<difficult>0</difficult>
		<name>&amp;*@HUST_text</name>
		<bndbox>
			<xmin>41</xmin>
			<ymin>551</ymin>
			<xmax>169</xmax>
			<ymax>592</ymax>
		</bndbox>
	</object>
	<object>
		<difficult>0</difficult>
		<name>&amp;*@HUST_text</name>
		<bndbox>
			<xmin>62</xmin>
			<ymin>51</ymin>
			<xmax>733</xmax>
			<ymax>85</ymax>
		</bndbox>
	</object>
	<object>
		<difficult>0</difficult>
		<name>&amp;*@HUST_text</name>
		<bndbox>
			<xmin>54</xmin>
			<ymin>93</ymin>
			<xmax>379</xmax>
			<ymax>125</ymax>
		</bndbox>
	</object>
	<object>
		<difficult>0</difficult>
		<name>&amp;*@HUST_text</name>
		<bndbox>
			<xmin>54</xmin>
			<ymin>135</ymin>
			<xmax>275</xmax>
			<ymax>167</ymax>
		</bndbox>
	</object>
	<object>
		<difficult>0</difficult>
		<name>&amp;*@HUST_text</name>
		<bndbox>
			<xmin>53</xmin>
			<ymin>177</ymin>
			<xmax>478</xmax>
			<ymax>207</ymax>
		</bndbox>
	</object>
	<object>
		<difficult>0</difficult>
		<name>&amp;*@HUST_text</name>
		<bndbox>
			<xmin>59</xmin>
			<ymin>217</ymin>
			<xmax>576</xmax>
			<ymax>248</ymax>
		</bndbox>
	</object>
	<object>
		<difficult>0</difficult>
		<name>&amp;*@HUST_text</name>
		<bndbox>
			<xmin>52</xmin>
			<ymin>258</ymin>
			<xmax>528</xmax>
			<ymax>290</ymax>
		</bndbox>
	</object>
	<object>
		<difficult>0</difficult>
		<name>&amp;*@HUST_text</name>
		<bndbox>
			<xmin>53</xmin>
			<ymin>298</ymin>
			<xmax>501</xmax>
			<ymax>330</ymax>
		</bndbox>
	</object>
	<object>
		<difficult>0</difficult>
		<name>&amp;*@HUST_text</name>
		<bndbox>
			<xmin>50</xmin>
			<ymin>339</ymin>
			<xmax>522</xmax>
			<ymax>372</ymax>
		</bndbox>
	</object>
	<object>
		<difficult>0</difficult>
		<name>&amp;*@HUST_text</name>
		<bndbox>
			<xmin>52</xmin>
			<ymin>381</ymin>
			<xmax>457</xmax>
			<ymax>412</ymax>
		</bndbox>
	</object>
	<object>
		<difficult>0</difficult>
		<name>&amp;*@HUST_text</name>
		<bndbox>
			<xmin>53</xmin>
			<ymin>422</ymin>
			<xmax>646</xmax>
			<ymax>453</ymax>
		</bndbox>
	</object>
	<object>
		<difficult>0</difficult>
		<name>&amp;*@HUST_text</name>
		<bndbox>
			<xmin>51</xmin>
			<ymin>461</ymin>
			<xmax>463</xmax>
			<ymax>491</ymax>
		</bndbox>
	</object>
	<object>
		<difficult>0</difficult>
		<name>&amp;*@HUST_text</name>
		<bndbox>
			<xmin>701</xmin>
			<ymin>2</ymin>
			<xmax>803</xmax>
			<ymax>39</ymax>
		</bndbox>
	</object>
	<object>
		<difficult>0</difficult>
		<name>&amp;*@HUST_text</name>
		<bndbox>
			<xmin>822</xmin>
			<ymin>4</ymin>
			<xmax>926</xmax>
			<ymax>39</ymax>
		</bndbox>
	</object>
	<object>
		<difficult>0</difficult>
		<name>&amp;*@HUST_text</name>
		<bndbox>
			<xmin>734</xmin>
			<ymin>51</ymin>
			<xmax>807</xmax>
			<ymax>85</ymax>
		</bndbox>
	</object>
	<object>
		<difficult>0</difficult>
		<name>&amp;*@HUST_text</name>
		<bndbox>
			<xmin>734</xmin>
			<ymin>92</ymin>
			<xmax>809</xmax>
			<ymax>126</ymax>
		</bndbox>
	</object>
	<object>
		<difficult>0</difficult>
		<name>&amp;*@HUST_text</name>
		<bndbox>
			<xmin>734</xmin>
			<ymin>134</ymin>
			<xmax>810</xmax>
			<ymax>167</ymax>
		</bndbox>
	</object>
	<object>
		<difficult>0</difficult>
		<name>&amp;*@HUST_text</name>
		<bndbox>
			<xmin>734</xmin>
			<ymin>176</ymin>
			<xmax>812</xmax>
			<ymax>207</ymax>
		</bndbox>
	</object>
	<object>
		<difficult>0</difficult>
		<name>&amp;*@HUST_text</name>
		<bndbox>
			<xmin>734</xmin>
			<ymin>216</ymin>
			<xmax>812</xmax>
			<ymax>249</ymax>
		</bndbox>
	</object>
	<object>
		<difficult>0</difficult>
		<name>&amp;*@HUST_text</name>
		<bndbox>
			<xmin>734</xmin>
			<ymin>257</ymin>
			<xmax>812</xmax>
			<ymax>291</ymax>
		</bndbox>
	</object>
	<object>
		<difficult>0</difficult>
		<name>&amp;*@HUST_text</name>
		<bndbox>
			<xmin>734</xmin>
			<ymin>298</ymin>
			<xmax>812</xmax>
			<ymax>331</ymax>
		</bndbox>
	</object>
	<object>
		<difficult>0</difficult>
		<name>&amp;*@HUST_text</name>
		<bndbox>
			<xmin>734</xmin>
			<ymin>339</ymin>
			<xmax>813</xmax>
			<ymax>372</ymax>
		</bndbox>
	</object>
	<object>
		<difficult>0</difficult>
		<name>&amp;*@HUST_text</name>
		<bndbox>
			<xmin>734</xmin>
			<ymin>381</ymin>
			<xmax>813</xmax>
			<ymax>412</ymax>
		</bndbox>
	</object>
	<object>
		<difficult>0</difficult>
		<name>&amp;*@HUST_text</name>
		<bndbox>
			<xmin>734</xmin>
			<ymin>422</ymin>
			<xmax>813</xmax>
			<ymax>453</ymax>
		</bndbox>
	</object>
	<object>
		<difficult>0</difficult>
		<name>&amp;*@HUST_text</name>
		<bndbox>
			<xmin>734</xmin>
			<ymin>461</ymin>
			<xmax>813</xmax>
			<ymax>500</ymax>
		</bndbox>
	</object>
	<object>
		<difficult>0</difficult>
		<name>&amp;*@HUST_text</name>
		<bndbox>
			<xmin>828</xmin>
			<ymin>51</ymin>
			<xmax>918</xmax>
			<ymax>85</ymax>
		</bndbox>
	</object>
	<object>
		<difficult>0</difficult>
		<name>&amp;*@HUST_text</name>
		<bndbox>
			<xmin>828</xmin>
			<ymin>92</ymin>
			<xmax>918</xmax>
			<ymax>126</ymax>
		</bndbox>
	</object>
	<object>
		<difficult>0</difficult>
		<name>&amp;*@HUST_text</name>
		<bndbox>
			<xmin>828</xmin>
			<ymin>134</ymin>
			<xmax>918</xmax>
			<ymax>167</ymax>
		</bndbox>
	</object>
	<object>
		<difficult>0</difficult>
		<name>&amp;*@HUST_text</name>
		<bndbox>
			<xmin>828</xmin>
			<ymin>176</ymin>
			<xmax>919</xmax>
			<ymax>207</ymax>
		</bndbox>
	</object>
	<object>
		<difficult>0</difficult>
		<name>&amp;*@HUST_text</name>
		<bndbox>
			<xmin>829</xmin>
			<ymin>216</ymin>
			<xmax>921</xmax>
			<ymax>249</ymax>
		</bndbox>
	</object>
	<object>
		<difficult>0</difficult>
		<name>&amp;*@HUST_text</name>
		<bndbox>
			<xmin>829</xmin>
			<ymin>257</ymin>
			<xmax>922</xmax>
			<ymax>291</ymax>
		</bndbox>
	</object>
	<object>
		<difficult>0</difficult>
		<name>&amp;*@HUST_text</name>
		<bndbox>
			<xmin>829</xmin>
			<ymin>298</ymin>
			<xmax>921</xmax>
			<ymax>331</ymax>
		</bndbox>
	</object>
	<object>
		<difficult>0</difficult>
		<name>&amp;*@HUST_text</name>
		<bndbox>
			<xmin>829</xmin>
			<ymin>339</ymin>
			<xmax>922</xmax>
			<ymax>372</ymax>
		</bndbox>
	</object>
	<object>
		<difficult>0</difficult>
		<name>&amp;*@HUST_text</name>
		<bndbox>
			<xmin>829</xmin>
			<ymin>381</ymin>
			<xmax>923</xmax>
			<ymax>411</ymax>
		</bndbox>
	</object>
	<object>
		<difficult>0</difficult>
		<name>&amp;*@HUST_text</name>
		<bndbox>
			<xmin>829</xmin>
			<ymin>422</ymin>
			<xmax>925</xmax>
			<ymax>453</ymax>
		</bndbox>
	</object>
	<object>
		<difficult>0</difficult>
		<name>&amp;*@HUST_text</name>
		<bndbox>
			<xmin>829</xmin>
			<ymin>461</ymin>
			<xmax>926</xmax>
			<ymax>499</ymax>
		</bndbox>
	</object>
	<object>
		<difficult>0</difficult>
		<name>&amp;*@HUST_text</name>
		<bndbox>
			<xmin>842</xmin>
			<ymin>504</ymin>
			<xmax>883</xmax>
			<ymax>517</ymax>
		</bndbox>
	</object>
	<object>
		<difficult>1</difficult>
		<name>Difficult</name>
		<bndbox>
			<xmin>12</xmin>
			<ymin>606</ymin>
			<xmax>68</xmax>
			<ymax>664</ymax>
		</bndbox>
	</object>
	<object>
		<difficult>1</difficult>
		<name>&amp;*@HUST_special</name>
		<bndbox>
			<xmin>72</xmin>
			<ymin>630</ymin>
			<xmax>163</xmax>
			<ymax>714</ymax>
		</bndbox>
	</object>
	<object>
		<difficult>0</difficult>
		<name>&amp;*@HUST_text</name>
		<bndbox>
			<xmin>39</xmin>
			<ymin>716</ymin>
			<xmax>200</xmax>
			<ymax>746</ymax>
		</bndbox>
	</object>
	<object>
		<difficult>0</difficult>
		<name>&amp;*@HUST_text</name>
		<bndbox>
			<xmin>39</xmin>
			<ymin>749</ymin>
			<xmax>203</xmax>
			<ymax>783</ymax>
		</bndbox>
	</object>
	<object>
		<difficult>0</difficult>
		<name>&amp;*@HUST_text</name>
		<bndbox>
			<xmin>39</xmin>
			<ymin>787</ymin>
			<xmax>203</xmax>
			<ymax>816</ymax>
		</bndbox>
	</object>
	<object>
		<difficult>0</difficult>
		<name>&amp;*@HUST_text</name>
		<bndbox>
			<xmin>20</xmin>
			<ymin>850</ymin>
			<xmax>206</xmax>
			<ymax>888</ymax>
		</bndbox>
	</object>
	<object>
		<difficult>1</difficult>
		<name>Difficult</name>
		<bndbox>
			<xmin>232</xmin>
			<ymin>606</ymin>
			<xmax>286</xmax>
			<ymax>656</ymax>
		</bndbox>
	</object>
	<object>
		<difficult>1</difficult>
		<name>&amp;*@HUST_special</name>
		<bndbox>
			<xmin>292</xmin>
			<ymin>629</ymin>
			<xmax>381</xmax>
			<ymax>717</ymax>
		</bndbox>
	</object>
	<object>
		<difficult>0</difficult>
		<name>&amp;*@HUST_text</name>
		<bndbox>
			<xmin>244</xmin>
			<ymin>719</ymin>
			<xmax>430</xmax>
			<ymax>750</ymax>
		</bndbox>
	</object>
	<object>
		<difficult>0</difficult>
		<name>&amp;*@HUST_text</name>
		<bndbox>
			<xmin>244</xmin>
			<ymin>753</ymin>
			<xmax>430</xmax>
			<ymax>785</ymax>
		</bndbox>
	</object>
	<object>
		<difficult>0</difficult>
		<name>&amp;*@HUST_text</name>
		<bndbox>
			<xmin>244</xmin>
			<ymin>788</ymin>
			<xmax>431</xmax>
			<ymax>815</ymax>
		</bndbox>
	</object>
	<object>
		<difficult>0</difficult>
		<name>&amp;*@HUST_text</name>
		<bndbox>
			<xmin>243</xmin>
			<ymin>851</ymin>
			<xmax>429</xmax>
			<ymax>886</ymax>
		</bndbox>
	</object>
	<object>
		<difficult>1</difficult>
		<name>Difficult</name>
		<bndbox>
			<xmin>455</xmin>
			<ymin>606</ymin>
			<xmax>512</xmax>
			<ymax>661</ymax>
		</bndbox>
	</object>
	<object>
		<difficult>1</difficult>
		<name>&amp;*@HUST_special</name>
		<bndbox>
			<xmin>516</xmin>
			<ymin>628</ymin>
			<xmax>606</xmax>
			<ymax>715</ymax>
		</bndbox>
	</object>
	<object>
		<difficult>0</difficult>
		<name>&amp;*@HUST_text</name>
		<bndbox>
			<xmin>463</xmin>
			<ymin>717</ymin>
			<xmax>653</xmax>
			<ymax>750</ymax>
		</bndbox>
	</object>
	<object>
		<difficult>0</difficult>
		<name>&amp;*@HUST_text</name>
		<bndbox>
			<xmin>463</xmin>
			<ymin>753</ymin>
			<xmax>655</xmax>
			<ymax>784</ymax>
		</bndbox>
	</object>
	<object>
		<difficult>0</difficult>
		<name>&amp;*@HUST_text</name>
		<bndbox>
			<xmin>463</xmin>
			<ymin>787</ymin>
			<xmax>655</xmax>
			<ymax>807</ymax>
		</bndbox>
	</object>
	<object>
		<difficult>1</difficult>
		<name>Difficult</name>
		<bndbox>
			<xmin>678</xmin>
			<ymin>606</ymin>
			<xmax>734</xmax>
			<ymax>654</ymax>
		</bndbox>
	</object>
	<object>
		<difficult>1</difficult>
		<name>&amp;*@HUST_special</name>
		<bndbox>
			<xmin>739</xmin>
			<ymin>632</ymin>
			<xmax>822</xmax>
			<ymax>712</ymax>
		</bndbox>
	</object>
	<object>
		<difficult>0</difficult>
		<name>&amp;*@HUST_text</name>
		<bndbox>
			<xmin>685</xmin>
			<ymin>715</ymin>
			<xmax>870</xmax>
			<ymax>748</ymax>
		</bndbox>
	</object>
	<object>
		<difficult>0</difficult>
		<name>&amp;*@HUST_text</name>
		<bndbox>
			<xmin>685</xmin>
			<ymin>752</ymin>
			<xmax>870</xmax>
			<ymax>781</ymax>
		</bndbox>
	</object>
	<object>
		<difficult>0</difficult>
		<name>&amp;*@HUST_text</name>
		<bndbox>
			<xmin>685</xmin>
			<ymin>784</ymin>
			<xmax>873</xmax>
			<ymax>819</ymax>
		</bndbox>
	</object>
	<object>
		<difficult>0</difficult>
		<name>&amp;*@HUST_text</name>
		<bndbox>
			<xmin>691</xmin>
			<ymin>853</ymin>
			<xmax>870</xmax>
			<ymax>889</ymax>
		</bndbox>
	</object>
	<object>
		<difficult>0</difficult>
		<name>&amp;*@HUST_text</name>
		<bndbox>
			<xmin>464</xmin>
			<ymin>852</ymin>
			<xmax>648</xmax>
			<ymax>889</ymax>
		</bndbox>
	</object>
	<object>
		<difficult>0</difficult>
		<name>&amp;*@HUST_text</name>
		<bndbox>
			<xmin>969</xmin>
			<ymin>0</ymin>
			<xmax>1032</xmax>
			<ymax>40</ymax>
		</bndbox>
	</object>
	<object>
		<difficult>0</difficult>
		<name>&amp;*@HUST_text</name>
		<bndbox>
			<xmin>1080</xmin>
			<ymin>1</ymin>
			<xmax>1193</xmax>
			<ymax>40</ymax>
		</bndbox>
	</object>
	<object>
		<difficult>1</difficult>
		<name>&amp;*@HUST_special</name>
		<bndbox>
			<xmin>964</xmin>
			<ymin>42</ymin>
			<xmax>1200</xmax>
			<ymax>52</ymax>
		</bndbox>
	</object>
	<object>
		<difficult>0</difficult>
		<name>&amp;*@HUST_text</name>
		<bndbox>
			<xmin>968</xmin>
			<ymin>61</ymin>
			<xmax>1032</xmax>
			<ymax>90</ymax>
		</bndbox>
	</object>
	<object>
		<difficult>0</difficult>
		<name>&amp;*@HUST_text</name>
		<bndbox>
			<xmin>968</xmin>
			<ymin>92</ymin>
			<xmax>1081</xmax>
			<ymax>127</ymax>
		</bndbox>
	</object>
	<object>
		<difficult>0</difficult>
		<name>&amp;*@HUST_text</name>
		<bndbox>
			<xmin>1083</xmin>
			<ymin>60</ymin>
			<xmax>1149</xmax>
			<ymax>86</ymax>
		</bndbox>
	</object>
	<object>
		<difficult>0</difficult>
		<name>&amp;*@HUST_text</name>
		<bndbox>
			<xmin>1084</xmin>
			<ymin>90</ymin>
			<xmax>1191</xmax>
			<ymax>126</ymax>
		</bndbox>
	</object>
	<object>
		<difficult>1</difficult>
		<name>&amp;*@HUST_special</name>
		<bndbox>
			<xmin>963</xmin>
			<ymin>128</ymin>
			<xmax>1200</xmax>
			<ymax>134</ymax>
		</bndbox>
	</object>
	<object>
		<difficult>0</difficult>
		<name>&amp;*@HUST_text</name>
		<bndbox>
			<xmin>963</xmin>
			<ymin>141</ymin>
			<xmax>1046</xmax>
			<ymax>170</ymax>
		</bndbox>
	</object>
	<object>
		<difficult>0</difficult>
		<name>&amp;*@HUST_text</name>
		<bndbox>
			<xmin>963</xmin>
			<ymin>172</ymin>
			<xmax>1072</xmax>
			<ymax>208</ymax>
		</bndbox>
	</object>
	<object>
		<difficult>0</difficult>
		<name>&amp;*@HUST_text</name>
		<bndbox>
			<xmin>1084</xmin>
			<ymin>140</ymin>
			<xmax>1202</xmax>
			<ymax>173</ymax>
		</bndbox>
	</object>
	<object>
		<difficult>0</difficult>
		<name>&amp;*@HUST_text</name>
		<bndbox>
			<xmin>1084</xmin>
			<ymin>175</ymin>
			<xmax>1191</xmax>
			<ymax>207</ymax>
		</bndbox>
	</object>
	<object>
		<difficult>1</difficult>
		<name>&amp;*@HUST_special</name>
		<bndbox>
			<xmin>963</xmin>
			<ymin>211</ymin>
			<xmax>1201</xmax>
			<ymax>226</ymax>
		</bndbox>
	</object>
	<object>
		<difficult>0</difficult>
		<name>&amp;*@HUST_text</name>
		<bndbox>
			<xmin>963</xmin>
			<ymin>229</ymin>
			<xmax>1059</xmax>
			<ymax>259</ymax>
		</bndbox>
	</object>
	<object>
		<difficult>0</difficult>
		<name>&amp;*@HUST_text</name>
		<bndbox>
			<xmin>964</xmin>
			<ymin>261</ymin>
			<xmax>1059</xmax>
			<ymax>296</ymax>
		</bndbox>
	</object>
	<object>
		<difficult>0</difficult>
		<name>&amp;*@HUST_text</name>
		<bndbox>
			<xmin>1078</xmin>
			<ymin>230</ymin>
			<xmax>1186</xmax>
			<ymax>259</ymax>
		</bndbox>
	</object>
	<object>
		<difficult>0</difficult>
		<name>&amp;*@HUST_text</name>
		<bndbox>
			<xmin>1078</xmin>
			<ymin>264</ymin>
			<xmax>1188</xmax>
			<ymax>290</ymax>
		</bndbox>
	</object>
	<object>
		<difficult>1</difficult>
		<name>&amp;*@HUST_special</name>
		<bndbox>
			<xmin>963</xmin>
			<ymin>298</ymin>
			<xmax>1206</xmax>
			<ymax>310</ymax>
		</bndbox>
	</object>
	<object>
		<difficult>0</difficult>
		<name>&amp;*@HUST_text</name>
		<bndbox>
			<xmin>965</xmin>
			<ymin>317</ymin>
			<xmax>1064</xmax>
			<ymax>348</ymax>
		</bndbox>
	</object>
	<object>
		<difficult>0</difficult>
		<name>&amp;*@HUST_text</name>
		<bndbox>
			<xmin>964</xmin>
			<ymin>349</ymin>
			<xmax>1066</xmax>
			<ymax>379</ymax>
		</bndbox>
	</object>
	<object>
		<difficult>0</difficult>
		<name>&amp;*@HUST_text</name>
		<bndbox>
			<xmin>1079</xmin>
			<ymin>319</ymin>
			<xmax>1194</xmax>
			<ymax>346</ymax>
		</bndbox>
	</object>
	<object>
		<difficult>0</difficult>
		<name>&amp;*@HUST_text</name>
		<bndbox>
			<xmin>1079</xmin>
			<ymin>349</ymin>
			<xmax>1198</xmax>
			<ymax>380</ymax>
		</bndbox>
	</object>
	<object>
		<difficult>1</difficult>
		<name>&amp;*@HUST_special</name>
		<bndbox>
			<xmin>964</xmin>
			<ymin>382</ymin>
			<xmax>1205</xmax>
			<ymax>398</ymax>
		</bndbox>
	</object>
	<object>
		<difficult>0</difficult>
		<name>&amp;*@HUST_text</name>
		<bndbox>
			<xmin>965</xmin>
			<ymin>404</ymin>
			<xmax>1077</xmax>
			<ymax>441</ymax>
		</bndbox>
	</object>
	<object>
		<difficult>0</difficult>
		<name>&amp;*@HUST_text</name>
		<bndbox>
			<xmin>965</xmin>
			<ymin>443</ymin>
			<xmax>1079</xmax>
			<ymax>485</ymax>
		</bndbox>
	</object>
	<object>
		<difficult>0</difficult>
		<name>&amp;*@HUST_text</name>
		<bndbox>
			<xmin>1080</xmin>
			<ymin>403</ymin>
			<xmax>1183</xmax>
			<ymax>440</ymax>
		</bndbox>
	</object>
	<object>
		<difficult>0</difficult>
		<name>&amp;*@HUST_text</name>
		<bndbox>
			<xmin>1082</xmin>
			<ymin>443</ymin>
			<xmax>1194</xmax>
			<ymax>485</ymax>
		</bndbox>
	</object>
	<object>
		<difficult>1</difficult>
		<name>&amp;*@HUST_special</name>
		<bndbox>
			<xmin>951</xmin>
			<ymin>537</ymin>
			<xmax>993</xmax>
			<ymax>594</ymax>
		</bndbox>
	</object>
	<object>
		<difficult>0</difficult>
		<name>&amp;*@HUST_text</name>
		<bndbox>
			<xmin>996</xmin>
			<ymin>537</ymin>
			<xmax>1124</xmax>
			<ymax>595</ymax>
		</bndbox>
	</object>
	<object>
		<difficult>0</difficult>
		<name>&amp;*@HUST_text</name>
		<bndbox>
			<xmin>964</xmin>
			<ymin>605</ymin>
			<xmax>1071</xmax>
			<ymax>625</ymax>
		</bndbox>
	</object>
	<object>
		<difficult>0</difficult>
		<name>&amp;*@HUST_text</name>
		<bndbox>
			<xmin>1090</xmin>
			<ymin>606</ymin>
			<xmax>1201</xmax>
			<ymax>627</ymax>
		</bndbox>
	</object>
	<object>
		<difficult>0</difficult>
		<name>&amp;*@HUST_text</name>
		<bndbox>
			<xmin>948</xmin>
			<ymin>645</ymin>
			<xmax>996</xmax>
			<ymax>675</ymax>
		</bndbox>
	</object>
	<object>
		<difficult>0</difficult>
		<name>&amp;*@HUST_text</name>
		<bndbox>
			<xmin>998</xmin>
			<ymin>645</ymin>
			<xmax>1088</xmax>
			<ymax>674</ymax>
		</bndbox>
	</object>
	<object>
		<difficult>0</difficult>
		<name>&amp;*@HUST_text</name>
		<bndbox>
			<xmin>1129</xmin>
			<ymin>643</ymin>
			<xmax>1171</xmax>
			<ymax>674</ymax>
		</bndbox>
	</object>
	<object>
		<difficult>0</difficult>
		<name>&amp;*@HUST_text</name>
		<bndbox>
			<xmin>1175</xmin>
			<ymin>643</ymin>
			<xmax>1215</xmax>
			<ymax>673</ymax>
		</bndbox>
	</object>
	<object>
		<difficult>1</difficult>
		<name>&amp;*@HUST_special</name>
		<bndbox>
			<xmin>949</xmin>
			<ymin>678</ymin>
			<xmax>981</xmax>
			<ymax>713</ymax>
		</bndbox>
	</object>
	<object>
		<difficult>0</difficult>
		<name>&amp;*@HUST_text</name>
		<bndbox>
			<xmin>983</xmin>
			<ymin>678</ymin>
			<xmax>1121</xmax>
			<ymax>713</ymax>
		</bndbox>
	</object>
	<object>
		<difficult>0</difficult>
		<name>&amp;*@HUST_text</name>
		<bndbox>
			<xmin>1128</xmin>
			<ymin>678</ymin>
			<xmax>1166</xmax>
			<ymax>713</ymax>
		</bndbox>
	</object>
	<object>
		<difficult>0</difficult>
		<name>&amp;*@HUST_text</name>
		<bndbox>
			<xmin>1177</xmin>
			<ymin>678</ymin>
			<xmax>1214</xmax>
			<ymax>714</ymax>
		</bndbox>
	</object>
	<object>
		<difficult>1</difficult>
		<name>&amp;*@HUST_special</name>
		<bndbox>
			<xmin>953</xmin>
			<ymin>715</ymin>
			<xmax>1213</xmax>
			<ymax>720</ymax>
		</bndbox>
	</object>
	<object>
		<difficult>1</difficult>
		<name>&amp;*@HUST_special</name>
		<bndbox>
			<xmin>948</xmin>
			<ymin>725</ymin>
			<xmax>981</xmax>
			<ymax>762</ymax>
		</bndbox>
	</object>
	<object>
		<difficult>0</difficult>
		<name>&amp;*@HUST_text</name>
		<bndbox>
			<xmin>983</xmin>
			<ymin>725</ymin>
			<xmax>1121</xmax>
			<ymax>762</ymax>
		</bndbox>
	</object>
	<object>
		<difficult>0</difficult>
		<name>&amp;*@HUST_text</name>
		<bndbox>
			<xmin>1128</xmin>
			<ymin>725</ymin>
			<xmax>1166</xmax>
			<ymax>762</ymax>
		</bndbox>
	</object>
	<object>
		<difficult>0</difficult>
		<name>&amp;*@HUST_text</name>
		<bndbox>
			<xmin>1178</xmin>
			<ymin>726</ymin>
			<xmax>1213</xmax>
			<ymax>762</ymax>
		</bndbox>
	</object>
	<object>
		<difficult>1</difficult>
		<name>&amp;*@HUST_special</name>
		<bndbox>
			<xmin>945</xmin>
			<ymin>763</ymin>
			<xmax>1213</xmax>
			<ymax>770</ymax>
		</bndbox>
	</object>
	<object>
		<difficult>1</difficult>
		<name>&amp;*@HUST_special</name>
		<bndbox>
			<xmin>945</xmin>
			<ymin>810</ymin>
			<xmax>1216</xmax>
			<ymax>819</ymax>
		</bndbox>
	</object>
	<object>
		<difficult>1</difficult>
		<name>&amp;*@HUST_special</name>
		<bndbox>
			<xmin>945</xmin>
			<ymin>860</ymin>
			<xmax>1216</xmax>
			<ymax>868</ymax>
		</bndbox>
	</object>
	<object>
		<difficult>1</difficult>
		<name>&amp;*@HUST_special</name>
		<bndbox>
			<xmin>945</xmin>
			<ymin>773</ymin>
			<xmax>983</xmax>
			<ymax>806</ymax>
		</bndbox>
	</object>
	<object>
		<difficult>1</difficult>
		<name>&amp;*@HUST_special</name>
		<bndbox>
			<xmin>944</xmin>
			<ymin>822</ymin>
			<xmax>982</xmax>
			<ymax>857</ymax>
		</bndbox>
	</object>
	<object>
		<difficult>1</difficult>
		<name>&amp;*@HUST_special</name>
		<bndbox>
			<xmin>945</xmin>
			<ymin>870</ymin>
			<xmax>982</xmax>
			<ymax>905</ymax>
		</bndbox>
	</object>
	<object>
		<difficult>0</difficult>
		<name>&amp;*@HUST_text</name>
		<bndbox>
			<xmin>985</xmin>
			<ymin>772</ymin>
			<xmax>1123</xmax>
			<ymax>807</ymax>
		</bndbox>
	</object>
	<object>
		<difficult>0</difficult>
		<name>&amp;*@HUST_text</name>
		<bndbox>
			<xmin>985</xmin>
			<ymin>822</ymin>
			<xmax>1128</xmax>
			<ymax>857</ymax>
		</bndbox>
	</object>
	<object>
		<difficult>0</difficult>
		<name>&amp;*@HUST_text</name>
		<bndbox>
			<xmin>985</xmin>
			<ymin>870</ymin>
			<xmax>1131</xmax>
			<ymax>906</ymax>
		</bndbox>
	</object>
	<object>
		<difficult>0</difficult>
		<name>&amp;*@HUST_text</name>
		<bndbox>
			<xmin>1128</xmin>
			<ymin>773</ymin>
			<xmax>1168</xmax>
			<ymax>807</ymax>
		</bndbox>
	</object>
	<object>
		<difficult>0</difficult>
		<name>&amp;*@HUST_text</name>
		<bndbox>
			<xmin>1180</xmin>
			<ymin>774</ymin>
			<xmax>1221</xmax>
			<ymax>806</ymax>
		</bndbox>
	</object>
	<object>
		<difficult>0</difficult>
		<name>&amp;*@HUST_text</name>
		<bndbox>
			<xmin>1132</xmin>
			<ymin>823</ymin>
			<xmax>1167</xmax>
			<ymax>857</ymax>
		</bndbox>
	</object>
	<object>
		<difficult>0</difficult>
		<name>&amp;*@HUST_text</name>
		<bndbox>
			<xmin>1179</xmin>
			<ymin>824</ymin>
			<xmax>1219</xmax>
			<ymax>855</ymax>
		</bndbox>
	</object>
	<object>
		<difficult>0</difficult>
		<name>&amp;*@HUST_text</name>
		<bndbox>
			<xmin>1134</xmin>
			<ymin>871</ymin>
			<xmax>1169</xmax>
			<ymax>906</ymax>
		</bndbox>
	</object>
	<object>
		<difficult>0</difficult>
		<name>&amp;*@HUST_text</name>
		<bndbox>
			<xmin>1173</xmin>
			<ymin>870</ymin>
			<xmax>1220</xmax>
			<ymax>905</ymax>
		</bndbox>
	</object>
</annotation>