<annotation>
	<filename>图像 5221.png</filename>
	<size>
		<width>928</width>
		<height>232</height>
		<depth>3</depth>
	</size>
	<segmented>0</segmented>
	<object>
		<difficult>0</difficult>
		<name>&amp;*@HUST_text</name>
		<bndbox>
			<xmin>3</xmin>
			<ymin>3</ymin>
			<xmax>159</xmax>
			<ymax>45</ymax>
		</bndbox>
	</object>
	<object>
		<difficult>0</difficult>
		<name>&amp;*@HUST_text</name>
		<bndbox>
			<xmin>4</xmin>
			<ymin>46</ymin>
			<xmax>142</xmax>
			<ymax>71</ymax>
		</bndbox>
	</object>
	<object>
		<difficult>0</difficult>
		<name>&amp;*@HUST_text</name>
		<bndbox>
			<xmin>4</xmin>
			<ymin>71</ymin>
			<xmax>198</xmax>
			<ymax>96</ymax>
		</bndbox>
	</object>
	<object>
		<difficult>0</difficult>
		<name>&amp;*@HUST_text</name>
		<bndbox>
			<xmin>4</xmin>
			<ymin>97</ymin>
			<xmax>132</xmax>
			<ymax>117</ymax>
		</bndbox>
	</object>
	<object>
		<difficult>0</difficult>
		<name>&amp;*@HUST_text</name>
		<bndbox>
			<xmin>4</xmin>
			<ymin>119</ymin>
			<xmax>99</xmax>
			<ymax>141</ymax>
		</bndbox>
	</object>
	<object>
		<difficult>0</difficult>
		<name>&amp;*@HUST_text</name>
		<bndbox>
			<xmin>5</xmin>
			<ymin>142</ymin>
			<xmax>102</xmax>
			<ymax>170</ymax>
		</bndbox>
	</object>
	<object>
		<difficult>0</difficult>
		<name>&amp;*@HUST_text</name>
		<bndbox>
			<xmin>321</xmin>
			<ymin>8</ymin>
			<xmax>479</xmax>
			<ymax>42</ymax>
		</bndbox>
	</object>
	<object>
		<difficult>0</difficult>
		<name>&amp;*@HUST_text</name>
		<bndbox>
			<xmin>321</xmin>
			<ymin>43</ymin>
			<xmax>401</xmax>
			<ymax>72</ymax>
		</bndbox>
	</object>
	<object>
		<difficult>0</difficult>
		<name>&amp;*@HUST_text</name>
		<bndbox>
			<xmin>320</xmin>
			<ymin>73</ymin>
			<xmax>404</xmax>
			<ymax>95</ymax>
		</bndbox>
	</object>
	<object>
		<difficult>0</difficult>
		<name>&amp;*@HUST_text</name>
		<bndbox>
			<xmin>320</xmin>
			<ymin>96</ymin>
			<xmax>405</xmax>
			<ymax>118</ymax>
		</bndbox>
	</object>
	<object>
		<difficult>0</difficult>
		<name>&amp;*@HUST_text</name>
		<bndbox>
			<xmin>319</xmin>
			<ymin>119</ymin>
			<xmax>433</xmax>
			<ymax>141</ymax>
		</bndbox>
	</object>
	<object>
		<difficult>0</difficult>
		<name>&amp;*@HUST_text</name>
		<bndbox>
			<xmin>318</xmin>
			<ymin>142</ymin>
			<xmax>406</xmax>
			<ymax>163</ymax>
		</bndbox>
	</object>
	<object>
		<difficult>0</difficult>
		<name>&amp;*@HUST_text</name>
		<bndbox>
			<xmin>318</xmin>
			<ymin>164</ymin>
			<xmax>396</xmax>
			<ymax>186</ymax>
		</bndbox>
	</object>
	<object>
		<difficult>0</difficult>
		<name>&amp;*@HUST_text</name>
		<bndbox>
			<xmin>317</xmin>
			<ymin>187</ymin>
			<xmax>417</xmax>
			<ymax>212</ymax>
		</bndbox>
	</object>
	<object>
		<difficult>0</difficult>
		<name>&amp;*@HUST_text</name>
		<bndbox>
			<xmin>475</xmin>
			<ymin>48</ymin>
			<xmax>543</xmax>
			<ymax>70</ymax>
		</bndbox>
	</object>
	<object>
		<difficult>0</difficult>
		<name>&amp;*@HUST_text</name>
		<bndbox>
			<xmin>475</xmin>
			<ymin>71</ymin>
			<xmax>558</xmax>
			<ymax>96</ymax>
		</bndbox>
	</object>
	<object>
		<difficult>0</difficult>
		<name>&amp;*@HUST_text</name>
		<bndbox>
			<xmin>475</xmin>
			<ymin>97</ymin>
			<xmax>537</xmax>
			<ymax>119</ymax>
		</bndbox>
	</object>
	<object>
		<difficult>0</difficult>
		<name>&amp;*@HUST_text</name>
		<bndbox>
			<xmin>474</xmin>
			<ymin>120</ymin>
			<xmax>569</xmax>
			<ymax>141</ymax>
		</bndbox>
	</object>
	<object>
		<difficult>0</difficult>
		<name>&amp;*@HUST_text</name>
		<bndbox>
			<xmin>474</xmin>
			<ymin>141</ymin>
			<xmax>601</xmax>
			<ymax>163</ymax>
		</bndbox>
	</object>
	<object>
		<difficult>0</difficult>
		<name>&amp;*@HUST_text</name>
		<bndbox>
			<xmin>474</xmin>
			<ymin>164</ymin>
			<xmax>544</xmax>
			<ymax>191</ymax>
		</bndbox>
	</object>
	<object>
		<difficult>0</difficult>
		<name>&amp;*@HUST_text</name>
		<bndbox>
			<xmin>635</xmin>
			<ymin>8</ymin>
			<xmax>790</xmax>
			<ymax>48</ymax>
		</bndbox>
	</object>
	<object>
		<difficult>0</difficult>
		<name>&amp;*@HUST_text</name>
		<bndbox>
			<xmin>636</xmin>
			<ymin>49</ymin>
			<xmax>714</xmax>
			<ymax>74</ymax>
		</bndbox>
	</object>
	<object>
		<difficult>0</difficult>
		<name>&amp;*@HUST_text</name>
		<bndbox>
			<xmin>636</xmin>
			<ymin>76</ymin>
			<xmax>744</xmax>
			<ymax>98</ymax>
		</bndbox>
	</object>
	<object>
		<difficult>0</difficult>
		<name>&amp;*@HUST_text</name>
		<bndbox>
			<xmin>636</xmin>
			<ymin>99</ymin>
			<xmax>715</xmax>
			<ymax>130</ymax>
		</bndbox>
	</object>
</annotation>