<annotation>
	<filename>图像 4781.png</filename>
	<size>
		<width>770</width>
		<height>611</height>
		<depth>3</depth>
	</size>
	<segmented>0</segmented>
	<object>
		<difficult>1</difficult>
		<name>&amp;*@HUST_shelter</name>
		<bndbox>
			<xmin>439</xmin>
			<ymin>0</ymin>
			<xmax>769</xmax>
			<ymax>2</ymax>
		</bndbox>
	</object>
	<object>
		<difficult>0</difficult>
		<name>&amp;*@HUST_text</name>
		<bndbox>
			<xmin>0</xmin>
			<ymin>4</ymin>
			<xmax>772</xmax>
			<ymax>14</ymax>
		</bndbox>
	</object>
	<object>
		<difficult>0</difficult>
		<name>&amp;*@HUST_text</name>
		<bndbox>
			<xmin>0</xmin>
			<ymin>42</ymin>
			<xmax>1017</xmax>
			<ymax>52</ymax>
		</bndbox>
	</object>
	<object>
		<difficult>0</difficult>
		<name>&amp;*@HUST_text</name>
		<bndbox>
			<xmin>0</xmin>
			<ymin>82</ymin>
			<xmax>982</xmax>
			<ymax>90</ymax>
		</bndbox>
	</object>
	<object>
		<difficult>0</difficult>
		<name>&amp;*@HUST_text</name>
		<bndbox>
			<xmin>0</xmin>
			<ymin>147</ymin>
			<xmax>961</xmax>
			<ymax>156</ymax>
		</bndbox>
	</object>
	<object>
		<difficult>0</difficult>
		<name>&amp;*@HUST_text</name>
		<bndbox>
			<xmin>0</xmin>
			<ymin>214</ymin>
			<xmax>929</xmax>
			<ymax>223</ymax>
		</bndbox>
	</object>
	<object>
		<difficult>0</difficult>
		<name>&amp;*@HUST_text</name>
		<bndbox>
			<xmin>0</xmin>
			<ymin>279</ymin>
			<xmax>838</xmax>
			<ymax>289</ymax>
		</bndbox>
	</object>
	<object>
		<difficult>0</difficult>
		<name>&amp;*@HUST_text</name>
		<bndbox>
			<xmin>0</xmin>
			<ymin>345</ymin>
			<xmax>770</xmax>
			<ymax>354</ymax>
		</bndbox>
	</object>
	<object>
		<difficult>0</difficult>
		<name>&amp;*@HUST_text</name>
		<bndbox>
			<xmin>0</xmin>
			<ymin>383</ymin>
			<xmax>870</xmax>
			<ymax>393</ymax>
		</bndbox>
	</object>
	<object>
		<difficult>0</difficult>
		<name>&amp;*@HUST_text</name>
		<bndbox>
			<xmin>0</xmin>
			<ymin>421</ymin>
			<xmax>770</xmax>
			<ymax>430</ymax>
		</bndbox>
	</object>
	<object>
		<difficult>0</difficult>
		<name>&amp;*@HUST_text</name>
		<bndbox>
			<xmin>0</xmin>
			<ymin>459</ymin>
			<xmax>842</xmax>
			<ymax>468</ymax>
		</bndbox>
	</object>
	<object>
		<difficult>0</difficult>
		<name>&amp;*@HUST_text</name>
		<bndbox>
			<xmin>0</xmin>
			<ymin>497</ymin>
			<xmax>813</xmax>
			<ymax>506</ymax>
		</bndbox>
	</object>
	<object>
		<difficult>0</difficult>
		<name>&amp;*@HUST_text</name>
		<bndbox>
			<xmin>0</xmin>
			<ymin>537</ymin>
			<xmax>794</xmax>
			<ymax>546</ymax>
		</bndbox>
	</object>
	<object>
		<difficult>0</difficult>
		<name>&amp;*@HUST_text</name>
		<bndbox>
			<xmin>0</xmin>
			<ymin>574</ymin>
			<xmax>794</xmax>
			<ymax>583</ymax>
		</bndbox>
	</object>
	<object>
		<difficult>0</difficult>
		<name>&amp;*@HUST_text</name>
		<bndbox>
			<xmin>4</xmin>
			<ymin>15</ymin>
			<xmax>219</xmax>
			<ymax>41</ymax>
		</bndbox>
	</object>
	<object>
		<difficult>0</difficult>
		<name>&amp;*@HUST_text</name>
		<bndbox>
			<xmin>4</xmin>
			<ymin>53</ymin>
			<xmax>202</xmax>
			<ymax>81</ymax>
		</bndbox>
	</object>
	<object>
		<difficult>0</difficult>
		<name>&amp;*@HUST_text</name>
		<bndbox>
			<xmin>2</xmin>
			<ymin>91</ymin>
			<xmax>452</xmax>
			<ymax>120</ymax>
		</bndbox>
	</object>
	<object>
		<difficult>0</difficult>
		<name>&amp;*@HUST_text</name>
		<bndbox>
			<xmin>2</xmin>
			<ymin>120</ymin>
			<xmax>155</xmax>
			<ymax>145</ymax>
		</bndbox>
	</object>
	<object>
		<difficult>1</difficult>
		<name>&amp;*@HUST_special</name>
		<bndbox>
			<xmin>158</xmin>
			<ymin>121</ymin>
			<xmax>191</xmax>
			<ymax>146</ymax>
		</bndbox>
	</object>
	<object>
		<difficult>0</difficult>
		<name>&amp;*@HUST_text</name>
		<bndbox>
			<xmin>1</xmin>
			<ymin>157</ymin>
			<xmax>447</xmax>
			<ymax>186</ymax>
		</bndbox>
	</object>
	<object>
		<difficult>0</difficult>
		<name>&amp;*@HUST_text</name>
		<bndbox>
			<xmin>1</xmin>
			<ymin>187</ymin>
			<xmax>151</xmax>
			<ymax>212</ymax>
		</bndbox>
	</object>
	<object>
		<difficult>0</difficult>
		<name>&amp;*@HUST_text</name>
		<bndbox>
			<xmin>0</xmin>
			<ymin>224</ymin>
			<xmax>448</xmax>
			<ymax>253</ymax>
		</bndbox>
	</object>
	<object>
		<difficult>0</difficult>
		<name>&amp;*@HUST_text</name>
		<bndbox>
			<xmin>1</xmin>
			<ymin>254</ymin>
			<xmax>175</xmax>
			<ymax>278</ymax>
		</bndbox>
	</object>
	<object>
		<difficult>1</difficult>
		<name>&amp;*@HUST_special</name>
		<bndbox>
			<xmin>178</xmin>
			<ymin>254</ymin>
			<xmax>212</xmax>
			<ymax>277</ymax>
		</bndbox>
	</object>
	<object>
		<difficult>0</difficult>
		<name>&amp;*@HUST_text</name>
		<bndbox>
			<xmin>1</xmin>
			<ymin>290</ymin>
			<xmax>452</xmax>
			<ymax>319</ymax>
		</bndbox>
	</object>
	<object>
		<difficult>0</difficult>
		<name>&amp;*@HUST_text</name>
		<bndbox>
			<xmin>1</xmin>
			<ymin>320</ymin>
			<xmax>129</xmax>
			<ymax>344</ymax>
		</bndbox>
	</object>
	<object>
		<difficult>0</difficult>
		<name>&amp;*@HUST_text</name>
		<bndbox>
			<xmin>1</xmin>
			<ymin>356</ymin>
			<xmax>340</xmax>
			<ymax>382</ymax>
		</bndbox>
	</object>
	<object>
		<difficult>1</difficult>
		<name>&amp;*@HUST_special</name>
		<bndbox>
			<xmin>343</xmin>
			<ymin>355</ymin>
			<xmax>375</xmax>
			<ymax>381</ymax>
		</bndbox>
	</object>
	<object>
		<difficult>0</difficult>
		<name>&amp;*@HUST_text</name>
		<bndbox>
			<xmin>393</xmin>
			<ymin>364</ymin>
			<xmax>406</xmax>
			<ymax>375</ymax>
		</bndbox>
	</object>
	<object>
		<difficult>0</difficult>
		<name>&amp;*@HUST_text</name>
		<bndbox>
			<xmin>1</xmin>
			<ymin>394</ymin>
			<xmax>385</xmax>
			<ymax>419</ymax>
		</bndbox>
	</object>
	<object>
		<difficult>0</difficult>
		<name>&amp;*@HUST_text</name>
		<bndbox>
			<xmin>0</xmin>
			<ymin>431</ymin>
			<xmax>274</xmax>
			<ymax>458</ymax>
		</bndbox>
	</object>
	<object>
		<difficult>0</difficult>
		<name>&amp;*@HUST_text</name>
		<bndbox>
			<xmin>1</xmin>
			<ymin>469</ymin>
			<xmax>281</xmax>
			<ymax>496</ymax>
		</bndbox>
	</object>
	<object>
		<difficult>0</difficult>
		<name>&amp;*@HUST_text</name>
		<bndbox>
			<xmin>0</xmin>
			<ymin>507</ymin>
			<xmax>126</xmax>
			<ymax>535</ymax>
		</bndbox>
	</object>
	<object>
		<difficult>1</difficult>
		<name>&amp;*@HUST_special</name>
		<bndbox>
			<xmin>127</xmin>
			<ymin>507</ymin>
			<xmax>157</xmax>
			<ymax>534</ymax>
		</bndbox>
	</object>
	<object>
		<difficult>0</difficult>
		<name>&amp;*@HUST_text</name>
		<bndbox>
			<xmin>1</xmin>
			<ymin>547</ymin>
			<xmax>178</xmax>
			<ymax>573</ymax>
		</bndbox>
	</object>
	<object>
		<difficult>0</difficult>
		<name>&amp;*@HUST_text</name>
		<bndbox>
			<xmin>2</xmin>
			<ymin>584</ymin>
			<xmax>348</xmax>
			<ymax>610</ymax>
		</bndbox>
	</object>
	<object>
		<difficult>1</difficult>
		<name>&amp;*@HUST_special</name>
		<bndbox>
			<xmin>350</xmin>
			<ymin>584</ymin>
			<xmax>379</xmax>
			<ymax>610</ymax>
		</bndbox>
	</object>
	<object>
		<difficult>0</difficult>
		<name>&amp;*@HUST_text</name>
		<bndbox>
			<xmin>450</xmin>
			<ymin>14</ymin>
			<xmax>547</xmax>
			<ymax>28</ymax>
		</bndbox>
	</object>
	<object>
		<difficult>0</difficult>
		<name>&amp;*@HUST_text</name>
		<bndbox>
			<xmin>451</xmin>
			<ymin>28</ymin>
			<xmax>567</xmax>
			<ymax>41</ymax>
		</bndbox>
	</object>
	<object>
		<difficult>0</difficult>
		<name>&amp;*@HUST_text</name>
		<bndbox>
			<xmin>452</xmin>
			<ymin>52</ymin>
			<xmax>505</xmax>
			<ymax>66</ymax>
		</bndbox>
	</object>
	<object>
		<difficult>0</difficult>
		<name>&amp;*@HUST_text</name>
		<bndbox>
			<xmin>452</xmin>
			<ymin>67</ymin>
			<xmax>563</xmax>
			<ymax>81</ymax>
		</bndbox>
	</object>
	<object>
		<difficult>0</difficult>
		<name>&amp;*@HUST_text</name>
		<bndbox>
			<xmin>587</xmin>
			<ymin>15</ymin>
			<xmax>646</xmax>
			<ymax>41</ymax>
		</bndbox>
	</object>
	<object>
		<difficult>0</difficult>
		<name>&amp;*@HUST_text</name>
		<bndbox>
			<xmin>587</xmin>
			<ymin>53</ymin>
			<xmax>647</xmax>
			<ymax>81</ymax>
		</bndbox>
	</object>
	<object>
		<difficult>0</difficult>
		<name>&amp;*@HUST_text</name>
		<bndbox>
			<xmin>701</xmin>
			<ymin>14</ymin>
			<xmax>770</xmax>
			<ymax>28</ymax>
		</bndbox>
	</object>
	<object>
		<difficult>0</difficult>
		<name>&amp;*@HUST_text</name>
		<bndbox>
			<xmin>671</xmin>
			<ymin>28</ymin>
			<xmax>770</xmax>
			<ymax>42</ymax>
		</bndbox>
	</object>
	<object>
		<difficult>0</difficult>
		<name>&amp;*@HUST_text</name>
		<bndbox>
			<xmin>725</xmin>
			<ymin>53</ymin>
			<xmax>770</xmax>
			<ymax>65</ymax>
		</bndbox>
	</object>
	<object>
		<difficult>0</difficult>
		<name>&amp;*@HUST_text</name>
		<bndbox>
			<xmin>674</xmin>
			<ymin>66</ymin>
			<xmax>769</xmax>
			<ymax>81</ymax>
		</bndbox>
	</object>
	<object>
		<difficult>0</difficult>
		<name>&amp;*@HUST_text</name>
		<bndbox>
			<xmin>453</xmin>
			<ymin>99</ymin>
			<xmax>558</xmax>
			<ymax>120</ymax>
		</bndbox>
	</object>
	<object>
		<difficult>0</difficult>
		<name>&amp;*@HUST_text</name>
		<bndbox>
			<xmin>453</xmin>
			<ymin>121</ymin>
			<xmax>566</xmax>
			<ymax>144</ymax>
		</bndbox>
	</object>
	<object>
		<difficult>0</difficult>
		<name>&amp;*@HUST_text</name>
		<bndbox>
			<xmin>582</xmin>
			<ymin>98</ymin>
			<xmax>655</xmax>
			<ymax>141</ymax>
		</bndbox>
	</object>
	<object>
		<difficult>0</difficult>
		<name>&amp;*@HUST_text</name>
		<bndbox>
			<xmin>680</xmin>
			<ymin>98</ymin>
			<xmax>770</xmax>
			<ymax>121</ymax>
		</bndbox>
	</object>
	<object>
		<difficult>0</difficult>
		<name>&amp;*@HUST_text</name>
		<bndbox>
			<xmin>667</xmin>
			<ymin>121</ymin>
			<xmax>769</xmax>
			<ymax>142</ymax>
		</bndbox>
	</object>
	<object>
		<difficult>0</difficult>
		<name>&amp;*@HUST_text</name>
		<bndbox>
			<xmin>450</xmin>
			<ymin>163</ymin>
			<xmax>511</xmax>
			<ymax>185</ymax>
		</bndbox>
	</object>
	<object>
		<difficult>0</difficult>
		<name>&amp;*@HUST_text</name>
		<bndbox>
			<xmin>449</xmin>
			<ymin>186</ymin>
			<xmax>572</xmax>
			<ymax>209</ymax>
		</bndbox>
	</object>
	<object>
		<difficult>0</difficult>
		<name>&amp;*@HUST_text</name>
		<bndbox>
			<xmin>582</xmin>
			<ymin>164</ymin>
			<xmax>648</xmax>
			<ymax>206</ymax>
		</bndbox>
	</object>
	<object>
		<difficult>0</difficult>
		<name>&amp;*@HUST_text</name>
		<bndbox>
			<xmin>736</xmin>
			<ymin>165</ymin>
			<xmax>769</xmax>
			<ymax>185</ymax>
		</bndbox>
	</object>
	<object>
		<difficult>0</difficult>
		<name>&amp;*@HUST_text</name>
		<bndbox>
			<xmin>670</xmin>
			<ymin>186</ymin>
			<xmax>770</xmax>
			<ymax>211</ymax>
		</bndbox>
	</object>
	<object>
		<difficult>0</difficult>
		<name>&amp;*@HUST_text</name>
		<bndbox>
			<xmin>450</xmin>
			<ymin>229</ymin>
			<xmax>554</xmax>
			<ymax>251</ymax>
		</bndbox>
	</object>
	<object>
		<difficult>0</difficult>
		<name>&amp;*@HUST_text</name>
		<bndbox>
			<xmin>451</xmin>
			<ymin>252</ymin>
			<xmax>574</xmax>
			<ymax>277</ymax>
		</bndbox>
	</object>
	<object>
		<difficult>0</difficult>
		<name>&amp;*@HUST_text</name>
		<bndbox>
			<xmin>580</xmin>
			<ymin>229</ymin>
			<xmax>656</xmax>
			<ymax>271</ymax>
		</bndbox>
	</object>
	<object>
		<difficult>0</difficult>
		<name>&amp;*@HUST_text</name>
		<bndbox>
			<xmin>690</xmin>
			<ymin>231</ymin>
			<xmax>770</xmax>
			<ymax>252</ymax>
		</bndbox>
	</object>
	<object>
		<difficult>0</difficult>
		<name>&amp;*@HUST_text</name>
		<bndbox>
			<xmin>669</xmin>
			<ymin>253</ymin>
			<xmax>769</xmax>
			<ymax>275</ymax>
		</bndbox>
	</object>
	<object>
		<difficult>0</difficult>
		<name>&amp;*@HUST_text</name>
		<bndbox>
			<xmin>454</xmin>
			<ymin>296</ymin>
			<xmax>523</xmax>
			<ymax>318</ymax>
		</bndbox>
	</object>
	<object>
		<difficult>0</difficult>
		<name>&amp;*@HUST_text</name>
		<bndbox>
			<xmin>453</xmin>
			<ymin>318</ymin>
			<xmax>571</xmax>
			<ymax>342</ymax>
		</bndbox>
	</object>
	<object>
		<difficult>0</difficult>
		<name>&amp;*@HUST_text</name>
		<bndbox>
			<xmin>579</xmin>
			<ymin>295</ymin>
			<xmax>655</xmax>
			<ymax>338</ymax>
		</bndbox>
	</object>
	<object>
		<difficult>0</difficult>
		<name>&amp;*@HUST_text</name>
		<bndbox>
			<xmin>718</xmin>
			<ymin>296</ymin>
			<xmax>770</xmax>
			<ymax>317</ymax>
		</bndbox>
	</object>
	<object>
		<difficult>0</difficult>
		<name>&amp;*@HUST_text</name>
		<bndbox>
			<xmin>670</xmin>
			<ymin>318</ymin>
			<xmax>770</xmax>
			<ymax>340</ymax>
		</bndbox>
	</object>
	<object>
		<difficult>0</difficult>
		<name>&amp;*@HUST_text</name>
		<bndbox>
			<xmin>452</xmin>
			<ymin>354</ymin>
			<xmax>508</xmax>
			<ymax>369</ymax>
		</bndbox>
	</object>
	<object>
		<difficult>0</difficult>
		<name>&amp;*@HUST_text</name>
		<bndbox>
			<xmin>452</xmin>
			<ymin>370</ymin>
			<xmax>570</xmax>
			<ymax>382</ymax>
		</bndbox>
	</object>
	<object>
		<difficult>0</difficult>
		<name>&amp;*@HUST_text</name>
		<bndbox>
			<xmin>573</xmin>
			<ymin>355</ymin>
			<xmax>664</xmax>
			<ymax>382</ymax>
		</bndbox>
	</object>
	<object>
		<difficult>0</difficult>
		<name>&amp;*@HUST_text</name>
		<bndbox>
			<xmin>728</xmin>
			<ymin>354</ymin>
			<xmax>770</xmax>
			<ymax>369</ymax>
		</bndbox>
	</object>
	<object>
		<difficult>0</difficult>
		<name>&amp;*@HUST_text</name>
		<bndbox>
			<xmin>671</xmin>
			<ymin>370</ymin>
			<xmax>769</xmax>
			<ymax>382</ymax>
		</bndbox>
	</object>
	<object>
		<difficult>0</difficult>
		<name>&amp;*@HUST_text</name>
		<bndbox>
			<xmin>451</xmin>
			<ymin>393</ymin>
			<xmax>500</xmax>
			<ymax>408</ymax>
		</bndbox>
	</object>
	<object>
		<difficult>0</difficult>
		<name>&amp;*@HUST_text</name>
		<bndbox>
			<xmin>452</xmin>
			<ymin>408</ymin>
			<xmax>569</xmax>
			<ymax>421</ymax>
		</bndbox>
	</object>
	<object>
		<difficult>0</difficult>
		<name>&amp;*@HUST_text</name>
		<bndbox>
			<xmin>589</xmin>
			<ymin>393</ymin>
			<xmax>648</xmax>
			<ymax>421</ymax>
		</bndbox>
	</object>
	<object>
		<difficult>0</difficult>
		<name>&amp;*@HUST_text</name>
		<bndbox>
			<xmin>741</xmin>
			<ymin>393</ymin>
			<xmax>770</xmax>
			<ymax>408</ymax>
		</bndbox>
	</object>
	<object>
		<difficult>0</difficult>
		<name>&amp;*@HUST_text</name>
		<bndbox>
			<xmin>670</xmin>
			<ymin>409</ymin>
			<xmax>770</xmax>
			<ymax>421</ymax>
		</bndbox>
	</object>
	<object>
		<difficult>0</difficult>
		<name>&amp;*@HUST_text</name>
		<bndbox>
			<xmin>451</xmin>
			<ymin>430</ymin>
			<xmax>497</xmax>
			<ymax>446</ymax>
		</bndbox>
	</object>
	<object>
		<difficult>0</difficult>
		<name>&amp;*@HUST_text</name>
		<bndbox>
			<xmin>450</xmin>
			<ymin>446</ymin>
			<xmax>571</xmax>
			<ymax>458</ymax>
		</bndbox>
	</object>
	<object>
		<difficult>0</difficult>
		<name>&amp;*@HUST_text</name>
		<bndbox>
			<xmin>582</xmin>
			<ymin>430</ymin>
			<xmax>652</xmax>
			<ymax>458</ymax>
		</bndbox>
	</object>
	<object>
		<difficult>0</difficult>
		<name>&amp;*@HUST_text</name>
		<bndbox>
			<xmin>741</xmin>
			<ymin>430</ymin>
			<xmax>769</xmax>
			<ymax>444</ymax>
		</bndbox>
	</object>
	<object>
		<difficult>0</difficult>
		<name>&amp;*@HUST_text</name>
		<bndbox>
			<xmin>671</xmin>
			<ymin>445</ymin>
			<xmax>770</xmax>
			<ymax>458</ymax>
		</bndbox>
	</object>
	<object>
		<difficult>0</difficult>
		<name>&amp;*@HUST_text</name>
		<bndbox>
			<xmin>450</xmin>
			<ymin>468</ymin>
			<xmax>500</xmax>
			<ymax>483</ymax>
		</bndbox>
	</object>
	<object>
		<difficult>0</difficult>
		<name>&amp;*@HUST_text</name>
		<bndbox>
			<xmin>450</xmin>
			<ymin>484</ymin>
			<xmax>568</xmax>
			<ymax>496</ymax>
		</bndbox>
	</object>
	<object>
		<difficult>0</difficult>
		<name>&amp;*@HUST_text</name>
		<bndbox>
			<xmin>584</xmin>
			<ymin>469</ymin>
			<xmax>646</xmax>
			<ymax>496</ymax>
		</bndbox>
	</object>
	<object>
		<difficult>0</difficult>
		<name>&amp;*@HUST_text</name>
		<bndbox>
			<xmin>740</xmin>
			<ymin>469</ymin>
			<xmax>770</xmax>
			<ymax>483</ymax>
		</bndbox>
	</object>
	<object>
		<difficult>0</difficult>
		<name>&amp;*@HUST_text</name>
		<bndbox>
			<xmin>670</xmin>
			<ymin>484</ymin>
			<xmax>769</xmax>
			<ymax>496</ymax>
		</bndbox>
	</object>
	<object>
		<difficult>0</difficult>
		<name>&amp;*@HUST_text</name>
		<bndbox>
			<xmin>450</xmin>
			<ymin>506</ymin>
			<xmax>498</xmax>
			<ymax>522</ymax>
		</bndbox>
	</object>
	<object>
		<difficult>0</difficult>
		<name>&amp;*@HUST_text</name>
		<bndbox>
			<xmin>451</xmin>
			<ymin>522</ymin>
			<xmax>566</xmax>
			<ymax>536</ymax>
		</bndbox>
	</object>
	<object>
		<difficult>0</difficult>
		<name>&amp;*@HUST_text</name>
		<bndbox>
			<xmin>580</xmin>
			<ymin>507</ymin>
			<xmax>651</xmax>
			<ymax>534</ymax>
		</bndbox>
	</object>
	<object>
		<difficult>0</difficult>
		<name>&amp;*@HUST_text</name>
		<bndbox>
			<xmin>725</xmin>
			<ymin>506</ymin>
			<xmax>770</xmax>
			<ymax>522</ymax>
		</bndbox>
	</object>
	<object>
		<difficult>0</difficult>
		<name>&amp;*@HUST_text</name>
		<bndbox>
			<xmin>669</xmin>
			<ymin>522</ymin>
			<xmax>769</xmax>
			<ymax>536</ymax>
		</bndbox>
	</object>
	<object>
		<difficult>0</difficult>
		<name>&amp;*@HUST_text</name>
		<bndbox>
			<xmin>451</xmin>
			<ymin>547</ymin>
			<xmax>505</xmax>
			<ymax>561</ymax>
		</bndbox>
	</object>
	<object>
		<difficult>0</difficult>
		<name>&amp;*@HUST_text</name>
		<bndbox>
			<xmin>451</xmin>
			<ymin>561</ymin>
			<xmax>565</xmax>
			<ymax>574</ymax>
		</bndbox>
	</object>
	<object>
		<difficult>0</difficult>
		<name>&amp;*@HUST_text</name>
		<bndbox>
			<xmin>580</xmin>
			<ymin>547</ymin>
			<xmax>652</xmax>
			<ymax>573</ymax>
		</bndbox>
	</object>
	<object>
		<difficult>0</difficult>
		<name>&amp;*@HUST_text</name>
		<bndbox>
			<xmin>729</xmin>
			<ymin>546</ymin>
			<xmax>769</xmax>
			<ymax>561</ymax>
		</bndbox>
	</object>
	<object>
		<difficult>0</difficult>
		<name>&amp;*@HUST_text</name>
		<bndbox>
			<xmin>673</xmin>
			<ymin>561</ymin>
			<xmax>770</xmax>
			<ymax>574</ymax>
		</bndbox>
	</object>
	<object>
		<difficult>0</difficult>
		<name>&amp;*@HUST_text</name>
		<bndbox>
			<xmin>451</xmin>
			<ymin>583</ymin>
			<xmax>508</xmax>
			<ymax>598</ymax>
		</bndbox>
	</object>
	<object>
		<difficult>0</difficult>
		<name>&amp;*@HUST_text</name>
		<bndbox>
			<xmin>451</xmin>
			<ymin>599</ymin>
			<xmax>567</xmax>
			<ymax>610</ymax>
		</bndbox>
	</object>
	<object>
		<difficult>0</difficult>
		<name>&amp;*@HUST_text</name>
		<bndbox>
			<xmin>583</xmin>
			<ymin>584</ymin>
			<xmax>646</xmax>
			<ymax>610</ymax>
		</bndbox>
	</object>
	<object>
		<difficult>0</difficult>
		<name>&amp;*@HUST_text</name>
		<bndbox>
			<xmin>729</xmin>
			<ymin>583</ymin>
			<xmax>769</xmax>
			<ymax>598</ymax>
		</bndbox>
	</object>
	<object>
		<difficult>0</difficult>
		<name>&amp;*@HUST_text</name>
		<bndbox>
			<xmin>666</xmin>
			<ymin>598</ymin>
			<xmax>770</xmax>
			<ymax>611</ymax>
		</bndbox>
	</object>
</annotation>