<annotation>
	<filename>图像 4771.png</filename>
	<size>
		<width>784</width>
		<height>918</height>
		<depth>3</depth>
	</size>
	<segmented>0</segmented>
	<object>
		<difficult>0</difficult>
		<name>&amp;*@HUST_text</name>
		<bndbox>
			<xmin>0</xmin>
			<ymin>0</ymin>
			<xmax>783</xmax>
			<ymax>8</ymax>
		</bndbox>
	</object>
	<object>
		<difficult>0</difficult>
		<name>&amp;*@HUST_text</name>
		<bndbox>
			<xmin>0</xmin>
			<ymin>9</ymin>
			<xmax>205</xmax>
			<ymax>36</ymax>
		</bndbox>
	</object>
	<object>
		<difficult>1</difficult>
		<name>&amp;*@HUST_special</name>
		<bndbox>
			<xmin>206</xmin>
			<ymin>9</ymin>
			<xmax>238</xmax>
			<ymax>36</ymax>
		</bndbox>
	</object>
	<object>
		<difficult>0</difficult>
		<name>&amp;*@HUST_text</name>
		<bndbox>
			<xmin>0</xmin>
			<ymin>38</ymin>
			<xmax>784</xmax>
			<ymax>45</ymax>
		</bndbox>
	</object>
	<object>
		<difficult>0</difficult>
		<name>&amp;*@HUST_text</name>
		<bndbox>
			<xmin>0</xmin>
			<ymin>46</ymin>
			<xmax>103</xmax>
			<ymax>75</ymax>
		</bndbox>
	</object>
	<object>
		<difficult>1</difficult>
		<name>&amp;*@HUST_special</name>
		<bndbox>
			<xmin>104</xmin>
			<ymin>47</ymin>
			<xmax>143</xmax>
			<ymax>75</ymax>
		</bndbox>
	</object>
	<object>
		<difficult>0</difficult>
		<name>&amp;*@HUST_text</name>
		<bndbox>
			<xmin>0</xmin>
			<ymin>76</ymin>
			<xmax>783</xmax>
			<ymax>83</ymax>
		</bndbox>
	</object>
	<object>
		<difficult>0</difficult>
		<name>&amp;*@HUST_text</name>
		<bndbox>
			<xmin>448</xmin>
			<ymin>9</ymin>
			<xmax>511</xmax>
			<ymax>23</ymax>
		</bndbox>
	</object>
	<object>
		<difficult>0</difficult>
		<name>&amp;*@HUST_text</name>
		<bndbox>
			<xmin>448</xmin>
			<ymin>23</ymin>
			<xmax>567</xmax>
			<ymax>36</ymax>
		</bndbox>
	</object>
	<object>
		<difficult>0</difficult>
		<name>&amp;*@HUST_text</name>
		<bndbox>
			<xmin>578</xmin>
			<ymin>9</ymin>
			<xmax>650</xmax>
			<ymax>35</ymax>
		</bndbox>
	</object>
	<object>
		<difficult>0</difficult>
		<name>&amp;*@HUST_text</name>
		<bndbox>
			<xmin>726</xmin>
			<ymin>9</ymin>
			<xmax>784</xmax>
			<ymax>23</ymax>
		</bndbox>
	</object>
	<object>
		<difficult>0</difficult>
		<name>&amp;*@HUST_text</name>
		<bndbox>
			<xmin>667</xmin>
			<ymin>24</ymin>
			<xmax>783</xmax>
			<ymax>36</ymax>
		</bndbox>
	</object>
	<object>
		<difficult>0</difficult>
		<name>&amp;*@HUST_text</name>
		<bndbox>
			<xmin>724</xmin>
			<ymin>46</ymin>
			<xmax>783</xmax>
			<ymax>61</ymax>
		</bndbox>
	</object>
	<object>
		<difficult>0</difficult>
		<name>&amp;*@HUST_text</name>
		<bndbox>
			<xmin>667</xmin>
			<ymin>61</ymin>
			<xmax>783</xmax>
			<ymax>75</ymax>
		</bndbox>
	</object>
	<object>
		<difficult>0</difficult>
		<name>&amp;*@HUST_text</name>
		<bndbox>
			<xmin>577</xmin>
			<ymin>46</ymin>
			<xmax>657</xmax>
			<ymax>74</ymax>
		</bndbox>
	</object>
	<object>
		<difficult>0</difficult>
		<name>&amp;*@HUST_text</name>
		<bndbox>
			<xmin>447</xmin>
			<ymin>46</ymin>
			<xmax>514</xmax>
			<ymax>61</ymax>
		</bndbox>
	</object>
	<object>
		<difficult>0</difficult>
		<name>&amp;*@HUST_text</name>
		<bndbox>
			<xmin>447</xmin>
			<ymin>61</ymin>
			<xmax>573</xmax>
			<ymax>75</ymax>
		</bndbox>
	</object>
	<object>
		<difficult>0</difficult>
		<name>&amp;*@HUST_text</name>
		<bndbox>
			<xmin>0</xmin>
			<ymin>143</ymin>
			<xmax>783</xmax>
			<ymax>149</ymax>
		</bndbox>
	</object>
	<object>
		<difficult>0</difficult>
		<name>&amp;*@HUST_text</name>
		<bndbox>
			<xmin>1</xmin>
			<ymin>209</ymin>
			<xmax>784</xmax>
			<ymax>215</ymax>
		</bndbox>
	</object>
	<object>
		<difficult>0</difficult>
		<name>&amp;*@HUST_text</name>
		<bndbox>
			<xmin>2</xmin>
			<ymin>248</ymin>
			<xmax>784</xmax>
			<ymax>252</ymax>
		</bndbox>
	</object>
	<object>
		<difficult>0</difficult>
		<name>&amp;*@HUST_text</name>
		<bndbox>
			<xmin>0</xmin>
			<ymin>313</ymin>
			<xmax>782</xmax>
			<ymax>319</ymax>
		</bndbox>
	</object>
	<object>
		<difficult>0</difficult>
		<name>&amp;*@HUST_text</name>
		<bndbox>
			<xmin>0</xmin>
			<ymin>352</ymin>
			<xmax>784</xmax>
			<ymax>357</ymax>
		</bndbox>
	</object>
	<object>
		<difficult>0</difficult>
		<name>&amp;*@HUST_text</name>
		<bndbox>
			<xmin>0</xmin>
			<ymin>390</ymin>
			<xmax>784</xmax>
			<ymax>396</ymax>
		</bndbox>
	</object>
	<object>
		<difficult>0</difficult>
		<name>&amp;*@HUST_text</name>
		<bndbox>
			<xmin>0</xmin>
			<ymin>428</ymin>
			<xmax>779</xmax>
			<ymax>434</ymax>
		</bndbox>
	</object>
	<object>
		<difficult>0</difficult>
		<name>&amp;*@HUST_text</name>
		<bndbox>
			<xmin>2</xmin>
			<ymin>465</ymin>
			<xmax>781</xmax>
			<ymax>472</ymax>
		</bndbox>
	</object>
	<object>
		<difficult>0</difficult>
		<name>&amp;*@HUST_text</name>
		<bndbox>
			<xmin>2</xmin>
			<ymin>532</ymin>
			<xmax>782</xmax>
			<ymax>538</ymax>
		</bndbox>
	</object>
	<object>
		<difficult>0</difficult>
		<name>&amp;*@HUST_text</name>
		<bndbox>
			<xmin>1</xmin>
			<ymin>570</ymin>
			<xmax>783</xmax>
			<ymax>576</ymax>
		</bndbox>
	</object>
	<object>
		<difficult>0</difficult>
		<name>&amp;*@HUST_text</name>
		<bndbox>
			<xmin>2</xmin>
			<ymin>607</ymin>
			<xmax>784</xmax>
			<ymax>614</ymax>
		</bndbox>
	</object>
	<object>
		<difficult>0</difficult>
		<name>&amp;*@HUST_text</name>
		<bndbox>
			<xmin>2</xmin>
			<ymin>673</ymin>
			<xmax>781</xmax>
			<ymax>680</ymax>
		</bndbox>
	</object>
	<object>
		<difficult>0</difficult>
		<name>&amp;*@HUST_text</name>
		<bndbox>
			<xmin>2</xmin>
			<ymin>712</ymin>
			<xmax>782</xmax>
			<ymax>720</ymax>
		</bndbox>
	</object>
	<object>
		<difficult>0</difficult>
		<name>&amp;*@HUST_text</name>
		<bndbox>
			<xmin>1</xmin>
			<ymin>750</ymin>
			<xmax>783</xmax>
			<ymax>757</ymax>
		</bndbox>
	</object>
	<object>
		<difficult>0</difficult>
		<name>&amp;*@HUST_text</name>
		<bndbox>
			<xmin>1</xmin>
			<ymin>787</ymin>
			<xmax>782</xmax>
			<ymax>795</ymax>
		</bndbox>
	</object>
	<object>
		<difficult>0</difficult>
		<name>&amp;*@HUST_text</name>
		<bndbox>
			<xmin>2</xmin>
			<ymin>827</ymin>
			<xmax>784</xmax>
			<ymax>833</ymax>
		</bndbox>
	</object>
	<object>
		<difficult>0</difficult>
		<name>&amp;*@HUST_text</name>
		<bndbox>
			<xmin>0</xmin>
			<ymin>864</ymin>
			<xmax>784</xmax>
			<ymax>870</ymax>
		</bndbox>
	</object>
	<object>
		<difficult>0</difficult>
		<name>&amp;*@HUST_text</name>
		<bndbox>
			<xmin>2</xmin>
			<ymin>904</ymin>
			<xmax>783</xmax>
			<ymax>910</ymax>
		</bndbox>
	</object>
	<object>
		<difficult>1</difficult>
		<name>&amp;*@HUST_special</name>
		<bndbox>
			<xmin>0</xmin>
			<ymin>85</ymin>
			<xmax>27</xmax>
			<ymax>111</ymax>
		</bndbox>
	</object>
	<object>
		<difficult>0</difficult>
		<name>&amp;*@HUST_text</name>
		<bndbox>
			<xmin>28</xmin>
			<ymin>84</ymin>
			<xmax>196</xmax>
			<ymax>111</ymax>
		</bndbox>
	</object>
	<object>
		<difficult>1</difficult>
		<name>&amp;*@HUST_special</name>
		<bndbox>
			<xmin>196</xmin>
			<ymin>85</ymin>
			<xmax>213</xmax>
			<ymax>111</ymax>
		</bndbox>
	</object>
	<object>
		<difficult>0</difficult>
		<name>&amp;*@HUST_text</name>
		<bndbox>
			<xmin>213</xmin>
			<ymin>84</ymin>
			<xmax>446</xmax>
			<ymax>111</ymax>
		</bndbox>
	</object>
	<object>
		<difficult>0</difficult>
		<name>&amp;*@HUST_text</name>
		<bndbox>
			<xmin>0</xmin>
			<ymin>112</ymin>
			<xmax>172</xmax>
			<ymax>142</ymax>
		</bndbox>
	</object>
	<object>
		<difficult>1</difficult>
		<name>&amp;*@HUST_special</name>
		<bndbox>
			<xmin>174</xmin>
			<ymin>112</ymin>
			<xmax>201</xmax>
			<ymax>142</ymax>
		</bndbox>
	</object>
	<object>
		<difficult>0</difficult>
		<name>&amp;*@HUST_text</name>
		<bndbox>
			<xmin>0</xmin>
			<ymin>150</ymin>
			<xmax>445</xmax>
			<ymax>178</ymax>
		</bndbox>
	</object>
	<object>
		<difficult>0</difficult>
		<name>&amp;*@HUST_text</name>
		<bndbox>
			<xmin>1</xmin>
			<ymin>180</ymin>
			<xmax>102</xmax>
			<ymax>207</ymax>
		</bndbox>
	</object>
	<object>
		<difficult>0</difficult>
		<name>&amp;*@HUST_text</name>
		<bndbox>
			<xmin>2</xmin>
			<ymin>216</ymin>
			<xmax>99</xmax>
			<ymax>247</ymax>
		</bndbox>
	</object>
	<object>
		<difficult>0</difficult>
		<name>&amp;*@HUST_text</name>
		<bndbox>
			<xmin>24</xmin>
			<ymin>254</ymin>
			<xmax>168</xmax>
			<ymax>283</ymax>
		</bndbox>
	</object>
	<object>
		<difficult>1</difficult>
		<name>&amp;*@HUST_special</name>
		<bndbox>
			<xmin>0</xmin>
			<ymin>254</ymin>
			<xmax>22</xmax>
			<ymax>281</ymax>
		</bndbox>
	</object>
	<object>
		<difficult>1</difficult>
		<name>&amp;*@HUST_special</name>
		<bndbox>
			<xmin>169</xmin>
			<ymin>255</ymin>
			<xmax>187</xmax>
			<ymax>282</ymax>
		</bndbox>
	</object>
	<object>
		<difficult>1</difficult>
		<name>&amp;*@HUST_special</name>
		<bndbox>
			<xmin>153</xmin>
			<ymin>284</ymin>
			<xmax>180</xmax>
			<ymax>309</ymax>
		</bndbox>
	</object>
	<object>
		<difficult>0</difficult>
		<name>&amp;*@HUST_text</name>
		<bndbox>
			<xmin>188</xmin>
			<ymin>253</ymin>
			<xmax>452</xmax>
			<ymax>283</ymax>
		</bndbox>
	</object>
	<object>
		<difficult>0</difficult>
		<name>&amp;*@HUST_text</name>
		<bndbox>
			<xmin>1</xmin>
			<ymin>284</ymin>
			<xmax>151</xmax>
			<ymax>310</ymax>
		</bndbox>
	</object>
	<object>
		<difficult>0</difficult>
		<name>&amp;*@HUST_text</name>
		<bndbox>
			<xmin>1</xmin>
			<ymin>321</ymin>
			<xmax>157</xmax>
			<ymax>351</ymax>
		</bndbox>
	</object>
	<object>
		<difficult>0</difficult>
		<name>&amp;*@HUST_text</name>
		<bndbox>
			<xmin>0</xmin>
			<ymin>358</ymin>
			<xmax>161</xmax>
			<ymax>389</ymax>
		</bndbox>
	</object>
	<object>
		<difficult>0</difficult>
		<name>&amp;*@HUST_text</name>
		<bndbox>
			<xmin>1</xmin>
			<ymin>397</ymin>
			<xmax>379</xmax>
			<ymax>426</ymax>
		</bndbox>
	</object>
	<object>
		<difficult>0</difficult>
		<name>&amp;*@HUST_text</name>
		<bndbox>
			<xmin>0</xmin>
			<ymin>435</ymin>
			<xmax>213</xmax>
			<ymax>464</ymax>
		</bndbox>
	</object>
	<object>
		<difficult>1</difficult>
		<name>&amp;*@HUST_special</name>
		<bndbox>
			<xmin>215</xmin>
			<ymin>435</ymin>
			<xmax>254</xmax>
			<ymax>464</ymax>
		</bndbox>
	</object>
	<object>
		<difficult>0</difficult>
		<name>&amp;*@HUST_text</name>
		<bndbox>
			<xmin>2</xmin>
			<ymin>473</ymin>
			<xmax>449</xmax>
			<ymax>503</ymax>
		</bndbox>
	</object>
	<object>
		<difficult>0</difficult>
		<name>&amp;*@HUST_text</name>
		<bndbox>
			<xmin>1</xmin>
			<ymin>504</ymin>
			<xmax>206</xmax>
			<ymax>531</ymax>
		</bndbox>
	</object>
	<object>
		<difficult>0</difficult>
		<name>&amp;*@HUST_text</name>
		<bndbox>
			<xmin>1</xmin>
			<ymin>539</ymin>
			<xmax>256</xmax>
			<ymax>569</ymax>
		</bndbox>
	</object>
	<object>
		<difficult>0</difficult>
		<name>&amp;*@HUST_text</name>
		<bndbox>
			<xmin>1</xmin>
			<ymin>577</ymin>
			<xmax>383</xmax>
			<ymax>605</ymax>
		</bndbox>
	</object>
	<object>
		<difficult>0</difficult>
		<name>&amp;*@HUST_text</name>
		<bndbox>
			<xmin>2</xmin>
			<ymin>615</ymin>
			<xmax>447</xmax>
			<ymax>644</ymax>
		</bndbox>
	</object>
	<object>
		<difficult>0</difficult>
		<name>&amp;*@HUST_text</name>
		<bndbox>
			<xmin>0</xmin>
			<ymin>645</ymin>
			<xmax>203</xmax>
			<ymax>672</ymax>
		</bndbox>
	</object>
	<object>
		<difficult>1</difficult>
		<name>&amp;*@HUST_special</name>
		<bndbox>
			<xmin>204</xmin>
			<ymin>645</ymin>
			<xmax>241</xmax>
			<ymax>672</ymax>
		</bndbox>
	</object>
	<object>
		<difficult>0</difficult>
		<name>&amp;*@HUST_text</name>
		<bndbox>
			<xmin>1</xmin>
			<ymin>681</ymin>
			<xmax>394</xmax>
			<ymax>710</ymax>
		</bndbox>
	</object>
	<object>
		<difficult>0</difficult>
		<name>&amp;*@HUST_text</name>
		<bndbox>
			<xmin>398</xmin>
			<ymin>690</ymin>
			<xmax>409</xmax>
			<ymax>703</ymax>
		</bndbox>
	</object>
	<object>
		<difficult>0</difficult>
		<name>&amp;*@HUST_text</name>
		<bndbox>
			<xmin>2</xmin>
			<ymin>721</ymin>
			<xmax>361</xmax>
			<ymax>749</ymax>
		</bndbox>
	</object>
	<object>
		<difficult>0</difficult>
		<name>&amp;*@HUST_text</name>
		<bndbox>
			<xmin>1</xmin>
			<ymin>759</ymin>
			<xmax>292</xmax>
			<ymax>786</ymax>
		</bndbox>
	</object>
	<object>
		<difficult>0</difficult>
		<name>&amp;*@HUST_text</name>
		<bndbox>
			<xmin>0</xmin>
			<ymin>795</ymin>
			<xmax>356</xmax>
			<ymax>825</ymax>
		</bndbox>
	</object>
	<object>
		<difficult>0</difficult>
		<name>&amp;*@HUST_text</name>
		<bndbox>
			<xmin>1</xmin>
			<ymin>834</ymin>
			<xmax>233</xmax>
			<ymax>863</ymax>
		</bndbox>
	</object>
	<object>
		<difficult>0</difficult>
		<name>&amp;*@HUST_text</name>
		<bndbox>
			<xmin>1</xmin>
			<ymin>872</ymin>
			<xmax>362</xmax>
			<ymax>903</ymax>
		</bndbox>
	</object>
	<object>
		<difficult>1</difficult>
		<name>&amp;*@HUST_special</name>
		<bndbox>
			<xmin>234</xmin>
			<ymin>833</ymin>
			<xmax>279</xmax>
			<ymax>863</ymax>
		</bndbox>
	</object>
	<object>
		<difficult>1</difficult>
		<name>&amp;*@HUST_special</name>
		<bndbox>
			<xmin>292</xmin>
			<ymin>758</ymin>
			<xmax>333</xmax>
			<ymax>786</ymax>
		</bndbox>
	</object>
	<object>
		<difficult>0</difficult>
		<name>&amp;*@HUST_text</name>
		<bndbox>
			<xmin>437</xmin>
			<ymin>871</ymin>
			<xmax>527</xmax>
			<ymax>887</ymax>
		</bndbox>
	</object>
	<object>
		<difficult>0</difficult>
		<name>&amp;*@HUST_text</name>
		<bndbox>
			<xmin>436</xmin>
			<ymin>888</ymin>
			<xmax>578</xmax>
			<ymax>903</ymax>
		</bndbox>
	</object>
	<object>
		<difficult>0</difficult>
		<name>&amp;*@HUST_text</name>
		<bndbox>
			<xmin>581</xmin>
			<ymin>872</ymin>
			<xmax>655</xmax>
			<ymax>903</ymax>
		</bndbox>
	</object>
	<object>
		<difficult>0</difficult>
		<name>&amp;*@HUST_text</name>
		<bndbox>
			<xmin>726</xmin>
			<ymin>871</ymin>
			<xmax>784</xmax>
			<ymax>887</ymax>
		</bndbox>
	</object>
	<object>
		<difficult>0</difficult>
		<name>&amp;*@HUST_text</name>
		<bndbox>
			<xmin>664</xmin>
			<ymin>888</ymin>
			<xmax>783</xmax>
			<ymax>903</ymax>
		</bndbox>
	</object>
	<object>
		<difficult>0</difficult>
		<name>&amp;*@HUST_text</name>
		<bndbox>
			<xmin>721</xmin>
			<ymin>833</ymin>
			<xmax>784</xmax>
			<ymax>849</ymax>
		</bndbox>
	</object>
	<object>
		<difficult>0</difficult>
		<name>&amp;*@HUST_text</name>
		<bndbox>
			<xmin>664</xmin>
			<ymin>850</ymin>
			<xmax>783</xmax>
			<ymax>863</ymax>
		</bndbox>
	</object>
	<object>
		<difficult>0</difficult>
		<name>&amp;*@HUST_text</name>
		<bndbox>
			<xmin>580</xmin>
			<ymin>834</ymin>
			<xmax>656</xmax>
			<ymax>863</ymax>
		</bndbox>
	</object>
	<object>
		<difficult>0</difficult>
		<name>&amp;*@HUST_text</name>
		<bndbox>
			<xmin>436</xmin>
			<ymin>849</ymin>
			<xmax>577</xmax>
			<ymax>863</ymax>
		</bndbox>
	</object>
	<object>
		<difficult>0</difficult>
		<name>&amp;*@HUST_text</name>
		<bndbox>
			<xmin>437</xmin>
			<ymin>833</ymin>
			<xmax>512</xmax>
			<ymax>849</ymax>
		</bndbox>
	</object>
	<object>
		<difficult>0</difficult>
		<name>&amp;*@HUST_text</name>
		<bndbox>
			<xmin>437</xmin>
			<ymin>812</ymin>
			<xmax>577</xmax>
			<ymax>826</ymax>
		</bndbox>
	</object>
	<object>
		<difficult>0</difficult>
		<name>&amp;*@HUST_text</name>
		<bndbox>
			<xmin>437</xmin>
			<ymin>795</ymin>
			<xmax>513</xmax>
			<ymax>811</ymax>
		</bndbox>
	</object>
	<object>
		<difficult>0</difficult>
		<name>&amp;*@HUST_text</name>
		<bndbox>
			<xmin>436</xmin>
			<ymin>774</ymin>
			<xmax>576</xmax>
			<ymax>786</ymax>
		</bndbox>
	</object>
	<object>
		<difficult>0</difficult>
		<name>&amp;*@HUST_text</name>
		<bndbox>
			<xmin>436</xmin>
			<ymin>758</ymin>
			<xmax>511</xmax>
			<ymax>773</ymax>
		</bndbox>
	</object>
	<object>
		<difficult>0</difficult>
		<name>&amp;*@HUST_text</name>
		<bndbox>
			<xmin>578</xmin>
			<ymin>795</ymin>
			<xmax>655</xmax>
			<ymax>826</ymax>
		</bndbox>
	</object>
	<object>
		<difficult>0</difficult>
		<name>&amp;*@HUST_text</name>
		<bndbox>
			<xmin>577</xmin>
			<ymin>758</ymin>
			<xmax>656</xmax>
			<ymax>786</ymax>
		</bndbox>
	</object>
	<object>
		<difficult>0</difficult>
		<name>&amp;*@HUST_text</name>
		<bndbox>
			<xmin>738</xmin>
			<ymin>795</ymin>
			<xmax>783</xmax>
			<ymax>811</ymax>
		</bndbox>
	</object>
	<object>
		<difficult>0</difficult>
		<name>&amp;*@HUST_text</name>
		<bndbox>
			<xmin>664</xmin>
			<ymin>812</ymin>
			<xmax>783</xmax>
			<ymax>826</ymax>
		</bndbox>
	</object>
	<object>
		<difficult>0</difficult>
		<name>&amp;*@HUST_text</name>
		<bndbox>
			<xmin>729</xmin>
			<ymin>758</ymin>
			<xmax>783</xmax>
			<ymax>772</ymax>
		</bndbox>
	</object>
	<object>
		<difficult>0</difficult>
		<name>&amp;*@HUST_text</name>
		<bndbox>
			<xmin>664</xmin>
			<ymin>773</ymin>
			<xmax>784</xmax>
			<ymax>786</ymax>
		</bndbox>
	</object>
	<object>
		<difficult>0</difficult>
		<name>&amp;*@HUST_text</name>
		<bndbox>
			<xmin>727</xmin>
			<ymin>720</ymin>
			<xmax>783</xmax>
			<ymax>735</ymax>
		</bndbox>
	</object>
	<object>
		<difficult>0</difficult>
		<name>&amp;*@HUST_text</name>
		<bndbox>
			<xmin>664</xmin>
			<ymin>736</ymin>
			<xmax>783</xmax>
			<ymax>750</ymax>
		</bndbox>
	</object>
	<object>
		<difficult>0</difficult>
		<name>&amp;*@HUST_text</name>
		<bndbox>
			<xmin>436</xmin>
			<ymin>736</ymin>
			<xmax>573</xmax>
			<ymax>749</ymax>
		</bndbox>
	</object>
	<object>
		<difficult>0</difficult>
		<name>&amp;*@HUST_text</name>
		<bndbox>
			<xmin>436</xmin>
			<ymin>720</ymin>
			<xmax>505</xmax>
			<ymax>735</ymax>
		</bndbox>
	</object>
	<object>
		<difficult>0</difficult>
		<name>&amp;*@HUST_text</name>
		<bndbox>
			<xmin>436</xmin>
			<ymin>680</ymin>
			<xmax>524</xmax>
			<ymax>696</ymax>
		</bndbox>
	</object>
	<object>
		<difficult>0</difficult>
		<name>&amp;*@HUST_text</name>
		<bndbox>
			<xmin>437</xmin>
			<ymin>696</ymin>
			<xmax>575</xmax>
			<ymax>711</ymax>
		</bndbox>
	</object>
	<object>
		<difficult>0</difficult>
		<name>&amp;*@HUST_text</name>
		<bndbox>
			<xmin>577</xmin>
			<ymin>720</ymin>
			<xmax>656</xmax>
			<ymax>750</ymax>
		</bndbox>
	</object>
	<object>
		<difficult>0</difficult>
		<name>&amp;*@HUST_text</name>
		<bndbox>
			<xmin>577</xmin>
			<ymin>680</ymin>
			<xmax>658</xmax>
			<ymax>711</ymax>
		</bndbox>
	</object>
	<object>
		<difficult>0</difficult>
		<name>&amp;*@HUST_text</name>
		<bndbox>
			<xmin>664</xmin>
			<ymin>697</ymin>
			<xmax>783</xmax>
			<ymax>711</ymax>
		</bndbox>
	</object>
	<object>
		<difficult>0</difficult>
		<name>&amp;*@HUST_text</name>
		<bndbox>
			<xmin>726</xmin>
			<ymin>680</ymin>
			<xmax>782</xmax>
			<ymax>696</ymax>
		</bndbox>
	</object>
	<object>
		<difficult>0</difficult>
		<name>&amp;*@HUST_text</name>
		<bndbox>
			<xmin>672</xmin>
			<ymin>646</ymin>
			<xmax>781</xmax>
			<ymax>672</ymax>
		</bndbox>
	</object>
	<object>
		<difficult>0</difficult>
		<name>&amp;*@HUST_text</name>
		<bndbox>
			<xmin>731</xmin>
			<ymin>621</ymin>
			<xmax>780</xmax>
			<ymax>645</ymax>
		</bndbox>
	</object>
	<object>
		<difficult>0</difficult>
		<name>&amp;*@HUST_text</name>
		<bndbox>
			<xmin>576</xmin>
			<ymin>616</ymin>
			<xmax>663</xmax>
			<ymax>671</ymax>
		</bndbox>
	</object>
	<object>
		<difficult>0</difficult>
		<name>&amp;*@HUST_text</name>
		<bndbox>
			<xmin>444</xmin>
			<ymin>645</ymin>
			<xmax>573</xmax>
			<ymax>672</ymax>
		</bndbox>
	</object>
	<object>
		<difficult>0</difficult>
		<name>&amp;*@HUST_text</name>
		<bndbox>
			<xmin>449</xmin>
			<ymin>615</ymin>
			<xmax>499</xmax>
			<ymax>644</ymax>
		</bndbox>
	</object>
	<object>
		<difficult>0</difficult>
		<name>&amp;*@HUST_text</name>
		<bndbox>
			<xmin>441</xmin>
			<ymin>576</ymin>
			<xmax>504</xmax>
			<ymax>592</ymax>
		</bndbox>
	</object>
	<object>
		<difficult>0</difficult>
		<name>&amp;*@HUST_text</name>
		<bndbox>
			<xmin>441</xmin>
			<ymin>593</ymin>
			<xmax>573</xmax>
			<ymax>606</ymax>
		</bndbox>
	</object>
	<object>
		<difficult>0</difficult>
		<name>&amp;*@HUST_text</name>
		<bndbox>
			<xmin>576</xmin>
			<ymin>577</ymin>
			<xmax>660</xmax>
			<ymax>606</ymax>
		</bndbox>
	</object>
	<object>
		<difficult>0</difficult>
		<name>&amp;*@HUST_text</name>
		<bndbox>
			<xmin>664</xmin>
			<ymin>593</ymin>
			<xmax>782</xmax>
			<ymax>606</ymax>
		</bndbox>
	</object>
	<object>
		<difficult>0</difficult>
		<name>&amp;*@HUST_text</name>
		<bndbox>
			<xmin>737</xmin>
			<ymin>577</ymin>
			<xmax>783</xmax>
			<ymax>593</ymax>
		</bndbox>
	</object>
	<object>
		<difficult>0</difficult>
		<name>&amp;*@HUST_text</name>
		<bndbox>
			<xmin>728</xmin>
			<ymin>538</ymin>
			<xmax>781</xmax>
			<ymax>554</ymax>
		</bndbox>
	</object>
	<object>
		<difficult>0</difficult>
		<name>&amp;*@HUST_text</name>
		<bndbox>
			<xmin>664</xmin>
			<ymin>554</ymin>
			<xmax>783</xmax>
			<ymax>569</ymax>
		</bndbox>
	</object>
	<object>
		<difficult>0</difficult>
		<name>&amp;*@HUST_text</name>
		<bndbox>
			<xmin>577</xmin>
			<ymin>538</ymin>
			<xmax>660</xmax>
			<ymax>569</ymax>
		</bndbox>
	</object>
	<object>
		<difficult>0</difficult>
		<name>&amp;*@HUST_text</name>
		<bndbox>
			<xmin>441</xmin>
			<ymin>555</ymin>
			<xmax>563</xmax>
			<ymax>570</ymax>
		</bndbox>
	</object>
	<object>
		<difficult>0</difficult>
		<name>&amp;*@HUST_text</name>
		<bndbox>
			<xmin>440</xmin>
			<ymin>538</ymin>
			<xmax>499</xmax>
			<ymax>554</ymax>
		</bndbox>
	</object>
	<object>
		<difficult>0</difficult>
		<name>&amp;*@HUST_text</name>
		<bndbox>
			<xmin>449</xmin>
			<ymin>504</ymin>
			<xmax>571</xmax>
			<ymax>531</ymax>
		</bndbox>
	</object>
	<object>
		<difficult>0</difficult>
		<name>&amp;*@HUST_text</name>
		<bndbox>
			<xmin>450</xmin>
			<ymin>473</ymin>
			<xmax>522</xmax>
			<ymax>503</ymax>
		</bndbox>
	</object>
	<object>
		<difficult>0</difficult>
		<name>&amp;*@HUST_text</name>
		<bndbox>
			<xmin>444</xmin>
			<ymin>450</ymin>
			<xmax>567</xmax>
			<ymax>465</ymax>
		</bndbox>
	</object>
	<object>
		<difficult>0</difficult>
		<name>&amp;*@HUST_text</name>
		<bndbox>
			<xmin>448</xmin>
			<ymin>435</ymin>
			<xmax>512</xmax>
			<ymax>449</ymax>
		</bndbox>
	</object>
	<object>
		<difficult>0</difficult>
		<name>&amp;*@HUST_text</name>
		<bndbox>
			<xmin>444</xmin>
			<ymin>413</ymin>
			<xmax>565</xmax>
			<ymax>427</ymax>
		</bndbox>
	</object>
	<object>
		<difficult>0</difficult>
		<name>&amp;*@HUST_text</name>
		<bndbox>
			<xmin>444</xmin>
			<ymin>396</ymin>
			<xmax>498</xmax>
			<ymax>412</ymax>
		</bndbox>
	</object>
	<object>
		<difficult>0</difficult>
		<name>&amp;*@HUST_text</name>
		<bndbox>
			<xmin>443</xmin>
			<ymin>375</ymin>
			<xmax>563</xmax>
			<ymax>390</ymax>
		</bndbox>
	</object>
	<object>
		<difficult>0</difficult>
		<name>&amp;*@HUST_text</name>
		<bndbox>
			<xmin>443</xmin>
			<ymin>358</ymin>
			<xmax>519</xmax>
			<ymax>375</ymax>
		</bndbox>
	</object>
	<object>
		<difficult>0</difficult>
		<name>&amp;*@HUST_text</name>
		<bndbox>
			<xmin>442</xmin>
			<ymin>337</ymin>
			<xmax>567</xmax>
			<ymax>352</ymax>
		</bndbox>
	</object>
	<object>
		<difficult>0</difficult>
		<name>&amp;*@HUST_text</name>
		<bndbox>
			<xmin>442</xmin>
			<ymin>319</ymin>
			<xmax>516</xmax>
			<ymax>336</ymax>
		</bndbox>
	</object>
	<object>
		<difficult>0</difficult>
		<name>&amp;*@HUST_text</name>
		<bndbox>
			<xmin>438</xmin>
			<ymin>285</ymin>
			<xmax>563</xmax>
			<ymax>311</ymax>
		</bndbox>
	</object>
	<object>
		<difficult>0</difficult>
		<name>&amp;*@HUST_text</name>
		<bndbox>
			<xmin>453</xmin>
			<ymin>254</ymin>
			<xmax>498</xmax>
			<ymax>284</ymax>
		</bndbox>
	</object>
	<object>
		<difficult>0</difficult>
		<name>&amp;*@HUST_text</name>
		<bndbox>
			<xmin>435</xmin>
			<ymin>232</ymin>
			<xmax>575</xmax>
			<ymax>247</ymax>
		</bndbox>
	</object>
	<object>
		<difficult>0</difficult>
		<name>&amp;*@HUST_text</name>
		<bndbox>
			<xmin>435</xmin>
			<ymin>216</ymin>
			<xmax>574</xmax>
			<ymax>232</ymax>
		</bndbox>
	</object>
	<object>
		<difficult>0</difficult>
		<name>&amp;*@HUST_text</name>
		<bndbox>
			<xmin>444</xmin>
			<ymin>180</ymin>
			<xmax>566</xmax>
			<ymax>203</ymax>
		</bndbox>
	</object>
	<object>
		<difficult>0</difficult>
		<name>&amp;*@HUST_text</name>
		<bndbox>
			<xmin>447</xmin>
			<ymin>150</ymin>
			<xmax>520</xmax>
			<ymax>180</ymax>
		</bndbox>
	</object>
	<object>
		<difficult>0</difficult>
		<name>&amp;*@HUST_text</name>
		<bndbox>
			<xmin>447</xmin>
			<ymin>114</ymin>
			<xmax>562</xmax>
			<ymax>139</ymax>
		</bndbox>
	</object>
	<object>
		<difficult>0</difficult>
		<name>&amp;*@HUST_text</name>
		<bndbox>
			<xmin>447</xmin>
			<ymin>84</ymin>
			<xmax>498</xmax>
			<ymax>114</ymax>
		</bndbox>
	</object>
	<object>
		<difficult>0</difficult>
		<name>&amp;*@HUST_text</name>
		<bndbox>
			<xmin>567</xmin>
			<ymin>85</ymin>
			<xmax>664</xmax>
			<ymax>142</ymax>
		</bndbox>
	</object>
	<object>
		<difficult>0</difficult>
		<name>&amp;*@HUST_text</name>
		<bndbox>
			<xmin>735</xmin>
			<ymin>88</ymin>
			<xmax>780</xmax>
			<ymax>114</ymax>
		</bndbox>
	</object>
	<object>
		<difficult>0</difficult>
		<name>&amp;*@HUST_text</name>
		<bndbox>
			<xmin>667</xmin>
			<ymin>115</ymin>
			<xmax>782</xmax>
			<ymax>141</ymax>
		</bndbox>
	</object>
	<object>
		<difficult>0</difficult>
		<name>&amp;*@HUST_text</name>
		<bndbox>
			<xmin>731</xmin>
			<ymin>152</ymin>
			<xmax>783</xmax>
			<ymax>179</ymax>
		</bndbox>
	</object>
	<object>
		<difficult>0</difficult>
		<name>&amp;*@HUST_text</name>
		<bndbox>
			<xmin>671</xmin>
			<ymin>180</ymin>
			<xmax>782</xmax>
			<ymax>208</ymax>
		</bndbox>
	</object>
	<object>
		<difficult>0</difficult>
		<name>&amp;*@HUST_text</name>
		<bndbox>
			<xmin>569</xmin>
			<ymin>151</ymin>
			<xmax>667</xmax>
			<ymax>206</ymax>
		</bndbox>
	</object>
	<object>
		<difficult>0</difficult>
		<name>&amp;*@HUST_text</name>
		<bndbox>
			<xmin>577</xmin>
			<ymin>216</ymin>
			<xmax>666</xmax>
			<ymax>247</ymax>
		</bndbox>
	</object>
	<object>
		<difficult>0</difficult>
		<name>&amp;*@HUST_text</name>
		<bndbox>
			<xmin>699</xmin>
			<ymin>216</ymin>
			<xmax>783</xmax>
			<ymax>230</ymax>
		</bndbox>
	</object>
	<object>
		<difficult>0</difficult>
		<name>&amp;*@HUST_text</name>
		<bndbox>
			<xmin>667</xmin>
			<ymin>230</ymin>
			<xmax>783</xmax>
			<ymax>246</ymax>
		</bndbox>
	</object>
	<object>
		<difficult>0</difficult>
		<name>&amp;*@HUST_text</name>
		<bndbox>
			<xmin>732</xmin>
			<ymin>256</ymin>
			<xmax>782</xmax>
			<ymax>284</ymax>
		</bndbox>
	</object>
	<object>
		<difficult>0</difficult>
		<name>&amp;*@HUST_text</name>
		<bndbox>
			<xmin>665</xmin>
			<ymin>284</ymin>
			<xmax>782</xmax>
			<ymax>311</ymax>
		</bndbox>
	</object>
	<object>
		<difficult>0</difficult>
		<name>&amp;*@HUST_text</name>
		<bndbox>
			<xmin>566</xmin>
			<ymin>253</ymin>
			<xmax>658</xmax>
			<ymax>309</ymax>
		</bndbox>
	</object>
	<object>
		<difficult>0</difficult>
		<name>&amp;*@HUST_text</name>
		<bndbox>
			<xmin>568</xmin>
			<ymin>321</ymin>
			<xmax>658</xmax>
			<ymax>351</ymax>
		</bndbox>
	</object>
	<object>
		<difficult>0</difficult>
		<name>&amp;*@HUST_text</name>
		<bndbox>
			<xmin>728</xmin>
			<ymin>320</ymin>
			<xmax>783</xmax>
			<ymax>336</ymax>
		</bndbox>
	</object>
	<object>
		<difficult>0</difficult>
		<name>&amp;*@HUST_text</name>
		<bndbox>
			<xmin>665</xmin>
			<ymin>337</ymin>
			<xmax>783</xmax>
			<ymax>352</ymax>
		</bndbox>
	</object>
	<object>
		<difficult>0</difficult>
		<name>&amp;*@HUST_text</name>
		<bndbox>
			<xmin>568</xmin>
			<ymin>359</ymin>
			<xmax>665</xmax>
			<ymax>389</ymax>
		</bndbox>
	</object>
	<object>
		<difficult>0</difficult>
		<name>&amp;*@HUST_text</name>
		<bndbox>
			<xmin>569</xmin>
			<ymin>397</ymin>
			<xmax>662</xmax>
			<ymax>426</ymax>
		</bndbox>
	</object>
	<object>
		<difficult>0</difficult>
		<name>&amp;*@HUST_text</name>
		<bndbox>
			<xmin>570</xmin>
			<ymin>435</ymin>
			<xmax>662</xmax>
			<ymax>464</ymax>
		</bndbox>
	</object>
	<object>
		<difficult>0</difficult>
		<name>&amp;*@HUST_text</name>
		<bndbox>
			<xmin>576</xmin>
			<ymin>478</ymin>
			<xmax>660</xmax>
			<ymax>519</ymax>
		</bndbox>
	</object>
	<object>
		<difficult>0</difficult>
		<name>&amp;*@HUST_text</name>
		<bndbox>
			<xmin>725</xmin>
			<ymin>358</ymin>
			<xmax>783</xmax>
			<ymax>374</ymax>
		</bndbox>
	</object>
	<object>
		<difficult>0</difficult>
		<name>&amp;*@HUST_text</name>
		<bndbox>
			<xmin>666</xmin>
			<ymin>375</ymin>
			<xmax>782</xmax>
			<ymax>389</ymax>
		</bndbox>
	</object>
	<object>
		<difficult>0</difficult>
		<name>&amp;*@HUST_text</name>
		<bndbox>
			<xmin>735</xmin>
			<ymin>396</ymin>
			<xmax>782</xmax>
			<ymax>412</ymax>
		</bndbox>
	</object>
	<object>
		<difficult>0</difficult>
		<name>&amp;*@HUST_text</name>
		<bndbox>
			<xmin>666</xmin>
			<ymin>413</ymin>
			<xmax>783</xmax>
			<ymax>427</ymax>
		</bndbox>
	</object>
	<object>
		<difficult>0</difficult>
		<name>&amp;*@HUST_text</name>
		<bndbox>
			<xmin>728</xmin>
			<ymin>435</ymin>
			<xmax>783</xmax>
			<ymax>450</ymax>
		</bndbox>
	</object>
	<object>
		<difficult>0</difficult>
		<name>&amp;*@HUST_text</name>
		<bndbox>
			<xmin>666</xmin>
			<ymin>450</ymin>
			<xmax>784</xmax>
			<ymax>465</ymax>
		</bndbox>
	</object>
	<object>
		<difficult>0</difficult>
		<name>&amp;*@HUST_text</name>
		<bndbox>
			<xmin>725</xmin>
			<ymin>475</ymin>
			<xmax>781</xmax>
			<ymax>502</ymax>
		</bndbox>
	</object>
	<object>
		<difficult>0</difficult>
		<name>&amp;*@HUST_text</name>
		<bndbox>
			<xmin>664</xmin>
			<ymin>503</ymin>
			<xmax>782</xmax>
			<ymax>529</ymax>
		</bndbox>
	</object>
</annotation>