<annotation>
	<filename>图像 5191.png</filename>
	<size>
		<width>976</width>
		<height>356</height>
		<depth>3</depth>
	</size>
	<segmented>0</segmented>
	<object>
		<difficult>0</difficult>
		<name>&amp;*@HUST_text</name>
		<bndbox>
			<xmin>4</xmin>
			<ymin>0</ymin>
			<xmax>75</xmax>
			<ymax>29</ymax>
		</bndbox>
	</object>
	<object>
		<difficult>0</difficult>
		<name>&amp;*@HUST_text</name>
		<bndbox>
			<xmin>3</xmin>
			<ymin>30</ymin>
			<xmax>101</xmax>
			<ymax>53</ymax>
		</bndbox>
	</object>
	<object>
		<difficult>0</difficult>
		<name>&amp;*@HUST_text</name>
		<bndbox>
			<xmin>103</xmin>
			<ymin>31</ymin>
			<xmax>181</xmax>
			<ymax>55</ymax>
		</bndbox>
	</object>
	<object>
		<difficult>0</difficult>
		<name>&amp;*@HUST_text</name>
		<bndbox>
			<xmin>184</xmin>
			<ymin>32</ymin>
			<xmax>279</xmax>
			<ymax>55</ymax>
		</bndbox>
	</object>
	<object>
		<difficult>0</difficult>
		<name>&amp;*@HUST_text</name>
		<bndbox>
			<xmin>10</xmin>
			<ymin>55</ymin>
			<xmax>126</xmax>
			<ymax>75</ymax>
		</bndbox>
	</object>
	<object>
		<difficult>0</difficult>
		<name>&amp;*@HUST_text</name>
		<bndbox>
			<xmin>7</xmin>
			<ymin>76</ymin>
			<xmax>102</xmax>
			<ymax>97</ymax>
		</bndbox>
	</object>
	<object>
		<difficult>0</difficult>
		<name>&amp;*@HUST_text</name>
		<bndbox>
			<xmin>106</xmin>
			<ymin>77</ymin>
			<xmax>162</xmax>
			<ymax>98</ymax>
		</bndbox>
	</object>
	<object>
		<difficult>0</difficult>
		<name>&amp;*@HUST_text</name>
		<bndbox>
			<xmin>164</xmin>
			<ymin>77</ymin>
			<xmax>225</xmax>
			<ymax>98</ymax>
		</bndbox>
	</object>
	<object>
		<difficult>0</difficult>
		<name>&amp;*@HUST_text</name>
		<bndbox>
			<xmin>10</xmin>
			<ymin>98</ymin>
			<xmax>83</xmax>
			<ymax>120</ymax>
		</bndbox>
	</object>
	<object>
		<difficult>0</difficult>
		<name>&amp;*@HUST_text</name>
		<bndbox>
			<xmin>10</xmin>
			<ymin>121</ymin>
			<xmax>81</xmax>
			<ymax>144</ymax>
		</bndbox>
	</object>
	<object>
		<difficult>0</difficult>
		<name>&amp;*@HUST_text</name>
		<bndbox>
			<xmin>11</xmin>
			<ymin>145</ymin>
			<xmax>60</xmax>
			<ymax>166</ymax>
		</bndbox>
	</object>
	<object>
		<difficult>0</difficult>
		<name>&amp;*@HUST_text</name>
		<bndbox>
			<xmin>12</xmin>
			<ymin>167</ymin>
			<xmax>58</xmax>
			<ymax>191</ymax>
		</bndbox>
	</object>
	<object>
		<difficult>0</difficult>
		<name>&amp;*@HUST_text</name>
		<bndbox>
			<xmin>12</xmin>
			<ymin>192</ymin>
			<xmax>57</xmax>
			<ymax>211</ymax>
		</bndbox>
	</object>
	<object>
		<difficult>0</difficult>
		<name>&amp;*@HUST_text</name>
		<bndbox>
			<xmin>12</xmin>
			<ymin>212</ymin>
			<xmax>56</xmax>
			<ymax>233</ymax>
		</bndbox>
	</object>
	<object>
		<difficult>0</difficult>
		<name>&amp;*@HUST_text</name>
		<bndbox>
			<xmin>12</xmin>
			<ymin>234</ymin>
			<xmax>73</xmax>
			<ymax>260</ymax>
		</bndbox>
	</object>
	<object>
		<difficult>0</difficult>
		<name>&amp;*@HUST_text</name>
		<bndbox>
			<xmin>12</xmin>
			<ymin>261</ymin>
			<xmax>53</xmax>
			<ymax>279</ymax>
		</bndbox>
	</object>
	<object>
		<difficult>0</difficult>
		<name>&amp;*@HUST_text</name>
		<bndbox>
			<xmin>12</xmin>
			<ymin>280</ymin>
			<xmax>53</xmax>
			<ymax>300</ymax>
		</bndbox>
	</object>
	<object>
		<difficult>0</difficult>
		<name>&amp;*@HUST_text</name>
		<bndbox>
			<xmin>12</xmin>
			<ymin>301</ymin>
			<xmax>98</xmax>
			<ymax>323</ymax>
		</bndbox>
	</object>
	<object>
		<difficult>0</difficult>
		<name>&amp;*@HUST_text</name>
		<bndbox>
			<xmin>327</xmin>
			<ymin>0</ymin>
			<xmax>417</xmax>
			<ymax>26</ymax>
		</bndbox>
	</object>
	<object>
		<difficult>0</difficult>
		<name>&amp;*@HUST_text</name>
		<bndbox>
			<xmin>327</xmin>
			<ymin>28</ymin>
			<xmax>429</xmax>
			<ymax>52</ymax>
		</bndbox>
	</object>
	<object>
		<difficult>0</difficult>
		<name>&amp;*@HUST_text</name>
		<bndbox>
			<xmin>431</xmin>
			<ymin>28</ymin>
			<xmax>507</xmax>
			<ymax>52</ymax>
		</bndbox>
	</object>
	<object>
		<difficult>0</difficult>
		<name>&amp;*@HUST_text</name>
		<bndbox>
			<xmin>508</xmin>
			<ymin>29</ymin>
			<xmax>570</xmax>
			<ymax>51</ymax>
		</bndbox>
	</object>
	<object>
		<difficult>0</difficult>
		<name>&amp;*@HUST_text</name>
		<bndbox>
			<xmin>328</xmin>
			<ymin>54</ymin>
			<xmax>441</xmax>
			<ymax>74</ymax>
		</bndbox>
	</object>
	<object>
		<difficult>0</difficult>
		<name>&amp;*@HUST_text</name>
		<bndbox>
			<xmin>443</xmin>
			<ymin>54</ymin>
			<xmax>557</xmax>
			<ymax>73</ymax>
		</bndbox>
	</object>
	<object>
		<difficult>0</difficult>
		<name>&amp;*@HUST_text</name>
		<bndbox>
			<xmin>329</xmin>
			<ymin>74</ymin>
			<xmax>420</xmax>
			<ymax>90</ymax>
		</bndbox>
	</object>
	<object>
		<difficult>0</difficult>
		<name>&amp;*@HUST_text</name>
		<bndbox>
			<xmin>421</xmin>
			<ymin>75</ymin>
			<xmax>517</xmax>
			<ymax>89</ymax>
		</bndbox>
	</object>
	<object>
		<difficult>0</difficult>
		<name>&amp;*@HUST_text</name>
		<bndbox>
			<xmin>329</xmin>
			<ymin>90</ymin>
			<xmax>442</xmax>
			<ymax>114</ymax>
		</bndbox>
	</object>
	<object>
		<difficult>0</difficult>
		<name>&amp;*@HUST_text</name>
		<bndbox>
			<xmin>329</xmin>
			<ymin>114</ymin>
			<xmax>442</xmax>
			<ymax>137</ymax>
		</bndbox>
	</object>
	<object>
		<difficult>0</difficult>
		<name>&amp;*@HUST_text</name>
		<bndbox>
			<xmin>323</xmin>
			<ymin>180</ymin>
			<xmax>391</xmax>
			<ymax>206</ymax>
		</bndbox>
	</object>
	<object>
		<difficult>0</difficult>
		<name>&amp;*@HUST_text</name>
		<bndbox>
			<xmin>321</xmin>
			<ymin>208</ymin>
			<xmax>383</xmax>
			<ymax>234</ymax>
		</bndbox>
	</object>
	<object>
		<difficult>0</difficult>
		<name>&amp;*@HUST_text</name>
		<bndbox>
			<xmin>386</xmin>
			<ymin>207</ymin>
			<xmax>443</xmax>
			<ymax>234</ymax>
		</bndbox>
	</object>
	<object>
		<difficult>0</difficult>
		<name>&amp;*@HUST_text</name>
		<bndbox>
			<xmin>444</xmin>
			<ymin>209</ymin>
			<xmax>502</xmax>
			<ymax>235</ymax>
		</bndbox>
	</object>
	<object>
		<difficult>0</difficult>
		<name>&amp;*@HUST_text</name>
		<bndbox>
			<xmin>503</xmin>
			<ymin>209</ymin>
			<xmax>561</xmax>
			<ymax>235</ymax>
		</bndbox>
	</object>
	<object>
		<difficult>0</difficult>
		<name>&amp;*@HUST_text</name>
		<bndbox>
			<xmin>322</xmin>
			<ymin>235</ymin>
			<xmax>395</xmax>
			<ymax>256</ymax>
		</bndbox>
	</object>
	<object>
		<difficult>0</difficult>
		<name>&amp;*@HUST_text</name>
		<bndbox>
			<xmin>322</xmin>
			<ymin>258</ymin>
			<xmax>392</xmax>
			<ymax>278</ymax>
		</bndbox>
	</object>
	<object>
		<difficult>0</difficult>
		<name>&amp;*@HUST_text</name>
		<bndbox>
			<xmin>323</xmin>
			<ymin>279</ymin>
			<xmax>393</xmax>
			<ymax>304</ymax>
		</bndbox>
	</object>
	<object>
		<difficult>0</difficult>
		<name>&amp;*@HUST_text</name>
		<bndbox>
			<xmin>638</xmin>
			<ymin>1</ymin>
			<xmax>693</xmax>
			<ymax>30</ymax>
		</bndbox>
	</object>
	<object>
		<difficult>0</difficult>
		<name>&amp;*@HUST_text</name>
		<bndbox>
			<xmin>636</xmin>
			<ymin>34</ymin>
			<xmax>700</xmax>
			<ymax>54</ymax>
		</bndbox>
	</object>
	<object>
		<difficult>0</difficult>
		<name>&amp;*@HUST_text</name>
		<bndbox>
			<xmin>637</xmin>
			<ymin>54</ymin>
			<xmax>699</xmax>
			<ymax>76</ymax>
		</bndbox>
	</object>
	<object>
		<difficult>0</difficult>
		<name>&amp;*@HUST_text</name>
		<bndbox>
			<xmin>701</xmin>
			<ymin>34</ymin>
			<xmax>767</xmax>
			<ymax>57</ymax>
		</bndbox>
	</object>
	<object>
		<difficult>0</difficult>
		<name>&amp;*@HUST_text</name>
		<bndbox>
			<xmin>768</xmin>
			<ymin>35</ymin>
			<xmax>826</xmax>
			<ymax>57</ymax>
		</bndbox>
	</object>
	<object>
		<difficult>0</difficult>
		<name>&amp;*@HUST_text</name>
		<bndbox>
			<xmin>827</xmin>
			<ymin>35</ymin>
			<xmax>884</xmax>
			<ymax>57</ymax>
		</bndbox>
	</object>
	<object>
		<difficult>0</difficult>
		<name>&amp;*@HUST_text</name>
		<bndbox>
			<xmin>885</xmin>
			<ymin>35</ymin>
			<xmax>944</xmax>
			<ymax>56</ymax>
		</bndbox>
	</object>
	<object>
		<difficult>0</difficult>
		<name>&amp;*@HUST_text</name>
		<bndbox>
			<xmin>637</xmin>
			<ymin>76</ymin>
			<xmax>725</xmax>
			<ymax>96</ymax>
		</bndbox>
	</object>
	<object>
		<difficult>0</difficult>
		<name>&amp;*@HUST_text</name>
		<bndbox>
			<xmin>638</xmin>
			<ymin>97</ymin>
			<xmax>725</xmax>
			<ymax>117</ymax>
		</bndbox>
	</object>
	<object>
		<difficult>0</difficult>
		<name>&amp;*@HUST_text</name>
		<bndbox>
			<xmin>637</xmin>
			<ymin>118</ymin>
			<xmax>753</xmax>
			<ymax>138</ymax>
		</bndbox>
	</object>
	<object>
		<difficult>0</difficult>
		<name>&amp;*@HUST_text</name>
		<bndbox>
			<xmin>725</xmin>
			<ymin>77</ymin>
			<xmax>803</xmax>
			<ymax>97</ymax>
		</bndbox>
	</object>
	<object>
		<difficult>0</difficult>
		<name>&amp;*@HUST_text</name>
		<bndbox>
			<xmin>804</xmin>
			<ymin>77</ymin>
			<xmax>882</xmax>
			<ymax>97</ymax>
		</bndbox>
	</object>
	<object>
		<difficult>0</difficult>
		<name>&amp;*@HUST_text</name>
		<bndbox>
			<xmin>883</xmin>
			<ymin>77</ymin>
			<xmax>944</xmax>
			<ymax>97</ymax>
		</bndbox>
	</object>
	<object>
		<difficult>0</difficult>
		<name>&amp;*@HUST_text</name>
		<bndbox>
			<xmin>725</xmin>
			<ymin>98</ymin>
			<xmax>804</xmax>
			<ymax>117</ymax>
		</bndbox>
	</object>
	<object>
		<difficult>0</difficult>
		<name>&amp;*@HUST_text</name>
		<bndbox>
			<xmin>805</xmin>
			<ymin>98</ymin>
			<xmax>893</xmax>
			<ymax>117</ymax>
		</bndbox>
	</object>
	<object>
		<difficult>0</difficult>
		<name>&amp;*@HUST_text</name>
		<bndbox>
			<xmin>638</xmin>
			<ymin>138</ymin>
			<xmax>699</xmax>
			<ymax>164</ymax>
		</bndbox>
	</object>
	<object>
		<difficult>0</difficult>
		<name>&amp;*@HUST_text</name>
		<bndbox>
			<xmin>700</xmin>
			<ymin>139</ymin>
			<xmax>794</xmax>
			<ymax>164</ymax>
		</bndbox>
	</object>
	<object>
		<difficult>0</difficult>
		<name>&amp;*@HUST_text</name>
		<bndbox>
			<xmin>795</xmin>
			<ymin>139</ymin>
			<xmax>853</xmax>
			<ymax>163</ymax>
		</bndbox>
	</object>
	<object>
		<difficult>0</difficult>
		<name>&amp;*@HUST_text</name>
		<bndbox>
			<xmin>854</xmin>
			<ymin>140</ymin>
			<xmax>910</xmax>
			<ymax>163</ymax>
		</bndbox>
	</object>
	<object>
		<difficult>0</difficult>
		<name>&amp;*@HUST_text</name>
		<bndbox>
			<xmin>634</xmin>
			<ymin>178</ymin>
			<xmax>696</xmax>
			<ymax>210</ymax>
		</bndbox>
	</object>
	<object>
		<difficult>0</difficult>
		<name>&amp;*@HUST_text</name>
		<bndbox>
			<xmin>634</xmin>
			<ymin>211</ymin>
			<xmax>701</xmax>
			<ymax>235</ymax>
		</bndbox>
	</object>
	<object>
		<difficult>0</difficult>
		<name>&amp;*@HUST_text</name>
		<bndbox>
			<xmin>635</xmin>
			<ymin>236</ymin>
			<xmax>701</xmax>
			<ymax>260</ymax>
		</bndbox>
	</object>
	<object>
		<difficult>0</difficult>
		<name>&amp;*@HUST_text</name>
		<bndbox>
			<xmin>743</xmin>
			<ymin>174</ymin>
			<xmax>826</xmax>
			<ymax>209</ymax>
		</bndbox>
	</object>
	<object>
		<difficult>0</difficult>
		<name>&amp;*@HUST_text</name>
		<bndbox>
			<xmin>744</xmin>
			<ymin>209</ymin>
			<xmax>825</xmax>
			<ymax>239</ymax>
		</bndbox>
	</object>
	<object>
		<difficult>0</difficult>
		<name>&amp;*@HUST_text</name>
		<bndbox>
			<xmin>744</xmin>
			<ymin>239</ymin>
			<xmax>826</xmax>
			<ymax>268</ymax>
		</bndbox>
	</object>
	<object>
		<difficult>0</difficult>
		<name>&amp;*@HUST_text</name>
		<bndbox>
			<xmin>640</xmin>
			<ymin>272</ymin>
			<xmax>758</xmax>
			<ymax>308</ymax>
		</bndbox>
	</object>
	<object>
		<difficult>0</difficult>
		<name>&amp;*@HUST_text</name>
		<bndbox>
			<xmin>640</xmin>
			<ymin>309</ymin>
			<xmax>757</xmax>
			<ymax>348</ymax>
		</bndbox>
	</object>
</annotation>