<annotation>
	<filename>图像 0181.png</filename>
	<size>
		<width>1774</width>
		<height>511</height>
		<depth>3</depth>
	</size>
	<segmented>0</segmented>
	<object>
		<difficult>0</difficult>
		<name>&amp;*@HUST_text</name>
		<bndbox>
			<xmin>3</xmin>
			<ymin>0</ymin>
			<xmax>167</xmax>
			<ymax>23</ymax>
		</bndbox>
	</object>
	<object>
		<difficult>0</difficult>
		<name>&amp;*@HUST_text</name>
		<bndbox>
			<xmin>4</xmin>
			<ymin>26</ymin>
			<xmax>27</xmax>
			<ymax>46</ymax>
		</bndbox>
	</object>
	<object>
		<difficult>0</difficult>
		<name>&amp;*@HUST_text</name>
		<bndbox>
			<xmin>170</xmin>
			<ymin>27</ymin>
			<xmax>232</xmax>
			<ymax>46</ymax>
		</bndbox>
	</object>
	<object>
		<difficult>1</difficult>
		<name>&amp;*@HUST_special</name>
		<bndbox>
			<xmin>413</xmin>
			<ymin>28</ymin>
			<xmax>426</xmax>
			<ymax>44</ymax>
		</bndbox>
	</object>
	<object>
		<difficult>0</difficult>
		<name>&amp;*@HUST_text</name>
		<bndbox>
			<xmin>6</xmin>
			<ymin>52</ymin>
			<xmax>184</xmax>
			<ymax>74</ymax>
		</bndbox>
	</object>
	<object>
		<difficult>1</difficult>
		<name>&amp;*@HUST_special</name>
		<bndbox>
			<xmin>14</xmin>
			<ymin>83</ymin>
			<xmax>34</xmax>
			<ymax>93</ymax>
		</bndbox>
	</object>
	<object>
		<difficult>1</difficult>
		<name>&amp;*@HUST_special</name>
		<bndbox>
			<xmin>12</xmin>
			<ymin>98</ymin>
			<xmax>30</xmax>
			<ymax>116</ymax>
		</bndbox>
	</object>
	<object>
		<difficult>0</difficult>
		<name>&amp;*@HUST_text</name>
		<bndbox>
			<xmin>3</xmin>
			<ymin>449</ymin>
			<xmax>141</xmax>
			<ymax>472</ymax>
		</bndbox>
	</object>
	<object>
		<difficult>0</difficult>
		<name>&amp;*@HUST_text</name>
		<bndbox>
			<xmin>881</xmin>
			<ymin>157</ymin>
			<xmax>906</xmax>
			<ymax>175</ymax>
		</bndbox>
	</object>
	<object>
		<difficult>1</difficult>
		<name>&amp;*@HUST_special</name>
		<bndbox>
			<xmin>865</xmin>
			<ymin>160</ymin>
			<xmax>878</xmax>
			<ymax>173</ymax>
		</bndbox>
	</object>
	<object>
		<difficult>1</difficult>
		<name>&amp;*@HUST_special</name>
		<bndbox>
			<xmin>865</xmin>
			<ymin>222</ymin>
			<xmax>878</xmax>
			<ymax>235</ymax>
		</bndbox>
	</object>
	<object>
		<difficult>0</difficult>
		<name>&amp;*@HUST_text</name>
		<bndbox>
			<xmin>881</xmin>
			<ymin>219</ymin>
			<xmax>931</xmax>
			<ymax>237</ymax>
		</bndbox>
	</object>
	<object>
		<difficult>0</difficult>
		<name>&amp;*@HUST_text</name>
		<bndbox>
			<xmin>880</xmin>
			<ymin>281</ymin>
			<xmax>906</xmax>
			<ymax>299</ymax>
		</bndbox>
	</object>
	<object>
		<difficult>1</difficult>
		<name>&amp;*@HUST_special</name>
		<bndbox>
			<xmin>865</xmin>
			<ymin>284</ymin>
			<xmax>878</xmax>
			<ymax>297</ymax>
		</bndbox>
	</object>
	<object>
		<difficult>1</difficult>
		<name>&amp;*@HUST_special</name>
		<bndbox>
			<xmin>865</xmin>
			<ymin>346</ymin>
			<xmax>878</xmax>
			<ymax>359</ymax>
		</bndbox>
	</object>
	<object>
		<difficult>0</difficult>
		<name>&amp;*@HUST_text</name>
		<bndbox>
			<xmin>880</xmin>
			<ymin>343</ymin>
			<xmax>930</xmax>
			<ymax>361</ymax>
		</bndbox>
	</object>
	<object>
		<difficult>1</difficult>
		<name>&amp;*@HUST_special</name>
		<bndbox>
			<xmin>1054</xmin>
			<ymin>83</ymin>
			<xmax>1074</xmax>
			<ymax>93</ymax>
		</bndbox>
	</object>
	<object>
		<difficult>1</difficult>
		<name>&amp;*@HUST_special</name>
		<bndbox>
			<xmin>1053</xmin>
			<ymin>98</ymin>
			<xmax>1072</xmax>
			<ymax>116</ymax>
		</bndbox>
	</object>
	<object>
		<difficult>0</difficult>
		<name>&amp;*@HUST_text</name>
		<bndbox>
			<xmin>1551</xmin>
			<ymin>416</ymin>
			<xmax>1604</xmax>
			<ymax>447</ymax>
		</bndbox>
	</object>
	<object>
		<difficult>0</difficult>
		<name>&amp;*@HUST_text</name>
		<bndbox>
			<xmin>1652</xmin>
			<ymin>415</ymin>
			<xmax>1702</xmax>
			<ymax>445</ymax>
		</bndbox>
	</object>
	<object>
		<difficult>1</difficult>
		<name>&amp;*@HUST_special</name>
		<bndbox>
			<xmin>1620</xmin>
			<ymin>415</ymin>
			<xmax>1651</xmax>
			<ymax>446</ymax>
		</bndbox>
	</object>
	<object>
		<difficult>1</difficult>
		<name>&amp;*@HUST_special</name>
		<bndbox>
			<xmin>1703</xmin>
			<ymin>414</ymin>
			<xmax>1715</xmax>
			<ymax>445</ymax>
		</bndbox>
	</object>
</annotation>