<annotation>
	<filename>图像 0141.png</filename>
	<size>
		<width>1655</width>
		<height>156</height>
		<depth>3</depth>
	</size>
	<segmented>0</segmented>
	<object>
		<difficult>0</difficult>
		<name>&amp;*@HUST_text</name>
		<bndbox>
			<xmin>7</xmin>
			<ymin>1</ymin>
			<xmax>109</xmax>
			<ymax>20</ymax>
		</bndbox>
	</object>
	<object>
		<difficult>1</difficult>
		<name>&amp;*@HUST_special</name>
		<bndbox>
			<xmin>110</xmin>
			<ymin>2</ymin>
			<xmax>121</xmax>
			<ymax>20</ymax>
		</bndbox>
	</object>
	<object>
		<difficult>0</difficult>
		<name>&amp;*@HUST_text</name>
		<bndbox>
			<xmin>129</xmin>
			<ymin>3</ymin>
			<xmax>227</xmax>
			<ymax>21</ymax>
		</bndbox>
	</object>
	<object>
		<difficult>1</difficult>
		<name>&amp;*@HUST_special</name>
		<bndbox>
			<xmin>229</xmin>
			<ymin>3</ymin>
			<xmax>243</xmax>
			<ymax>19</ymax>
		</bndbox>
	</object>
	<object>
		<difficult>0</difficult>
		<name>&amp;*@HUST_text</name>
		<bndbox>
			<xmin>3</xmin>
			<ymin>28</ymin>
			<xmax>107</xmax>
			<ymax>62</ymax>
		</bndbox>
	</object>
	<object>
		<difficult>0</difficult>
		<name>&amp;*@HUST_text</name>
		<bndbox>
			<xmin>69</xmin>
			<ymin>69</ymin>
			<xmax>183</xmax>
			<ymax>89</ymax>
		</bndbox>
	</object>
	<object>
		<difficult>1</difficult>
		<name>&amp;*@HUST_special</name>
		<bndbox>
			<xmin>46</xmin>
			<ymin>69</ymin>
			<xmax>67</xmax>
			<ymax>88</ymax>
		</bndbox>
	</object>
	<object>
		<difficult>0</difficult>
		<name>&amp;*@HUST_text</name>
		<bndbox>
			<xmin>250</xmin>
			<ymin>2</ymin>
			<xmax>349</xmax>
			<ymax>20</ymax>
		</bndbox>
	</object>
	<object>
		<difficult>1</difficult>
		<name>&amp;*@HUST_special</name>
		<bndbox>
			<xmin>350</xmin>
			<ymin>2</ymin>
			<xmax>365</xmax>
			<ymax>19</ymax>
		</bndbox>
	</object>
	<object>
		<difficult>0</difficult>
		<name>&amp;*@HUST_text</name>
		<bndbox>
			<xmin>373</xmin>
			<ymin>2</ymin>
			<xmax>470</xmax>
			<ymax>20</ymax>
		</bndbox>
	</object>
	<object>
		<difficult>1</difficult>
		<name>&amp;*@HUST_special</name>
		<bndbox>
			<xmin>517</xmin>
			<ymin>33</ymin>
			<xmax>530</xmax>
			<ymax>52</ymax>
		</bndbox>
	</object>
	<object>
		<difficult>1</difficult>
		<name>&amp;*@HUST_special</name>
		<bndbox>
			<xmin>472</xmin>
			<ymin>3</ymin>
			<xmax>487</xmax>
			<ymax>20</ymax>
		</bndbox>
	</object>
	<object>
		<difficult>0</difficult>
		<name>&amp;*@HUST_text</name>
		<bndbox>
			<xmin>494</xmin>
			<ymin>2</ymin>
			<xmax>592</xmax>
			<ymax>20</ymax>
		</bndbox>
	</object>
	<object>
		<difficult>1</difficult>
		<name>&amp;*@HUST_special</name>
		<bndbox>
			<xmin>593</xmin>
			<ymin>2</ymin>
			<xmax>609</xmax>
			<ymax>20</ymax>
		</bndbox>
	</object>
	<object>
		<difficult>0</difficult>
		<name>&amp;*@HUST_text</name>
		<bndbox>
			<xmin>535</xmin>
			<ymin>27</ymin>
			<xmax>582</xmax>
			<ymax>47</ymax>
		</bndbox>
	</object>
	<object>
		<difficult>0</difficult>
		<name>&amp;*@HUST_text</name>
		<bndbox>
			<xmin>535</xmin>
			<ymin>48</ymin>
			<xmax>591</xmax>
			<ymax>64</ymax>
		</bndbox>
	</object>
	<object>
		<difficult>0</difficult>
		<name>&amp;*@HUST_text</name>
		<bndbox>
			<xmin>617</xmin>
			<ymin>2</ymin>
			<xmax>689</xmax>
			<ymax>21</ymax>
		</bndbox>
	</object>
	<object>
		<difficult>1</difficult>
		<name>&amp;*@HUST_special</name>
		<bndbox>
			<xmin>713</xmin>
			<ymin>1</ymin>
			<xmax>731</xmax>
			<ymax>21</ymax>
		</bndbox>
	</object>
	<object>
		<difficult>0</difficult>
		<name>&amp;*@HUST_text</name>
		<bndbox>
			<xmin>689</xmin>
			<ymin>68</ymin>
			<xmax>793</xmax>
			<ymax>89</ymax>
		</bndbox>
	</object>
	<object>
		<difficult>0</difficult>
		<name>&amp;*@HUST_text</name>
		<bndbox>
			<xmin>738</xmin>
			<ymin>1</ymin>
			<xmax>839</xmax>
			<ymax>22</ymax>
		</bndbox>
	</object>
	<object>
		<difficult>1</difficult>
		<name>&amp;*@HUST_special</name>
		<bndbox>
			<xmin>840</xmin>
			<ymin>1</ymin>
			<xmax>853</xmax>
			<ymax>22</ymax>
		</bndbox>
	</object>
	<object>
		<difficult>1</difficult>
		<name>&amp;*@HUST_special</name>
		<bndbox>
			<xmin>996</xmin>
			<ymin>32</ymin>
			<xmax>1010</xmax>
			<ymax>52</ymax>
		</bndbox>
	</object>
	<object>
		<difficult>0</difficult>
		<name>&amp;*@HUST_text</name>
		<bndbox>
			<xmin>1014</xmin>
			<ymin>28</ymin>
			<xmax>1079</xmax>
			<ymax>48</ymax>
		</bndbox>
	</object>
	<object>
		<difficult>0</difficult>
		<name>&amp;*@HUST_text</name>
		<bndbox>
			<xmin>1014</xmin>
			<ymin>48</ymin>
			<xmax>1077</xmax>
			<ymax>64</ymax>
		</bndbox>
	</object>
	<object>
		<difficult>1</difficult>
		<name>&amp;*@HUST_special</name>
		<bndbox>
			<xmin>1085</xmin>
			<ymin>29</ymin>
			<xmax>1116</xmax>
			<ymax>60</ymax>
		</bndbox>
	</object>
	<object>
		<difficult>1</difficult>
		<name>&amp;*@HUST_special</name>
		<bndbox>
			<xmin>1136</xmin>
			<ymin>33</ymin>
			<xmax>1153</xmax>
			<ymax>51</ymax>
		</bndbox>
	</object>
	<object>
		<difficult>0</difficult>
		<name>&amp;*@HUST_text</name>
		<bndbox>
			<xmin>1155</xmin>
			<ymin>35</ymin>
			<xmax>1201</xmax>
			<ymax>51</ymax>
		</bndbox>
	</object>
	<object>
		<difficult>0</difficult>
		<name>&amp;*@HUST_text</name>
		<bndbox>
			<xmin>1144</xmin>
			<ymin>68</ymin>
			<xmax>1228</xmax>
			<ymax>88</ymax>
		</bndbox>
	</object>
	<object>
		<difficult>1</difficult>
		<name>&amp;*@HUST_special</name>
		<bndbox>
			<xmin>1204</xmin>
			<ymin>33</ymin>
			<xmax>1221</xmax>
			<ymax>52</ymax>
		</bndbox>
	</object>
	<object>
		<difficult>0</difficult>
		<name>&amp;*@HUST_text</name>
		<bndbox>
			<xmin>1221</xmin>
			<ymin>33</ymin>
			<xmax>1279</xmax>
			<ymax>51</ymax>
		</bndbox>
	</object>
	<object>
		<difficult>1</difficult>
		<name>&amp;*@HUST_special</name>
		<bndbox>
			<xmin>1296</xmin>
			<ymin>33</ymin>
			<xmax>1313</xmax>
			<ymax>52</ymax>
		</bndbox>
	</object>
	<object>
		<difficult>0</difficult>
		<name>&amp;*@HUST_text</name>
		<bndbox>
			<xmin>1314</xmin>
			<ymin>33</ymin>
			<xmax>1436</xmax>
			<ymax>51</ymax>
		</bndbox>
	</object>
	<object>
		<difficult>0</difficult>
		<name>&amp;*@HUST_text</name>
		<bndbox>
			<xmin>1394</xmin>
			<ymin>68</ymin>
			<xmax>1487</xmax>
			<ymax>89</ymax>
		</bndbox>
	</object>
</annotation>