<annotation>
	<filename>图像 0291.png</filename>
	<size>
		<width>1920</width>
		<height>642</height>
		<depth>3</depth>
	</size>
	<segmented>0</segmented>
	<object>
		<difficult>1</difficult>
		<name>Difficult</name>
		<bndbox>
			<xmin>26</xmin>
			<ymin>17</ymin>
			<xmax>60</xmax>
			<ymax>35</ymax>
		</bndbox>
	</object>
	<object>
		<difficult>0</difficult>
		<name>&amp;*@HUST_text</name>
		<bndbox>
			<xmin>67</xmin>
			<ymin>8</ymin>
			<xmax>119</xmax>
			<ymax>22</ymax>
		</bndbox>
	</object>
	<object>
		<difficult>0</difficult>
		<name>&amp;*@HUST_text</name>
		<bndbox>
			<xmin>66</xmin>
			<ymin>23</ymin>
			<xmax>137</xmax>
			<ymax>52</ymax>
		</bndbox>
	</object>
	<object>
		<difficult>1</difficult>
		<name>&amp;*@HUST_special</name>
		<bndbox>
			<xmin>220</xmin>
			<ymin>41</ymin>
			<xmax>246</xmax>
			<ymax>65</ymax>
		</bndbox>
	</object>
	<object>
		<difficult>0</difficult>
		<name>&amp;*@HUST_text</name>
		<bndbox>
			<xmin>247</xmin>
			<ymin>41</ymin>
			<xmax>290</xmax>
			<ymax>65</ymax>
		</bndbox>
	</object>
	<object>
		<difficult>1</difficult>
		<name>&amp;*@HUST_special</name>
		<bndbox>
			<xmin>311</xmin>
			<ymin>41</ymin>
			<xmax>330</xmax>
			<ymax>65</ymax>
		</bndbox>
	</object>
	<object>
		<difficult>0</difficult>
		<name>&amp;*@HUST_text</name>
		<bndbox>
			<xmin>331</xmin>
			<ymin>42</ymin>
			<xmax>399</xmax>
			<ymax>65</ymax>
		</bndbox>
	</object>
	<object>
		<difficult>1</difficult>
		<name>&amp;*@HUST_special</name>
		<bndbox>
			<xmin>423</xmin>
			<ymin>41</ymin>
			<xmax>445</xmax>
			<ymax>66</ymax>
		</bndbox>
	</object>
	<object>
		<difficult>0</difficult>
		<name>&amp;*@HUST_text</name>
		<bndbox>
			<xmin>446</xmin>
			<ymin>41</ymin>
			<xmax>531</xmax>
			<ymax>65</ymax>
		</bndbox>
	</object>
	<object>
		<difficult>1</difficult>
		<name>&amp;*@HUST_special</name>
		<bndbox>
			<xmin>550</xmin>
			<ymin>41</ymin>
			<xmax>573</xmax>
			<ymax>65</ymax>
		</bndbox>
	</object>
	<object>
		<difficult>0</difficult>
		<name>&amp;*@HUST_text</name>
		<bndbox>
			<xmin>574</xmin>
			<ymin>41</ymin>
			<xmax>626</xmax>
			<ymax>65</ymax>
		</bndbox>
	</object>
	<object>
		<difficult>1</difficult>
		<name>&amp;*@HUST_special</name>
		<bndbox>
			<xmin>641</xmin>
			<ymin>41</ymin>
			<xmax>663</xmax>
			<ymax>66</ymax>
		</bndbox>
	</object>
	<object>
		<difficult>0</difficult>
		<name>&amp;*@HUST_text</name>
		<bndbox>
			<xmin>665</xmin>
			<ymin>41</ymin>
			<xmax>754</xmax>
			<ymax>65</ymax>
		</bndbox>
	</object>
	<object>
		<difficult>1</difficult>
		<name>&amp;*@HUST_special</name>
		<bndbox>
			<xmin>15</xmin>
			<ymin>83</ymin>
			<xmax>38</xmax>
			<ymax>115</ymax>
		</bndbox>
	</object>
	<object>
		<difficult>0</difficult>
		<name>&amp;*@HUST_text</name>
		<bndbox>
			<xmin>39</xmin>
			<ymin>83</ymin>
			<xmax>135</xmax>
			<ymax>115</ymax>
		</bndbox>
	</object>
	<object>
		<difficult>1</difficult>
		<name>&amp;*@HUST_special</name>
		<bndbox>
			<xmin>138</xmin>
			<ymin>83</ymin>
			<xmax>188</xmax>
			<ymax>115</ymax>
		</bndbox>
	</object>
	<object>
		<difficult>0</difficult>
		<name>&amp;*@HUST_text</name>
		<bndbox>
			<xmin>46</xmin>
			<ymin>125</ymin>
			<xmax>134</xmax>
			<ymax>151</ymax>
		</bndbox>
	</object>
	<object>
		<difficult>1</difficult>
		<name>&amp;*@HUST_special</name>
		<bndbox>
			<xmin>30</xmin>
			<ymin>124</ymin>
			<xmax>45</xmax>
			<ymax>151</ymax>
		</bndbox>
	</object>
	<object>
		<difficult>1</difficult>
		<name>&amp;*@HUST_special</name>
		<bndbox>
			<xmin>30</xmin>
			<ymin>154</ymin>
			<xmax>45</xmax>
			<ymax>180</ymax>
		</bndbox>
	</object>
	<object>
		<difficult>0</difficult>
		<name>&amp;*@HUST_text</name>
		<bndbox>
			<xmin>46</xmin>
			<ymin>154</ymin>
			<xmax>181</xmax>
			<ymax>180</ymax>
		</bndbox>
	</object>
	<object>
		<difficult>1</difficult>
		<name>&amp;*@HUST_special</name>
		<bndbox>
			<xmin>30</xmin>
			<ymin>183</ymin>
			<xmax>45</xmax>
			<ymax>210</ymax>
		</bndbox>
	</object>
	<object>
		<difficult>0</difficult>
		<name>&amp;*@HUST_text</name>
		<bndbox>
			<xmin>46</xmin>
			<ymin>183</ymin>
			<xmax>170</xmax>
			<ymax>210</ymax>
		</bndbox>
	</object>
	<object>
		<difficult>1</difficult>
		<name>&amp;*@HUST_special</name>
		<bndbox>
			<xmin>29</xmin>
			<ymin>214</ymin>
			<xmax>45</xmax>
			<ymax>241</ymax>
		</bndbox>
	</object>
	<object>
		<difficult>0</difficult>
		<name>&amp;*@HUST_text</name>
		<bndbox>
			<xmin>46</xmin>
			<ymin>213</ymin>
			<xmax>175</xmax>
			<ymax>240</ymax>
		</bndbox>
	</object>
	<object>
		<difficult>1</difficult>
		<name>&amp;*@HUST_special</name>
		<bndbox>
			<xmin>30</xmin>
			<ymin>244</ymin>
			<xmax>46</xmax>
			<ymax>274</ymax>
		</bndbox>
	</object>
	<object>
		<difficult>0</difficult>
		<name>&amp;*@HUST_text</name>
		<bndbox>
			<xmin>47</xmin>
			<ymin>244</ymin>
			<xmax>180</xmax>
			<ymax>274</ymax>
		</bndbox>
	</object>
	<object>
		<difficult>1</difficult>
		<name>&amp;*@HUST_special</name>
		<bndbox>
			<xmin>15</xmin>
			<ymin>280</ymin>
			<xmax>38</xmax>
			<ymax>313</ymax>
		</bndbox>
	</object>
	<object>
		<difficult>0</difficult>
		<name>&amp;*@HUST_text</name>
		<bndbox>
			<xmin>39</xmin>
			<ymin>281</ymin>
			<xmax>142</xmax>
			<ymax>314</ymax>
		</bndbox>
	</object>
	<object>
		<difficult>1</difficult>
		<name>&amp;*@HUST_special</name>
		<bndbox>
			<xmin>158</xmin>
			<ymin>282</ymin>
			<xmax>187</xmax>
			<ymax>313</ymax>
		</bndbox>
	</object>
	<object>
		<difficult>1</difficult>
		<name>&amp;*@HUST_special</name>
		<bndbox>
			<xmin>200</xmin>
			<ymin>279</ymin>
			<xmax>206</xmax>
			<ymax>309</ymax>
		</bndbox>
	</object>
	<object>
		<difficult>0</difficult>
		<name>&amp;*@HUST_text</name>
		<bndbox>
			<xmin>39</xmin>
			<ymin>322</ymin>
			<xmax>102</xmax>
			<ymax>353</ymax>
		</bndbox>
	</object>
	<object>
		<difficult>1</difficult>
		<name>&amp;*@HUST_special</name>
		<bndbox>
			<xmin>104</xmin>
			<ymin>322</ymin>
			<xmax>188</xmax>
			<ymax>353</ymax>
		</bndbox>
	</object>
	<object>
		<difficult>1</difficult>
		<name>&amp;*@HUST_special</name>
		<bndbox>
			<xmin>15</xmin>
			<ymin>322</ymin>
			<xmax>37</xmax>
			<ymax>354</ymax>
		</bndbox>
	</object>
	<object>
		<difficult>1</difficult>
		<name>&amp;*@HUST_special</name>
		<bndbox>
			<xmin>13</xmin>
			<ymin>361</ymin>
			<xmax>38</xmax>
			<ymax>392</ymax>
		</bndbox>
	</object>
	<object>
		<difficult>0</difficult>
		<name>&amp;*@HUST_text</name>
		<bndbox>
			<xmin>40</xmin>
			<ymin>360</ymin>
			<xmax>98</xmax>
			<ymax>392</ymax>
		</bndbox>
	</object>
	<object>
		<difficult>1</difficult>
		<name>&amp;*@HUST_special</name>
		<bndbox>
			<xmin>14</xmin>
			<ymin>402</ymin>
			<xmax>38</xmax>
			<ymax>434</ymax>
		</bndbox>
	</object>
	<object>
		<difficult>0</difficult>
		<name>&amp;*@HUST_text</name>
		<bndbox>
			<xmin>40</xmin>
			<ymin>402</ymin>
			<xmax>155</xmax>
			<ymax>434</ymax>
		</bndbox>
	</object>
	<object>
		<difficult>1</difficult>
		<name>&amp;*@HUST_special</name>
		<bndbox>
			<xmin>161</xmin>
			<ymin>402</ymin>
			<xmax>186</xmax>
			<ymax>433</ymax>
		</bndbox>
	</object>
	<object>
		<difficult>0</difficult>
		<name>&amp;*@HUST_text</name>
		<bndbox>
			<xmin>46</xmin>
			<ymin>442</ymin>
			<xmax>141</xmax>
			<ymax>468</ymax>
		</bndbox>
	</object>
	<object>
		<difficult>1</difficult>
		<name>&amp;*@HUST_special</name>
		<bndbox>
			<xmin>29</xmin>
			<ymin>442</ymin>
			<xmax>45</xmax>
			<ymax>469</ymax>
		</bndbox>
	</object>
	<object>
		<difficult>1</difficult>
		<name>&amp;*@HUST_special</name>
		<bndbox>
			<xmin>29</xmin>
			<ymin>473</ymin>
			<xmax>46</xmax>
			<ymax>499</ymax>
		</bndbox>
	</object>
	<object>
		<difficult>0</difficult>
		<name>&amp;*@HUST_text</name>
		<bndbox>
			<xmin>47</xmin>
			<ymin>473</ymin>
			<xmax>175</xmax>
			<ymax>499</ymax>
		</bndbox>
	</object>
	<object>
		<difficult>1</difficult>
		<name>&amp;*@HUST_special</name>
		<bndbox>
			<xmin>28</xmin>
			<ymin>503</ymin>
			<xmax>46</xmax>
			<ymax>529</ymax>
		</bndbox>
	</object>
	<object>
		<difficult>0</difficult>
		<name>&amp;*@HUST_text</name>
		<bndbox>
			<xmin>47</xmin>
			<ymin>503</ymin>
			<xmax>177</xmax>
			<ymax>528</ymax>
		</bndbox>
	</object>
	<object>
		<difficult>1</difficult>
		<name>&amp;*@HUST_special</name>
		<bndbox>
			<xmin>29</xmin>
			<ymin>533</ymin>
			<xmax>46</xmax>
			<ymax>564</ymax>
		</bndbox>
	</object>
	<object>
		<difficult>0</difficult>
		<name>&amp;*@HUST_text</name>
		<bndbox>
			<xmin>47</xmin>
			<ymin>532</ymin>
			<xmax>171</xmax>
			<ymax>563</ymax>
		</bndbox>
	</object>
	<object>
		<difficult>0</difficult>
		<name>&amp;*@HUST_text</name>
		<bndbox>
			<xmin>276</xmin>
			<ymin>71</ymin>
			<xmax>358</xmax>
			<ymax>93</ymax>
		</bndbox>
	</object>
	<object>
		<difficult>1</difficult>
		<name>&amp;*@HUST_special</name>
		<bndbox>
			<xmin>359</xmin>
			<ymin>71</ymin>
			<xmax>406</xmax>
			<ymax>92</ymax>
		</bndbox>
	</object>
	<object>
		<difficult>1</difficult>
		<name>&amp;*@HUST_special</name>
		<bndbox>
			<xmin>213</xmin>
			<ymin>96</ymin>
			<xmax>238</xmax>
			<ymax>120</ymax>
		</bndbox>
	</object>
	<object>
		<difficult>0</difficult>
		<name>&amp;*@HUST_text</name>
		<bndbox>
			<xmin>240</xmin>
			<ymin>95</ymin>
			<xmax>300</xmax>
			<ymax>119</ymax>
		</bndbox>
	</object>
	<object>
		<difficult>1</difficult>
		<name>&amp;*@HUST_special</name>
		<bndbox>
			<xmin>303</xmin>
			<ymin>96</ymin>
			<xmax>324</xmax>
			<ymax>120</ymax>
		</bndbox>
	</object>
	<object>
		<difficult>0</difficult>
		<name>&amp;*@HUST_text</name>
		<bndbox>
			<xmin>325</xmin>
			<ymin>95</ymin>
			<xmax>388</xmax>
			<ymax>120</ymax>
		</bndbox>
	</object>
	<object>
		<difficult>1</difficult>
		<name>&amp;*@HUST_special</name>
		<bndbox>
			<xmin>391</xmin>
			<ymin>95</ymin>
			<xmax>412</xmax>
			<ymax>120</ymax>
		</bndbox>
	</object>
	<object>
		<difficult>0</difficult>
		<name>&amp;*@HUST_text</name>
		<bndbox>
			<xmin>414</xmin>
			<ymin>95</ymin>
			<xmax>463</xmax>
			<ymax>120</ymax>
		</bndbox>
	</object>
	<object>
		<difficult>1</difficult>
		<name>&amp;*@HUST_special</name>
		<bndbox>
			<xmin>211</xmin>
			<ymin>129</ymin>
			<xmax>232</xmax>
			<ymax>152</ymax>
		</bndbox>
	</object>
	<object>
		<difficult>0</difficult>
		<name>&amp;*@HUST_text</name>
		<bndbox>
			<xmin>234</xmin>
			<ymin>129</ymin>
			<xmax>319</xmax>
			<ymax>152</ymax>
		</bndbox>
	</object>
	<object>
		<difficult>0</difficult>
		<name>&amp;*@HUST_text</name>
		<bndbox>
			<xmin>242</xmin>
			<ymin>156</ymin>
			<xmax>269</xmax>
			<ymax>177</ymax>
		</bndbox>
	</object>
	<object>
		<difficult>1</difficult>
		<name>&amp;*@HUST_special</name>
		<bndbox>
			<xmin>213</xmin>
			<ymin>156</ymin>
			<xmax>236</xmax>
			<ymax>177</ymax>
		</bndbox>
	</object>
	<object>
		<difficult>1</difficult>
		<name>&amp;*@HUST_special</name>
		<bndbox>
			<xmin>320</xmin>
			<ymin>129</ymin>
			<xmax>364</xmax>
			<ymax>152</ymax>
		</bndbox>
	</object>
	<object>
		<difficult>0</difficult>
		<name>&amp;*@HUST_text</name>
		<bndbox>
			<xmin>321</xmin>
			<ymin>156</ymin>
			<xmax>398</xmax>
			<ymax>177</ymax>
		</bndbox>
	</object>
	<object>
		<difficult>0</difficult>
		<name>&amp;*@HUST_text</name>
		<bndbox>
			<xmin>366</xmin>
			<ymin>130</ymin>
			<xmax>430</xmax>
			<ymax>152</ymax>
		</bndbox>
	</object>
	<object>
		<difficult>1</difficult>
		<name>&amp;*@HUST_special</name>
		<bndbox>
			<xmin>431</xmin>
			<ymin>129</ymin>
			<xmax>504</xmax>
			<ymax>152</ymax>
		</bndbox>
	</object>
	<object>
		<difficult>1</difficult>
		<name>&amp;*@HUST_special</name>
		<bndbox>
			<xmin>419</xmin>
			<ymin>156</ymin>
			<xmax>431</xmax>
			<ymax>178</ymax>
		</bndbox>
	</object>
	<object>
		<difficult>0</difficult>
		<name>&amp;*@HUST_text</name>
		<bndbox>
			<xmin>461</xmin>
			<ymin>156</ymin>
			<xmax>557</xmax>
			<ymax>178</ymax>
		</bndbox>
	</object>
	<object>
		<difficult>0</difficult>
		<name>&amp;*@HUST_text</name>
		<bndbox>
			<xmin>507</xmin>
			<ymin>132</ymin>
			<xmax>632</xmax>
			<ymax>150</ymax>
		</bndbox>
	</object>
	<object>
		<difficult>1</difficult>
		<name>&amp;*@HUST_special</name>
		<bndbox>
			<xmin>475</xmin>
			<ymin>95</ymin>
			<xmax>500</xmax>
			<ymax>119</ymax>
		</bndbox>
	</object>
	<object>
		<difficult>0</difficult>
		<name>&amp;*@HUST_text</name>
		<bndbox>
			<xmin>502</xmin>
			<ymin>95</ymin>
			<xmax>600</xmax>
			<ymax>119</ymax>
		</bndbox>
	</object>
	<object>
		<difficult>1</difficult>
		<name>&amp;*@HUST_special</name>
		<bndbox>
			<xmin>603</xmin>
			<ymin>96</ymin>
			<xmax>627</xmax>
			<ymax>119</ymax>
		</bndbox>
	</object>
	<object>
		<difficult>0</difficult>
		<name>&amp;*@HUST_text</name>
		<bndbox>
			<xmin>630</xmin>
			<ymin>96</ymin>
			<xmax>685</xmax>
			<ymax>119</ymax>
		</bndbox>
	</object>
	<object>
		<difficult>0</difficult>
		<name>&amp;*@HUST_text</name>
		<bndbox>
			<xmin>535</xmin>
			<ymin>70</ymin>
			<xmax>621</xmax>
			<ymax>92</ymax>
		</bndbox>
	</object>
	<object>
		<difficult>1</difficult>
		<name>&amp;*@HUST_special</name>
		<bndbox>
			<xmin>622</xmin>
			<ymin>71</ymin>
			<xmax>643</xmax>
			<ymax>92</ymax>
		</bndbox>
	</object>
	<object>
		<difficult>1</difficult>
		<name>&amp;*@HUST_special</name>
		<bndbox>
			<xmin>661</xmin>
			<ymin>132</ymin>
			<xmax>683</xmax>
			<ymax>149</ymax>
		</bndbox>
	</object>
	<object>
		<difficult>0</difficult>
		<name>&amp;*@HUST_text</name>
		<bndbox>
			<xmin>625</xmin>
			<ymin>156</ymin>
			<xmax>708</xmax>
			<ymax>177</ymax>
		</bndbox>
	</object>
	<object>
		<difficult>0</difficult>
		<name>&amp;*@HUST_text</name>
		<bndbox>
			<xmin>722</xmin>
			<ymin>70</ymin>
			<xmax>819</xmax>
			<ymax>92</ymax>
		</bndbox>
	</object>
	<object>
		<difficult>1</difficult>
		<name>&amp;*@HUST_special</name>
		<bndbox>
			<xmin>820</xmin>
			<ymin>71</ymin>
			<xmax>847</xmax>
			<ymax>91</ymax>
		</bndbox>
	</object>
	<object>
		<difficult>1</difficult>
		<name>&amp;*@HUST_special</name>
		<bndbox>
			<xmin>711</xmin>
			<ymin>95</ymin>
			<xmax>736</xmax>
			<ymax>119</ymax>
		</bndbox>
	</object>
	<object>
		<difficult>0</difficult>
		<name>&amp;*@HUST_text</name>
		<bndbox>
			<xmin>737</xmin>
			<ymin>95</ymin>
			<xmax>844</xmax>
			<ymax>118</ymax>
		</bndbox>
	</object>
	<object>
		<difficult>0</difficult>
		<name>&amp;*@HUST_text</name>
		<bndbox>
			<xmin>770</xmin>
			<ymin>155</ymin>
			<xmax>863</xmax>
			<ymax>178</ymax>
		</bndbox>
	</object>
	<object>
		<difficult>1</difficult>
		<name>&amp;*@HUST_special</name>
		<bndbox>
			<xmin>862</xmin>
			<ymin>95</ymin>
			<xmax>887</xmax>
			<ymax>120</ymax>
		</bndbox>
	</object>
	<object>
		<difficult>0</difficult>
		<name>&amp;*@HUST_text</name>
		<bndbox>
			<xmin>889</xmin>
			<ymin>95</ymin>
			<xmax>927</xmax>
			<ymax>119</ymax>
		</bndbox>
	</object>
	<object>
		<difficult>1</difficult>
		<name>&amp;*@HUST_special</name>
		<bndbox>
			<xmin>930</xmin>
			<ymin>95</ymin>
			<xmax>952</xmax>
			<ymax>120</ymax>
		</bndbox>
	</object>
	<object>
		<difficult>0</difficult>
		<name>&amp;*@HUST_text</name>
		<bndbox>
			<xmin>954</xmin>
			<ymin>95</ymin>
			<xmax>1051</xmax>
			<ymax>119</ymax>
		</bndbox>
	</object>
	<object>
		<difficult>1</difficult>
		<name>&amp;*@HUST_special</name>
		<bndbox>
			<xmin>1053</xmin>
			<ymin>95</ymin>
			<xmax>1076</xmax>
			<ymax>119</ymax>
		</bndbox>
	</object>
	<object>
		<difficult>0</difficult>
		<name>&amp;*@HUST_text</name>
		<bndbox>
			<xmin>1044</xmin>
			<ymin>71</ymin>
			<xmax>1127</xmax>
			<ymax>92</ymax>
		</bndbox>
	</object>
	<object>
		<difficult>1</difficult>
		<name>&amp;*@HUST_special</name>
		<bndbox>
			<xmin>1128</xmin>
			<ymin>71</ymin>
			<xmax>1155</xmax>
			<ymax>91</ymax>
		</bndbox>
	</object>
	<object>
		<difficult>0</difficult>
		<name>&amp;*@HUST_text</name>
		<bndbox>
			<xmin>1078</xmin>
			<ymin>95</ymin>
			<xmax>1162</xmax>
			<ymax>119</ymax>
		</bndbox>
	</object>
	<object>
		<difficult>0</difficult>
		<name>&amp;*@HUST_text</name>
		<bndbox>
			<xmin>945</xmin>
			<ymin>156</ymin>
			<xmax>1045</xmax>
			<ymax>177</ymax>
		</bndbox>
	</object>
	<object>
		<difficult>1</difficult>
		<name>&amp;*@HUST_special</name>
		<bndbox>
			<xmin>1164</xmin>
			<ymin>95</ymin>
			<xmax>1184</xmax>
			<ymax>119</ymax>
		</bndbox>
	</object>
	<object>
		<difficult>0</difficult>
		<name>&amp;*@HUST_text</name>
		<bndbox>
			<xmin>1186</xmin>
			<ymin>95</ymin>
			<xmax>1279</xmax>
			<ymax>119</ymax>
		</bndbox>
	</object>
	<object>
		<difficult>0</difficult>
		<name>&amp;*@HUST_text</name>
		<bndbox>
			<xmin>1167</xmin>
			<ymin>156</ymin>
			<xmax>1267</xmax>
			<ymax>177</ymax>
		</bndbox>
	</object>
	<object>
		<difficult>0</difficult>
		<name>&amp;*@HUST_text</name>
		<bndbox>
			<xmin>1376</xmin>
			<ymin>156</ymin>
			<xmax>1459</xmax>
			<ymax>178</ymax>
		</bndbox>
	</object>
	<object>
		<difficult>0</difficult>
		<name>&amp;*@HUST_text</name>
		<bndbox>
			<xmin>1518</xmin>
			<ymin>155</ymin>
			<xmax>1625</xmax>
			<ymax>178</ymax>
		</bndbox>
	</object>
	<object>
		<difficult>0</difficult>
		<name>&amp;*@HUST_text</name>
		<bndbox>
			<xmin>1495</xmin>
			<ymin>129</ymin>
			<xmax>1711</xmax>
			<ymax>152</ymax>
		</bndbox>
	</object>
	<object>
		<difficult>0</difficult>
		<name>&amp;*@HUST_text</name>
		<bndbox>
			<xmin>1681</xmin>
			<ymin>156</ymin>
			<xmax>1754</xmax>
			<ymax>178</ymax>
		</bndbox>
	</object>
	<object>
		<difficult>0</difficult>
		<name>&amp;*@HUST_text</name>
		<bndbox>
			<xmin>1714</xmin>
			<ymin>133</ymin>
			<xmax>1737</xmax>
			<ymax>149</ymax>
		</bndbox>
	</object>
	<object>
		<difficult>0</difficult>
		<name>&amp;*@HUST_text</name>
		<bndbox>
			<xmin>1824</xmin>
			<ymin>129</ymin>
			<xmax>1857</xmax>
			<ymax>153</ymax>
		</bndbox>
	</object>
	<object>
		<difficult>1</difficult>
		<name>&amp;*@HUST_special</name>
		<bndbox>
			<xmin>1742</xmin>
			<ymin>129</ymin>
			<xmax>1823</xmax>
			<ymax>153</ymax>
		</bndbox>
	</object>
	<object>
		<difficult>0</difficult>
		<name>&amp;*@HUST_text</name>
		<bndbox>
			<xmin>1860</xmin>
			<ymin>133</ymin>
			<xmax>1882</xmax>
			<ymax>150</ymax>
		</bndbox>
	</object>
	<object>
		<difficult>0</difficult>
		<name>&amp;*@HUST_text</name>
		<bndbox>
			<xmin>1892</xmin>
			<ymin>132</ymin>
			<xmax>1913</xmax>
			<ymax>149</ymax>
		</bndbox>
	</object>
	<object>
		<difficult>1</difficult>
		<name>&amp;*@HUST_special</name>
		<bndbox>
			<xmin>1882</xmin>
			<ymin>69</ymin>
			<xmax>1915</xmax>
			<ymax>97</ymax>
		</bndbox>
	</object>
	<object>
		<difficult>0</difficult>
		<name>&amp;*@HUST_text</name>
		<bndbox>
			<xmin>1885</xmin>
			<ymin>155</ymin>
			<xmax>1899</xmax>
			<ymax>178</ymax>
		</bndbox>
	</object>
	<object>
		<difficult>0</difficult>
		<name>&amp;*@HUST_text</name>
		<bndbox>
			<xmin>1386</xmin>
			<ymin>1</ymin>
			<xmax>1486</xmax>
			<ymax>20</ymax>
		</bndbox>
	</object>
	<object>
		<difficult>1</difficult>
		<name>&amp;*@HUST_special</name>
		<bndbox>
			<xmin>1487</xmin>
			<ymin>0</ymin>
			<xmax>1506</xmax>
			<ymax>21</ymax>
		</bndbox>
	</object>
	<object>
		<difficult>0</difficult>
		<name>&amp;*@HUST_text</name>
		<bndbox>
			<xmin>1507</xmin>
			<ymin>0</ymin>
			<xmax>1580</xmax>
			<ymax>21</ymax>
		</bndbox>
	</object>
	<object>
		<difficult>1</difficult>
		<name>&amp;*@HUST_special</name>
		<bndbox>
			<xmin>1582</xmin>
			<ymin>0</ymin>
			<xmax>1602</xmax>
			<ymax>21</ymax>
		</bndbox>
	</object>
	<object>
		<difficult>0</difficult>
		<name>&amp;*@HUST_text</name>
		<bndbox>
			<xmin>1604</xmin>
			<ymin>1</ymin>
			<xmax>1721</xmax>
			<ymax>21</ymax>
		</bndbox>
	</object>
	<object>
		<difficult>1</difficult>
		<name>&amp;*@HUST_special</name>
		<bndbox>
			<xmin>1722</xmin>
			<ymin>1</ymin>
			<xmax>1740</xmax>
			<ymax>21</ymax>
		</bndbox>
	</object>
	<object>
		<difficult>0</difficult>
		<name>&amp;*@HUST_text</name>
		<bndbox>
			<xmin>1741</xmin>
			<ymin>0</ymin>
			<xmax>1839</xmax>
			<ymax>21</ymax>
		</bndbox>
	</object>
	<object>
		<difficult>1</difficult>
		<name>&amp;*@HUST_special</name>
		<bndbox>
			<xmin>1840</xmin>
			<ymin>0</ymin>
			<xmax>1862</xmax>
			<ymax>21</ymax>
		</bndbox>
	</object>
	<object>
		<difficult>0</difficult>
		<name>&amp;*@HUST_text</name>
		<bndbox>
			<xmin>1865</xmin>
			<ymin>1</ymin>
			<xmax>1896</xmax>
			<ymax>20</ymax>
		</bndbox>
	</object>
	<object>
		<difficult>0</difficult>
		<name>&amp;*@HUST_text</name>
		<bndbox>
			<xmin>950</xmin>
			<ymin>211</ymin>
			<xmax>1041</xmax>
			<ymax>231</ymax>
		</bndbox>
	</object>
	<object>
		<difficult>1</difficult>
		<name>&amp;*@HUST_special</name>
		<bndbox>
			<xmin>895</xmin>
			<ymin>240</ymin>
			<xmax>946</xmax>
			<ymax>306</ymax>
		</bndbox>
	</object>
	<object>
		<difficult>0</difficult>
		<name>&amp;*@HUST_text</name>
		<bndbox>
			<xmin>946</xmin>
			<ymin>253</ymin>
			<xmax>1042</xmax>
			<ymax>288</ymax>
		</bndbox>
	</object>
	<object>
		<difficult>1</difficult>
		<name>&amp;*@HUST_special</name>
		<bndbox>
			<xmin>101</xmin>
			<ymin>359</ymin>
			<xmax>186</xmax>
			<ymax>392</ymax>
		</bndbox>
	</object>
</annotation>