<annotation>
	<filename>图像 0281.png</filename>
	<size>
		<width>302</width>
		<height>204</height>
		<depth>3</depth>
	</size>
	<segmented>0</segmented>
	<object>
		<difficult>0</difficult>
		<name>&amp;*@HUST_text</name>
		<bndbox>
			<xmin>36</xmin>
			<ymin>38</ymin>
			<xmax>73</xmax>
			<ymax>59</ymax>
		</bndbox>
	</object>
	<object>
		<difficult>1</difficult>
		<name>&amp;*@HUST_special</name>
		<bndbox>
			<xmin>189</xmin>
			<ymin>39</ymin>
			<xmax>210</xmax>
			<ymax>60</ymax>
		</bndbox>
	</object>
	<object>
		<difficult>0</difficult>
		<name>&amp;*@HUST_text</name>
		<bndbox>
			<xmin>84</xmin>
			<ymin>61</ymin>
			<xmax>205</xmax>
			<ymax>92</ymax>
		</bndbox>
	</object>
	<object>
		<difficult>0</difficult>
		<name>&amp;*@HUST_text</name>
		<bndbox>
			<xmin>90</xmin>
			<ymin>112</ymin>
			<xmax>155</xmax>
			<ymax>129</ymax>
		</bndbox>
	</object>
	<object>
		<difficult>0</difficult>
		<name>&amp;*@HUST_text</name>
		<bndbox>
			<xmin>57</xmin>
			<ymin>66</ymin>
			<xmax>70</xmax>
			<ymax>87</ymax>
		</bndbox>
	</object>
</annotation>