<annotation>
	<filename>Image 165.png</filename>
	<size>
		<width>1716</width>
		<height>718</height>
		<depth>3</depth>
	</size>
	<segmented>0</segmented>
	<object>
		<difficult>0</difficult>
		<name>&amp;*@HUST_text</name>
		<bndbox>
			<xmin>1</xmin>
			<ymin>5</ymin>
			<xmax>28</xmax>
			<ymax>21</ymax>
		</bndbox>
	</object>
	<object>
		<difficult>0</difficult>
		<name>&amp;*@HUST_text</name>
		<bndbox>
			<xmin>0</xmin>
			<ymin>24</ymin>
			<xmax>27</xmax>
			<ymax>39</ymax>
		</bndbox>
	</object>
	<object>
		<difficult>0</difficult>
		<name>&amp;*@HUST_text</name>
		<bndbox>
			<xmin>0</xmin>
			<ymin>45</ymin>
			<xmax>27</xmax>
			<ymax>62</ymax>
		</bndbox>
	</object>
	<object>
		<difficult>0</difficult>
		<name>&amp;*@HUST_text</name>
		<bndbox>
			<xmin>1</xmin>
			<ymin>66</ymin>
			<xmax>27</xmax>
			<ymax>83</ymax>
		</bndbox>
	</object>
	<object>
		<difficult>0</difficult>
		<name>&amp;*@HUST_text</name>
		<bndbox>
			<xmin>1</xmin>
			<ymin>87</ymin>
			<xmax>27</xmax>
			<ymax>105</ymax>
		</bndbox>
	</object>
	<object>
		<difficult>0</difficult>
		<name>&amp;*@HUST_text</name>
		<bndbox>
			<xmin>1</xmin>
			<ymin>108</ymin>
			<xmax>27</xmax>
			<ymax>125</ymax>
		</bndbox>
	</object>
	<object>
		<difficult>0</difficult>
		<name>&amp;*@HUST_text</name>
		<bndbox>
			<xmin>1</xmin>
			<ymin>129</ymin>
			<xmax>27</xmax>
			<ymax>146</ymax>
		</bndbox>
	</object>
	<object>
		<difficult>0</difficult>
		<name>&amp;*@HUST_text</name>
		<bndbox>
			<xmin>0</xmin>
			<ymin>149</ymin>
			<xmax>27</xmax>
			<ymax>166</ymax>
		</bndbox>
	</object>
	<object>
		<difficult>0</difficult>
		<name>&amp;*@HUST_text</name>
		<bndbox>
			<xmin>1</xmin>
			<ymin>171</ymin>
			<xmax>26</xmax>
			<ymax>188</ymax>
		</bndbox>
	</object>
	<object>
		<difficult>0</difficult>
		<name>&amp;*@HUST_text</name>
		<bndbox>
			<xmin>0</xmin>
			<ymin>192</ymin>
			<xmax>26</xmax>
			<ymax>208</ymax>
		</bndbox>
	</object>
	<object>
		<difficult>0</difficult>
		<name>&amp;*@HUST_text</name>
		<bndbox>
			<xmin>1</xmin>
			<ymin>213</ymin>
			<xmax>26</xmax>
			<ymax>229</ymax>
		</bndbox>
	</object>
	<object>
		<difficult>0</difficult>
		<name>&amp;*@HUST_text</name>
		<bndbox>
			<xmin>0</xmin>
			<ymin>234</ymin>
			<xmax>27</xmax>
			<ymax>251</ymax>
		</bndbox>
	</object>
	<object>
		<difficult>0</difficult>
		<name>&amp;*@HUST_text</name>
		<bndbox>
			<xmin>1</xmin>
			<ymin>255</ymin>
			<xmax>28</xmax>
			<ymax>273</ymax>
		</bndbox>
	</object>
	<object>
		<difficult>0</difficult>
		<name>&amp;*@HUST_text</name>
		<bndbox>
			<xmin>1</xmin>
			<ymin>276</ymin>
			<xmax>27</xmax>
			<ymax>293</ymax>
		</bndbox>
	</object>
	<object>
		<difficult>0</difficult>
		<name>&amp;*@HUST_text</name>
		<bndbox>
			<xmin>0</xmin>
			<ymin>296</ymin>
			<xmax>28</xmax>
			<ymax>314</ymax>
		</bndbox>
	</object>
	<object>
		<difficult>0</difficult>
		<name>&amp;*@HUST_text</name>
		<bndbox>
			<xmin>1</xmin>
			<ymin>318</ymin>
			<xmax>28</xmax>
			<ymax>334</ymax>
		</bndbox>
	</object>
	<object>
		<difficult>0</difficult>
		<name>&amp;*@HUST_text</name>
		<bndbox>
			<xmin>1</xmin>
			<ymin>339</ymin>
			<xmax>28</xmax>
			<ymax>355</ymax>
		</bndbox>
	</object>
	<object>
		<difficult>0</difficult>
		<name>&amp;*@HUST_text</name>
		<bndbox>
			<xmin>1</xmin>
			<ymin>361</ymin>
			<xmax>29</xmax>
			<ymax>377</ymax>
		</bndbox>
	</object>
	<object>
		<difficult>0</difficult>
		<name>&amp;*@HUST_text</name>
		<bndbox>
			<xmin>1</xmin>
			<ymin>381</ymin>
			<xmax>29</xmax>
			<ymax>398</ymax>
		</bndbox>
	</object>
	<object>
		<difficult>0</difficult>
		<name>&amp;*@HUST_text</name>
		<bndbox>
			<xmin>1</xmin>
			<ymin>401</ymin>
			<xmax>28</xmax>
			<ymax>419</ymax>
		</bndbox>
	</object>
	<object>
		<difficult>0</difficult>
		<name>&amp;*@HUST_text</name>
		<bndbox>
			<xmin>0</xmin>
			<ymin>423</ymin>
			<xmax>28</xmax>
			<ymax>441</ymax>
		</bndbox>
	</object>
	<object>
		<difficult>0</difficult>
		<name>&amp;*@HUST_text</name>
		<bndbox>
			<xmin>1</xmin>
			<ymin>443</ymin>
			<xmax>28</xmax>
			<ymax>461</ymax>
		</bndbox>
	</object>
	<object>
		<difficult>0</difficult>
		<name>&amp;*@HUST_text</name>
		<bndbox>
			<xmin>0</xmin>
			<ymin>465</ymin>
			<xmax>28</xmax>
			<ymax>482</ymax>
		</bndbox>
	</object>
	<object>
		<difficult>0</difficult>
		<name>&amp;*@HUST_text</name>
		<bndbox>
			<xmin>0</xmin>
			<ymin>485</ymin>
			<xmax>28</xmax>
			<ymax>504</ymax>
		</bndbox>
	</object>
	<object>
		<difficult>0</difficult>
		<name>&amp;*@HUST_text</name>
		<bndbox>
			<xmin>0</xmin>
			<ymin>507</ymin>
			<xmax>29</xmax>
			<ymax>525</ymax>
		</bndbox>
	</object>
	<object>
		<difficult>0</difficult>
		<name>&amp;*@HUST_text</name>
		<bndbox>
			<xmin>1</xmin>
			<ymin>528</ymin>
			<xmax>28</xmax>
			<ymax>545</ymax>
		</bndbox>
	</object>
	<object>
		<difficult>0</difficult>
		<name>&amp;*@HUST_text</name>
		<bndbox>
			<xmin>0</xmin>
			<ymin>548</ymin>
			<xmax>28</xmax>
			<ymax>566</ymax>
		</bndbox>
	</object>
	<object>
		<difficult>0</difficult>
		<name>&amp;*@HUST_text</name>
		<bndbox>
			<xmin>0</xmin>
			<ymin>569</ymin>
			<xmax>28</xmax>
			<ymax>588</ymax>
		</bndbox>
	</object>
	<object>
		<difficult>0</difficult>
		<name>&amp;*@HUST_text</name>
		<bndbox>
			<xmin>0</xmin>
			<ymin>590</ymin>
			<xmax>28</xmax>
			<ymax>609</ymax>
		</bndbox>
	</object>
	<object>
		<difficult>0</difficult>
		<name>&amp;*@HUST_text</name>
		<bndbox>
			<xmin>1</xmin>
			<ymin>612</ymin>
			<xmax>28</xmax>
			<ymax>629</ymax>
		</bndbox>
	</object>
	<object>
		<difficult>0</difficult>
		<name>&amp;*@HUST_text</name>
		<bndbox>
			<xmin>0</xmin>
			<ymin>632</ymin>
			<xmax>28</xmax>
			<ymax>651</ymax>
		</bndbox>
	</object>
	<object>
		<difficult>0</difficult>
		<name>&amp;*@HUST_text</name>
		<bndbox>
			<xmin>0</xmin>
			<ymin>654</ymin>
			<xmax>28</xmax>
			<ymax>671</ymax>
		</bndbox>
	</object>
	<object>
		<difficult>0</difficult>
		<name>&amp;*@HUST_text</name>
		<bndbox>
			<xmin>0</xmin>
			<ymin>675</ymin>
			<xmax>28</xmax>
			<ymax>693</ymax>
		</bndbox>
	</object>
	<object>
		<difficult>0</difficult>
		<name>&amp;*@HUST_text</name>
		<bndbox>
			<xmin>0</xmin>
			<ymin>695</ymin>
			<xmax>29</xmax>
			<ymax>714</ymax>
		</bndbox>
	</object>
	<object>
		<difficult>1</difficult>
		<name>&amp;*@HUST_special</name>
		<bndbox>
			<xmin>32</xmin>
			<ymin>4</ymin>
			<xmax>48</xmax>
			<ymax>20</ymax>
		</bndbox>
	</object>
	<object>
		<difficult>1</difficult>
		<name>&amp;*@HUST_special</name>
		<bndbox>
			<xmin>31</xmin>
			<ymin>24</ymin>
			<xmax>50</xmax>
			<ymax>42</ymax>
		</bndbox>
	</object>
	<object>
		<difficult>1</difficult>
		<name>&amp;*@HUST_special</name>
		<bndbox>
			<xmin>32</xmin>
			<ymin>45</ymin>
			<xmax>50</xmax>
			<ymax>62</ymax>
		</bndbox>
	</object>
	<object>
		<difficult>1</difficult>
		<name>&amp;*@HUST_special</name>
		<bndbox>
			<xmin>31</xmin>
			<ymin>66</ymin>
			<xmax>49</xmax>
			<ymax>84</ymax>
		</bndbox>
	</object>
	<object>
		<difficult>1</difficult>
		<name>&amp;*@HUST_special</name>
		<bndbox>
			<xmin>32</xmin>
			<ymin>88</ymin>
			<xmax>50</xmax>
			<ymax>105</ymax>
		</bndbox>
	</object>
	<object>
		<difficult>1</difficult>
		<name>&amp;*@HUST_special</name>
		<bndbox>
			<xmin>32</xmin>
			<ymin>109</ymin>
			<xmax>49</xmax>
			<ymax>125</ymax>
		</bndbox>
	</object>
	<object>
		<difficult>1</difficult>
		<name>&amp;*@HUST_special</name>
		<bndbox>
			<xmin>32</xmin>
			<ymin>129</ymin>
			<xmax>49</xmax>
			<ymax>146</ymax>
		</bndbox>
	</object>
	<object>
		<difficult>1</difficult>
		<name>&amp;*@HUST_special</name>
		<bndbox>
			<xmin>32</xmin>
			<ymin>150</ymin>
			<xmax>50</xmax>
			<ymax>168</ymax>
		</bndbox>
	</object>
	<object>
		<difficult>1</difficult>
		<name>&amp;*@HUST_special</name>
		<bndbox>
			<xmin>31</xmin>
			<ymin>171</ymin>
			<xmax>50</xmax>
			<ymax>189</ymax>
		</bndbox>
	</object>
	<object>
		<difficult>1</difficult>
		<name>&amp;*@HUST_special</name>
		<bndbox>
			<xmin>32</xmin>
			<ymin>193</ymin>
			<xmax>50</xmax>
			<ymax>209</ymax>
		</bndbox>
	</object>
	<object>
		<difficult>1</difficult>
		<name>&amp;*@HUST_special</name>
		<bndbox>
			<xmin>32</xmin>
			<ymin>213</ymin>
			<xmax>49</xmax>
			<ymax>230</ymax>
		</bndbox>
	</object>
	<object>
		<difficult>1</difficult>
		<name>&amp;*@HUST_special</name>
		<bndbox>
			<xmin>32</xmin>
			<ymin>235</ymin>
			<xmax>48</xmax>
			<ymax>251</ymax>
		</bndbox>
	</object>
	<object>
		<difficult>1</difficult>
		<name>&amp;*@HUST_special</name>
		<bndbox>
			<xmin>33</xmin>
			<ymin>255</ymin>
			<xmax>48</xmax>
			<ymax>273</ymax>
		</bndbox>
	</object>
	<object>
		<difficult>1</difficult>
		<name>&amp;*@HUST_special</name>
		<bndbox>
			<xmin>32</xmin>
			<ymin>276</ymin>
			<xmax>48</xmax>
			<ymax>294</ymax>
		</bndbox>
	</object>
	<object>
		<difficult>1</difficult>
		<name>&amp;*@HUST_special</name>
		<bndbox>
			<xmin>32</xmin>
			<ymin>297</ymin>
			<xmax>49</xmax>
			<ymax>314</ymax>
		</bndbox>
	</object>
	<object>
		<difficult>1</difficult>
		<name>&amp;*@HUST_special</name>
		<bndbox>
			<xmin>32</xmin>
			<ymin>319</ymin>
			<xmax>49</xmax>
			<ymax>336</ymax>
		</bndbox>
	</object>
	<object>
		<difficult>1</difficult>
		<name>&amp;*@HUST_special</name>
		<bndbox>
			<xmin>31</xmin>
			<ymin>340</ymin>
			<xmax>49</xmax>
			<ymax>357</ymax>
		</bndbox>
	</object>
	<object>
		<difficult>1</difficult>
		<name>&amp;*@HUST_special</name>
		<bndbox>
			<xmin>32</xmin>
			<ymin>361</ymin>
			<xmax>48</xmax>
			<ymax>378</ymax>
		</bndbox>
	</object>
	<object>
		<difficult>1</difficult>
		<name>&amp;*@HUST_special</name>
		<bndbox>
			<xmin>32</xmin>
			<ymin>382</ymin>
			<xmax>49</xmax>
			<ymax>398</ymax>
		</bndbox>
	</object>
	<object>
		<difficult>1</difficult>
		<name>&amp;*@HUST_special</name>
		<bndbox>
			<xmin>32</xmin>
			<ymin>403</ymin>
			<xmax>49</xmax>
			<ymax>420</ymax>
		</bndbox>
	</object>
	<object>
		<difficult>1</difficult>
		<name>&amp;*@HUST_special</name>
		<bndbox>
			<xmin>32</xmin>
			<ymin>424</ymin>
			<xmax>49</xmax>
			<ymax>440</ymax>
		</bndbox>
	</object>
	<object>
		<difficult>1</difficult>
		<name>&amp;*@HUST_special</name>
		<bndbox>
			<xmin>32</xmin>
			<ymin>444</ymin>
			<xmax>48</xmax>
			<ymax>462</ymax>
		</bndbox>
	</object>
	<object>
		<difficult>1</difficult>
		<name>&amp;*@HUST_special</name>
		<bndbox>
			<xmin>32</xmin>
			<ymin>465</ymin>
			<xmax>49</xmax>
			<ymax>483</ymax>
		</bndbox>
	</object>
	<object>
		<difficult>1</difficult>
		<name>&amp;*@HUST_special</name>
		<bndbox>
			<xmin>31</xmin>
			<ymin>486</ymin>
			<xmax>49</xmax>
			<ymax>504</ymax>
		</bndbox>
	</object>
	<object>
		<difficult>1</difficult>
		<name>&amp;*@HUST_special</name>
		<bndbox>
			<xmin>32</xmin>
			<ymin>508</ymin>
			<xmax>50</xmax>
			<ymax>524</ymax>
		</bndbox>
	</object>
	<object>
		<difficult>1</difficult>
		<name>&amp;*@HUST_special</name>
		<bndbox>
			<xmin>32</xmin>
			<ymin>529</ymin>
			<xmax>49</xmax>
			<ymax>546</ymax>
		</bndbox>
	</object>
	<object>
		<difficult>1</difficult>
		<name>&amp;*@HUST_special</name>
		<bndbox>
			<xmin>32</xmin>
			<ymin>550</ymin>
			<xmax>49</xmax>
			<ymax>567</ymax>
		</bndbox>
	</object>
	<object>
		<difficult>1</difficult>
		<name>&amp;*@HUST_special</name>
		<bndbox>
			<xmin>32</xmin>
			<ymin>571</ymin>
			<xmax>49</xmax>
			<ymax>588</ymax>
		</bndbox>
	</object>
	<object>
		<difficult>1</difficult>
		<name>&amp;*@HUST_special</name>
		<bndbox>
			<xmin>32</xmin>
			<ymin>591</ymin>
			<xmax>49</xmax>
			<ymax>609</ymax>
		</bndbox>
	</object>
	<object>
		<difficult>1</difficult>
		<name>&amp;*@HUST_special</name>
		<bndbox>
			<xmin>32</xmin>
			<ymin>613</ymin>
			<xmax>49</xmax>
			<ymax>630</ymax>
		</bndbox>
	</object>
	<object>
		<difficult>1</difficult>
		<name>&amp;*@HUST_special</name>
		<bndbox>
			<xmin>32</xmin>
			<ymin>633</ymin>
			<xmax>48</xmax>
			<ymax>650</ymax>
		</bndbox>
	</object>
	<object>
		<difficult>1</difficult>
		<name>&amp;*@HUST_special</name>
		<bndbox>
			<xmin>32</xmin>
			<ymin>655</ymin>
			<xmax>48</xmax>
			<ymax>672</ymax>
		</bndbox>
	</object>
	<object>
		<difficult>1</difficult>
		<name>&amp;*@HUST_special</name>
		<bndbox>
			<xmin>32</xmin>
			<ymin>676</ymin>
			<xmax>50</xmax>
			<ymax>693</ymax>
		</bndbox>
	</object>
	<object>
		<difficult>1</difficult>
		<name>&amp;*@HUST_special</name>
		<bndbox>
			<xmin>32</xmin>
			<ymin>697</ymin>
			<xmax>48</xmax>
			<ymax>713</ymax>
		</bndbox>
	</object>
	<object>
		<difficult>0</difficult>
		<name>&amp;*@HUST_text</name>
		<bndbox>
			<xmin>54</xmin>
			<ymin>5</ymin>
			<xmax>104</xmax>
			<ymax>20</ymax>
		</bndbox>
	</object>
	<object>
		<difficult>0</difficult>
		<name>&amp;*@HUST_text</name>
		<bndbox>
			<xmin>53</xmin>
			<ymin>24</ymin>
			<xmax>105</xmax>
			<ymax>41</ymax>
		</bndbox>
	</object>
	<object>
		<difficult>0</difficult>
		<name>&amp;*@HUST_text</name>
		<bndbox>
			<xmin>53</xmin>
			<ymin>45</ymin>
			<xmax>105</xmax>
			<ymax>62</ymax>
		</bndbox>
	</object>
	<object>
		<difficult>0</difficult>
		<name>&amp;*@HUST_text</name>
		<bndbox>
			<xmin>54</xmin>
			<ymin>65</ymin>
			<xmax>106</xmax>
			<ymax>83</ymax>
		</bndbox>
	</object>
	<object>
		<difficult>0</difficult>
		<name>&amp;*@HUST_text</name>
		<bndbox>
			<xmin>53</xmin>
			<ymin>87</ymin>
			<xmax>108</xmax>
			<ymax>104</ymax>
		</bndbox>
	</object>
	<object>
		<difficult>0</difficult>
		<name>&amp;*@HUST_text</name>
		<bndbox>
			<xmin>54</xmin>
			<ymin>108</ymin>
			<xmax>109</xmax>
			<ymax>125</ymax>
		</bndbox>
	</object>
	<object>
		<difficult>0</difficult>
		<name>&amp;*@HUST_text</name>
		<bndbox>
			<xmin>54</xmin>
			<ymin>129</ymin>
			<xmax>109</xmax>
			<ymax>146</ymax>
		</bndbox>
	</object>
	<object>
		<difficult>0</difficult>
		<name>&amp;*@HUST_text</name>
		<bndbox>
			<xmin>53</xmin>
			<ymin>150</ymin>
			<xmax>110</xmax>
			<ymax>167</ymax>
		</bndbox>
	</object>
	<object>
		<difficult>0</difficult>
		<name>&amp;*@HUST_text</name>
		<bndbox>
			<xmin>54</xmin>
			<ymin>171</ymin>
			<xmax>109</xmax>
			<ymax>188</ymax>
		</bndbox>
	</object>
	<object>
		<difficult>0</difficult>
		<name>&amp;*@HUST_text</name>
		<bndbox>
			<xmin>53</xmin>
			<ymin>192</ymin>
			<xmax>109</xmax>
			<ymax>209</ymax>
		</bndbox>
	</object>
	<object>
		<difficult>0</difficult>
		<name>&amp;*@HUST_text</name>
		<bndbox>
			<xmin>53</xmin>
			<ymin>213</ymin>
			<xmax>109</xmax>
			<ymax>230</ymax>
		</bndbox>
	</object>
	<object>
		<difficult>0</difficult>
		<name>&amp;*@HUST_text</name>
		<bndbox>
			<xmin>53</xmin>
			<ymin>233</ymin>
			<xmax>110</xmax>
			<ymax>251</ymax>
		</bndbox>
	</object>
	<object>
		<difficult>0</difficult>
		<name>&amp;*@HUST_text</name>
		<bndbox>
			<xmin>53</xmin>
			<ymin>255</ymin>
			<xmax>111</xmax>
			<ymax>272</ymax>
		</bndbox>
	</object>
	<object>
		<difficult>0</difficult>
		<name>&amp;*@HUST_text</name>
		<bndbox>
			<xmin>54</xmin>
			<ymin>276</ymin>
			<xmax>111</xmax>
			<ymax>293</ymax>
		</bndbox>
	</object>
	<object>
		<difficult>0</difficult>
		<name>&amp;*@HUST_text</name>
		<bndbox>
			<xmin>53</xmin>
			<ymin>297</ymin>
			<xmax>112</xmax>
			<ymax>315</ymax>
		</bndbox>
	</object>
	<object>
		<difficult>0</difficult>
		<name>&amp;*@HUST_text</name>
		<bndbox>
			<xmin>53</xmin>
			<ymin>318</ymin>
			<xmax>112</xmax>
			<ymax>335</ymax>
		</bndbox>
	</object>
	<object>
		<difficult>0</difficult>
		<name>&amp;*@HUST_text</name>
		<bndbox>
			<xmin>54</xmin>
			<ymin>339</ymin>
			<xmax>112</xmax>
			<ymax>356</ymax>
		</bndbox>
	</object>
	<object>
		<difficult>0</difficult>
		<name>&amp;*@HUST_text</name>
		<bndbox>
			<xmin>54</xmin>
			<ymin>360</ymin>
			<xmax>113</xmax>
			<ymax>378</ymax>
		</bndbox>
	</object>
	<object>
		<difficult>0</difficult>
		<name>&amp;*@HUST_text</name>
		<bndbox>
			<xmin>54</xmin>
			<ymin>380</ymin>
			<xmax>112</xmax>
			<ymax>398</ymax>
		</bndbox>
	</object>
	<object>
		<difficult>0</difficult>
		<name>&amp;*@HUST_text</name>
		<bndbox>
			<xmin>54</xmin>
			<ymin>402</ymin>
			<xmax>113</xmax>
			<ymax>419</ymax>
		</bndbox>
	</object>
	<object>
		<difficult>0</difficult>
		<name>&amp;*@HUST_text</name>
		<bndbox>
			<xmin>53</xmin>
			<ymin>423</ymin>
			<xmax>113</xmax>
			<ymax>440</ymax>
		</bndbox>
	</object>
	<object>
		<difficult>0</difficult>
		<name>&amp;*@HUST_text</name>
		<bndbox>
			<xmin>53</xmin>
			<ymin>443</ymin>
			<xmax>113</xmax>
			<ymax>461</ymax>
		</bndbox>
	</object>
	<object>
		<difficult>0</difficult>
		<name>&amp;*@HUST_text</name>
		<bndbox>
			<xmin>53</xmin>
			<ymin>465</ymin>
			<xmax>113</xmax>
			<ymax>482</ymax>
		</bndbox>
	</object>
	<object>
		<difficult>0</difficult>
		<name>&amp;*@HUST_text</name>
		<bndbox>
			<xmin>54</xmin>
			<ymin>486</ymin>
			<xmax>114</xmax>
			<ymax>503</ymax>
		</bndbox>
	</object>
	<object>
		<difficult>0</difficult>
		<name>&amp;*@HUST_text</name>
		<bndbox>
			<xmin>54</xmin>
			<ymin>506</ymin>
			<xmax>114</xmax>
			<ymax>524</ymax>
		</bndbox>
	</object>
	<object>
		<difficult>0</difficult>
		<name>&amp;*@HUST_text</name>
		<bndbox>
			<xmin>53</xmin>
			<ymin>528</ymin>
			<xmax>116</xmax>
			<ymax>545</ymax>
		</bndbox>
	</object>
	<object>
		<difficult>0</difficult>
		<name>&amp;*@HUST_text</name>
		<bndbox>
			<xmin>54</xmin>
			<ymin>548</ymin>
			<xmax>117</xmax>
			<ymax>566</ymax>
		</bndbox>
	</object>
	<object>
		<difficult>0</difficult>
		<name>&amp;*@HUST_text</name>
		<bndbox>
			<xmin>54</xmin>
			<ymin>570</ymin>
			<xmax>117</xmax>
			<ymax>587</ymax>
		</bndbox>
	</object>
	<object>
		<difficult>0</difficult>
		<name>&amp;*@HUST_text</name>
		<bndbox>
			<xmin>54</xmin>
			<ymin>591</ymin>
			<xmax>117</xmax>
			<ymax>608</ymax>
		</bndbox>
	</object>
	<object>
		<difficult>0</difficult>
		<name>&amp;*@HUST_text</name>
		<bndbox>
			<xmin>53</xmin>
			<ymin>611</ymin>
			<xmax>118</xmax>
			<ymax>629</ymax>
		</bndbox>
	</object>
	<object>
		<difficult>0</difficult>
		<name>&amp;*@HUST_text</name>
		<bndbox>
			<xmin>53</xmin>
			<ymin>633</ymin>
			<xmax>118</xmax>
			<ymax>650</ymax>
		</bndbox>
	</object>
	<object>
		<difficult>0</difficult>
		<name>&amp;*@HUST_text</name>
		<bndbox>
			<xmin>53</xmin>
			<ymin>654</ymin>
			<xmax>119</xmax>
			<ymax>671</ymax>
		</bndbox>
	</object>
	<object>
		<difficult>0</difficult>
		<name>&amp;*@HUST_text</name>
		<bndbox>
			<xmin>53</xmin>
			<ymin>674</ymin>
			<xmax>119</xmax>
			<ymax>692</ymax>
		</bndbox>
	</object>
	<object>
		<difficult>0</difficult>
		<name>&amp;*@HUST_text</name>
		<bndbox>
			<xmin>53</xmin>
			<ymin>695</ymin>
			<xmax>119</xmax>
			<ymax>714</ymax>
		</bndbox>
	</object>
	<object>
		<difficult>0</difficult>
		<name>&amp;*@HUST_text</name>
		<bndbox>
			<xmin>252</xmin>
			<ymin>4</ymin>
			<xmax>349</xmax>
			<ymax>21</ymax>
		</bndbox>
	</object>
	<object>
		<difficult>0</difficult>
		<name>&amp;*@HUST_text</name>
		<bndbox>
			<xmin>251</xmin>
			<ymin>23</ymin>
			<xmax>406</xmax>
			<ymax>41</ymax>
		</bndbox>
	</object>
	<object>
		<difficult>0</difficult>
		<name>&amp;*@HUST_text</name>
		<bndbox>
			<xmin>251</xmin>
			<ymin>44</ymin>
			<xmax>350</xmax>
			<ymax>63</ymax>
		</bndbox>
	</object>
	<object>
		<difficult>0</difficult>
		<name>&amp;*@HUST_text</name>
		<bndbox>
			<xmin>252</xmin>
			<ymin>66</ymin>
			<xmax>350</xmax>
			<ymax>83</ymax>
		</bndbox>
	</object>
	<object>
		<difficult>0</difficult>
		<name>&amp;*@HUST_text</name>
		<bndbox>
			<xmin>251</xmin>
			<ymin>86</ymin>
			<xmax>366</xmax>
			<ymax>104</ymax>
		</bndbox>
	</object>
	<object>
		<difficult>0</difficult>
		<name>&amp;*@HUST_text</name>
		<bndbox>
			<xmin>251</xmin>
			<ymin>107</ymin>
			<xmax>400</xmax>
			<ymax>126</ymax>
		</bndbox>
	</object>
	<object>
		<difficult>0</difficult>
		<name>&amp;*@HUST_text</name>
		<bndbox>
			<xmin>251</xmin>
			<ymin>129</ymin>
			<xmax>416</xmax>
			<ymax>147</ymax>
		</bndbox>
	</object>
	<object>
		<difficult>0</difficult>
		<name>&amp;*@HUST_text</name>
		<bndbox>
			<xmin>252</xmin>
			<ymin>149</ymin>
			<xmax>377</xmax>
			<ymax>167</ymax>
		</bndbox>
	</object>
	<object>
		<difficult>0</difficult>
		<name>&amp;*@HUST_text</name>
		<bndbox>
			<xmin>252</xmin>
			<ymin>170</ymin>
			<xmax>402</xmax>
			<ymax>188</ymax>
		</bndbox>
	</object>
	<object>
		<difficult>0</difficult>
		<name>&amp;*@HUST_text</name>
		<bndbox>
			<xmin>252</xmin>
			<ymin>191</ymin>
			<xmax>403</xmax>
			<ymax>210</ymax>
		</bndbox>
	</object>
	<object>
		<difficult>0</difficult>
		<name>&amp;*@HUST_text</name>
		<bndbox>
			<xmin>252</xmin>
			<ymin>212</ymin>
			<xmax>397</xmax>
			<ymax>231</ymax>
		</bndbox>
	</object>
	<object>
		<difficult>0</difficult>
		<name>&amp;*@HUST_text</name>
		<bndbox>
			<xmin>252</xmin>
			<ymin>233</ymin>
			<xmax>413</xmax>
			<ymax>252</ymax>
		</bndbox>
	</object>
	<object>
		<difficult>0</difficult>
		<name>&amp;*@HUST_text</name>
		<bndbox>
			<xmin>252</xmin>
			<ymin>255</ymin>
			<xmax>397</xmax>
			<ymax>273</ymax>
		</bndbox>
	</object>
	<object>
		<difficult>0</difficult>
		<name>&amp;*@HUST_text</name>
		<bndbox>
			<xmin>252</xmin>
			<ymin>275</ymin>
			<xmax>383</xmax>
			<ymax>294</ymax>
		</bndbox>
	</object>
	<object>
		<difficult>0</difficult>
		<name>&amp;*@HUST_text</name>
		<bndbox>
			<xmin>252</xmin>
			<ymin>296</ymin>
			<xmax>416</xmax>
			<ymax>314</ymax>
		</bndbox>
	</object>
	<object>
		<difficult>0</difficult>
		<name>&amp;*@HUST_text</name>
		<bndbox>
			<xmin>252</xmin>
			<ymin>317</ymin>
			<xmax>335</xmax>
			<ymax>335</ymax>
		</bndbox>
	</object>
	<object>
		<difficult>0</difficult>
		<name>&amp;*@HUST_text</name>
		<bndbox>
			<xmin>252</xmin>
			<ymin>338</ymin>
			<xmax>416</xmax>
			<ymax>357</ymax>
		</bndbox>
	</object>
	<object>
		<difficult>0</difficult>
		<name>&amp;*@HUST_text</name>
		<bndbox>
			<xmin>253</xmin>
			<ymin>359</ymin>
			<xmax>405</xmax>
			<ymax>377</ymax>
		</bndbox>
	</object>
	<object>
		<difficult>0</difficult>
		<name>&amp;*@HUST_text</name>
		<bndbox>
			<xmin>253</xmin>
			<ymin>380</ymin>
			<xmax>331</xmax>
			<ymax>399</ymax>
		</bndbox>
	</object>
	<object>
		<difficult>0</difficult>
		<name>&amp;*@HUST_text</name>
		<bndbox>
			<xmin>253</xmin>
			<ymin>401</ymin>
			<xmax>382</xmax>
			<ymax>420</ymax>
		</bndbox>
	</object>
	<object>
		<difficult>0</difficult>
		<name>&amp;*@HUST_text</name>
		<bndbox>
			<xmin>253</xmin>
			<ymin>422</ymin>
			<xmax>403</xmax>
			<ymax>441</ymax>
		</bndbox>
	</object>
	<object>
		<difficult>0</difficult>
		<name>&amp;*@HUST_text</name>
		<bndbox>
			<xmin>253</xmin>
			<ymin>443</ymin>
			<xmax>391</xmax>
			<ymax>462</ymax>
		</bndbox>
	</object>
	<object>
		<difficult>0</difficult>
		<name>&amp;*@HUST_text</name>
		<bndbox>
			<xmin>253</xmin>
			<ymin>464</ymin>
			<xmax>359</xmax>
			<ymax>483</ymax>
		</bndbox>
	</object>
	<object>
		<difficult>0</difficult>
		<name>&amp;*@HUST_text</name>
		<bndbox>
			<xmin>253</xmin>
			<ymin>485</ymin>
			<xmax>377</xmax>
			<ymax>503</ymax>
		</bndbox>
	</object>
	<object>
		<difficult>0</difficult>
		<name>&amp;*@HUST_text</name>
		<bndbox>
			<xmin>253</xmin>
			<ymin>506</ymin>
			<xmax>398</xmax>
			<ymax>524</ymax>
		</bndbox>
	</object>
	<object>
		<difficult>0</difficult>
		<name>&amp;*@HUST_text</name>
		<bndbox>
			<xmin>253</xmin>
			<ymin>527</ymin>
			<xmax>399</xmax>
			<ymax>546</ymax>
		</bndbox>
	</object>
	<object>
		<difficult>0</difficult>
		<name>&amp;*@HUST_text</name>
		<bndbox>
			<xmin>253</xmin>
			<ymin>548</ymin>
			<xmax>402</xmax>
			<ymax>566</ymax>
		</bndbox>
	</object>
	<object>
		<difficult>0</difficult>
		<name>&amp;*@HUST_text</name>
		<bndbox>
			<xmin>253</xmin>
			<ymin>569</ymin>
			<xmax>434</xmax>
			<ymax>587</ymax>
		</bndbox>
	</object>
	<object>
		<difficult>0</difficult>
		<name>&amp;*@HUST_text</name>
		<bndbox>
			<xmin>253</xmin>
			<ymin>590</ymin>
			<xmax>432</xmax>
			<ymax>609</ymax>
		</bndbox>
	</object>
	<object>
		<difficult>0</difficult>
		<name>&amp;*@HUST_text</name>
		<bndbox>
			<xmin>253</xmin>
			<ymin>611</ymin>
			<xmax>429</xmax>
			<ymax>629</ymax>
		</bndbox>
	</object>
	<object>
		<difficult>0</difficult>
		<name>&amp;*@HUST_text</name>
		<bndbox>
			<xmin>253</xmin>
			<ymin>632</ymin>
			<xmax>425</xmax>
			<ymax>650</ymax>
		</bndbox>
	</object>
	<object>
		<difficult>0</difficult>
		<name>&amp;*@HUST_text</name>
		<bndbox>
			<xmin>254</xmin>
			<ymin>653</ymin>
			<xmax>354</xmax>
			<ymax>671</ymax>
		</bndbox>
	</object>
	<object>
		<difficult>0</difficult>
		<name>&amp;*@HUST_text</name>
		<bndbox>
			<xmin>254</xmin>
			<ymin>675</ymin>
			<xmax>421</xmax>
			<ymax>693</ymax>
		</bndbox>
	</object>
	<object>
		<difficult>0</difficult>
		<name>&amp;*@HUST_text</name>
		<bndbox>
			<xmin>254</xmin>
			<ymin>695</ymin>
			<xmax>413</xmax>
			<ymax>713</ymax>
		</bndbox>
	</object>
	<object>
		<difficult>0</difficult>
		<name>&amp;*@HUST_text</name>
		<bndbox>
			<xmin>643</xmin>
			<ymin>4</ymin>
			<xmax>775</xmax>
			<ymax>20</ymax>
		</bndbox>
	</object>
	<object>
		<difficult>0</difficult>
		<name>&amp;*@HUST_text</name>
		<bndbox>
			<xmin>643</xmin>
			<ymin>23</ymin>
			<xmax>777</xmax>
			<ymax>41</ymax>
		</bndbox>
	</object>
	<object>
		<difficult>0</difficult>
		<name>&amp;*@HUST_text</name>
		<bndbox>
			<xmin>643</xmin>
			<ymin>45</ymin>
			<xmax>778</xmax>
			<ymax>62</ymax>
		</bndbox>
	</object>
	<object>
		<difficult>0</difficult>
		<name>&amp;*@HUST_text</name>
		<bndbox>
			<xmin>643</xmin>
			<ymin>66</ymin>
			<xmax>780</xmax>
			<ymax>83</ymax>
		</bndbox>
	</object>
	<object>
		<difficult>0</difficult>
		<name>&amp;*@HUST_text</name>
		<bndbox>
			<xmin>643</xmin>
			<ymin>87</ymin>
			<xmax>781</xmax>
			<ymax>104</ymax>
		</bndbox>
	</object>
	<object>
		<difficult>0</difficult>
		<name>&amp;*@HUST_text</name>
		<bndbox>
			<xmin>643</xmin>
			<ymin>107</ymin>
			<xmax>781</xmax>
			<ymax>125</ymax>
		</bndbox>
	</object>
	<object>
		<difficult>0</difficult>
		<name>&amp;*@HUST_text</name>
		<bndbox>
			<xmin>643</xmin>
			<ymin>128</ymin>
			<xmax>783</xmax>
			<ymax>146</ymax>
		</bndbox>
	</object>
	<object>
		<difficult>0</difficult>
		<name>&amp;*@HUST_text</name>
		<bndbox>
			<xmin>643</xmin>
			<ymin>150</ymin>
			<xmax>785</xmax>
			<ymax>167</ymax>
		</bndbox>
	</object>
	<object>
		<difficult>0</difficult>
		<name>&amp;*@HUST_text</name>
		<bndbox>
			<xmin>644</xmin>
			<ymin>171</ymin>
			<xmax>788</xmax>
			<ymax>188</ymax>
		</bndbox>
	</object>
	<object>
		<difficult>0</difficult>
		<name>&amp;*@HUST_text</name>
		<bndbox>
			<xmin>644</xmin>
			<ymin>192</ymin>
			<xmax>789</xmax>
			<ymax>209</ymax>
		</bndbox>
	</object>
	<object>
		<difficult>0</difficult>
		<name>&amp;*@HUST_text</name>
		<bndbox>
			<xmin>644</xmin>
			<ymin>213</ymin>
			<xmax>789</xmax>
			<ymax>230</ymax>
		</bndbox>
	</object>
	<object>
		<difficult>0</difficult>
		<name>&amp;*@HUST_text</name>
		<bndbox>
			<xmin>644</xmin>
			<ymin>234</ymin>
			<xmax>790</xmax>
			<ymax>251</ymax>
		</bndbox>
	</object>
	<object>
		<difficult>0</difficult>
		<name>&amp;*@HUST_text</name>
		<bndbox>
			<xmin>644</xmin>
			<ymin>255</ymin>
			<xmax>791</xmax>
			<ymax>271</ymax>
		</bndbox>
	</object>
	<object>
		<difficult>0</difficult>
		<name>&amp;*@HUST_text</name>
		<bndbox>
			<xmin>645</xmin>
			<ymin>276</ymin>
			<xmax>792</xmax>
			<ymax>293</ymax>
		</bndbox>
	</object>
	<object>
		<difficult>0</difficult>
		<name>&amp;*@HUST_text</name>
		<bndbox>
			<xmin>645</xmin>
			<ymin>297</ymin>
			<xmax>794</xmax>
			<ymax>314</ymax>
		</bndbox>
	</object>
	<object>
		<difficult>0</difficult>
		<name>&amp;*@HUST_text</name>
		<bndbox>
			<xmin>645</xmin>
			<ymin>318</ymin>
			<xmax>764</xmax>
			<ymax>335</ymax>
		</bndbox>
	</object>
	<object>
		<difficult>0</difficult>
		<name>&amp;*@HUST_text</name>
		<bndbox>
			<xmin>646</xmin>
			<ymin>339</ymin>
			<xmax>795</xmax>
			<ymax>356</ymax>
		</bndbox>
	</object>
	<object>
		<difficult>0</difficult>
		<name>&amp;*@HUST_text</name>
		<bndbox>
			<xmin>646</xmin>
			<ymin>360</ymin>
			<xmax>743</xmax>
			<ymax>378</ymax>
		</bndbox>
	</object>
	<object>
		<difficult>0</difficult>
		<name>&amp;*@HUST_text</name>
		<bndbox>
			<xmin>645</xmin>
			<ymin>381</ymin>
			<xmax>798</xmax>
			<ymax>398</ymax>
		</bndbox>
	</object>
	<object>
		<difficult>0</difficult>
		<name>&amp;*@HUST_text</name>
		<bndbox>
			<xmin>645</xmin>
			<ymin>402</ymin>
			<xmax>798</xmax>
			<ymax>419</ymax>
		</bndbox>
	</object>
	<object>
		<difficult>0</difficult>
		<name>&amp;*@HUST_text</name>
		<bndbox>
			<xmin>645</xmin>
			<ymin>423</ymin>
			<xmax>746</xmax>
			<ymax>440</ymax>
		</bndbox>
	</object>
	<object>
		<difficult>0</difficult>
		<name>&amp;*@HUST_text</name>
		<bndbox>
			<xmin>646</xmin>
			<ymin>444</ymin>
			<xmax>748</xmax>
			<ymax>461</ymax>
		</bndbox>
	</object>
	<object>
		<difficult>0</difficult>
		<name>&amp;*@HUST_text</name>
		<bndbox>
			<xmin>646</xmin>
			<ymin>465</ymin>
			<xmax>750</xmax>
			<ymax>482</ymax>
		</bndbox>
	</object>
	<object>
		<difficult>0</difficult>
		<name>&amp;*@HUST_text</name>
		<bndbox>
			<xmin>646</xmin>
			<ymin>485</ymin>
			<xmax>750</xmax>
			<ymax>503</ymax>
		</bndbox>
	</object>
	<object>
		<difficult>0</difficult>
		<name>&amp;*@HUST_text</name>
		<bndbox>
			<xmin>646</xmin>
			<ymin>507</ymin>
			<xmax>751</xmax>
			<ymax>524</ymax>
		</bndbox>
	</object>
	<object>
		<difficult>0</difficult>
		<name>&amp;*@HUST_text</name>
		<bndbox>
			<xmin>646</xmin>
			<ymin>528</ymin>
			<xmax>752</xmax>
			<ymax>546</ymax>
		</bndbox>
	</object>
	<object>
		<difficult>0</difficult>
		<name>&amp;*@HUST_text</name>
		<bndbox>
			<xmin>646</xmin>
			<ymin>548</ymin>
			<xmax>753</xmax>
			<ymax>566</ymax>
		</bndbox>
	</object>
	<object>
		<difficult>0</difficult>
		<name>&amp;*@HUST_text</name>
		<bndbox>
			<xmin>646</xmin>
			<ymin>569</ymin>
			<xmax>755</xmax>
			<ymax>587</ymax>
		</bndbox>
	</object>
	<object>
		<difficult>0</difficult>
		<name>&amp;*@HUST_text</name>
		<bndbox>
			<xmin>646</xmin>
			<ymin>591</ymin>
			<xmax>757</xmax>
			<ymax>608</ymax>
		</bndbox>
	</object>
	<object>
		<difficult>0</difficult>
		<name>&amp;*@HUST_text</name>
		<bndbox>
			<xmin>646</xmin>
			<ymin>611</ymin>
			<xmax>758</xmax>
			<ymax>629</ymax>
		</bndbox>
	</object>
	<object>
		<difficult>0</difficult>
		<name>&amp;*@HUST_text</name>
		<bndbox>
			<xmin>647</xmin>
			<ymin>633</ymin>
			<xmax>758</xmax>
			<ymax>650</ymax>
		</bndbox>
	</object>
	<object>
		<difficult>0</difficult>
		<name>&amp;*@HUST_text</name>
		<bndbox>
			<xmin>647</xmin>
			<ymin>653</ymin>
			<xmax>760</xmax>
			<ymax>671</ymax>
		</bndbox>
	</object>
	<object>
		<difficult>0</difficult>
		<name>&amp;*@HUST_text</name>
		<bndbox>
			<xmin>646</xmin>
			<ymin>675</ymin>
			<xmax>761</xmax>
			<ymax>692</ymax>
		</bndbox>
	</object>
	<object>
		<difficult>0</difficult>
		<name>&amp;*@HUST_text</name>
		<bndbox>
			<xmin>646</xmin>
			<ymin>696</ymin>
			<xmax>762</xmax>
			<ymax>713</ymax>
		</bndbox>
	</object>
	<object>
		<difficult>0</difficult>
		<name>&amp;*@HUST_text</name>
		<bndbox>
			<xmin>1040</xmin>
			<ymin>401</ymin>
			<xmax>1144</xmax>
			<ymax>419</ymax>
		</bndbox>
	</object>
	<object>
		<difficult>0</difficult>
		<name>&amp;*@HUST_text</name>
		<bndbox>
			<xmin>1045</xmin>
			<ymin>443</ymin>
			<xmax>1175</xmax>
			<ymax>462</ymax>
		</bndbox>
	</object>
	<object>
		<difficult>0</difficult>
		<name>&amp;*@HUST_text</name>
		<bndbox>
			<xmin>1031</xmin>
			<ymin>528</ymin>
			<xmax>1154</xmax>
			<ymax>545</ymax>
		</bndbox>
	</object>
	<object>
		<difficult>0</difficult>
		<name>&amp;*@HUST_text</name>
		<bndbox>
			<xmin>1460</xmin>
			<ymin>444</ymin>
			<xmax>1640</xmax>
			<ymax>461</ymax>
		</bndbox>
	</object>
	<object>
		<difficult>0</difficult>
		<name>&amp;*@HUST_text</name>
		<bndbox>
			<xmin>1460</xmin>
			<ymin>465</ymin>
			<xmax>1716</xmax>
			<ymax>482</ymax>
		</bndbox>
	</object>
	<object>
		<difficult>0</difficult>
		<name>&amp;*@HUST_text</name>
		<bndbox>
			<xmin>1473</xmin>
			<ymin>527</ymin>
			<xmax>1683</xmax>
			<ymax>545</ymax>
		</bndbox>
	</object>
	<object>
		<difficult>0</difficult>
		<name>&amp;*@HUST_text</name>
		<bndbox>
			<xmin>1472</xmin>
			<ymin>548</ymin>
			<xmax>1649</xmax>
			<ymax>566</ymax>
		</bndbox>
	</object>
	<object>
		<difficult>0</difficult>
		<name>&amp;*@HUST_text</name>
		<bndbox>
			<xmin>1472</xmin>
			<ymin>570</ymin>
			<xmax>1661</xmax>
			<ymax>587</ymax>
		</bndbox>
	</object>
</annotation>