<annotation>
	<filename>Image 163.png</filename>
	<size>
		<width>1370</width>
		<height>737</height>
		<depth>3</depth>
	</size>
	<segmented>0</segmented>
	<object>
		<difficult>1</difficult>
		<name>&amp;*@HUST_shelter</name>
		<bndbox>
			<xmin>0</xmin>
			<ymin>0</ymin>
			<xmax>35</xmax>
			<ymax>11</ymax>
		</bndbox>
	</object>
	<object>
		<difficult>1</difficult>
		<name>&amp;*@HUST_shelter</name>
		<bndbox>
			<xmin>37</xmin>
			<ymin>0</ymin>
			<xmax>57</xmax>
			<ymax>11</ymax>
		</bndbox>
	</object>
	<object>
		<difficult>1</difficult>
		<name>&amp;*@HUST_shelter</name>
		<bndbox>
			<xmin>60</xmin>
			<ymin>0</ymin>
			<xmax>101</xmax>
			<ymax>11</ymax>
		</bndbox>
	</object>
	<object>
		<difficult>1</difficult>
		<name>&amp;*@HUST_shelter</name>
		<bndbox>
			<xmin>262</xmin>
			<ymin>0</ymin>
			<xmax>298</xmax>
			<ymax>10</ymax>
		</bndbox>
	</object>
	<object>
		<difficult>0</difficult>
		<name>&amp;*@HUST_text</name>
		<bndbox>
			<xmin>1</xmin>
			<ymin>13</ymin>
			<xmax>35</xmax>
			<ymax>32</ymax>
		</bndbox>
	</object>
	<object>
		<difficult>0</difficult>
		<name>&amp;*@HUST_text</name>
		<bndbox>
			<xmin>0</xmin>
			<ymin>34</ymin>
			<xmax>34</xmax>
			<ymax>53</ymax>
		</bndbox>
	</object>
	<object>
		<difficult>0</difficult>
		<name>&amp;*@HUST_text</name>
		<bndbox>
			<xmin>1</xmin>
			<ymin>55</ymin>
			<xmax>35</xmax>
			<ymax>74</ymax>
		</bndbox>
	</object>
	<object>
		<difficult>0</difficult>
		<name>&amp;*@HUST_text</name>
		<bndbox>
			<xmin>1</xmin>
			<ymin>76</ymin>
			<xmax>35</xmax>
			<ymax>95</ymax>
		</bndbox>
	</object>
	<object>
		<difficult>0</difficult>
		<name>&amp;*@HUST_text</name>
		<bndbox>
			<xmin>0</xmin>
			<ymin>97</ymin>
			<xmax>35</xmax>
			<ymax>116</ymax>
		</bndbox>
	</object>
	<object>
		<difficult>0</difficult>
		<name>&amp;*@HUST_text</name>
		<bndbox>
			<xmin>1</xmin>
			<ymin>119</ymin>
			<xmax>35</xmax>
			<ymax>137</ymax>
		</bndbox>
	</object>
	<object>
		<difficult>0</difficult>
		<name>&amp;*@HUST_text</name>
		<bndbox>
			<xmin>1</xmin>
			<ymin>140</ymin>
			<xmax>35</xmax>
			<ymax>158</ymax>
		</bndbox>
	</object>
	<object>
		<difficult>0</difficult>
		<name>&amp;*@HUST_text</name>
		<bndbox>
			<xmin>1</xmin>
			<ymin>160</ymin>
			<xmax>34</xmax>
			<ymax>179</ymax>
		</bndbox>
	</object>
	<object>
		<difficult>0</difficult>
		<name>&amp;*@HUST_text</name>
		<bndbox>
			<xmin>1</xmin>
			<ymin>181</ymin>
			<xmax>34</xmax>
			<ymax>200</ymax>
		</bndbox>
	</object>
	<object>
		<difficult>0</difficult>
		<name>&amp;*@HUST_text</name>
		<bndbox>
			<xmin>2</xmin>
			<ymin>203</ymin>
			<xmax>35</xmax>
			<ymax>221</ymax>
		</bndbox>
	</object>
	<object>
		<difficult>0</difficult>
		<name>&amp;*@HUST_text</name>
		<bndbox>
			<xmin>2</xmin>
			<ymin>223</ymin>
			<xmax>35</xmax>
			<ymax>242</ymax>
		</bndbox>
	</object>
	<object>
		<difficult>0</difficult>
		<name>&amp;*@HUST_text</name>
		<bndbox>
			<xmin>2</xmin>
			<ymin>244</ymin>
			<xmax>35</xmax>
			<ymax>263</ymax>
		</bndbox>
	</object>
	<object>
		<difficult>0</difficult>
		<name>&amp;*@HUST_text</name>
		<bndbox>
			<xmin>2</xmin>
			<ymin>266</ymin>
			<xmax>34</xmax>
			<ymax>284</ymax>
		</bndbox>
	</object>
	<object>
		<difficult>0</difficult>
		<name>&amp;*@HUST_text</name>
		<bndbox>
			<xmin>2</xmin>
			<ymin>287</ymin>
			<xmax>35</xmax>
			<ymax>305</ymax>
		</bndbox>
	</object>
	<object>
		<difficult>0</difficult>
		<name>&amp;*@HUST_text</name>
		<bndbox>
			<xmin>2</xmin>
			<ymin>307</ymin>
			<xmax>34</xmax>
			<ymax>326</ymax>
		</bndbox>
	</object>
	<object>
		<difficult>0</difficult>
		<name>&amp;*@HUST_text</name>
		<bndbox>
			<xmin>1</xmin>
			<ymin>329</ymin>
			<xmax>35</xmax>
			<ymax>347</ymax>
		</bndbox>
	</object>
	<object>
		<difficult>0</difficult>
		<name>&amp;*@HUST_text</name>
		<bndbox>
			<xmin>1</xmin>
			<ymin>349</ymin>
			<xmax>34</xmax>
			<ymax>368</ymax>
		</bndbox>
	</object>
	<object>
		<difficult>0</difficult>
		<name>&amp;*@HUST_text</name>
		<bndbox>
			<xmin>1</xmin>
			<ymin>370</ymin>
			<xmax>35</xmax>
			<ymax>389</ymax>
		</bndbox>
	</object>
	<object>
		<difficult>0</difficult>
		<name>&amp;*@HUST_text</name>
		<bndbox>
			<xmin>1</xmin>
			<ymin>391</ymin>
			<xmax>35</xmax>
			<ymax>410</ymax>
		</bndbox>
	</object>
	<object>
		<difficult>0</difficult>
		<name>&amp;*@HUST_text</name>
		<bndbox>
			<xmin>1</xmin>
			<ymin>412</ymin>
			<xmax>35</xmax>
			<ymax>431</ymax>
		</bndbox>
	</object>
	<object>
		<difficult>0</difficult>
		<name>&amp;*@HUST_text</name>
		<bndbox>
			<xmin>1</xmin>
			<ymin>433</ymin>
			<xmax>35</xmax>
			<ymax>452</ymax>
		</bndbox>
	</object>
	<object>
		<difficult>0</difficult>
		<name>&amp;*@HUST_text</name>
		<bndbox>
			<xmin>1</xmin>
			<ymin>454</ymin>
			<xmax>34</xmax>
			<ymax>473</ymax>
		</bndbox>
	</object>
	<object>
		<difficult>0</difficult>
		<name>&amp;*@HUST_text</name>
		<bndbox>
			<xmin>1</xmin>
			<ymin>475</ymin>
			<xmax>34</xmax>
			<ymax>494</ymax>
		</bndbox>
	</object>
	<object>
		<difficult>0</difficult>
		<name>&amp;*@HUST_text</name>
		<bndbox>
			<xmin>1</xmin>
			<ymin>496</ymin>
			<xmax>35</xmax>
			<ymax>515</ymax>
		</bndbox>
	</object>
	<object>
		<difficult>0</difficult>
		<name>&amp;*@HUST_text</name>
		<bndbox>
			<xmin>1</xmin>
			<ymin>518</ymin>
			<xmax>34</xmax>
			<ymax>536</ymax>
		</bndbox>
	</object>
	<object>
		<difficult>0</difficult>
		<name>&amp;*@HUST_text</name>
		<bndbox>
			<xmin>1</xmin>
			<ymin>538</ymin>
			<xmax>34</xmax>
			<ymax>557</ymax>
		</bndbox>
	</object>
	<object>
		<difficult>0</difficult>
		<name>&amp;*@HUST_text</name>
		<bndbox>
			<xmin>1</xmin>
			<ymin>559</ymin>
			<xmax>35</xmax>
			<ymax>579</ymax>
		</bndbox>
	</object>
	<object>
		<difficult>0</difficult>
		<name>&amp;*@HUST_text</name>
		<bndbox>
			<xmin>2</xmin>
			<ymin>581</ymin>
			<xmax>34</xmax>
			<ymax>599</ymax>
		</bndbox>
	</object>
	<object>
		<difficult>0</difficult>
		<name>&amp;*@HUST_text</name>
		<bndbox>
			<xmin>2</xmin>
			<ymin>601</ymin>
			<xmax>34</xmax>
			<ymax>620</ymax>
		</bndbox>
	</object>
	<object>
		<difficult>0</difficult>
		<name>&amp;*@HUST_text</name>
		<bndbox>
			<xmin>1</xmin>
			<ymin>622</ymin>
			<xmax>34</xmax>
			<ymax>641</ymax>
		</bndbox>
	</object>
	<object>
		<difficult>0</difficult>
		<name>&amp;*@HUST_text</name>
		<bndbox>
			<xmin>1</xmin>
			<ymin>643</ymin>
			<xmax>34</xmax>
			<ymax>662</ymax>
		</bndbox>
	</object>
	<object>
		<difficult>0</difficult>
		<name>&amp;*@HUST_text</name>
		<bndbox>
			<xmin>1</xmin>
			<ymin>664</ymin>
			<xmax>34</xmax>
			<ymax>683</ymax>
		</bndbox>
	</object>
	<object>
		<difficult>0</difficult>
		<name>&amp;*@HUST_text</name>
		<bndbox>
			<xmin>1</xmin>
			<ymin>685</ymin>
			<xmax>34</xmax>
			<ymax>704</ymax>
		</bndbox>
	</object>
	<object>
		<difficult>0</difficult>
		<name>&amp;*@HUST_text</name>
		<bndbox>
			<xmin>0</xmin>
			<ymin>707</ymin>
			<xmax>34</xmax>
			<ymax>725</ymax>
		</bndbox>
	</object>
	<object>
		<difficult>1</difficult>
		<name>&amp;*@HUST_shelter</name>
		<bndbox>
			<xmin>1</xmin>
			<ymin>727</ymin>
			<xmax>35</xmax>
			<ymax>737</ymax>
		</bndbox>
	</object>
	<object>
		<difficult>1</difficult>
		<name>&amp;*@HUST_shelter</name>
		<bndbox>
			<xmin>38</xmin>
			<ymin>728</ymin>
			<xmax>57</xmax>
			<ymax>737</ymax>
		</bndbox>
	</object>
	<object>
		<difficult>1</difficult>
		<name>&amp;*@HUST_shelter</name>
		<bndbox>
			<xmin>60</xmin>
			<ymin>728</ymin>
			<xmax>105</xmax>
			<ymax>737</ymax>
		</bndbox>
	</object>
	<object>
		<difficult>1</difficult>
		<name>&amp;*@HUST_shelter</name>
		<bndbox>
			<xmin>249</xmin>
			<ymin>727</ymin>
			<xmax>419</xmax>
			<ymax>737</ymax>
		</bndbox>
	</object>
	<object>
		<difficult>1</difficult>
		<name>&amp;*@HUST_shelter</name>
		<bndbox>
			<xmin>660</xmin>
			<ymin>727</ymin>
			<xmax>777</xmax>
			<ymax>737</ymax>
		</bndbox>
	</object>
	<object>
		<difficult>1</difficult>
		<name>&amp;*@HUST_special</name>
		<bndbox>
			<xmin>37</xmin>
			<ymin>706</ymin>
			<xmax>57</xmax>
			<ymax>725</ymax>
		</bndbox>
	</object>
	<object>
		<difficult>1</difficult>
		<name>&amp;*@HUST_special</name>
		<bndbox>
			<xmin>37</xmin>
			<ymin>685</ymin>
			<xmax>57</xmax>
			<ymax>704</ymax>
		</bndbox>
	</object>
	<object>
		<difficult>1</difficult>
		<name>&amp;*@HUST_special</name>
		<bndbox>
			<xmin>37</xmin>
			<ymin>664</ymin>
			<xmax>57</xmax>
			<ymax>683</ymax>
		</bndbox>
	</object>
	<object>
		<difficult>1</difficult>
		<name>&amp;*@HUST_special</name>
		<bndbox>
			<xmin>37</xmin>
			<ymin>643</ymin>
			<xmax>56</xmax>
			<ymax>662</ymax>
		</bndbox>
	</object>
	<object>
		<difficult>1</difficult>
		<name>&amp;*@HUST_special</name>
		<bndbox>
			<xmin>37</xmin>
			<ymin>622</ymin>
			<xmax>57</xmax>
			<ymax>641</ymax>
		</bndbox>
	</object>
	<object>
		<difficult>1</difficult>
		<name>&amp;*@HUST_special</name>
		<bndbox>
			<xmin>37</xmin>
			<ymin>601</ymin>
			<xmax>57</xmax>
			<ymax>620</ymax>
		</bndbox>
	</object>
	<object>
		<difficult>1</difficult>
		<name>&amp;*@HUST_special</name>
		<bndbox>
			<xmin>37</xmin>
			<ymin>581</ymin>
			<xmax>57</xmax>
			<ymax>599</ymax>
		</bndbox>
	</object>
	<object>
		<difficult>1</difficult>
		<name>&amp;*@HUST_special</name>
		<bndbox>
			<xmin>37</xmin>
			<ymin>559</ymin>
			<xmax>57</xmax>
			<ymax>579</ymax>
		</bndbox>
	</object>
	<object>
		<difficult>1</difficult>
		<name>&amp;*@HUST_special</name>
		<bndbox>
			<xmin>37</xmin>
			<ymin>538</ymin>
			<xmax>57</xmax>
			<ymax>557</ymax>
		</bndbox>
	</object>
	<object>
		<difficult>1</difficult>
		<name>&amp;*@HUST_special</name>
		<bndbox>
			<xmin>37</xmin>
			<ymin>518</ymin>
			<xmax>57</xmax>
			<ymax>536</ymax>
		</bndbox>
	</object>
	<object>
		<difficult>1</difficult>
		<name>&amp;*@HUST_special</name>
		<bndbox>
			<xmin>37</xmin>
			<ymin>496</ymin>
			<xmax>57</xmax>
			<ymax>515</ymax>
		</bndbox>
	</object>
	<object>
		<difficult>1</difficult>
		<name>&amp;*@HUST_special</name>
		<bndbox>
			<xmin>37</xmin>
			<ymin>475</ymin>
			<xmax>57</xmax>
			<ymax>494</ymax>
		</bndbox>
	</object>
	<object>
		<difficult>1</difficult>
		<name>&amp;*@HUST_special</name>
		<bndbox>
			<xmin>37</xmin>
			<ymin>455</ymin>
			<xmax>57</xmax>
			<ymax>473</ymax>
		</bndbox>
	</object>
	<object>
		<difficult>1</difficult>
		<name>&amp;*@HUST_special</name>
		<bndbox>
			<xmin>38</xmin>
			<ymin>433</ymin>
			<xmax>56</xmax>
			<ymax>452</ymax>
		</bndbox>
	</object>
	<object>
		<difficult>1</difficult>
		<name>&amp;*@HUST_special</name>
		<bndbox>
			<xmin>37</xmin>
			<ymin>412</ymin>
			<xmax>56</xmax>
			<ymax>431</ymax>
		</bndbox>
	</object>
	<object>
		<difficult>1</difficult>
		<name>&amp;*@HUST_special</name>
		<bndbox>
			<xmin>37</xmin>
			<ymin>391</ymin>
			<xmax>57</xmax>
			<ymax>410</ymax>
		</bndbox>
	</object>
	<object>
		<difficult>1</difficult>
		<name>&amp;*@HUST_special</name>
		<bndbox>
			<xmin>38</xmin>
			<ymin>370</ymin>
			<xmax>56</xmax>
			<ymax>389</ymax>
		</bndbox>
	</object>
	<object>
		<difficult>1</difficult>
		<name>&amp;*@HUST_special</name>
		<bndbox>
			<xmin>38</xmin>
			<ymin>349</ymin>
			<xmax>57</xmax>
			<ymax>368</ymax>
		</bndbox>
	</object>
	<object>
		<difficult>1</difficult>
		<name>&amp;*@HUST_special</name>
		<bndbox>
			<xmin>37</xmin>
			<ymin>329</ymin>
			<xmax>57</xmax>
			<ymax>347</ymax>
		</bndbox>
	</object>
	<object>
		<difficult>1</difficult>
		<name>&amp;*@HUST_special</name>
		<bndbox>
			<xmin>38</xmin>
			<ymin>307</ymin>
			<xmax>56</xmax>
			<ymax>326</ymax>
		</bndbox>
	</object>
	<object>
		<difficult>1</difficult>
		<name>&amp;*@HUST_special</name>
		<bndbox>
			<xmin>37</xmin>
			<ymin>286</ymin>
			<xmax>57</xmax>
			<ymax>305</ymax>
		</bndbox>
	</object>
	<object>
		<difficult>1</difficult>
		<name>&amp;*@HUST_special</name>
		<bndbox>
			<xmin>37</xmin>
			<ymin>265</ymin>
			<xmax>57</xmax>
			<ymax>284</ymax>
		</bndbox>
	</object>
	<object>
		<difficult>1</difficult>
		<name>&amp;*@HUST_special</name>
		<bndbox>
			<xmin>37</xmin>
			<ymin>244</ymin>
			<xmax>57</xmax>
			<ymax>263</ymax>
		</bndbox>
	</object>
	<object>
		<difficult>1</difficult>
		<name>&amp;*@HUST_special</name>
		<bndbox>
			<xmin>37</xmin>
			<ymin>223</ymin>
			<xmax>57</xmax>
			<ymax>242</ymax>
		</bndbox>
	</object>
	<object>
		<difficult>1</difficult>
		<name>&amp;*@HUST_special</name>
		<bndbox>
			<xmin>37</xmin>
			<ymin>202</ymin>
			<xmax>56</xmax>
			<ymax>221</ymax>
		</bndbox>
	</object>
	<object>
		<difficult>1</difficult>
		<name>&amp;*@HUST_special</name>
		<bndbox>
			<xmin>37</xmin>
			<ymin>181</ymin>
			<xmax>57</xmax>
			<ymax>200</ymax>
		</bndbox>
	</object>
	<object>
		<difficult>1</difficult>
		<name>&amp;*@HUST_special</name>
		<bndbox>
			<xmin>37</xmin>
			<ymin>160</ymin>
			<xmax>57</xmax>
			<ymax>179</ymax>
		</bndbox>
	</object>
	<object>
		<difficult>1</difficult>
		<name>&amp;*@HUST_special</name>
		<bndbox>
			<xmin>37</xmin>
			<ymin>140</ymin>
			<xmax>57</xmax>
			<ymax>158</ymax>
		</bndbox>
	</object>
	<object>
		<difficult>1</difficult>
		<name>&amp;*@HUST_special</name>
		<bndbox>
			<xmin>38</xmin>
			<ymin>118</ymin>
			<xmax>57</xmax>
			<ymax>137</ymax>
		</bndbox>
	</object>
	<object>
		<difficult>1</difficult>
		<name>&amp;*@HUST_special</name>
		<bndbox>
			<xmin>37</xmin>
			<ymin>97</ymin>
			<xmax>57</xmax>
			<ymax>116</ymax>
		</bndbox>
	</object>
	<object>
		<difficult>1</difficult>
		<name>&amp;*@HUST_special</name>
		<bndbox>
			<xmin>37</xmin>
			<ymin>76</ymin>
			<xmax>57</xmax>
			<ymax>95</ymax>
		</bndbox>
	</object>
	<object>
		<difficult>1</difficult>
		<name>&amp;*@HUST_special</name>
		<bndbox>
			<xmin>37</xmin>
			<ymin>55</ymin>
			<xmax>57</xmax>
			<ymax>74</ymax>
		</bndbox>
	</object>
	<object>
		<difficult>1</difficult>
		<name>&amp;*@HUST_special</name>
		<bndbox>
			<xmin>37</xmin>
			<ymin>34</ymin>
			<xmax>57</xmax>
			<ymax>53</ymax>
		</bndbox>
	</object>
	<object>
		<difficult>1</difficult>
		<name>&amp;*@HUST_special</name>
		<bndbox>
			<xmin>37</xmin>
			<ymin>13</ymin>
			<xmax>57</xmax>
			<ymax>32</ymax>
		</bndbox>
	</object>
	<object>
		<difficult>0</difficult>
		<name>&amp;*@HUST_text</name>
		<bndbox>
			<xmin>59</xmin>
			<ymin>12</ymin>
			<xmax>116</xmax>
			<ymax>32</ymax>
		</bndbox>
	</object>
	<object>
		<difficult>0</difficult>
		<name>&amp;*@HUST_text</name>
		<bndbox>
			<xmin>59</xmin>
			<ymin>34</ymin>
			<xmax>116</xmax>
			<ymax>53</ymax>
		</bndbox>
	</object>
	<object>
		<difficult>0</difficult>
		<name>&amp;*@HUST_text</name>
		<bndbox>
			<xmin>60</xmin>
			<ymin>55</ymin>
			<xmax>115</xmax>
			<ymax>74</ymax>
		</bndbox>
	</object>
	<object>
		<difficult>0</difficult>
		<name>&amp;*@HUST_text</name>
		<bndbox>
			<xmin>60</xmin>
			<ymin>76</ymin>
			<xmax>116</xmax>
			<ymax>95</ymax>
		</bndbox>
	</object>
	<object>
		<difficult>0</difficult>
		<name>&amp;*@HUST_text</name>
		<bndbox>
			<xmin>60</xmin>
			<ymin>97</ymin>
			<xmax>117</xmax>
			<ymax>116</ymax>
		</bndbox>
	</object>
	<object>
		<difficult>0</difficult>
		<name>&amp;*@HUST_text</name>
		<bndbox>
			<xmin>60</xmin>
			<ymin>118</ymin>
			<xmax>118</xmax>
			<ymax>137</ymax>
		</bndbox>
	</object>
	<object>
		<difficult>0</difficult>
		<name>&amp;*@HUST_text</name>
		<bndbox>
			<xmin>60</xmin>
			<ymin>139</ymin>
			<xmax>118</xmax>
			<ymax>158</ymax>
		</bndbox>
	</object>
	<object>
		<difficult>0</difficult>
		<name>&amp;*@HUST_text</name>
		<bndbox>
			<xmin>60</xmin>
			<ymin>159</ymin>
			<xmax>118</xmax>
			<ymax>179</ymax>
		</bndbox>
	</object>
	<object>
		<difficult>0</difficult>
		<name>&amp;*@HUST_text</name>
		<bndbox>
			<xmin>60</xmin>
			<ymin>180</ymin>
			<xmax>119</xmax>
			<ymax>200</ymax>
		</bndbox>
	</object>
	<object>
		<difficult>0</difficult>
		<name>&amp;*@HUST_text</name>
		<bndbox>
			<xmin>60</xmin>
			<ymin>202</ymin>
			<xmax>119</xmax>
			<ymax>221</ymax>
		</bndbox>
	</object>
	<object>
		<difficult>0</difficult>
		<name>&amp;*@HUST_text</name>
		<bndbox>
			<xmin>60</xmin>
			<ymin>223</ymin>
			<xmax>120</xmax>
			<ymax>242</ymax>
		</bndbox>
	</object>
	<object>
		<difficult>0</difficult>
		<name>&amp;*@HUST_text</name>
		<bndbox>
			<xmin>60</xmin>
			<ymin>244</ymin>
			<xmax>119</xmax>
			<ymax>263</ymax>
		</bndbox>
	</object>
	<object>
		<difficult>0</difficult>
		<name>&amp;*@HUST_text</name>
		<bndbox>
			<xmin>60</xmin>
			<ymin>265</ymin>
			<xmax>120</xmax>
			<ymax>284</ymax>
		</bndbox>
	</object>
	<object>
		<difficult>0</difficult>
		<name>&amp;*@HUST_text</name>
		<bndbox>
			<xmin>60</xmin>
			<ymin>286</ymin>
			<xmax>120</xmax>
			<ymax>305</ymax>
		</bndbox>
	</object>
	<object>
		<difficult>0</difficult>
		<name>&amp;*@HUST_text</name>
		<bndbox>
			<xmin>60</xmin>
			<ymin>307</ymin>
			<xmax>120</xmax>
			<ymax>326</ymax>
		</bndbox>
	</object>
	<object>
		<difficult>0</difficult>
		<name>&amp;*@HUST_text</name>
		<bndbox>
			<xmin>60</xmin>
			<ymin>327</ymin>
			<xmax>121</xmax>
			<ymax>347</ymax>
		</bndbox>
	</object>
	<object>
		<difficult>0</difficult>
		<name>&amp;*@HUST_text</name>
		<bndbox>
			<xmin>60</xmin>
			<ymin>349</ymin>
			<xmax>121</xmax>
			<ymax>368</ymax>
		</bndbox>
	</object>
	<object>
		<difficult>0</difficult>
		<name>&amp;*@HUST_text</name>
		<bndbox>
			<xmin>60</xmin>
			<ymin>370</ymin>
			<xmax>121</xmax>
			<ymax>389</ymax>
		</bndbox>
	</object>
	<object>
		<difficult>0</difficult>
		<name>&amp;*@HUST_text</name>
		<bndbox>
			<xmin>60</xmin>
			<ymin>391</ymin>
			<xmax>120</xmax>
			<ymax>410</ymax>
		</bndbox>
	</object>
	<object>
		<difficult>0</difficult>
		<name>&amp;*@HUST_text</name>
		<bndbox>
			<xmin>60</xmin>
			<ymin>412</ymin>
			<xmax>120</xmax>
			<ymax>431</ymax>
		</bndbox>
	</object>
	<object>
		<difficult>0</difficult>
		<name>&amp;*@HUST_text</name>
		<bndbox>
			<xmin>61</xmin>
			<ymin>433</ymin>
			<xmax>120</xmax>
			<ymax>452</ymax>
		</bndbox>
	</object>
	<object>
		<difficult>0</difficult>
		<name>&amp;*@HUST_text</name>
		<bndbox>
			<xmin>61</xmin>
			<ymin>454</ymin>
			<xmax>120</xmax>
			<ymax>473</ymax>
		</bndbox>
	</object>
	<object>
		<difficult>0</difficult>
		<name>&amp;*@HUST_text</name>
		<bndbox>
			<xmin>60</xmin>
			<ymin>474</ymin>
			<xmax>120</xmax>
			<ymax>494</ymax>
		</bndbox>
	</object>
	<object>
		<difficult>0</difficult>
		<name>&amp;*@HUST_text</name>
		<bndbox>
			<xmin>60</xmin>
			<ymin>495</ymin>
			<xmax>120</xmax>
			<ymax>515</ymax>
		</bndbox>
	</object>
	<object>
		<difficult>0</difficult>
		<name>&amp;*@HUST_text</name>
		<bndbox>
			<xmin>60</xmin>
			<ymin>517</ymin>
			<xmax>120</xmax>
			<ymax>536</ymax>
		</bndbox>
	</object>
	<object>
		<difficult>0</difficult>
		<name>&amp;*@HUST_text</name>
		<bndbox>
			<xmin>60</xmin>
			<ymin>538</ymin>
			<xmax>120</xmax>
			<ymax>557</ymax>
		</bndbox>
	</object>
	<object>
		<difficult>0</difficult>
		<name>&amp;*@HUST_text</name>
		<bndbox>
			<xmin>60</xmin>
			<ymin>559</ymin>
			<xmax>121</xmax>
			<ymax>578</ymax>
		</bndbox>
	</object>
	<object>
		<difficult>0</difficult>
		<name>&amp;*@HUST_text</name>
		<bndbox>
			<xmin>60</xmin>
			<ymin>580</ymin>
			<xmax>121</xmax>
			<ymax>599</ymax>
		</bndbox>
	</object>
	<object>
		<difficult>0</difficult>
		<name>&amp;*@HUST_text</name>
		<bndbox>
			<xmin>60</xmin>
			<ymin>601</ymin>
			<xmax>121</xmax>
			<ymax>620</ymax>
		</bndbox>
	</object>
	<object>
		<difficult>0</difficult>
		<name>&amp;*@HUST_text</name>
		<bndbox>
			<xmin>60</xmin>
			<ymin>622</ymin>
			<xmax>122</xmax>
			<ymax>641</ymax>
		</bndbox>
	</object>
	<object>
		<difficult>0</difficult>
		<name>&amp;*@HUST_text</name>
		<bndbox>
			<xmin>60</xmin>
			<ymin>643</ymin>
			<xmax>122</xmax>
			<ymax>662</ymax>
		</bndbox>
	</object>
	<object>
		<difficult>0</difficult>
		<name>&amp;*@HUST_text</name>
		<bndbox>
			<xmin>60</xmin>
			<ymin>664</ymin>
			<xmax>121</xmax>
			<ymax>683</ymax>
		</bndbox>
	</object>
	<object>
		<difficult>0</difficult>
		<name>&amp;*@HUST_text</name>
		<bndbox>
			<xmin>60</xmin>
			<ymin>685</ymin>
			<xmax>123</xmax>
			<ymax>704</ymax>
		</bndbox>
	</object>
	<object>
		<difficult>0</difficult>
		<name>&amp;*@HUST_text</name>
		<bndbox>
			<xmin>60</xmin>
			<ymin>706</ymin>
			<xmax>123</xmax>
			<ymax>725</ymax>
		</bndbox>
	</object>
	<object>
		<difficult>0</difficult>
		<name>&amp;*@HUST_text</name>
		<bndbox>
			<xmin>262</xmin>
			<ymin>13</ymin>
			<xmax>298</xmax>
			<ymax>32</ymax>
		</bndbox>
	</object>
	<object>
		<difficult>0</difficult>
		<name>&amp;*@HUST_text</name>
		<bndbox>
			<xmin>261</xmin>
			<ymin>34</ymin>
			<xmax>297</xmax>
			<ymax>53</ymax>
		</bndbox>
	</object>
	<object>
		<difficult>0</difficult>
		<name>&amp;*@HUST_text</name>
		<bndbox>
			<xmin>261</xmin>
			<ymin>55</ymin>
			<xmax>297</xmax>
			<ymax>74</ymax>
		</bndbox>
	</object>
	<object>
		<difficult>0</difficult>
		<name>&amp;*@HUST_text</name>
		<bndbox>
			<xmin>261</xmin>
			<ymin>76</ymin>
			<xmax>298</xmax>
			<ymax>95</ymax>
		</bndbox>
	</object>
	<object>
		<difficult>0</difficult>
		<name>&amp;*@HUST_text</name>
		<bndbox>
			<xmin>261</xmin>
			<ymin>97</ymin>
			<xmax>298</xmax>
			<ymax>116</ymax>
		</bndbox>
	</object>
	<object>
		<difficult>0</difficult>
		<name>&amp;*@HUST_text</name>
		<bndbox>
			<xmin>261</xmin>
			<ymin>117</ymin>
			<xmax>297</xmax>
			<ymax>136</ymax>
		</bndbox>
	</object>
	<object>
		<difficult>0</difficult>
		<name>&amp;*@HUST_text</name>
		<bndbox>
			<xmin>261</xmin>
			<ymin>138</ymin>
			<xmax>297</xmax>
			<ymax>158</ymax>
		</bndbox>
	</object>
	<object>
		<difficult>0</difficult>
		<name>&amp;*@HUST_text</name>
		<bndbox>
			<xmin>261</xmin>
			<ymin>160</ymin>
			<xmax>297</xmax>
			<ymax>179</ymax>
		</bndbox>
	</object>
	<object>
		<difficult>0</difficult>
		<name>&amp;*@HUST_text</name>
		<bndbox>
			<xmin>261</xmin>
			<ymin>181</ymin>
			<xmax>297</xmax>
			<ymax>200</ymax>
		</bndbox>
	</object>
	<object>
		<difficult>0</difficult>
		<name>&amp;*@HUST_text</name>
		<bndbox>
			<xmin>261</xmin>
			<ymin>202</ymin>
			<xmax>297</xmax>
			<ymax>221</ymax>
		</bndbox>
	</object>
	<object>
		<difficult>0</difficult>
		<name>&amp;*@HUST_text</name>
		<bndbox>
			<xmin>261</xmin>
			<ymin>223</ymin>
			<xmax>297</xmax>
			<ymax>242</ymax>
		</bndbox>
	</object>
	<object>
		<difficult>0</difficult>
		<name>&amp;*@HUST_text</name>
		<bndbox>
			<xmin>261</xmin>
			<ymin>244</ymin>
			<xmax>298</xmax>
			<ymax>263</ymax>
		</bndbox>
	</object>
	<object>
		<difficult>0</difficult>
		<name>&amp;*@HUST_text</name>
		<bndbox>
			<xmin>260</xmin>
			<ymin>265</ymin>
			<xmax>298</xmax>
			<ymax>284</ymax>
		</bndbox>
	</object>
	<object>
		<difficult>0</difficult>
		<name>&amp;*@HUST_text</name>
		<bndbox>
			<xmin>260</xmin>
			<ymin>286</ymin>
			<xmax>298</xmax>
			<ymax>305</ymax>
		</bndbox>
	</object>
	<object>
		<difficult>0</difficult>
		<name>&amp;*@HUST_text</name>
		<bndbox>
			<xmin>260</xmin>
			<ymin>307</ymin>
			<xmax>298</xmax>
			<ymax>326</ymax>
		</bndbox>
	</object>
	<object>
		<difficult>0</difficult>
		<name>&amp;*@HUST_text</name>
		<bndbox>
			<xmin>259</xmin>
			<ymin>328</ymin>
			<xmax>297</xmax>
			<ymax>347</ymax>
		</bndbox>
	</object>
	<object>
		<difficult>0</difficult>
		<name>&amp;*@HUST_text</name>
		<bndbox>
			<xmin>259</xmin>
			<ymin>349</ymin>
			<xmax>297</xmax>
			<ymax>368</ymax>
		</bndbox>
	</object>
	<object>
		<difficult>0</difficult>
		<name>&amp;*@HUST_text</name>
		<bndbox>
			<xmin>259</xmin>
			<ymin>369</ymin>
			<xmax>297</xmax>
			<ymax>389</ymax>
		</bndbox>
	</object>
	<object>
		<difficult>0</difficult>
		<name>&amp;*@HUST_text</name>
		<bndbox>
			<xmin>259</xmin>
			<ymin>390</ymin>
			<xmax>353</xmax>
			<ymax>410</ymax>
		</bndbox>
	</object>
	<object>
		<difficult>0</difficult>
		<name>&amp;*@HUST_text</name>
		<bndbox>
			<xmin>259</xmin>
			<ymin>412</ymin>
			<xmax>409</xmax>
			<ymax>431</ymax>
		</bndbox>
	</object>
	<object>
		<difficult>0</difficult>
		<name>&amp;*@HUST_text</name>
		<bndbox>
			<xmin>259</xmin>
			<ymin>433</ymin>
			<xmax>350</xmax>
			<ymax>452</ymax>
		</bndbox>
	</object>
	<object>
		<difficult>0</difficult>
		<name>&amp;*@HUST_text</name>
		<bndbox>
			<xmin>259</xmin>
			<ymin>454</ymin>
			<xmax>350</xmax>
			<ymax>473</ymax>
		</bndbox>
	</object>
	<object>
		<difficult>0</difficult>
		<name>&amp;*@HUST_text</name>
		<bndbox>
			<xmin>258</xmin>
			<ymin>475</ymin>
			<xmax>377</xmax>
			<ymax>494</ymax>
		</bndbox>
	</object>
	<object>
		<difficult>0</difficult>
		<name>&amp;*@HUST_text</name>
		<bndbox>
			<xmin>258</xmin>
			<ymin>496</ymin>
			<xmax>398</xmax>
			<ymax>515</ymax>
		</bndbox>
	</object>
	<object>
		<difficult>0</difficult>
		<name>&amp;*@HUST_text</name>
		<bndbox>
			<xmin>258</xmin>
			<ymin>516</ymin>
			<xmax>418</xmax>
			<ymax>536</ymax>
		</bndbox>
	</object>
	<object>
		<difficult>0</difficult>
		<name>&amp;*@HUST_text</name>
		<bndbox>
			<xmin>258</xmin>
			<ymin>538</ymin>
			<xmax>376</xmax>
			<ymax>557</ymax>
		</bndbox>
	</object>
	<object>
		<difficult>0</difficult>
		<name>&amp;*@HUST_text</name>
		<bndbox>
			<xmin>258</xmin>
			<ymin>559</ymin>
			<xmax>400</xmax>
			<ymax>578</ymax>
		</bndbox>
	</object>
	<object>
		<difficult>0</difficult>
		<name>&amp;*@HUST_text</name>
		<bndbox>
			<xmin>258</xmin>
			<ymin>580</ymin>
			<xmax>411</xmax>
			<ymax>599</ymax>
		</bndbox>
	</object>
	<object>
		<difficult>0</difficult>
		<name>&amp;*@HUST_text</name>
		<bndbox>
			<xmin>258</xmin>
			<ymin>601</ymin>
			<xmax>387</xmax>
			<ymax>620</ymax>
		</bndbox>
	</object>
	<object>
		<difficult>0</difficult>
		<name>&amp;*@HUST_text</name>
		<bndbox>
			<xmin>258</xmin>
			<ymin>622</ymin>
			<xmax>413</xmax>
			<ymax>641</ymax>
		</bndbox>
	</object>
	<object>
		<difficult>0</difficult>
		<name>&amp;*@HUST_text</name>
		<bndbox>
			<xmin>258</xmin>
			<ymin>643</ymin>
			<xmax>374</xmax>
			<ymax>662</ymax>
		</bndbox>
	</object>
	<object>
		<difficult>0</difficult>
		<name>&amp;*@HUST_text</name>
		<bndbox>
			<xmin>258</xmin>
			<ymin>664</ymin>
			<xmax>377</xmax>
			<ymax>683</ymax>
		</bndbox>
	</object>
	<object>
		<difficult>0</difficult>
		<name>&amp;*@HUST_text</name>
		<bndbox>
			<xmin>258</xmin>
			<ymin>685</ymin>
			<xmax>404</xmax>
			<ymax>704</ymax>
		</bndbox>
	</object>
	<object>
		<difficult>0</difficult>
		<name>&amp;*@HUST_text</name>
		<bndbox>
			<xmin>258</xmin>
			<ymin>706</ymin>
			<xmax>344</xmax>
			<ymax>725</ymax>
		</bndbox>
	</object>
	<object>
		<difficult>0</difficult>
		<name>&amp;*@HUST_text</name>
		<bndbox>
			<xmin>669</xmin>
			<ymin>706</ymin>
			<xmax>734</xmax>
			<ymax>725</ymax>
		</bndbox>
	</object>
	<object>
		<difficult>0</difficult>
		<name>&amp;*@HUST_text</name>
		<bndbox>
			<xmin>669</xmin>
			<ymin>685</ymin>
			<xmax>766</xmax>
			<ymax>704</ymax>
		</bndbox>
	</object>
	<object>
		<difficult>0</difficult>
		<name>&amp;*@HUST_text</name>
		<bndbox>
			<xmin>669</xmin>
			<ymin>664</ymin>
			<xmax>766</xmax>
			<ymax>683</ymax>
		</bndbox>
	</object>
	<object>
		<difficult>0</difficult>
		<name>&amp;*@HUST_text</name>
		<bndbox>
			<xmin>669</xmin>
			<ymin>643</ymin>
			<xmax>765</xmax>
			<ymax>662</ymax>
		</bndbox>
	</object>
	<object>
		<difficult>0</difficult>
		<name>&amp;*@HUST_text</name>
		<bndbox>
			<xmin>668</xmin>
			<ymin>622</ymin>
			<xmax>766</xmax>
			<ymax>641</ymax>
		</bndbox>
	</object>
	<object>
		<difficult>0</difficult>
		<name>&amp;*@HUST_text</name>
		<bndbox>
			<xmin>668</xmin>
			<ymin>601</ymin>
			<xmax>766</xmax>
			<ymax>620</ymax>
		</bndbox>
	</object>
	<object>
		<difficult>0</difficult>
		<name>&amp;*@HUST_text</name>
		<bndbox>
			<xmin>668</xmin>
			<ymin>580</ymin>
			<xmax>766</xmax>
			<ymax>599</ymax>
		</bndbox>
	</object>
	<object>
		<difficult>0</difficult>
		<name>&amp;*@HUST_text</name>
		<bndbox>
			<xmin>669</xmin>
			<ymin>559</ymin>
			<xmax>766</xmax>
			<ymax>578</ymax>
		</bndbox>
	</object>
	<object>
		<difficult>0</difficult>
		<name>&amp;*@HUST_text</name>
		<bndbox>
			<xmin>669</xmin>
			<ymin>538</ymin>
			<xmax>766</xmax>
			<ymax>557</ymax>
		</bndbox>
	</object>
	<object>
		<difficult>0</difficult>
		<name>&amp;*@HUST_text</name>
		<bndbox>
			<xmin>669</xmin>
			<ymin>517</ymin>
			<xmax>765</xmax>
			<ymax>536</ymax>
		</bndbox>
	</object>
	<object>
		<difficult>0</difficult>
		<name>&amp;*@HUST_text</name>
		<bndbox>
			<xmin>668</xmin>
			<ymin>496</ymin>
			<xmax>765</xmax>
			<ymax>515</ymax>
		</bndbox>
	</object>
	<object>
		<difficult>0</difficult>
		<name>&amp;*@HUST_text</name>
		<bndbox>
			<xmin>668</xmin>
			<ymin>475</ymin>
			<xmax>765</xmax>
			<ymax>494</ymax>
		</bndbox>
	</object>
	<object>
		<difficult>0</difficult>
		<name>&amp;*@HUST_text</name>
		<bndbox>
			<xmin>669</xmin>
			<ymin>454</ymin>
			<xmax>765</xmax>
			<ymax>473</ymax>
		</bndbox>
	</object>
	<object>
		<difficult>0</difficult>
		<name>&amp;*@HUST_text</name>
		<bndbox>
			<xmin>669</xmin>
			<ymin>433</ymin>
			<xmax>765</xmax>
			<ymax>452</ymax>
		</bndbox>
	</object>
	<object>
		<difficult>0</difficult>
		<name>&amp;*@HUST_text</name>
		<bndbox>
			<xmin>669</xmin>
			<ymin>412</ymin>
			<xmax>764</xmax>
			<ymax>431</ymax>
		</bndbox>
	</object>
	<object>
		<difficult>0</difficult>
		<name>&amp;*@HUST_text</name>
		<bndbox>
			<xmin>669</xmin>
			<ymin>391</ymin>
			<xmax>764</xmax>
			<ymax>410</ymax>
		</bndbox>
	</object>
	<object>
		<difficult>1</difficult>
		<name>&amp;*@HUST_special</name>
		<bndbox>
			<xmin>670</xmin>
			<ymin>356</ymin>
			<xmax>726</xmax>
			<ymax>387</ymax>
		</bndbox>
	</object>
	<object>
		<difficult>0</difficult>
		<name>&amp;*@HUST_text</name>
		<bndbox>
			<xmin>727</xmin>
			<ymin>370</ymin>
			<xmax>764</xmax>
			<ymax>389</ymax>
		</bndbox>
	</object>
	<object>
		<difficult>0</difficult>
		<name>&amp;*@HUST_text</name>
		<bndbox>
			<xmin>727</xmin>
			<ymin>244</ymin>
			<xmax>761</xmax>
			<ymax>263</ymax>
		</bndbox>
	</object>
	<object>
		<difficult>1</difficult>
		<name>&amp;*@HUST_shelter</name>
		<bndbox>
			<xmin>727</xmin>
			<ymin>223</ymin>
			<xmax>745</xmax>
			<ymax>242</ymax>
		</bndbox>
	</object>
	<object>
		<difficult>1</difficult>
		<name>&amp;*@HUST_special</name>
		<bndbox>
			<xmin>708</xmin>
			<ymin>248</ymin>
			<xmax>722</xmax>
			<ymax>261</ymax>
		</bndbox>
	</object>
	<object>
		<difficult>1</difficult>
		<name>&amp;*@HUST_special</name>
		<bndbox>
			<xmin>694</xmin>
			<ymin>268</ymin>
			<xmax>726</xmax>
			<ymax>296</ymax>
		</bndbox>
	</object>
	<object>
		<difficult>0</difficult>
		<name>&amp;*@HUST_text</name>
		<bndbox>
			<xmin>380</xmin>
			<ymin>1</ymin>
			<xmax>425</xmax>
			<ymax>18</ymax>
		</bndbox>
	</object>
	<object>
		<difficult>0</difficult>
		<name>&amp;*@HUST_text</name>
		<bndbox>
			<xmin>380</xmin>
			<ymin>18</ymin>
			<xmax>425</xmax>
			<ymax>34</ymax>
		</bndbox>
	</object>
	<object>
		<difficult>0</difficult>
		<name>&amp;*@HUST_text</name>
		<bndbox>
			<xmin>381</xmin>
			<ymin>35</ymin>
			<xmax>425</xmax>
			<ymax>50</ymax>
		</bndbox>
	</object>
	<object>
		<difficult>1</difficult>
		<name>&amp;*@HUST_shelter</name>
		<bndbox>
			<xmin>457</xmin>
			<ymin>0</ymin>
			<xmax>573</xmax>
			<ymax>8</ymax>
		</bndbox>
	</object>
	<object>
		<difficult>1</difficult>
		<name>&amp;*@HUST_special</name>
		<bndbox>
			<xmin>438</xmin>
			<ymin>12</ymin>
			<xmax>451</xmax>
			<ymax>25</ymax>
		</bndbox>
	</object>
	<object>
		<difficult>0</difficult>
		<name>&amp;*@HUST_text</name>
		<bndbox>
			<xmin>451</xmin>
			<ymin>11</ymin>
			<xmax>537</xmax>
			<ymax>26</ymax>
		</bndbox>
	</object>
	<object>
		<difficult>0</difficult>
		<name>&amp;*@HUST_text</name>
		<bndbox>
			<xmin>453</xmin>
			<ymin>27</ymin>
			<xmax>500</xmax>
			<ymax>38</ymax>
		</bndbox>
	</object>
	<object>
		<difficult>1</difficult>
		<name>&amp;*@HUST_special</name>
		<bndbox>
			<xmin>438</xmin>
			<ymin>41</ymin>
			<xmax>451</xmax>
			<ymax>57</ymax>
		</bndbox>
	</object>
	<object>
		<difficult>0</difficult>
		<name>&amp;*@HUST_text</name>
		<bndbox>
			<xmin>451</xmin>
			<ymin>41</ymin>
			<xmax>508</xmax>
			<ymax>57</ymax>
		</bndbox>
	</object>
	<object>
		<difficult>1</difficult>
		<name>&amp;*@HUST_special</name>
		<bndbox>
			<xmin>563</xmin>
			<ymin>28</ymin>
			<xmax>574</xmax>
			<ymax>38</ymax>
		</bndbox>
	</object>
	<object>
		<difficult>0</difficult>
		<name>&amp;*@HUST_text</name>
		<bndbox>
			<xmin>453</xmin>
			<ymin>78</ymin>
			<xmax>488</xmax>
			<ymax>88</ymax>
		</bndbox>
	</object>
	<object>
		<difficult>1</difficult>
		<name>&amp;*@HUST_special</name>
		<bndbox>
			<xmin>562</xmin>
			<ymin>78</ymin>
			<xmax>574</xmax>
			<ymax>88</ymax>
		</bndbox>
	</object>
	<object>
		<difficult>0</difficult>
		<name>&amp;*@HUST_text</name>
		<bndbox>
			<xmin>445</xmin>
			<ymin>90</ymin>
			<xmax>643</xmax>
			<ymax>104</ymax>
		</bndbox>
	</object>
	<object>
		<difficult>0</difficult>
		<name>&amp;*@HUST_text</name>
		<bndbox>
			<xmin>577</xmin>
			<ymin>124</ymin>
			<xmax>616</xmax>
			<ymax>134</ymax>
		</bndbox>
	</object>
	<object>
		<difficult>0</difficult>
		<name>&amp;*@HUST_text</name>
		<bndbox>
			<xmin>628</xmin>
			<ymin>125</ymin>
			<xmax>668</xmax>
			<ymax>134</ymax>
		</bndbox>
	</object>
	<object>
		<difficult>0</difficult>
		<name>&amp;*@HUST_text</name>
		<bndbox>
			<xmin>367</xmin>
			<ymin>159</ymin>
			<xmax>472</xmax>
			<ymax>185</ymax>
		</bndbox>
	</object>
	<object>
		<difficult>0</difficult>
		<name>&amp;*@HUST_text</name>
		<bndbox>
			<xmin>448</xmin>
			<ymin>191</ymin>
			<xmax>660</xmax>
			<ymax>219</ymax>
		</bndbox>
	</object>
	<object>
		<difficult>0</difficult>
		<name>&amp;*@HUST_text</name>
		<bndbox>
			<xmin>617</xmin>
			<ymin>224</ymin>
			<xmax>647</xmax>
			<ymax>248</ymax>
		</bndbox>
	</object>
	<object>
		<difficult>1</difficult>
		<name>&amp;*@HUST_special</name>
		<bndbox>
			<xmin>708</xmin>
			<ymin>0</ymin>
			<xmax>723</xmax>
			<ymax>13</ymax>
		</bndbox>
	</object>
	<object>
		<difficult>0</difficult>
		<name>&amp;*@HUST_text</name>
		<bndbox>
			<xmin>727</xmin>
			<ymin>97</ymin>
			<xmax>752</xmax>
			<ymax>116</ymax>
		</bndbox>
	</object>
	<object>
		<difficult>0</difficult>
		<name>&amp;*@HUST_text</name>
		<bndbox>
			<xmin>300</xmin>
			<ymin>268</ymin>
			<xmax>326</xmax>
			<ymax>294</ymax>
		</bndbox>
	</object>
	<object>
		<difficult>1</difficult>
		<name>&amp;*@HUST_special</name>
		<bndbox>
			<xmin>327</xmin>
			<ymin>268</ymin>
			<xmax>515</xmax>
			<ymax>294</ymax>
		</bndbox>
	</object>
	<object>
		<difficult>0</difficult>
		<name>&amp;*@HUST_text</name>
		<bndbox>
			<xmin>523</xmin>
			<ymin>274</ymin>
			<xmax>536</xmax>
			<ymax>289</ymax>
		</bndbox>
	</object>
	<object>
		<difficult>1</difficult>
		<name>&amp;*@HUST_special</name>
		<bndbox>
			<xmin>540</xmin>
			<ymin>268</ymin>
			<xmax>568</xmax>
			<ymax>294</ymax>
		</bndbox>
	</object>
	<object>
		<difficult>0</difficult>
		<name>&amp;*@HUST_text</name>
		<bndbox>
			<xmin>300</xmin>
			<ymin>295</ymin>
			<xmax>343</xmax>
			<ymax>316</ymax>
		</bndbox>
	</object>
	<object>
		<difficult>1</difficult>
		<name>&amp;*@HUST_special</name>
		<bndbox>
			<xmin>343</xmin>
			<ymin>294</ymin>
			<xmax>356</xmax>
			<ymax>316</ymax>
		</bndbox>
	</object>
	<object>
		<difficult>0</difficult>
		<name>&amp;*@HUST_text</name>
		<bndbox>
			<xmin>345</xmin>
			<ymin>317</ymin>
			<xmax>362</xmax>
			<ymax>345</ymax>
		</bndbox>
	</object>
	<object>
		<difficult>1</difficult>
		<name>&amp;*@HUST_special</name>
		<bndbox>
			<xmin>362</xmin>
			<ymin>317</ymin>
			<xmax>374</xmax>
			<ymax>345</ymax>
		</bndbox>
	</object>
	<object>
		<difficult>0</difficult>
		<name>&amp;*@HUST_text</name>
		<bndbox>
			<xmin>428</xmin>
			<ymin>321</ymin>
			<xmax>447</xmax>
			<ymax>336</ymax>
		</bndbox>
	</object>
	<object>
		<difficult>0</difficult>
		<name>&amp;*@HUST_text</name>
		<bndbox>
			<xmin>449</xmin>
			<ymin>321</ymin>
			<xmax>469</xmax>
			<ymax>336</ymax>
		</bndbox>
	</object>
	<object>
		<difficult>0</difficult>
		<name>&amp;*@HUST_text</name>
		<bndbox>
			<xmin>471</xmin>
			<ymin>321</ymin>
			<xmax>491</xmax>
			<ymax>336</ymax>
		</bndbox>
	</object>
	<object>
		<difficult>0</difficult>
		<name>&amp;*@HUST_text</name>
		<bndbox>
			<xmin>493</xmin>
			<ymin>320</ymin>
			<xmax>513</xmax>
			<ymax>336</ymax>
		</bndbox>
	</object>
	<object>
		<difficult>0</difficult>
		<name>&amp;*@HUST_text</name>
		<bndbox>
			<xmin>515</xmin>
			<ymin>321</ymin>
			<xmax>535</xmax>
			<ymax>336</ymax>
		</bndbox>
	</object>
	<object>
		<difficult>0</difficult>
		<name>&amp;*@HUST_text</name>
		<bndbox>
			<xmin>634</xmin>
			<ymin>316</ymin>
			<xmax>658</xmax>
			<ymax>336</ymax>
		</bndbox>
	</object>
	<object>
		<difficult>1</difficult>
		<name>&amp;*@HUST_special</name>
		<bndbox>
			<xmin>968</xmin>
			<ymin>3</ymin>
			<xmax>984</xmax>
			<ymax>22</ymax>
		</bndbox>
	</object>
	<object>
		<difficult>0</difficult>
		<name>&amp;*@HUST_text</name>
		<bndbox>
			<xmin>985</xmin>
			<ymin>2</ymin>
			<xmax>1164</xmax>
			<ymax>22</ymax>
		</bndbox>
	</object>
	<object>
		<difficult>1</difficult>
		<name>&amp;*@HUST_special</name>
		<bndbox>
			<xmin>954</xmin>
			<ymin>31</ymin>
			<xmax>1296</xmax>
			<ymax>83</ymax>
		</bndbox>
	</object>
	<object>
		<difficult>0</difficult>
		<name>&amp;*@HUST_text</name>
		<bndbox>
			<xmin>955</xmin>
			<ymin>84</ymin>
			<xmax>1019</xmax>
			<ymax>111</ymax>
		</bndbox>
	</object>
	<object>
		<difficult>1</difficult>
		<name>&amp;*@HUST_special</name>
		<bndbox>
			<xmin>1211</xmin>
			<ymin>84</ymin>
			<xmax>1244</xmax>
			<ymax>111</ymax>
		</bndbox>
	</object>
	<object>
		<difficult>0</difficult>
		<name>&amp;*@HUST_text</name>
		<bndbox>
			<xmin>1246</xmin>
			<ymin>84</ymin>
			<xmax>1292</xmax>
			<ymax>111</ymax>
		</bndbox>
	</object>
	<object>
		<difficult>1</difficult>
		<name>&amp;*@HUST_special</name>
		<bndbox>
			<xmin>1281</xmin>
			<ymin>116</ymin>
			<xmax>1295</xmax>
			<ymax>130</ymax>
		</bndbox>
	</object>
	<object>
		<difficult>1</difficult>
		<name>&amp;*@HUST_special</name>
		<bndbox>
			<xmin>959</xmin>
			<ymin>117</ymin>
			<xmax>1005</xmax>
			<ymax>158</ymax>
		</bndbox>
	</object>
	<object>
		<difficult>0</difficult>
		<name>&amp;*@HUST_text</name>
		<bndbox>
			<xmin>1006</xmin>
			<ymin>117</ymin>
			<xmax>1160</xmax>
			<ymax>157</ymax>
		</bndbox>
	</object>
	<object>
		<difficult>1</difficult>
		<name>&amp;*@HUST_special</name>
		<bndbox>
			<xmin>959</xmin>
			<ymin>159</ymin>
			<xmax>1004</xmax>
			<ymax>506</ymax>
		</bndbox>
	</object>
	<object>
		<difficult>0</difficult>
		<name>&amp;*@HUST_text</name>
		<bndbox>
			<xmin>1006</xmin>
			<ymin>160</ymin>
			<xmax>1141</xmax>
			<ymax>203</ymax>
		</bndbox>
	</object>
	<object>
		<difficult>0</difficult>
		<name>&amp;*@HUST_text</name>
		<bndbox>
			<xmin>1006</xmin>
			<ymin>204</ymin>
			<xmax>1171</xmax>
			<ymax>247</ymax>
		</bndbox>
	</object>
	<object>
		<difficult>0</difficult>
		<name>&amp;*@HUST_text</name>
		<bndbox>
			<xmin>1006</xmin>
			<ymin>247</ymin>
			<xmax>1148</xmax>
			<ymax>289</ymax>
		</bndbox>
	</object>
	<object>
		<difficult>0</difficult>
		<name>&amp;*@HUST_text</name>
		<bndbox>
			<xmin>1006</xmin>
			<ymin>289</ymin>
			<xmax>1148</xmax>
			<ymax>332</ymax>
		</bndbox>
	</object>
	<object>
		<difficult>0</difficult>
		<name>&amp;*@HUST_text</name>
		<bndbox>
			<xmin>1006</xmin>
			<ymin>333</ymin>
			<xmax>1148</xmax>
			<ymax>375</ymax>
		</bndbox>
	</object>
	<object>
		<difficult>0</difficult>
		<name>&amp;*@HUST_text</name>
		<bndbox>
			<xmin>1006</xmin>
			<ymin>376</ymin>
			<xmax>1166</xmax>
			<ymax>419</ymax>
		</bndbox>
	</object>
	<object>
		<difficult>0</difficult>
		<name>&amp;*@HUST_text</name>
		<bndbox>
			<xmin>1006</xmin>
			<ymin>420</ymin>
			<xmax>1128</xmax>
			<ymax>463</ymax>
		</bndbox>
	</object>
	<object>
		<difficult>0</difficult>
		<name>&amp;*@HUST_text</name>
		<bndbox>
			<xmin>1006</xmin>
			<ymin>464</ymin>
			<xmax>1172</xmax>
			<ymax>506</ymax>
		</bndbox>
	</object>
	<object>
		<difficult>1</difficult>
		<name>&amp;*@HUST_special</name>
		<bndbox>
			<xmin>955</xmin>
			<ymin>509</ymin>
			<xmax>1042</xmax>
			<ymax>549</ymax>
		</bndbox>
	</object>
	<object>
		<difficult>0</difficult>
		<name>&amp;*@HUST_text</name>
		<bndbox>
			<xmin>1052</xmin>
			<ymin>525</ymin>
			<xmax>1061</xmax>
			<ymax>535</ymax>
		</bndbox>
	</object>
	<object>
		<difficult>1</difficult>
		<name>&amp;*@HUST_special</name>
		<bndbox>
			<xmin>1281</xmin>
			<ymin>495</ymin>
			<xmax>1294</xmax>
			<ymax>508</ymax>
		</bndbox>
	</object>
	<object>
		<difficult>0</difficult>
		<name>&amp;*@HUST_text</name>
		<bndbox>
			<xmin>439</xmin>
			<ymin>61</ymin>
			<xmax>453</xmax>
			<ymax>72</ymax>
		</bndbox>
	</object>
	<object>
		<difficult>1</difficult>
		<name>&amp;*@HUST_special</name>
		<bndbox>
			<xmin>661</xmin>
			<ymin>184</ymin>
			<xmax>704</xmax>
			<ymax>250</ymax>
		</bndbox>
	</object>
</annotation>