<annotation>
	<filename>Image 161.png</filename>
	<size>
		<width>1370</width>
		<height>737</height>
		<depth>3</depth>
	</size>
	<segmented>0</segmented>
	<object>
		<difficult>1</difficult>
		<name>&amp;*@HUST_shelter</name>
		<bndbox>
			<xmin>37</xmin>
			<ymin>0</ymin>
			<xmax>57</xmax>
			<ymax>6</ymax>
		</bndbox>
	</object>
	<object>
		<difficult>0</difficult>
		<name>&amp;*@HUST_text</name>
		<bndbox>
			<xmin>2</xmin>
			<ymin>9</ymin>
			<xmax>35</xmax>
			<ymax>27</ymax>
		</bndbox>
	</object>
	<object>
		<difficult>0</difficult>
		<name>&amp;*@HUST_text</name>
		<bndbox>
			<xmin>2</xmin>
			<ymin>30</ymin>
			<xmax>34</xmax>
			<ymax>48</ymax>
		</bndbox>
	</object>
	<object>
		<difficult>0</difficult>
		<name>&amp;*@HUST_text</name>
		<bndbox>
			<xmin>2</xmin>
			<ymin>51</ymin>
			<xmax>35</xmax>
			<ymax>68</ymax>
		</bndbox>
	</object>
	<object>
		<difficult>0</difficult>
		<name>&amp;*@HUST_text</name>
		<bndbox>
			<xmin>3</xmin>
			<ymin>72</ymin>
			<xmax>35</xmax>
			<ymax>89</ymax>
		</bndbox>
	</object>
	<object>
		<difficult>0</difficult>
		<name>&amp;*@HUST_text</name>
		<bndbox>
			<xmin>3</xmin>
			<ymin>93</ymin>
			<xmax>35</xmax>
			<ymax>111</ymax>
		</bndbox>
	</object>
	<object>
		<difficult>0</difficult>
		<name>&amp;*@HUST_text</name>
		<bndbox>
			<xmin>3</xmin>
			<ymin>113</ymin>
			<xmax>34</xmax>
			<ymax>132</ymax>
		</bndbox>
	</object>
	<object>
		<difficult>0</difficult>
		<name>&amp;*@HUST_text</name>
		<bndbox>
			<xmin>3</xmin>
			<ymin>135</ymin>
			<xmax>35</xmax>
			<ymax>153</ymax>
		</bndbox>
	</object>
	<object>
		<difficult>0</difficult>
		<name>&amp;*@HUST_text</name>
		<bndbox>
			<xmin>3</xmin>
			<ymin>155</ymin>
			<xmax>35</xmax>
			<ymax>174</ymax>
		</bndbox>
	</object>
	<object>
		<difficult>0</difficult>
		<name>&amp;*@HUST_text</name>
		<bndbox>
			<xmin>3</xmin>
			<ymin>177</ymin>
			<xmax>35</xmax>
			<ymax>195</ymax>
		</bndbox>
	</object>
	<object>
		<difficult>0</difficult>
		<name>&amp;*@HUST_text</name>
		<bndbox>
			<xmin>4</xmin>
			<ymin>197</ymin>
			<xmax>34</xmax>
			<ymax>216</ymax>
		</bndbox>
	</object>
	<object>
		<difficult>0</difficult>
		<name>&amp;*@HUST_text</name>
		<bndbox>
			<xmin>3</xmin>
			<ymin>219</ymin>
			<xmax>35</xmax>
			<ymax>237</ymax>
		</bndbox>
	</object>
	<object>
		<difficult>0</difficult>
		<name>&amp;*@HUST_text</name>
		<bndbox>
			<xmin>3</xmin>
			<ymin>239</ymin>
			<xmax>34</xmax>
			<ymax>257</ymax>
		</bndbox>
	</object>
	<object>
		<difficult>0</difficult>
		<name>&amp;*@HUST_text</name>
		<bndbox>
			<xmin>3</xmin>
			<ymin>261</ymin>
			<xmax>35</xmax>
			<ymax>278</ymax>
		</bndbox>
	</object>
	<object>
		<difficult>0</difficult>
		<name>&amp;*@HUST_text</name>
		<bndbox>
			<xmin>3</xmin>
			<ymin>282</ymin>
			<xmax>35</xmax>
			<ymax>299</ymax>
		</bndbox>
	</object>
	<object>
		<difficult>0</difficult>
		<name>&amp;*@HUST_text</name>
		<bndbox>
			<xmin>3</xmin>
			<ymin>302</ymin>
			<xmax>35</xmax>
			<ymax>321</ymax>
		</bndbox>
	</object>
	<object>
		<difficult>0</difficult>
		<name>&amp;*@HUST_text</name>
		<bndbox>
			<xmin>3</xmin>
			<ymin>324</ymin>
			<xmax>35</xmax>
			<ymax>341</ymax>
		</bndbox>
	</object>
	<object>
		<difficult>0</difficult>
		<name>&amp;*@HUST_text</name>
		<bndbox>
			<xmin>4</xmin>
			<ymin>345</ymin>
			<xmax>35</xmax>
			<ymax>363</ymax>
		</bndbox>
	</object>
	<object>
		<difficult>0</difficult>
		<name>&amp;*@HUST_text</name>
		<bndbox>
			<xmin>5</xmin>
			<ymin>366</ymin>
			<xmax>35</xmax>
			<ymax>384</ymax>
		</bndbox>
	</object>
	<object>
		<difficult>0</difficult>
		<name>&amp;*@HUST_text</name>
		<bndbox>
			<xmin>4</xmin>
			<ymin>386</ymin>
			<xmax>35</xmax>
			<ymax>404</ymax>
		</bndbox>
	</object>
	<object>
		<difficult>0</difficult>
		<name>&amp;*@HUST_text</name>
		<bndbox>
			<xmin>4</xmin>
			<ymin>408</ymin>
			<xmax>35</xmax>
			<ymax>426</ymax>
		</bndbox>
	</object>
	<object>
		<difficult>0</difficult>
		<name>&amp;*@HUST_text</name>
		<bndbox>
			<xmin>4</xmin>
			<ymin>429</ymin>
			<xmax>35</xmax>
			<ymax>447</ymax>
		</bndbox>
	</object>
	<object>
		<difficult>0</difficult>
		<name>&amp;*@HUST_text</name>
		<bndbox>
			<xmin>4</xmin>
			<ymin>450</ymin>
			<xmax>35</xmax>
			<ymax>468</ymax>
		</bndbox>
	</object>
	<object>
		<difficult>0</difficult>
		<name>&amp;*@HUST_text</name>
		<bndbox>
			<xmin>3</xmin>
			<ymin>471</ymin>
			<xmax>34</xmax>
			<ymax>488</ymax>
		</bndbox>
	</object>
	<object>
		<difficult>0</difficult>
		<name>&amp;*@HUST_text</name>
		<bndbox>
			<xmin>3</xmin>
			<ymin>492</ymin>
			<xmax>35</xmax>
			<ymax>509</ymax>
		</bndbox>
	</object>
	<object>
		<difficult>0</difficult>
		<name>&amp;*@HUST_text</name>
		<bndbox>
			<xmin>4</xmin>
			<ymin>513</ymin>
			<xmax>35</xmax>
			<ymax>530</ymax>
		</bndbox>
	</object>
	<object>
		<difficult>0</difficult>
		<name>&amp;*@HUST_text</name>
		<bndbox>
			<xmin>4</xmin>
			<ymin>533</ymin>
			<xmax>35</xmax>
			<ymax>552</ymax>
		</bndbox>
	</object>
	<object>
		<difficult>0</difficult>
		<name>&amp;*@HUST_text</name>
		<bndbox>
			<xmin>4</xmin>
			<ymin>555</ymin>
			<xmax>34</xmax>
			<ymax>573</ymax>
		</bndbox>
	</object>
	<object>
		<difficult>0</difficult>
		<name>&amp;*@HUST_text</name>
		<bndbox>
			<xmin>3</xmin>
			<ymin>576</ymin>
			<xmax>35</xmax>
			<ymax>593</ymax>
		</bndbox>
	</object>
	<object>
		<difficult>0</difficult>
		<name>&amp;*@HUST_text</name>
		<bndbox>
			<xmin>1</xmin>
			<ymin>596</ymin>
			<xmax>36</xmax>
			<ymax>615</ymax>
		</bndbox>
	</object>
	<object>
		<difficult>0</difficult>
		<name>&amp;*@HUST_text</name>
		<bndbox>
			<xmin>1</xmin>
			<ymin>618</ymin>
			<xmax>34</xmax>
			<ymax>636</ymax>
		</bndbox>
	</object>
	<object>
		<difficult>0</difficult>
		<name>&amp;*@HUST_text</name>
		<bndbox>
			<xmin>0</xmin>
			<ymin>639</ymin>
			<xmax>35</xmax>
			<ymax>657</ymax>
		</bndbox>
	</object>
	<object>
		<difficult>0</difficult>
		<name>&amp;*@HUST_text</name>
		<bndbox>
			<xmin>1</xmin>
			<ymin>660</ymin>
			<xmax>34</xmax>
			<ymax>677</ymax>
		</bndbox>
	</object>
	<object>
		<difficult>0</difficult>
		<name>&amp;*@HUST_text</name>
		<bndbox>
			<xmin>1</xmin>
			<ymin>681</ymin>
			<xmax>34</xmax>
			<ymax>699</ymax>
		</bndbox>
	</object>
	<object>
		<difficult>0</difficult>
		<name>&amp;*@HUST_text</name>
		<bndbox>
			<xmin>1</xmin>
			<ymin>702</ymin>
			<xmax>35</xmax>
			<ymax>719</ymax>
		</bndbox>
	</object>
	<object>
		<difficult>0</difficult>
		<name>&amp;*@HUST_text</name>
		<bndbox>
			<xmin>2</xmin>
			<ymin>723</ymin>
			<xmax>34</xmax>
			<ymax>737</ymax>
		</bndbox>
	</object>
	<object>
		<difficult>1</difficult>
		<name>&amp;*@HUST_shelter</name>
		<bndbox>
			<xmin>37</xmin>
			<ymin>723</ymin>
			<xmax>56</xmax>
			<ymax>737</ymax>
		</bndbox>
	</object>
	<object>
		<difficult>0</difficult>
		<name>&amp;*@HUST_text</name>
		<bndbox>
			<xmin>61</xmin>
			<ymin>723</ymin>
			<xmax>104</xmax>
			<ymax>736</ymax>
		</bndbox>
	</object>
	<object>
		<difficult>0</difficult>
		<name>&amp;*@HUST_text</name>
		<bndbox>
			<xmin>61</xmin>
			<ymin>702</ymin>
			<xmax>108</xmax>
			<ymax>719</ymax>
		</bndbox>
	</object>
	<object>
		<difficult>0</difficult>
		<name>&amp;*@HUST_text</name>
		<bndbox>
			<xmin>60</xmin>
			<ymin>681</ymin>
			<xmax>108</xmax>
			<ymax>698</ymax>
		</bndbox>
	</object>
	<object>
		<difficult>0</difficult>
		<name>&amp;*@HUST_text</name>
		<bndbox>
			<xmin>60</xmin>
			<ymin>660</ymin>
			<xmax>108</xmax>
			<ymax>678</ymax>
		</bndbox>
	</object>
	<object>
		<difficult>0</difficult>
		<name>&amp;*@HUST_text</name>
		<bndbox>
			<xmin>61</xmin>
			<ymin>639</ymin>
			<xmax>108</xmax>
			<ymax>657</ymax>
		</bndbox>
	</object>
	<object>
		<difficult>0</difficult>
		<name>&amp;*@HUST_text</name>
		<bndbox>
			<xmin>60</xmin>
			<ymin>618</ymin>
			<xmax>110</xmax>
			<ymax>636</ymax>
		</bndbox>
	</object>
	<object>
		<difficult>1</difficult>
		<name>&amp;*@HUST_special</name>
		<bndbox>
			<xmin>38</xmin>
			<ymin>618</ymin>
			<xmax>57</xmax>
			<ymax>636</ymax>
		</bndbox>
	</object>
	<object>
		<difficult>1</difficult>
		<name>&amp;*@HUST_special</name>
		<bndbox>
			<xmin>38</xmin>
			<ymin>639</ymin>
			<xmax>56</xmax>
			<ymax>656</ymax>
		</bndbox>
	</object>
	<object>
		<difficult>1</difficult>
		<name>&amp;*@HUST_special</name>
		<bndbox>
			<xmin>38</xmin>
			<ymin>660</ymin>
			<xmax>57</xmax>
			<ymax>679</ymax>
		</bndbox>
	</object>
	<object>
		<difficult>1</difficult>
		<name>&amp;*@HUST_special</name>
		<bndbox>
			<xmin>38</xmin>
			<ymin>682</ymin>
			<xmax>57</xmax>
			<ymax>699</ymax>
		</bndbox>
	</object>
	<object>
		<difficult>1</difficult>
		<name>&amp;*@HUST_special</name>
		<bndbox>
			<xmin>38</xmin>
			<ymin>702</ymin>
			<xmax>56</xmax>
			<ymax>719</ymax>
		</bndbox>
	</object>
	<object>
		<difficult>1</difficult>
		<name>&amp;*@HUST_special</name>
		<bndbox>
			<xmin>38</xmin>
			<ymin>597</ymin>
			<xmax>57</xmax>
			<ymax>614</ymax>
		</bndbox>
	</object>
	<object>
		<difficult>1</difficult>
		<name>&amp;*@HUST_special</name>
		<bndbox>
			<xmin>39</xmin>
			<ymin>576</ymin>
			<xmax>56</xmax>
			<ymax>593</ymax>
		</bndbox>
	</object>
	<object>
		<difficult>1</difficult>
		<name>&amp;*@HUST_special</name>
		<bndbox>
			<xmin>38</xmin>
			<ymin>555</ymin>
			<xmax>57</xmax>
			<ymax>573</ymax>
		</bndbox>
	</object>
	<object>
		<difficult>1</difficult>
		<name>&amp;*@HUST_special</name>
		<bndbox>
			<xmin>38</xmin>
			<ymin>534</ymin>
			<xmax>57</xmax>
			<ymax>552</ymax>
		</bndbox>
	</object>
	<object>
		<difficult>1</difficult>
		<name>&amp;*@HUST_special</name>
		<bndbox>
			<xmin>38</xmin>
			<ymin>513</ymin>
			<xmax>56</xmax>
			<ymax>531</ymax>
		</bndbox>
	</object>
	<object>
		<difficult>0</difficult>
		<name>&amp;*@HUST_text</name>
		<bndbox>
			<xmin>60</xmin>
			<ymin>512</ymin>
			<xmax>108</xmax>
			<ymax>531</ymax>
		</bndbox>
	</object>
	<object>
		<difficult>0</difficult>
		<name>&amp;*@HUST_text</name>
		<bndbox>
			<xmin>61</xmin>
			<ymin>533</ymin>
			<xmax>109</xmax>
			<ymax>552</ymax>
		</bndbox>
	</object>
	<object>
		<difficult>0</difficult>
		<name>&amp;*@HUST_text</name>
		<bndbox>
			<xmin>60</xmin>
			<ymin>555</ymin>
			<xmax>109</xmax>
			<ymax>573</ymax>
		</bndbox>
	</object>
	<object>
		<difficult>0</difficult>
		<name>&amp;*@HUST_text</name>
		<bndbox>
			<xmin>60</xmin>
			<ymin>575</ymin>
			<xmax>111</xmax>
			<ymax>594</ymax>
		</bndbox>
	</object>
	<object>
		<difficult>0</difficult>
		<name>&amp;*@HUST_text</name>
		<bndbox>
			<xmin>60</xmin>
			<ymin>596</ymin>
			<xmax>110</xmax>
			<ymax>615</ymax>
		</bndbox>
	</object>
	<object>
		<difficult>0</difficult>
		<name>&amp;*@HUST_text</name>
		<bndbox>
			<xmin>60</xmin>
			<ymin>491</ymin>
			<xmax>110</xmax>
			<ymax>509</ymax>
		</bndbox>
	</object>
	<object>
		<difficult>0</difficult>
		<name>&amp;*@HUST_text</name>
		<bndbox>
			<xmin>60</xmin>
			<ymin>470</ymin>
			<xmax>111</xmax>
			<ymax>489</ymax>
		</bndbox>
	</object>
	<object>
		<difficult>0</difficult>
		<name>&amp;*@HUST_text</name>
		<bndbox>
			<xmin>61</xmin>
			<ymin>449</ymin>
			<xmax>112</xmax>
			<ymax>467</ymax>
		</bndbox>
	</object>
	<object>
		<difficult>0</difficult>
		<name>&amp;*@HUST_text</name>
		<bndbox>
			<xmin>60</xmin>
			<ymin>428</ymin>
			<xmax>114</xmax>
			<ymax>446</ymax>
		</bndbox>
	</object>
	<object>
		<difficult>0</difficult>
		<name>&amp;*@HUST_text</name>
		<bndbox>
			<xmin>61</xmin>
			<ymin>407</ymin>
			<xmax>114</xmax>
			<ymax>425</ymax>
		</bndbox>
	</object>
	<object>
		<difficult>1</difficult>
		<name>&amp;*@HUST_special</name>
		<bndbox>
			<xmin>38</xmin>
			<ymin>408</ymin>
			<xmax>57</xmax>
			<ymax>426</ymax>
		</bndbox>
	</object>
	<object>
		<difficult>1</difficult>
		<name>&amp;*@HUST_special</name>
		<bndbox>
			<xmin>38</xmin>
			<ymin>429</ymin>
			<xmax>56</xmax>
			<ymax>446</ymax>
		</bndbox>
	</object>
	<object>
		<difficult>1</difficult>
		<name>&amp;*@HUST_special</name>
		<bndbox>
			<xmin>38</xmin>
			<ymin>450</ymin>
			<xmax>56</xmax>
			<ymax>468</ymax>
		</bndbox>
	</object>
	<object>
		<difficult>1</difficult>
		<name>&amp;*@HUST_special</name>
		<bndbox>
			<xmin>37</xmin>
			<ymin>471</ymin>
			<xmax>57</xmax>
			<ymax>489</ymax>
		</bndbox>
	</object>
	<object>
		<difficult>1</difficult>
		<name>&amp;*@HUST_special</name>
		<bndbox>
			<xmin>37</xmin>
			<ymin>493</ymin>
			<xmax>56</xmax>
			<ymax>509</ymax>
		</bndbox>
	</object>
	<object>
		<difficult>1</difficult>
		<name>&amp;*@HUST_special</name>
		<bndbox>
			<xmin>38</xmin>
			<ymin>387</ymin>
			<xmax>56</xmax>
			<ymax>404</ymax>
		</bndbox>
	</object>
	<object>
		<difficult>1</difficult>
		<name>&amp;*@HUST_special</name>
		<bndbox>
			<xmin>38</xmin>
			<ymin>366</ymin>
			<xmax>56</xmax>
			<ymax>383</ymax>
		</bndbox>
	</object>
	<object>
		<difficult>1</difficult>
		<name>&amp;*@HUST_special</name>
		<bndbox>
			<xmin>38</xmin>
			<ymin>345</ymin>
			<xmax>56</xmax>
			<ymax>363</ymax>
		</bndbox>
	</object>
	<object>
		<difficult>1</difficult>
		<name>&amp;*@HUST_special</name>
		<bndbox>
			<xmin>37</xmin>
			<ymin>324</ymin>
			<xmax>55</xmax>
			<ymax>341</ymax>
		</bndbox>
	</object>
	<object>
		<difficult>1</difficult>
		<name>&amp;*@HUST_special</name>
		<bndbox>
			<xmin>38</xmin>
			<ymin>303</ymin>
			<xmax>57</xmax>
			<ymax>321</ymax>
		</bndbox>
	</object>
	<object>
		<difficult>0</difficult>
		<name>&amp;*@HUST_text</name>
		<bndbox>
			<xmin>60</xmin>
			<ymin>303</ymin>
			<xmax>112</xmax>
			<ymax>320</ymax>
		</bndbox>
	</object>
	<object>
		<difficult>0</difficult>
		<name>&amp;*@HUST_text</name>
		<bndbox>
			<xmin>60</xmin>
			<ymin>324</ymin>
			<xmax>113</xmax>
			<ymax>342</ymax>
		</bndbox>
	</object>
	<object>
		<difficult>0</difficult>
		<name>&amp;*@HUST_text</name>
		<bndbox>
			<xmin>60</xmin>
			<ymin>345</ymin>
			<xmax>115</xmax>
			<ymax>362</ymax>
		</bndbox>
	</object>
	<object>
		<difficult>0</difficult>
		<name>&amp;*@HUST_text</name>
		<bndbox>
			<xmin>60</xmin>
			<ymin>365</ymin>
			<xmax>117</xmax>
			<ymax>384</ymax>
		</bndbox>
	</object>
	<object>
		<difficult>0</difficult>
		<name>&amp;*@HUST_text</name>
		<bndbox>
			<xmin>60</xmin>
			<ymin>387</ymin>
			<xmax>119</xmax>
			<ymax>404</ymax>
		</bndbox>
	</object>
	<object>
		<difficult>1</difficult>
		<name>&amp;*@HUST_special</name>
		<bndbox>
			<xmin>37</xmin>
			<ymin>283</ymin>
			<xmax>56</xmax>
			<ymax>300</ymax>
		</bndbox>
	</object>
	<object>
		<difficult>1</difficult>
		<name>&amp;*@HUST_special</name>
		<bndbox>
			<xmin>38</xmin>
			<ymin>261</ymin>
			<xmax>56</xmax>
			<ymax>278</ymax>
		</bndbox>
	</object>
	<object>
		<difficult>1</difficult>
		<name>&amp;*@HUST_special</name>
		<bndbox>
			<xmin>38</xmin>
			<ymin>240</ymin>
			<xmax>56</xmax>
			<ymax>258</ymax>
		</bndbox>
	</object>
	<object>
		<difficult>1</difficult>
		<name>&amp;*@HUST_special</name>
		<bndbox>
			<xmin>37</xmin>
			<ymin>219</ymin>
			<xmax>56</xmax>
			<ymax>236</ymax>
		</bndbox>
	</object>
	<object>
		<difficult>1</difficult>
		<name>&amp;*@HUST_special</name>
		<bndbox>
			<xmin>38</xmin>
			<ymin>198</ymin>
			<xmax>56</xmax>
			<ymax>216</ymax>
		</bndbox>
	</object>
	<object>
		<difficult>0</difficult>
		<name>&amp;*@HUST_text</name>
		<bndbox>
			<xmin>61</xmin>
			<ymin>198</ymin>
			<xmax>116</xmax>
			<ymax>215</ymax>
		</bndbox>
	</object>
	<object>
		<difficult>0</difficult>
		<name>&amp;*@HUST_text</name>
		<bndbox>
			<xmin>60</xmin>
			<ymin>219</ymin>
			<xmax>117</xmax>
			<ymax>236</ymax>
		</bndbox>
	</object>
	<object>
		<difficult>0</difficult>
		<name>&amp;*@HUST_text</name>
		<bndbox>
			<xmin>60</xmin>
			<ymin>239</ymin>
			<xmax>118</xmax>
			<ymax>258</ymax>
		</bndbox>
	</object>
	<object>
		<difficult>0</difficult>
		<name>&amp;*@HUST_text</name>
		<bndbox>
			<xmin>61</xmin>
			<ymin>261</ymin>
			<xmax>119</xmax>
			<ymax>279</ymax>
		</bndbox>
	</object>
	<object>
		<difficult>0</difficult>
		<name>&amp;*@HUST_text</name>
		<bndbox>
			<xmin>61</xmin>
			<ymin>282</ymin>
			<xmax>121</xmax>
			<ymax>300</ymax>
		</bndbox>
	</object>
	<object>
		<difficult>0</difficult>
		<name>&amp;*@HUST_text</name>
		<bndbox>
			<xmin>60</xmin>
			<ymin>176</ymin>
			<xmax>115</xmax>
			<ymax>194</ymax>
		</bndbox>
	</object>
	<object>
		<difficult>0</difficult>
		<name>&amp;*@HUST_text</name>
		<bndbox>
			<xmin>61</xmin>
			<ymin>156</ymin>
			<xmax>115</xmax>
			<ymax>174</ymax>
		</bndbox>
	</object>
	<object>
		<difficult>0</difficult>
		<name>&amp;*@HUST_text</name>
		<bndbox>
			<xmin>60</xmin>
			<ymin>135</ymin>
			<xmax>116</xmax>
			<ymax>153</ymax>
		</bndbox>
	</object>
	<object>
		<difficult>0</difficult>
		<name>&amp;*@HUST_text</name>
		<bndbox>
			<xmin>60</xmin>
			<ymin>113</ymin>
			<xmax>118</xmax>
			<ymax>132</ymax>
		</bndbox>
	</object>
	<object>
		<difficult>0</difficult>
		<name>&amp;*@HUST_text</name>
		<bndbox>
			<xmin>60</xmin>
			<ymin>92</ymin>
			<xmax>118</xmax>
			<ymax>110</ymax>
		</bndbox>
	</object>
	<object>
		<difficult>1</difficult>
		<name>&amp;*@HUST_special</name>
		<bndbox>
			<xmin>38</xmin>
			<ymin>93</ymin>
			<xmax>57</xmax>
			<ymax>111</ymax>
		</bndbox>
	</object>
	<object>
		<difficult>1</difficult>
		<name>&amp;*@HUST_special</name>
		<bndbox>
			<xmin>38</xmin>
			<ymin>114</ymin>
			<xmax>56</xmax>
			<ymax>131</ymax>
		</bndbox>
	</object>
	<object>
		<difficult>1</difficult>
		<name>&amp;*@HUST_special</name>
		<bndbox>
			<xmin>38</xmin>
			<ymin>135</ymin>
			<xmax>56</xmax>
			<ymax>153</ymax>
		</bndbox>
	</object>
	<object>
		<difficult>1</difficult>
		<name>&amp;*@HUST_special</name>
		<bndbox>
			<xmin>38</xmin>
			<ymin>157</ymin>
			<xmax>56</xmax>
			<ymax>174</ymax>
		</bndbox>
	</object>
	<object>
		<difficult>1</difficult>
		<name>&amp;*@HUST_special</name>
		<bndbox>
			<xmin>38</xmin>
			<ymin>177</ymin>
			<xmax>56</xmax>
			<ymax>194</ymax>
		</bndbox>
	</object>
	<object>
		<difficult>1</difficult>
		<name>&amp;*@HUST_special</name>
		<bndbox>
			<xmin>37</xmin>
			<ymin>72</ymin>
			<xmax>57</xmax>
			<ymax>90</ymax>
		</bndbox>
	</object>
	<object>
		<difficult>1</difficult>
		<name>&amp;*@HUST_special</name>
		<bndbox>
			<xmin>38</xmin>
			<ymin>51</ymin>
			<xmax>56</xmax>
			<ymax>69</ymax>
		</bndbox>
	</object>
	<object>
		<difficult>1</difficult>
		<name>&amp;*@HUST_special</name>
		<bndbox>
			<xmin>37</xmin>
			<ymin>30</ymin>
			<xmax>57</xmax>
			<ymax>48</ymax>
		</bndbox>
	</object>
	<object>
		<difficult>1</difficult>
		<name>&amp;*@HUST_special</name>
		<bndbox>
			<xmin>38</xmin>
			<ymin>9</ymin>
			<xmax>56</xmax>
			<ymax>26</ymax>
		</bndbox>
	</object>
	<object>
		<difficult>0</difficult>
		<name>&amp;*@HUST_text</name>
		<bndbox>
			<xmin>60</xmin>
			<ymin>9</ymin>
			<xmax>118</xmax>
			<ymax>27</ymax>
		</bndbox>
	</object>
	<object>
		<difficult>0</difficult>
		<name>&amp;*@HUST_text</name>
		<bndbox>
			<xmin>60</xmin>
			<ymin>29</ymin>
			<xmax>118</xmax>
			<ymax>47</ymax>
		</bndbox>
	</object>
	<object>
		<difficult>0</difficult>
		<name>&amp;*@HUST_text</name>
		<bndbox>
			<xmin>61</xmin>
			<ymin>51</ymin>
			<xmax>121</xmax>
			<ymax>69</ymax>
		</bndbox>
	</object>
	<object>
		<difficult>0</difficult>
		<name>&amp;*@HUST_text</name>
		<bndbox>
			<xmin>61</xmin>
			<ymin>71</ymin>
			<xmax>120</xmax>
			<ymax>89</ymax>
		</bndbox>
	</object>
	<object>
		<difficult>0</difficult>
		<name>&amp;*@HUST_text</name>
		<bndbox>
			<xmin>248</xmin>
			<ymin>8</ymin>
			<xmax>419</xmax>
			<ymax>26</ymax>
		</bndbox>
	</object>
	<object>
		<difficult>0</difficult>
		<name>&amp;*@HUST_text</name>
		<bndbox>
			<xmin>249</xmin>
			<ymin>29</ymin>
			<xmax>384</xmax>
			<ymax>47</ymax>
		</bndbox>
	</object>
	<object>
		<difficult>0</difficult>
		<name>&amp;*@HUST_text</name>
		<bndbox>
			<xmin>249</xmin>
			<ymin>50</ymin>
			<xmax>385</xmax>
			<ymax>68</ymax>
		</bndbox>
	</object>
	<object>
		<difficult>0</difficult>
		<name>&amp;*@HUST_text</name>
		<bndbox>
			<xmin>248</xmin>
			<ymin>71</ymin>
			<xmax>406</xmax>
			<ymax>90</ymax>
		</bndbox>
	</object>
	<object>
		<difficult>0</difficult>
		<name>&amp;*@HUST_text</name>
		<bndbox>
			<xmin>248</xmin>
			<ymin>92</ymin>
			<xmax>405</xmax>
			<ymax>110</ymax>
		</bndbox>
	</object>
	<object>
		<difficult>0</difficult>
		<name>&amp;*@HUST_text</name>
		<bndbox>
			<xmin>248</xmin>
			<ymin>113</ymin>
			<xmax>407</xmax>
			<ymax>132</ymax>
		</bndbox>
	</object>
	<object>
		<difficult>0</difficult>
		<name>&amp;*@HUST_text</name>
		<bndbox>
			<xmin>249</xmin>
			<ymin>134</ymin>
			<xmax>408</xmax>
			<ymax>152</ymax>
		</bndbox>
	</object>
	<object>
		<difficult>0</difficult>
		<name>&amp;*@HUST_text</name>
		<bndbox>
			<xmin>248</xmin>
			<ymin>155</ymin>
			<xmax>454</xmax>
			<ymax>173</ymax>
		</bndbox>
	</object>
	<object>
		<difficult>0</difficult>
		<name>&amp;*@HUST_text</name>
		<bndbox>
			<xmin>248</xmin>
			<ymin>176</ymin>
			<xmax>455</xmax>
			<ymax>194</ymax>
		</bndbox>
	</object>
	<object>
		<difficult>0</difficult>
		<name>&amp;*@HUST_text</name>
		<bndbox>
			<xmin>248</xmin>
			<ymin>197</ymin>
			<xmax>338</xmax>
			<ymax>216</ymax>
		</bndbox>
	</object>
	<object>
		<difficult>0</difficult>
		<name>&amp;*@HUST_text</name>
		<bndbox>
			<xmin>249</xmin>
			<ymin>219</ymin>
			<xmax>468</xmax>
			<ymax>237</ymax>
		</bndbox>
	</object>
	<object>
		<difficult>0</difficult>
		<name>&amp;*@HUST_text</name>
		<bndbox>
			<xmin>248</xmin>
			<ymin>239</ymin>
			<xmax>469</xmax>
			<ymax>257</ymax>
		</bndbox>
	</object>
	<object>
		<difficult>0</difficult>
		<name>&amp;*@HUST_text</name>
		<bndbox>
			<xmin>249</xmin>
			<ymin>260</ymin>
			<xmax>407</xmax>
			<ymax>278</ymax>
		</bndbox>
	</object>
	<object>
		<difficult>0</difficult>
		<name>&amp;*@HUST_text</name>
		<bndbox>
			<xmin>249</xmin>
			<ymin>281</ymin>
			<xmax>399</xmax>
			<ymax>300</ymax>
		</bndbox>
	</object>
	<object>
		<difficult>0</difficult>
		<name>&amp;*@HUST_text</name>
		<bndbox>
			<xmin>249</xmin>
			<ymin>302</ymin>
			<xmax>399</xmax>
			<ymax>320</ymax>
		</bndbox>
	</object>
	<object>
		<difficult>0</difficult>
		<name>&amp;*@HUST_text</name>
		<bndbox>
			<xmin>249</xmin>
			<ymin>323</ymin>
			<xmax>401</xmax>
			<ymax>341</ymax>
		</bndbox>
	</object>
	<object>
		<difficult>0</difficult>
		<name>&amp;*@HUST_text</name>
		<bndbox>
			<xmin>249</xmin>
			<ymin>345</ymin>
			<xmax>335</xmax>
			<ymax>363</ymax>
		</bndbox>
	</object>
	<object>
		<difficult>0</difficult>
		<name>&amp;*@HUST_text</name>
		<bndbox>
			<xmin>249</xmin>
			<ymin>365</ymin>
			<xmax>428</xmax>
			<ymax>383</ymax>
		</bndbox>
	</object>
	<object>
		<difficult>0</difficult>
		<name>&amp;*@HUST_text</name>
		<bndbox>
			<xmin>249</xmin>
			<ymin>386</ymin>
			<xmax>333</xmax>
			<ymax>405</ymax>
		</bndbox>
	</object>
	<object>
		<difficult>0</difficult>
		<name>&amp;*@HUST_text</name>
		<bndbox>
			<xmin>249</xmin>
			<ymin>407</ymin>
			<xmax>332</xmax>
			<ymax>425</ymax>
		</bndbox>
	</object>
	<object>
		<difficult>0</difficult>
		<name>&amp;*@HUST_text</name>
		<bndbox>
			<xmin>249</xmin>
			<ymin>429</ymin>
			<xmax>333</xmax>
			<ymax>446</ymax>
		</bndbox>
	</object>
	<object>
		<difficult>0</difficult>
		<name>&amp;*@HUST_text</name>
		<bndbox>
			<xmin>250</xmin>
			<ymin>450</ymin>
			<xmax>354</xmax>
			<ymax>468</ymax>
		</bndbox>
	</object>
	<object>
		<difficult>0</difficult>
		<name>&amp;*@HUST_text</name>
		<bndbox>
			<xmin>250</xmin>
			<ymin>470</ymin>
			<xmax>373</xmax>
			<ymax>488</ymax>
		</bndbox>
	</object>
	<object>
		<difficult>0</difficult>
		<name>&amp;*@HUST_text</name>
		<bndbox>
			<xmin>250</xmin>
			<ymin>491</ymin>
			<xmax>365</xmax>
			<ymax>509</ymax>
		</bndbox>
	</object>
	<object>
		<difficult>0</difficult>
		<name>&amp;*@HUST_text</name>
		<bndbox>
			<xmin>250</xmin>
			<ymin>512</ymin>
			<xmax>419</xmax>
			<ymax>531</ymax>
		</bndbox>
	</object>
	<object>
		<difficult>0</difficult>
		<name>&amp;*@HUST_text</name>
		<bndbox>
			<xmin>249</xmin>
			<ymin>533</ymin>
			<xmax>362</xmax>
			<ymax>550</ymax>
		</bndbox>
	</object>
	<object>
		<difficult>0</difficult>
		<name>&amp;*@HUST_text</name>
		<bndbox>
			<xmin>248</xmin>
			<ymin>555</ymin>
			<xmax>357</xmax>
			<ymax>573</ymax>
		</bndbox>
	</object>
	<object>
		<difficult>0</difficult>
		<name>&amp;*@HUST_text</name>
		<bndbox>
			<xmin>249</xmin>
			<ymin>575</ymin>
			<xmax>394</xmax>
			<ymax>593</ymax>
		</bndbox>
	</object>
	<object>
		<difficult>0</difficult>
		<name>&amp;*@HUST_text</name>
		<bndbox>
			<xmin>249</xmin>
			<ymin>596</ymin>
			<xmax>411</xmax>
			<ymax>614</ymax>
		</bndbox>
	</object>
	<object>
		<difficult>0</difficult>
		<name>&amp;*@HUST_text</name>
		<bndbox>
			<xmin>249</xmin>
			<ymin>617</ymin>
			<xmax>426</xmax>
			<ymax>635</ymax>
		</bndbox>
	</object>
	<object>
		<difficult>0</difficult>
		<name>&amp;*@HUST_text</name>
		<bndbox>
			<xmin>249</xmin>
			<ymin>638</ymin>
			<xmax>378</xmax>
			<ymax>656</ymax>
		</bndbox>
	</object>
	<object>
		<difficult>0</difficult>
		<name>&amp;*@HUST_text</name>
		<bndbox>
			<xmin>249</xmin>
			<ymin>659</ymin>
			<xmax>409</xmax>
			<ymax>678</ymax>
		</bndbox>
	</object>
	<object>
		<difficult>0</difficult>
		<name>&amp;*@HUST_text</name>
		<bndbox>
			<xmin>249</xmin>
			<ymin>680</ymin>
			<xmax>416</xmax>
			<ymax>699</ymax>
		</bndbox>
	</object>
	<object>
		<difficult>0</difficult>
		<name>&amp;*@HUST_text</name>
		<bndbox>
			<xmin>248</xmin>
			<ymin>701</ymin>
			<xmax>414</xmax>
			<ymax>719</ymax>
		</bndbox>
	</object>
	<object>
		<difficult>0</difficult>
		<name>&amp;*@HUST_text</name>
		<bndbox>
			<xmin>249</xmin>
			<ymin>722</ymin>
			<xmax>422</xmax>
			<ymax>736</ymax>
		</bndbox>
	</object>
	<object>
		<difficult>0</difficult>
		<name>&amp;*@HUST_text</name>
		<bndbox>
			<xmin>655</xmin>
			<ymin>722</ymin>
			<xmax>766</xmax>
			<ymax>737</ymax>
		</bndbox>
	</object>
	<object>
		<difficult>0</difficult>
		<name>&amp;*@HUST_text</name>
		<bndbox>
			<xmin>656</xmin>
			<ymin>701</ymin>
			<xmax>765</xmax>
			<ymax>719</ymax>
		</bndbox>
	</object>
	<object>
		<difficult>0</difficult>
		<name>&amp;*@HUST_text</name>
		<bndbox>
			<xmin>655</xmin>
			<ymin>680</ymin>
			<xmax>766</xmax>
			<ymax>699</ymax>
		</bndbox>
	</object>
	<object>
		<difficult>0</difficult>
		<name>&amp;*@HUST_text</name>
		<bndbox>
			<xmin>654</xmin>
			<ymin>659</ymin>
			<xmax>764</xmax>
			<ymax>677</ymax>
		</bndbox>
	</object>
	<object>
		<difficult>0</difficult>
		<name>&amp;*@HUST_text</name>
		<bndbox>
			<xmin>654</xmin>
			<ymin>638</ymin>
			<xmax>762</xmax>
			<ymax>656</ymax>
		</bndbox>
	</object>
	<object>
		<difficult>0</difficult>
		<name>&amp;*@HUST_text</name>
		<bndbox>
			<xmin>654</xmin>
			<ymin>617</ymin>
			<xmax>764</xmax>
			<ymax>636</ymax>
		</bndbox>
	</object>
	<object>
		<difficult>0</difficult>
		<name>&amp;*@HUST_text</name>
		<bndbox>
			<xmin>653</xmin>
			<ymin>596</ymin>
			<xmax>765</xmax>
			<ymax>614</ymax>
		</bndbox>
	</object>
	<object>
		<difficult>0</difficult>
		<name>&amp;*@HUST_text</name>
		<bndbox>
			<xmin>652</xmin>
			<ymin>575</ymin>
			<xmax>768</xmax>
			<ymax>593</ymax>
		</bndbox>
	</object>
	<object>
		<difficult>0</difficult>
		<name>&amp;*@HUST_text</name>
		<bndbox>
			<xmin>653</xmin>
			<ymin>555</ymin>
			<xmax>768</xmax>
			<ymax>572</ymax>
		</bndbox>
	</object>
	<object>
		<difficult>0</difficult>
		<name>&amp;*@HUST_text</name>
		<bndbox>
			<xmin>654</xmin>
			<ymin>533</ymin>
			<xmax>768</xmax>
			<ymax>552</ymax>
		</bndbox>
	</object>
	<object>
		<difficult>0</difficult>
		<name>&amp;*@HUST_text</name>
		<bndbox>
			<xmin>653</xmin>
			<ymin>512</ymin>
			<xmax>769</xmax>
			<ymax>531</ymax>
		</bndbox>
	</object>
	<object>
		<difficult>0</difficult>
		<name>&amp;*@HUST_text</name>
		<bndbox>
			<xmin>653</xmin>
			<ymin>491</ymin>
			<xmax>769</xmax>
			<ymax>510</ymax>
		</bndbox>
	</object>
	<object>
		<difficult>0</difficult>
		<name>&amp;*@HUST_text</name>
		<bndbox>
			<xmin>652</xmin>
			<ymin>470</ymin>
			<xmax>769</xmax>
			<ymax>489</ymax>
		</bndbox>
	</object>
	<object>
		<difficult>0</difficult>
		<name>&amp;*@HUST_text</name>
		<bndbox>
			<xmin>652</xmin>
			<ymin>449</ymin>
			<xmax>718</xmax>
			<ymax>468</ymax>
		</bndbox>
	</object>
	<object>
		<difficult>0</difficult>
		<name>&amp;*@HUST_text</name>
		<bndbox>
			<xmin>653</xmin>
			<ymin>428</ymin>
			<xmax>759</xmax>
			<ymax>446</ymax>
		</bndbox>
	</object>
	<object>
		<difficult>0</difficult>
		<name>&amp;*@HUST_text</name>
		<bndbox>
			<xmin>653</xmin>
			<ymin>407</ymin>
			<xmax>756</xmax>
			<ymax>426</ymax>
		</bndbox>
	</object>
	<object>
		<difficult>0</difficult>
		<name>&amp;*@HUST_text</name>
		<bndbox>
			<xmin>653</xmin>
			<ymin>386</ymin>
			<xmax>727</xmax>
			<ymax>404</ymax>
		</bndbox>
	</object>
	<object>
		<difficult>0</difficult>
		<name>&amp;*@HUST_text</name>
		<bndbox>
			<xmin>653</xmin>
			<ymin>365</ymin>
			<xmax>748</xmax>
			<ymax>384</ymax>
		</bndbox>
	</object>
	<object>
		<difficult>0</difficult>
		<name>&amp;*@HUST_text</name>
		<bndbox>
			<xmin>652</xmin>
			<ymin>344</ymin>
			<xmax>768</xmax>
			<ymax>363</ymax>
		</bndbox>
	</object>
	<object>
		<difficult>0</difficult>
		<name>&amp;*@HUST_text</name>
		<bndbox>
			<xmin>651</xmin>
			<ymin>323</ymin>
			<xmax>767</xmax>
			<ymax>341</ymax>
		</bndbox>
	</object>
	<object>
		<difficult>0</difficult>
		<name>&amp;*@HUST_text</name>
		<bndbox>
			<xmin>651</xmin>
			<ymin>302</ymin>
			<xmax>739</xmax>
			<ymax>321</ymax>
		</bndbox>
	</object>
	<object>
		<difficult>0</difficult>
		<name>&amp;*@HUST_text</name>
		<bndbox>
			<xmin>652</xmin>
			<ymin>281</ymin>
			<xmax>741</xmax>
			<ymax>299</ymax>
		</bndbox>
	</object>
	<object>
		<difficult>0</difficult>
		<name>&amp;*@HUST_text</name>
		<bndbox>
			<xmin>651</xmin>
			<ymin>260</ymin>
			<xmax>741</xmax>
			<ymax>279</ymax>
		</bndbox>
	</object>
	<object>
		<difficult>0</difficult>
		<name>&amp;*@HUST_text</name>
		<bndbox>
			<xmin>651</xmin>
			<ymin>239</ymin>
			<xmax>741</xmax>
			<ymax>258</ymax>
		</bndbox>
	</object>
	<object>
		<difficult>0</difficult>
		<name>&amp;*@HUST_text</name>
		<bndbox>
			<xmin>650</xmin>
			<ymin>218</ymin>
			<xmax>744</xmax>
			<ymax>236</ymax>
		</bndbox>
	</object>
	<object>
		<difficult>0</difficult>
		<name>&amp;*@HUST_text</name>
		<bndbox>
			<xmin>650</xmin>
			<ymin>197</ymin>
			<xmax>779</xmax>
			<ymax>216</ymax>
		</bndbox>
	</object>
	<object>
		<difficult>0</difficult>
		<name>&amp;*@HUST_text</name>
		<bndbox>
			<xmin>651</xmin>
			<ymin>176</ymin>
			<xmax>715</xmax>
			<ymax>194</ymax>
		</bndbox>
	</object>
	<object>
		<difficult>0</difficult>
		<name>&amp;*@HUST_text</name>
		<bndbox>
			<xmin>650</xmin>
			<ymin>155</ymin>
			<xmax>714</xmax>
			<ymax>173</ymax>
		</bndbox>
	</object>
	<object>
		<difficult>0</difficult>
		<name>&amp;*@HUST_text</name>
		<bndbox>
			<xmin>650</xmin>
			<ymin>135</ymin>
			<xmax>756</xmax>
			<ymax>153</ymax>
		</bndbox>
	</object>
	<object>
		<difficult>0</difficult>
		<name>&amp;*@HUST_text</name>
		<bndbox>
			<xmin>651</xmin>
			<ymin>113</ymin>
			<xmax>750</xmax>
			<ymax>132</ymax>
		</bndbox>
	</object>
	<object>
		<difficult>0</difficult>
		<name>&amp;*@HUST_text</name>
		<bndbox>
			<xmin>651</xmin>
			<ymin>92</ymin>
			<xmax>739</xmax>
			<ymax>110</ymax>
		</bndbox>
	</object>
	<object>
		<difficult>0</difficult>
		<name>&amp;*@HUST_text</name>
		<bndbox>
			<xmin>650</xmin>
			<ymin>72</ymin>
			<xmax>739</xmax>
			<ymax>90</ymax>
		</bndbox>
	</object>
	<object>
		<difficult>0</difficult>
		<name>&amp;*@HUST_text</name>
		<bndbox>
			<xmin>651</xmin>
			<ymin>50</ymin>
			<xmax>717</xmax>
			<ymax>68</ymax>
		</bndbox>
	</object>
	<object>
		<difficult>0</difficult>
		<name>&amp;*@HUST_text</name>
		<bndbox>
			<xmin>651</xmin>
			<ymin>29</ymin>
			<xmax>714</xmax>
			<ymax>47</ymax>
		</bndbox>
	</object>
	<object>
		<difficult>0</difficult>
		<name>&amp;*@HUST_text</name>
		<bndbox>
			<xmin>651</xmin>
			<ymin>9</ymin>
			<xmax>714</xmax>
			<ymax>26</ymax>
		</bndbox>
	</object>
	<object>
		<difficult>0</difficult>
		<name>&amp;*@HUST_text</name>
		<bndbox>
			<xmin>1064</xmin>
			<ymin>71</ymin>
			<xmax>1182</xmax>
			<ymax>89</ymax>
		</bndbox>
	</object>
	<object>
		<difficult>0</difficult>
		<name>&amp;*@HUST_text</name>
		<bndbox>
			<xmin>1064</xmin>
			<ymin>92</ymin>
			<xmax>1183</xmax>
			<ymax>110</ymax>
		</bndbox>
	</object>
	<object>
		<difficult>0</difficult>
		<name>&amp;*@HUST_text</name>
		<bndbox>
			<xmin>1064</xmin>
			<ymin>113</ymin>
			<xmax>1184</xmax>
			<ymax>131</ymax>
		</bndbox>
	</object>
	<object>
		<difficult>0</difficult>
		<name>&amp;*@HUST_text</name>
		<bndbox>
			<xmin>1064</xmin>
			<ymin>134</ymin>
			<xmax>1185</xmax>
			<ymax>152</ymax>
		</bndbox>
	</object>
	<object>
		<difficult>0</difficult>
		<name>&amp;*@HUST_text</name>
		<bndbox>
			<xmin>1051</xmin>
			<ymin>261</ymin>
			<xmax>1179</xmax>
			<ymax>278</ymax>
		</bndbox>
	</object>
	<object>
		<difficult>0</difficult>
		<name>&amp;*@HUST_text</name>
		<bndbox>
			<xmin>1051</xmin>
			<ymin>302</ymin>
			<xmax>1179</xmax>
			<ymax>320</ymax>
		</bndbox>
	</object>
	<object>
		<difficult>0</difficult>
		<name>&amp;*@HUST_text</name>
		<bndbox>
			<xmin>1050</xmin>
			<ymin>366</ymin>
			<xmax>1183</xmax>
			<ymax>383</ymax>
		</bndbox>
	</object>
</annotation>