<annotation>
	<filename>Image 160.png</filename>
	<size>
		<width>1422</width>
		<height>731</height>
		<depth>3</depth>
	</size>
	<segmented>0</segmented>
	<object>
		<difficult>0</difficult>
		<name>&amp;*@HUST_text</name>
		<bndbox>
			<xmin>2</xmin>
			<ymin>0</ymin>
			<xmax>37</xmax>
			<ymax>17</ymax>
		</bndbox>
	</object>
	<object>
		<difficult>0</difficult>
		<name>&amp;*@HUST_text</name>
		<bndbox>
			<xmin>2</xmin>
			<ymin>19</ymin>
			<xmax>37</xmax>
			<ymax>38</ymax>
		</bndbox>
	</object>
	<object>
		<difficult>0</difficult>
		<name>&amp;*@HUST_text</name>
		<bndbox>
			<xmin>1</xmin>
			<ymin>40</ymin>
			<xmax>37</xmax>
			<ymax>59</ymax>
		</bndbox>
	</object>
	<object>
		<difficult>0</difficult>
		<name>&amp;*@HUST_text</name>
		<bndbox>
			<xmin>1</xmin>
			<ymin>61</ymin>
			<xmax>36</xmax>
			<ymax>80</ymax>
		</bndbox>
	</object>
	<object>
		<difficult>0</difficult>
		<name>&amp;*@HUST_text</name>
		<bndbox>
			<xmin>0</xmin>
			<ymin>82</ymin>
			<xmax>36</xmax>
			<ymax>101</ymax>
		</bndbox>
	</object>
	<object>
		<difficult>0</difficult>
		<name>&amp;*@HUST_text</name>
		<bndbox>
			<xmin>0</xmin>
			<ymin>104</ymin>
			<xmax>36</xmax>
			<ymax>122</ymax>
		</bndbox>
	</object>
	<object>
		<difficult>0</difficult>
		<name>&amp;*@HUST_text</name>
		<bndbox>
			<xmin>0</xmin>
			<ymin>124</ymin>
			<xmax>37</xmax>
			<ymax>143</ymax>
		</bndbox>
	</object>
	<object>
		<difficult>0</difficult>
		<name>&amp;*@HUST_text</name>
		<bndbox>
			<xmin>0</xmin>
			<ymin>145</ymin>
			<xmax>36</xmax>
			<ymax>164</ymax>
		</bndbox>
	</object>
	<object>
		<difficult>0</difficult>
		<name>&amp;*@HUST_text</name>
		<bndbox>
			<xmin>0</xmin>
			<ymin>166</ymin>
			<xmax>36</xmax>
			<ymax>185</ymax>
		</bndbox>
	</object>
	<object>
		<difficult>0</difficult>
		<name>&amp;*@HUST_text</name>
		<bndbox>
			<xmin>0</xmin>
			<ymin>187</ymin>
			<xmax>36</xmax>
			<ymax>206</ymax>
		</bndbox>
	</object>
	<object>
		<difficult>0</difficult>
		<name>&amp;*@HUST_text</name>
		<bndbox>
			<xmin>0</xmin>
			<ymin>208</ymin>
			<xmax>37</xmax>
			<ymax>227</ymax>
		</bndbox>
	</object>
	<object>
		<difficult>0</difficult>
		<name>&amp;*@HUST_text</name>
		<bndbox>
			<xmin>0</xmin>
			<ymin>229</ymin>
			<xmax>36</xmax>
			<ymax>248</ymax>
		</bndbox>
	</object>
	<object>
		<difficult>0</difficult>
		<name>&amp;*@HUST_text</name>
		<bndbox>
			<xmin>0</xmin>
			<ymin>251</ymin>
			<xmax>37</xmax>
			<ymax>269</ymax>
		</bndbox>
	</object>
	<object>
		<difficult>0</difficult>
		<name>&amp;*@HUST_text</name>
		<bndbox>
			<xmin>0</xmin>
			<ymin>271</ymin>
			<xmax>37</xmax>
			<ymax>290</ymax>
		</bndbox>
	</object>
	<object>
		<difficult>0</difficult>
		<name>&amp;*@HUST_text</name>
		<bndbox>
			<xmin>0</xmin>
			<ymin>292</ymin>
			<xmax>37</xmax>
			<ymax>311</ymax>
		</bndbox>
	</object>
	<object>
		<difficult>0</difficult>
		<name>&amp;*@HUST_text</name>
		<bndbox>
			<xmin>0</xmin>
			<ymin>314</ymin>
			<xmax>37</xmax>
			<ymax>332</ymax>
		</bndbox>
	</object>
	<object>
		<difficult>0</difficult>
		<name>&amp;*@HUST_text</name>
		<bndbox>
			<xmin>0</xmin>
			<ymin>335</ymin>
			<xmax>36</xmax>
			<ymax>353</ymax>
		</bndbox>
	</object>
	<object>
		<difficult>0</difficult>
		<name>&amp;*@HUST_text</name>
		<bndbox>
			<xmin>0</xmin>
			<ymin>355</ymin>
			<xmax>36</xmax>
			<ymax>374</ymax>
		</bndbox>
	</object>
	<object>
		<difficult>0</difficult>
		<name>&amp;*@HUST_text</name>
		<bndbox>
			<xmin>0</xmin>
			<ymin>376</ymin>
			<xmax>36</xmax>
			<ymax>395</ymax>
		</bndbox>
	</object>
	<object>
		<difficult>0</difficult>
		<name>&amp;*@HUST_text</name>
		<bndbox>
			<xmin>0</xmin>
			<ymin>397</ymin>
			<xmax>37</xmax>
			<ymax>416</ymax>
		</bndbox>
	</object>
	<object>
		<difficult>0</difficult>
		<name>&amp;*@HUST_text</name>
		<bndbox>
			<xmin>0</xmin>
			<ymin>418</ymin>
			<xmax>36</xmax>
			<ymax>437</ymax>
		</bndbox>
	</object>
	<object>
		<difficult>0</difficult>
		<name>&amp;*@HUST_text</name>
		<bndbox>
			<xmin>0</xmin>
			<ymin>439</ymin>
			<xmax>37</xmax>
			<ymax>458</ymax>
		</bndbox>
	</object>
	<object>
		<difficult>0</difficult>
		<name>&amp;*@HUST_text</name>
		<bndbox>
			<xmin>0</xmin>
			<ymin>460</ymin>
			<xmax>36</xmax>
			<ymax>479</ymax>
		</bndbox>
	</object>
	<object>
		<difficult>0</difficult>
		<name>&amp;*@HUST_text</name>
		<bndbox>
			<xmin>0</xmin>
			<ymin>481</ymin>
			<xmax>36</xmax>
			<ymax>500</ymax>
		</bndbox>
	</object>
	<object>
		<difficult>0</difficult>
		<name>&amp;*@HUST_text</name>
		<bndbox>
			<xmin>0</xmin>
			<ymin>502</ymin>
			<xmax>37</xmax>
			<ymax>521</ymax>
		</bndbox>
	</object>
	<object>
		<difficult>0</difficult>
		<name>&amp;*@HUST_text</name>
		<bndbox>
			<xmin>0</xmin>
			<ymin>523</ymin>
			<xmax>36</xmax>
			<ymax>542</ymax>
		</bndbox>
	</object>
	<object>
		<difficult>0</difficult>
		<name>&amp;*@HUST_text</name>
		<bndbox>
			<xmin>0</xmin>
			<ymin>544</ymin>
			<xmax>37</xmax>
			<ymax>563</ymax>
		</bndbox>
	</object>
	<object>
		<difficult>0</difficult>
		<name>&amp;*@HUST_text</name>
		<bndbox>
			<xmin>0</xmin>
			<ymin>566</ymin>
			<xmax>36</xmax>
			<ymax>584</ymax>
		</bndbox>
	</object>
	<object>
		<difficult>0</difficult>
		<name>&amp;*@HUST_text</name>
		<bndbox>
			<xmin>0</xmin>
			<ymin>587</ymin>
			<xmax>37</xmax>
			<ymax>605</ymax>
		</bndbox>
	</object>
	<object>
		<difficult>0</difficult>
		<name>&amp;*@HUST_text</name>
		<bndbox>
			<xmin>0</xmin>
			<ymin>607</ymin>
			<xmax>37</xmax>
			<ymax>626</ymax>
		</bndbox>
	</object>
	<object>
		<difficult>0</difficult>
		<name>&amp;*@HUST_text</name>
		<bndbox>
			<xmin>0</xmin>
			<ymin>628</ymin>
			<xmax>37</xmax>
			<ymax>647</ymax>
		</bndbox>
	</object>
	<object>
		<difficult>0</difficult>
		<name>&amp;*@HUST_text</name>
		<bndbox>
			<xmin>0</xmin>
			<ymin>649</ymin>
			<xmax>37</xmax>
			<ymax>668</ymax>
		</bndbox>
	</object>
	<object>
		<difficult>0</difficult>
		<name>&amp;*@HUST_text</name>
		<bndbox>
			<xmin>1</xmin>
			<ymin>670</ymin>
			<xmax>37</xmax>
			<ymax>689</ymax>
		</bndbox>
	</object>
	<object>
		<difficult>0</difficult>
		<name>&amp;*@HUST_text</name>
		<bndbox>
			<xmin>1</xmin>
			<ymin>692</ymin>
			<xmax>36</xmax>
			<ymax>710</ymax>
		</bndbox>
	</object>
	<object>
		<difficult>0</difficult>
		<name>&amp;*@HUST_text</name>
		<bndbox>
			<xmin>0</xmin>
			<ymin>713</ymin>
			<xmax>37</xmax>
			<ymax>727</ymax>
		</bndbox>
	</object>
	<object>
		<difficult>1</difficult>
		<name>&amp;*@HUST_special</name>
		<bndbox>
			<xmin>39</xmin>
			<ymin>713</ymin>
			<xmax>59</xmax>
			<ymax>727</ymax>
		</bndbox>
	</object>
	<object>
		<difficult>1</difficult>
		<name>&amp;*@HUST_special</name>
		<bndbox>
			<xmin>39</xmin>
			<ymin>692</ymin>
			<xmax>58</xmax>
			<ymax>710</ymax>
		</bndbox>
	</object>
	<object>
		<difficult>1</difficult>
		<name>&amp;*@HUST_special</name>
		<bndbox>
			<xmin>39</xmin>
			<ymin>670</ymin>
			<xmax>59</xmax>
			<ymax>689</ymax>
		</bndbox>
	</object>
	<object>
		<difficult>1</difficult>
		<name>&amp;*@HUST_special</name>
		<bndbox>
			<xmin>39</xmin>
			<ymin>649</ymin>
			<xmax>59</xmax>
			<ymax>668</ymax>
		</bndbox>
	</object>
	<object>
		<difficult>1</difficult>
		<name>&amp;*@HUST_special</name>
		<bndbox>
			<xmin>39</xmin>
			<ymin>628</ymin>
			<xmax>58</xmax>
			<ymax>647</ymax>
		</bndbox>
	</object>
	<object>
		<difficult>1</difficult>
		<name>&amp;*@HUST_special</name>
		<bndbox>
			<xmin>39</xmin>
			<ymin>607</ymin>
			<xmax>59</xmax>
			<ymax>626</ymax>
		</bndbox>
	</object>
	<object>
		<difficult>1</difficult>
		<name>&amp;*@HUST_special</name>
		<bndbox>
			<xmin>39</xmin>
			<ymin>587</ymin>
			<xmax>59</xmax>
			<ymax>605</ymax>
		</bndbox>
	</object>
	<object>
		<difficult>1</difficult>
		<name>&amp;*@HUST_special</name>
		<bndbox>
			<xmin>39</xmin>
			<ymin>566</ymin>
			<xmax>59</xmax>
			<ymax>584</ymax>
		</bndbox>
	</object>
	<object>
		<difficult>1</difficult>
		<name>&amp;*@HUST_special</name>
		<bndbox>
			<xmin>39</xmin>
			<ymin>544</ymin>
			<xmax>59</xmax>
			<ymax>563</ymax>
		</bndbox>
	</object>
	<object>
		<difficult>1</difficult>
		<name>&amp;*@HUST_special</name>
		<bndbox>
			<xmin>39</xmin>
			<ymin>523</ymin>
			<xmax>59</xmax>
			<ymax>542</ymax>
		</bndbox>
	</object>
	<object>
		<difficult>1</difficult>
		<name>&amp;*@HUST_special</name>
		<bndbox>
			<xmin>40</xmin>
			<ymin>502</ymin>
			<xmax>59</xmax>
			<ymax>521</ymax>
		</bndbox>
	</object>
	<object>
		<difficult>1</difficult>
		<name>&amp;*@HUST_special</name>
		<bndbox>
			<xmin>39</xmin>
			<ymin>481</ymin>
			<xmax>59</xmax>
			<ymax>500</ymax>
		</bndbox>
	</object>
	<object>
		<difficult>1</difficult>
		<name>&amp;*@HUST_special</name>
		<bndbox>
			<xmin>39</xmin>
			<ymin>460</ymin>
			<xmax>59</xmax>
			<ymax>479</ymax>
		</bndbox>
	</object>
	<object>
		<difficult>1</difficult>
		<name>&amp;*@HUST_special</name>
		<bndbox>
			<xmin>39</xmin>
			<ymin>439</ymin>
			<xmax>59</xmax>
			<ymax>458</ymax>
		</bndbox>
	</object>
	<object>
		<difficult>1</difficult>
		<name>&amp;*@HUST_special</name>
		<bndbox>
			<xmin>39</xmin>
			<ymin>418</ymin>
			<xmax>59</xmax>
			<ymax>437</ymax>
		</bndbox>
	</object>
	<object>
		<difficult>1</difficult>
		<name>&amp;*@HUST_special</name>
		<bndbox>
			<xmin>39</xmin>
			<ymin>397</ymin>
			<xmax>59</xmax>
			<ymax>416</ymax>
		</bndbox>
	</object>
	<object>
		<difficult>1</difficult>
		<name>&amp;*@HUST_special</name>
		<bndbox>
			<xmin>40</xmin>
			<ymin>376</ymin>
			<xmax>59</xmax>
			<ymax>395</ymax>
		</bndbox>
	</object>
	<object>
		<difficult>1</difficult>
		<name>&amp;*@HUST_special</name>
		<bndbox>
			<xmin>40</xmin>
			<ymin>355</ymin>
			<xmax>59</xmax>
			<ymax>374</ymax>
		</bndbox>
	</object>
	<object>
		<difficult>1</difficult>
		<name>&amp;*@HUST_special</name>
		<bndbox>
			<xmin>39</xmin>
			<ymin>335</ymin>
			<xmax>59</xmax>
			<ymax>353</ymax>
		</bndbox>
	</object>
	<object>
		<difficult>1</difficult>
		<name>&amp;*@HUST_special</name>
		<bndbox>
			<xmin>40</xmin>
			<ymin>314</ymin>
			<xmax>59</xmax>
			<ymax>332</ymax>
		</bndbox>
	</object>
	<object>
		<difficult>1</difficult>
		<name>&amp;*@HUST_special</name>
		<bndbox>
			<xmin>39</xmin>
			<ymin>292</ymin>
			<xmax>59</xmax>
			<ymax>312</ymax>
		</bndbox>
	</object>
	<object>
		<difficult>1</difficult>
		<name>&amp;*@HUST_special</name>
		<bndbox>
			<xmin>39</xmin>
			<ymin>271</ymin>
			<xmax>59</xmax>
			<ymax>290</ymax>
		</bndbox>
	</object>
	<object>
		<difficult>1</difficult>
		<name>&amp;*@HUST_special</name>
		<bndbox>
			<xmin>39</xmin>
			<ymin>250</ymin>
			<xmax>58</xmax>
			<ymax>269</ymax>
		</bndbox>
	</object>
	<object>
		<difficult>1</difficult>
		<name>&amp;*@HUST_special</name>
		<bndbox>
			<xmin>39</xmin>
			<ymin>229</ymin>
			<xmax>59</xmax>
			<ymax>248</ymax>
		</bndbox>
	</object>
	<object>
		<difficult>1</difficult>
		<name>&amp;*@HUST_special</name>
		<bndbox>
			<xmin>39</xmin>
			<ymin>208</ymin>
			<xmax>59</xmax>
			<ymax>227</ymax>
		</bndbox>
	</object>
	<object>
		<difficult>1</difficult>
		<name>&amp;*@HUST_special</name>
		<bndbox>
			<xmin>39</xmin>
			<ymin>187</ymin>
			<xmax>59</xmax>
			<ymax>206</ymax>
		</bndbox>
	</object>
	<object>
		<difficult>1</difficult>
		<name>&amp;*@HUST_special</name>
		<bndbox>
			<xmin>39</xmin>
			<ymin>166</ymin>
			<xmax>59</xmax>
			<ymax>185</ymax>
		</bndbox>
	</object>
	<object>
		<difficult>1</difficult>
		<name>&amp;*@HUST_special</name>
		<bndbox>
			<xmin>39</xmin>
			<ymin>145</ymin>
			<xmax>59</xmax>
			<ymax>164</ymax>
		</bndbox>
	</object>
	<object>
		<difficult>1</difficult>
		<name>&amp;*@HUST_special</name>
		<bndbox>
			<xmin>39</xmin>
			<ymin>124</ymin>
			<xmax>59</xmax>
			<ymax>143</ymax>
		</bndbox>
	</object>
	<object>
		<difficult>1</difficult>
		<name>&amp;*@HUST_special</name>
		<bndbox>
			<xmin>39</xmin>
			<ymin>103</ymin>
			<xmax>59</xmax>
			<ymax>122</ymax>
		</bndbox>
	</object>
	<object>
		<difficult>1</difficult>
		<name>&amp;*@HUST_special</name>
		<bndbox>
			<xmin>39</xmin>
			<ymin>82</ymin>
			<xmax>59</xmax>
			<ymax>101</ymax>
		</bndbox>
	</object>
	<object>
		<difficult>1</difficult>
		<name>&amp;*@HUST_special</name>
		<bndbox>
			<xmin>40</xmin>
			<ymin>61</ymin>
			<xmax>59</xmax>
			<ymax>80</ymax>
		</bndbox>
	</object>
	<object>
		<difficult>1</difficult>
		<name>&amp;*@HUST_special</name>
		<bndbox>
			<xmin>39</xmin>
			<ymin>40</ymin>
			<xmax>59</xmax>
			<ymax>59</ymax>
		</bndbox>
	</object>
	<object>
		<difficult>1</difficult>
		<name>&amp;*@HUST_special</name>
		<bndbox>
			<xmin>39</xmin>
			<ymin>19</ymin>
			<xmax>59</xmax>
			<ymax>38</ymax>
		</bndbox>
	</object>
	<object>
		<difficult>1</difficult>
		<name>&amp;*@HUST_special</name>
		<bndbox>
			<xmin>39</xmin>
			<ymin>0</ymin>
			<xmax>59</xmax>
			<ymax>17</ymax>
		</bndbox>
	</object>
	<object>
		<difficult>0</difficult>
		<name>&amp;*@HUST_text</name>
		<bndbox>
			<xmin>61</xmin>
			<ymin>0</ymin>
			<xmax>115</xmax>
			<ymax>16</ymax>
		</bndbox>
	</object>
	<object>
		<difficult>0</difficult>
		<name>&amp;*@HUST_text</name>
		<bndbox>
			<xmin>61</xmin>
			<ymin>19</ymin>
			<xmax>115</xmax>
			<ymax>38</ymax>
		</bndbox>
	</object>
	<object>
		<difficult>0</difficult>
		<name>&amp;*@HUST_text</name>
		<bndbox>
			<xmin>61</xmin>
			<ymin>40</ymin>
			<xmax>115</xmax>
			<ymax>59</ymax>
		</bndbox>
	</object>
	<object>
		<difficult>0</difficult>
		<name>&amp;*@HUST_text</name>
		<bndbox>
			<xmin>61</xmin>
			<ymin>61</ymin>
			<xmax>117</xmax>
			<ymax>80</ymax>
		</bndbox>
	</object>
	<object>
		<difficult>0</difficult>
		<name>&amp;*@HUST_text</name>
		<bndbox>
			<xmin>61</xmin>
			<ymin>82</ymin>
			<xmax>116</xmax>
			<ymax>101</ymax>
		</bndbox>
	</object>
	<object>
		<difficult>0</difficult>
		<name>&amp;*@HUST_text</name>
		<bndbox>
			<xmin>61</xmin>
			<ymin>103</ymin>
			<xmax>117</xmax>
			<ymax>122</ymax>
		</bndbox>
	</object>
	<object>
		<difficult>0</difficult>
		<name>&amp;*@HUST_text</name>
		<bndbox>
			<xmin>61</xmin>
			<ymin>124</ymin>
			<xmax>117</xmax>
			<ymax>143</ymax>
		</bndbox>
	</object>
	<object>
		<difficult>0</difficult>
		<name>&amp;*@HUST_text</name>
		<bndbox>
			<xmin>61</xmin>
			<ymin>145</ymin>
			<xmax>120</xmax>
			<ymax>164</ymax>
		</bndbox>
	</object>
	<object>
		<difficult>0</difficult>
		<name>&amp;*@HUST_text</name>
		<bndbox>
			<xmin>61</xmin>
			<ymin>166</ymin>
			<xmax>121</xmax>
			<ymax>185</ymax>
		</bndbox>
	</object>
	<object>
		<difficult>0</difficult>
		<name>&amp;*@HUST_text</name>
		<bndbox>
			<xmin>61</xmin>
			<ymin>187</ymin>
			<xmax>121</xmax>
			<ymax>206</ymax>
		</bndbox>
	</object>
	<object>
		<difficult>0</difficult>
		<name>&amp;*@HUST_text</name>
		<bndbox>
			<xmin>62</xmin>
			<ymin>208</ymin>
			<xmax>122</xmax>
			<ymax>227</ymax>
		</bndbox>
	</object>
	<object>
		<difficult>0</difficult>
		<name>&amp;*@HUST_text</name>
		<bndbox>
			<xmin>61</xmin>
			<ymin>229</ymin>
			<xmax>122</xmax>
			<ymax>248</ymax>
		</bndbox>
	</object>
	<object>
		<difficult>0</difficult>
		<name>&amp;*@HUST_text</name>
		<bndbox>
			<xmin>61</xmin>
			<ymin>250</ymin>
			<xmax>122</xmax>
			<ymax>269</ymax>
		</bndbox>
	</object>
	<object>
		<difficult>0</difficult>
		<name>&amp;*@HUST_text</name>
		<bndbox>
			<xmin>61</xmin>
			<ymin>271</ymin>
			<xmax>122</xmax>
			<ymax>290</ymax>
		</bndbox>
	</object>
	<object>
		<difficult>0</difficult>
		<name>&amp;*@HUST_text</name>
		<bndbox>
			<xmin>61</xmin>
			<ymin>292</ymin>
			<xmax>122</xmax>
			<ymax>311</ymax>
		</bndbox>
	</object>
	<object>
		<difficult>0</difficult>
		<name>&amp;*@HUST_text</name>
		<bndbox>
			<xmin>62</xmin>
			<ymin>313</ymin>
			<xmax>122</xmax>
			<ymax>332</ymax>
		</bndbox>
	</object>
	<object>
		<difficult>0</difficult>
		<name>&amp;*@HUST_text</name>
		<bndbox>
			<xmin>61</xmin>
			<ymin>334</ymin>
			<xmax>123</xmax>
			<ymax>353</ymax>
		</bndbox>
	</object>
	<object>
		<difficult>0</difficult>
		<name>&amp;*@HUST_text</name>
		<bndbox>
			<xmin>61</xmin>
			<ymin>355</ymin>
			<xmax>123</xmax>
			<ymax>374</ymax>
		</bndbox>
	</object>
	<object>
		<difficult>0</difficult>
		<name>&amp;*@HUST_text</name>
		<bndbox>
			<xmin>61</xmin>
			<ymin>376</ymin>
			<xmax>122</xmax>
			<ymax>395</ymax>
		</bndbox>
	</object>
	<object>
		<difficult>0</difficult>
		<name>&amp;*@HUST_text</name>
		<bndbox>
			<xmin>61</xmin>
			<ymin>397</ymin>
			<xmax>123</xmax>
			<ymax>416</ymax>
		</bndbox>
	</object>
	<object>
		<difficult>0</difficult>
		<name>&amp;*@HUST_text</name>
		<bndbox>
			<xmin>61</xmin>
			<ymin>418</ymin>
			<xmax>124</xmax>
			<ymax>437</ymax>
		</bndbox>
	</object>
	<object>
		<difficult>0</difficult>
		<name>&amp;*@HUST_text</name>
		<bndbox>
			<xmin>61</xmin>
			<ymin>439</ymin>
			<xmax>124</xmax>
			<ymax>458</ymax>
		</bndbox>
	</object>
	<object>
		<difficult>0</difficult>
		<name>&amp;*@HUST_text</name>
		<bndbox>
			<xmin>61</xmin>
			<ymin>460</ymin>
			<xmax>124</xmax>
			<ymax>478</ymax>
		</bndbox>
	</object>
	<object>
		<difficult>0</difficult>
		<name>&amp;*@HUST_text</name>
		<bndbox>
			<xmin>61</xmin>
			<ymin>481</ymin>
			<xmax>124</xmax>
			<ymax>500</ymax>
		</bndbox>
	</object>
	<object>
		<difficult>0</difficult>
		<name>&amp;*@HUST_text</name>
		<bndbox>
			<xmin>61</xmin>
			<ymin>502</ymin>
			<xmax>123</xmax>
			<ymax>520</ymax>
		</bndbox>
	</object>
	<object>
		<difficult>0</difficult>
		<name>&amp;*@HUST_text</name>
		<bndbox>
			<xmin>61</xmin>
			<ymin>523</ymin>
			<xmax>127</xmax>
			<ymax>542</ymax>
		</bndbox>
	</object>
	<object>
		<difficult>0</difficult>
		<name>&amp;*@HUST_text</name>
		<bndbox>
			<xmin>61</xmin>
			<ymin>544</ymin>
			<xmax>127</xmax>
			<ymax>563</ymax>
		</bndbox>
	</object>
	<object>
		<difficult>0</difficult>
		<name>&amp;*@HUST_text</name>
		<bndbox>
			<xmin>62</xmin>
			<ymin>565</ymin>
			<xmax>126</xmax>
			<ymax>584</ymax>
		</bndbox>
	</object>
	<object>
		<difficult>0</difficult>
		<name>&amp;*@HUST_text</name>
		<bndbox>
			<xmin>61</xmin>
			<ymin>586</ymin>
			<xmax>126</xmax>
			<ymax>604</ymax>
		</bndbox>
	</object>
	<object>
		<difficult>0</difficult>
		<name>&amp;*@HUST_text</name>
		<bndbox>
			<xmin>61</xmin>
			<ymin>607</ymin>
			<xmax>126</xmax>
			<ymax>626</ymax>
		</bndbox>
	</object>
	<object>
		<difficult>0</difficult>
		<name>&amp;*@HUST_text</name>
		<bndbox>
			<xmin>61</xmin>
			<ymin>628</ymin>
			<xmax>128</xmax>
			<ymax>647</ymax>
		</bndbox>
	</object>
	<object>
		<difficult>0</difficult>
		<name>&amp;*@HUST_text</name>
		<bndbox>
			<xmin>61</xmin>
			<ymin>649</ymin>
			<xmax>128</xmax>
			<ymax>668</ymax>
		</bndbox>
	</object>
	<object>
		<difficult>0</difficult>
		<name>&amp;*@HUST_text</name>
		<bndbox>
			<xmin>62</xmin>
			<ymin>670</ymin>
			<xmax>128</xmax>
			<ymax>689</ymax>
		</bndbox>
	</object>
	<object>
		<difficult>0</difficult>
		<name>&amp;*@HUST_text</name>
		<bndbox>
			<xmin>61</xmin>
			<ymin>691</ymin>
			<xmax>127</xmax>
			<ymax>710</ymax>
		</bndbox>
	</object>
	<object>
		<difficult>0</difficult>
		<name>&amp;*@HUST_text</name>
		<bndbox>
			<xmin>62</xmin>
			<ymin>712</ymin>
			<xmax>127</xmax>
			<ymax>727</ymax>
		</bndbox>
	</object>
	<object>
		<difficult>0</difficult>
		<name>&amp;*@HUST_text</name>
		<bndbox>
			<xmin>263</xmin>
			<ymin>712</ymin>
			<xmax>392</xmax>
			<ymax>727</ymax>
		</bndbox>
	</object>
	<object>
		<difficult>0</difficult>
		<name>&amp;*@HUST_text</name>
		<bndbox>
			<xmin>263</xmin>
			<ymin>691</ymin>
			<xmax>416</xmax>
			<ymax>710</ymax>
		</bndbox>
	</object>
	<object>
		<difficult>0</difficult>
		<name>&amp;*@HUST_text</name>
		<bndbox>
			<xmin>263</xmin>
			<ymin>670</ymin>
			<xmax>456</xmax>
			<ymax>689</ymax>
		</bndbox>
	</object>
	<object>
		<difficult>0</difficult>
		<name>&amp;*@HUST_text</name>
		<bndbox>
			<xmin>263</xmin>
			<ymin>649</ymin>
			<xmax>456</xmax>
			<ymax>668</ymax>
		</bndbox>
	</object>
	<object>
		<difficult>0</difficult>
		<name>&amp;*@HUST_text</name>
		<bndbox>
			<xmin>262</xmin>
			<ymin>628</ymin>
			<xmax>348</xmax>
			<ymax>647</ymax>
		</bndbox>
	</object>
	<object>
		<difficult>0</difficult>
		<name>&amp;*@HUST_text</name>
		<bndbox>
			<xmin>263</xmin>
			<ymin>606</ymin>
			<xmax>437</xmax>
			<ymax>626</ymax>
		</bndbox>
	</object>
	<object>
		<difficult>0</difficult>
		<name>&amp;*@HUST_text</name>
		<bndbox>
			<xmin>263</xmin>
			<ymin>586</ymin>
			<xmax>437</xmax>
			<ymax>604</ymax>
		</bndbox>
	</object>
	<object>
		<difficult>0</difficult>
		<name>&amp;*@HUST_text</name>
		<bndbox>
			<xmin>263</xmin>
			<ymin>564</ymin>
			<xmax>411</xmax>
			<ymax>584</ymax>
		</bndbox>
	</object>
	<object>
		<difficult>0</difficult>
		<name>&amp;*@HUST_text</name>
		<bndbox>
			<xmin>263</xmin>
			<ymin>544</ymin>
			<xmax>406</xmax>
			<ymax>563</ymax>
		</bndbox>
	</object>
	<object>
		<difficult>0</difficult>
		<name>&amp;*@HUST_text</name>
		<bndbox>
			<xmin>263</xmin>
			<ymin>523</ymin>
			<xmax>397</xmax>
			<ymax>542</ymax>
		</bndbox>
	</object>
	<object>
		<difficult>0</difficult>
		<name>&amp;*@HUST_text</name>
		<bndbox>
			<xmin>262</xmin>
			<ymin>502</ymin>
			<xmax>393</xmax>
			<ymax>521</ymax>
		</bndbox>
	</object>
	<object>
		<difficult>0</difficult>
		<name>&amp;*@HUST_text</name>
		<bndbox>
			<xmin>262</xmin>
			<ymin>481</ymin>
			<xmax>387</xmax>
			<ymax>500</ymax>
		</bndbox>
	</object>
	<object>
		<difficult>0</difficult>
		<name>&amp;*@HUST_text</name>
		<bndbox>
			<xmin>261</xmin>
			<ymin>460</ymin>
			<xmax>384</xmax>
			<ymax>479</ymax>
		</bndbox>
	</object>
	<object>
		<difficult>0</difficult>
		<name>&amp;*@HUST_text</name>
		<bndbox>
			<xmin>261</xmin>
			<ymin>439</ymin>
			<xmax>419</xmax>
			<ymax>457</ymax>
		</bndbox>
	</object>
	<object>
		<difficult>0</difficult>
		<name>&amp;*@HUST_text</name>
		<bndbox>
			<xmin>261</xmin>
			<ymin>418</ymin>
			<xmax>419</xmax>
			<ymax>437</ymax>
		</bndbox>
	</object>
	<object>
		<difficult>0</difficult>
		<name>&amp;*@HUST_text</name>
		<bndbox>
			<xmin>261</xmin>
			<ymin>397</ymin>
			<xmax>401</xmax>
			<ymax>416</ymax>
		</bndbox>
	</object>
	<object>
		<difficult>0</difficult>
		<name>&amp;*@HUST_text</name>
		<bndbox>
			<xmin>261</xmin>
			<ymin>376</ymin>
			<xmax>412</xmax>
			<ymax>395</ymax>
		</bndbox>
	</object>
	<object>
		<difficult>0</difficult>
		<name>&amp;*@HUST_text</name>
		<bndbox>
			<xmin>261</xmin>
			<ymin>355</ymin>
			<xmax>408</xmax>
			<ymax>374</ymax>
		</bndbox>
	</object>
	<object>
		<difficult>0</difficult>
		<name>&amp;*@HUST_text</name>
		<bndbox>
			<xmin>261</xmin>
			<ymin>334</ymin>
			<xmax>400</xmax>
			<ymax>353</ymax>
		</bndbox>
	</object>
	<object>
		<difficult>0</difficult>
		<name>&amp;*@HUST_text</name>
		<bndbox>
			<xmin>261</xmin>
			<ymin>313</ymin>
			<xmax>387</xmax>
			<ymax>332</ymax>
		</bndbox>
	</object>
	<object>
		<difficult>0</difficult>
		<name>&amp;*@HUST_text</name>
		<bndbox>
			<xmin>261</xmin>
			<ymin>292</ymin>
			<xmax>420</xmax>
			<ymax>311</ymax>
		</bndbox>
	</object>
	<object>
		<difficult>0</difficult>
		<name>&amp;*@HUST_text</name>
		<bndbox>
			<xmin>262</xmin>
			<ymin>271</ymin>
			<xmax>420</xmax>
			<ymax>290</ymax>
		</bndbox>
	</object>
	<object>
		<difficult>0</difficult>
		<name>&amp;*@HUST_text</name>
		<bndbox>
			<xmin>261</xmin>
			<ymin>250</ymin>
			<xmax>440</xmax>
			<ymax>269</ymax>
		</bndbox>
	</object>
	<object>
		<difficult>0</difficult>
		<name>&amp;*@HUST_text</name>
		<bndbox>
			<xmin>261</xmin>
			<ymin>229</ymin>
			<xmax>424</xmax>
			<ymax>248</ymax>
		</bndbox>
	</object>
	<object>
		<difficult>0</difficult>
		<name>&amp;*@HUST_text</name>
		<bndbox>
			<xmin>261</xmin>
			<ymin>208</ymin>
			<xmax>389</xmax>
			<ymax>227</ymax>
		</bndbox>
	</object>
	<object>
		<difficult>0</difficult>
		<name>&amp;*@HUST_text</name>
		<bndbox>
			<xmin>261</xmin>
			<ymin>187</ymin>
			<xmax>350</xmax>
			<ymax>206</ymax>
		</bndbox>
	</object>
	<object>
		<difficult>0</difficult>
		<name>&amp;*@HUST_text</name>
		<bndbox>
			<xmin>261</xmin>
			<ymin>166</ymin>
			<xmax>409</xmax>
			<ymax>184</ymax>
		</bndbox>
	</object>
	<object>
		<difficult>0</difficult>
		<name>&amp;*@HUST_text</name>
		<bndbox>
			<xmin>261</xmin>
			<ymin>145</ymin>
			<xmax>432</xmax>
			<ymax>164</ymax>
		</bndbox>
	</object>
	<object>
		<difficult>0</difficult>
		<name>&amp;*@HUST_text</name>
		<bndbox>
			<xmin>262</xmin>
			<ymin>124</ymin>
			<xmax>405</xmax>
			<ymax>143</ymax>
		</bndbox>
	</object>
	<object>
		<difficult>0</difficult>
		<name>&amp;*@HUST_text</name>
		<bndbox>
			<xmin>261</xmin>
			<ymin>103</ymin>
			<xmax>436</xmax>
			<ymax>122</ymax>
		</bndbox>
	</object>
	<object>
		<difficult>0</difficult>
		<name>&amp;*@HUST_text</name>
		<bndbox>
			<xmin>261</xmin>
			<ymin>82</ymin>
			<xmax>433</xmax>
			<ymax>101</ymax>
		</bndbox>
	</object>
	<object>
		<difficult>0</difficult>
		<name>&amp;*@HUST_text</name>
		<bndbox>
			<xmin>261</xmin>
			<ymin>61</ymin>
			<xmax>331</xmax>
			<ymax>80</ymax>
		</bndbox>
	</object>
	<object>
		<difficult>0</difficult>
		<name>&amp;*@HUST_text</name>
		<bndbox>
			<xmin>261</xmin>
			<ymin>40</ymin>
			<xmax>361</xmax>
			<ymax>59</ymax>
		</bndbox>
	</object>
	<object>
		<difficult>0</difficult>
		<name>&amp;*@HUST_text</name>
		<bndbox>
			<xmin>261</xmin>
			<ymin>19</ymin>
			<xmax>359</xmax>
			<ymax>38</ymax>
		</bndbox>
	</object>
	<object>
		<difficult>0</difficult>
		<name>&amp;*@HUST_text</name>
		<bndbox>
			<xmin>261</xmin>
			<ymin>0</ymin>
			<xmax>401</xmax>
			<ymax>16</ymax>
		</bndbox>
	</object>
	<object>
		<difficult>0</difficult>
		<name>&amp;*@HUST_text</name>
		<bndbox>
			<xmin>671</xmin>
			<ymin>0</ymin>
			<xmax>744</xmax>
			<ymax>16</ymax>
		</bndbox>
	</object>
	<object>
		<difficult>0</difficult>
		<name>&amp;*@HUST_text</name>
		<bndbox>
			<xmin>671</xmin>
			<ymin>18</ymin>
			<xmax>715</xmax>
			<ymax>38</ymax>
		</bndbox>
	</object>
	<object>
		<difficult>0</difficult>
		<name>&amp;*@HUST_text</name>
		<bndbox>
			<xmin>671</xmin>
			<ymin>40</ymin>
			<xmax>715</xmax>
			<ymax>59</ymax>
		</bndbox>
	</object>
	<object>
		<difficult>0</difficult>
		<name>&amp;*@HUST_text</name>
		<bndbox>
			<xmin>670</xmin>
			<ymin>61</ymin>
			<xmax>742</xmax>
			<ymax>80</ymax>
		</bndbox>
	</object>
	<object>
		<difficult>0</difficult>
		<name>&amp;*@HUST_text</name>
		<bndbox>
			<xmin>670</xmin>
			<ymin>82</ymin>
			<xmax>742</xmax>
			<ymax>101</ymax>
		</bndbox>
	</object>
	<object>
		<difficult>0</difficult>
		<name>&amp;*@HUST_text</name>
		<bndbox>
			<xmin>670</xmin>
			<ymin>103</ymin>
			<xmax>743</xmax>
			<ymax>122</ymax>
		</bndbox>
	</object>
	<object>
		<difficult>0</difficult>
		<name>&amp;*@HUST_text</name>
		<bndbox>
			<xmin>669</xmin>
			<ymin>124</ymin>
			<xmax>737</xmax>
			<ymax>143</ymax>
		</bndbox>
	</object>
	<object>
		<difficult>0</difficult>
		<name>&amp;*@HUST_text</name>
		<bndbox>
			<xmin>670</xmin>
			<ymin>145</ymin>
			<xmax>738</xmax>
			<ymax>164</ymax>
		</bndbox>
	</object>
	<object>
		<difficult>0</difficult>
		<name>&amp;*@HUST_text</name>
		<bndbox>
			<xmin>669</xmin>
			<ymin>166</ymin>
			<xmax>737</xmax>
			<ymax>185</ymax>
		</bndbox>
	</object>
	<object>
		<difficult>0</difficult>
		<name>&amp;*@HUST_text</name>
		<bndbox>
			<xmin>669</xmin>
			<ymin>186</ymin>
			<xmax>721</xmax>
			<ymax>206</ymax>
		</bndbox>
	</object>
	<object>
		<difficult>0</difficult>
		<name>&amp;*@HUST_text</name>
		<bndbox>
			<xmin>669</xmin>
			<ymin>208</ymin>
			<xmax>721</xmax>
			<ymax>227</ymax>
		</bndbox>
	</object>
	<object>
		<difficult>0</difficult>
		<name>&amp;*@HUST_text</name>
		<bndbox>
			<xmin>669</xmin>
			<ymin>229</ymin>
			<xmax>720</xmax>
			<ymax>248</ymax>
		</bndbox>
	</object>
	<object>
		<difficult>0</difficult>
		<name>&amp;*@HUST_text</name>
		<bndbox>
			<xmin>669</xmin>
			<ymin>250</ymin>
			<xmax>721</xmax>
			<ymax>269</ymax>
		</bndbox>
	</object>
	<object>
		<difficult>0</difficult>
		<name>&amp;*@HUST_text</name>
		<bndbox>
			<xmin>668</xmin>
			<ymin>270</ymin>
			<xmax>722</xmax>
			<ymax>290</ymax>
		</bndbox>
	</object>
	<object>
		<difficult>0</difficult>
		<name>&amp;*@HUST_text</name>
		<bndbox>
			<xmin>668</xmin>
			<ymin>292</ymin>
			<xmax>744</xmax>
			<ymax>311</ymax>
		</bndbox>
	</object>
	<object>
		<difficult>0</difficult>
		<name>&amp;*@HUST_text</name>
		<bndbox>
			<xmin>669</xmin>
			<ymin>313</ymin>
			<xmax>745</xmax>
			<ymax>331</ymax>
		</bndbox>
	</object>
	<object>
		<difficult>0</difficult>
		<name>&amp;*@HUST_text</name>
		<bndbox>
			<xmin>669</xmin>
			<ymin>333</ymin>
			<xmax>745</xmax>
			<ymax>353</ymax>
		</bndbox>
	</object>
	<object>
		<difficult>0</difficult>
		<name>&amp;*@HUST_text</name>
		<bndbox>
			<xmin>669</xmin>
			<ymin>355</ymin>
			<xmax>746</xmax>
			<ymax>374</ymax>
		</bndbox>
	</object>
	<object>
		<difficult>0</difficult>
		<name>&amp;*@HUST_text</name>
		<bndbox>
			<xmin>668</xmin>
			<ymin>376</ymin>
			<xmax>716</xmax>
			<ymax>395</ymax>
		</bndbox>
	</object>
	<object>
		<difficult>0</difficult>
		<name>&amp;*@HUST_text</name>
		<bndbox>
			<xmin>668</xmin>
			<ymin>397</ymin>
			<xmax>716</xmax>
			<ymax>415</ymax>
		</bndbox>
	</object>
	<object>
		<difficult>0</difficult>
		<name>&amp;*@HUST_text</name>
		<bndbox>
			<xmin>668</xmin>
			<ymin>417</ymin>
			<xmax>750</xmax>
			<ymax>437</ymax>
		</bndbox>
	</object>
	<object>
		<difficult>0</difficult>
		<name>&amp;*@HUST_text</name>
		<bndbox>
			<xmin>668</xmin>
			<ymin>439</ymin>
			<xmax>714</xmax>
			<ymax>458</ymax>
		</bndbox>
	</object>
	<object>
		<difficult>0</difficult>
		<name>&amp;*@HUST_text</name>
		<bndbox>
			<xmin>668</xmin>
			<ymin>460</ymin>
			<xmax>716</xmax>
			<ymax>479</ymax>
		</bndbox>
	</object>
	<object>
		<difficult>0</difficult>
		<name>&amp;*@HUST_text</name>
		<bndbox>
			<xmin>668</xmin>
			<ymin>481</ymin>
			<xmax>716</xmax>
			<ymax>500</ymax>
		</bndbox>
	</object>
	<object>
		<difficult>0</difficult>
		<name>&amp;*@HUST_text</name>
		<bndbox>
			<xmin>668</xmin>
			<ymin>502</ymin>
			<xmax>740</xmax>
			<ymax>521</ymax>
		</bndbox>
	</object>
	<object>
		<difficult>0</difficult>
		<name>&amp;*@HUST_text</name>
		<bndbox>
			<xmin>668</xmin>
			<ymin>523</ymin>
			<xmax>740</xmax>
			<ymax>542</ymax>
		</bndbox>
	</object>
	<object>
		<difficult>0</difficult>
		<name>&amp;*@HUST_text</name>
		<bndbox>
			<xmin>668</xmin>
			<ymin>544</ymin>
			<xmax>739</xmax>
			<ymax>562</ymax>
		</bndbox>
	</object>
	<object>
		<difficult>0</difficult>
		<name>&amp;*@HUST_text</name>
		<bndbox>
			<xmin>668</xmin>
			<ymin>564</ymin>
			<xmax>739</xmax>
			<ymax>584</ymax>
		</bndbox>
	</object>
	<object>
		<difficult>0</difficult>
		<name>&amp;*@HUST_text</name>
		<bndbox>
			<xmin>668</xmin>
			<ymin>586</ymin>
			<xmax>720</xmax>
			<ymax>605</ymax>
		</bndbox>
	</object>
	<object>
		<difficult>0</difficult>
		<name>&amp;*@HUST_text</name>
		<bndbox>
			<xmin>668</xmin>
			<ymin>607</ymin>
			<xmax>719</xmax>
			<ymax>626</ymax>
		</bndbox>
	</object>
	<object>
		<difficult>0</difficult>
		<name>&amp;*@HUST_text</name>
		<bndbox>
			<xmin>668</xmin>
			<ymin>628</ymin>
			<xmax>766</xmax>
			<ymax>646</ymax>
		</bndbox>
	</object>
	<object>
		<difficult>0</difficult>
		<name>&amp;*@HUST_text</name>
		<bndbox>
			<xmin>668</xmin>
			<ymin>649</ymin>
			<xmax>745</xmax>
			<ymax>668</ymax>
		</bndbox>
	</object>
	<object>
		<difficult>0</difficult>
		<name>&amp;*@HUST_text</name>
		<bndbox>
			<xmin>668</xmin>
			<ymin>670</ymin>
			<xmax>745</xmax>
			<ymax>689</ymax>
		</bndbox>
	</object>
	<object>
		<difficult>0</difficult>
		<name>&amp;*@HUST_text</name>
		<bndbox>
			<xmin>668</xmin>
			<ymin>691</ymin>
			<xmax>742</xmax>
			<ymax>710</ymax>
		</bndbox>
	</object>
	<object>
		<difficult>0</difficult>
		<name>&amp;*@HUST_text</name>
		<bndbox>
			<xmin>668</xmin>
			<ymin>712</ymin>
			<xmax>744</xmax>
			<ymax>727</ymax>
		</bndbox>
	</object>
	<object>
		<difficult>0</difficult>
		<name>&amp;*@HUST_text</name>
		<bndbox>
			<xmin>1077</xmin>
			<ymin>691</ymin>
			<xmax>1166</xmax>
			<ymax>710</ymax>
		</bndbox>
	</object>
	<object>
		<difficult>0</difficult>
		<name>&amp;*@HUST_text</name>
		<bndbox>
			<xmin>1074</xmin>
			<ymin>565</ymin>
			<xmax>1186</xmax>
			<ymax>584</ymax>
		</bndbox>
	</object>
	<object>
		<difficult>0</difficult>
		<name>&amp;*@HUST_text</name>
		<bndbox>
			<xmin>1075</xmin>
			<ymin>543</ymin>
			<xmax>1186</xmax>
			<ymax>563</ymax>
		</bndbox>
	</object>
	<object>
		<difficult>0</difficult>
		<name>&amp;*@HUST_text</name>
		<bndbox>
			<xmin>1075</xmin>
			<ymin>523</ymin>
			<xmax>1180</xmax>
			<ymax>542</ymax>
		</bndbox>
	</object>
	<object>
		<difficult>0</difficult>
		<name>&amp;*@HUST_text</name>
		<bndbox>
			<xmin>1075</xmin>
			<ymin>502</ymin>
			<xmax>1180</xmax>
			<ymax>521</ymax>
		</bndbox>
	</object>
	<object>
		<difficult>0</difficult>
		<name>&amp;*@HUST_text</name>
		<bndbox>
			<xmin>1077</xmin>
			<ymin>355</ymin>
			<xmax>1181</xmax>
			<ymax>374</ymax>
		</bndbox>
	</object>
	<object>
		<difficult>0</difficult>
		<name>&amp;*@HUST_text</name>
		<bndbox>
			<xmin>1077</xmin>
			<ymin>334</ymin>
			<xmax>1180</xmax>
			<ymax>353</ymax>
		</bndbox>
	</object>
	<object>
		<difficult>0</difficult>
		<name>&amp;*@HUST_text</name>
		<bndbox>
			<xmin>1077</xmin>
			<ymin>313</ymin>
			<xmax>1181</xmax>
			<ymax>332</ymax>
		</bndbox>
	</object>
	<object>
		<difficult>0</difficult>
		<name>&amp;*@HUST_text</name>
		<bndbox>
			<xmin>1077</xmin>
			<ymin>292</ymin>
			<xmax>1180</xmax>
			<ymax>310</ymax>
		</bndbox>
	</object>
	<object>
		<difficult>0</difficult>
		<name>&amp;*@HUST_text</name>
		<bndbox>
			<xmin>1078</xmin>
			<ymin>187</ymin>
			<xmax>1176</xmax>
			<ymax>205</ymax>
		</bndbox>
	</object>
	<object>
		<difficult>0</difficult>
		<name>&amp;*@HUST_text</name>
		<bndbox>
			<xmin>1077</xmin>
			<ymin>165</ymin>
			<xmax>1142</xmax>
			<ymax>185</ymax>
		</bndbox>
	</object>
	<object>
		<difficult>0</difficult>
		<name>&amp;*@HUST_text</name>
		<bndbox>
			<xmin>1078</xmin>
			<ymin>145</ymin>
			<xmax>1142</xmax>
			<ymax>164</ymax>
		</bndbox>
	</object>
	<object>
		<difficult>0</difficult>
		<name>&amp;*@HUST_text</name>
		<bndbox>
			<xmin>1077</xmin>
			<ymin>124</ymin>
			<xmax>1142</xmax>
			<ymax>143</ymax>
		</bndbox>
	</object>
	<object>
		<difficult>0</difficult>
		<name>&amp;*@HUST_text</name>
		<bndbox>
			<xmin>1079</xmin>
			<ymin>40</ymin>
			<xmax>1178</xmax>
			<ymax>58</ymax>
		</bndbox>
	</object>
	<object>
		<difficult>0</difficult>
		<name>&amp;*@HUST_text</name>
		<bndbox>
			<xmin>1079</xmin>
			<ymin>19</ymin>
			<xmax>1177</xmax>
			<ymax>38</ymax>
		</bndbox>
	</object>
</annotation>