<annotation>
	<filename>图像 3611.png</filename>
	<size>
		<width>914</width>
		<height>408</height>
		<depth>3</depth>
	</size>
	<segmented>0</segmented>
	<object>
		<difficult>0</difficult>
		<name>&amp;*@HUST_text</name>
		<bndbox>
			<xmin>10</xmin>
			<ymin>1</ymin>
			<xmax>257</xmax>
			<ymax>38</ymax>
		</bndbox>
	</object>
	<object>
		<difficult>1</difficult>
		<name>&amp;*@HUST_special</name>
		<bndbox>
			<xmin>259</xmin>
			<ymin>0</ymin>
			<xmax>275</xmax>
			<ymax>39</ymax>
		</bndbox>
	</object>
	<object>
		<difficult>1</difficult>
		<name>&amp;*@HUST_special</name>
		<bndbox>
			<xmin>277</xmin>
			<ymin>3</ymin>
			<xmax>319</xmax>
			<ymax>38</ymax>
		</bndbox>
	</object>
	<object>
		<difficult>0</difficult>
		<name>&amp;*@HUST_text</name>
		<bndbox>
			<xmin>549</xmin>
			<ymin>1</ymin>
			<xmax>626</xmax>
			<ymax>18</ymax>
		</bndbox>
	</object>
	<object>
		<difficult>0</difficult>
		<name>&amp;*@HUST_text</name>
		<bndbox>
			<xmin>544</xmin>
			<ymin>20</ymin>
			<xmax>702</xmax>
			<ymax>38</ymax>
		</bndbox>
	</object>
	<object>
		<difficult>0</difficult>
		<name>&amp;*@HUST_text</name>
		<bndbox>
			<xmin>744</xmin>
			<ymin>2</ymin>
			<xmax>882</xmax>
			<ymax>38</ymax>
		</bndbox>
	</object>
	<object>
		<difficult>0</difficult>
		<name>&amp;*@HUST_text</name>
		<bndbox>
			<xmin>10</xmin>
			<ymin>42</ymin>
			<xmax>260</xmax>
			<ymax>84</ymax>
		</bndbox>
	</object>
	<object>
		<difficult>1</difficult>
		<name>&amp;*@HUST_special</name>
		<bndbox>
			<xmin>261</xmin>
			<ymin>42</ymin>
			<xmax>277</xmax>
			<ymax>84</ymax>
		</bndbox>
	</object>
	<object>
		<difficult>1</difficult>
		<name>&amp;*@HUST_special</name>
		<bndbox>
			<xmin>280</xmin>
			<ymin>44</ymin>
			<xmax>339</xmax>
			<ymax>83</ymax>
		</bndbox>
	</object>
	<object>
		<difficult>0</difficult>
		<name>&amp;*@HUST_text</name>
		<bndbox>
			<xmin>546</xmin>
			<ymin>41</ymin>
			<xmax>647</xmax>
			<ymax>65</ymax>
		</bndbox>
	</object>
	<object>
		<difficult>0</difficult>
		<name>&amp;*@HUST_text</name>
		<bndbox>
			<xmin>524</xmin>
			<ymin>67</ymin>
			<xmax>691</xmax>
			<ymax>83</ymax>
		</bndbox>
	</object>
	<object>
		<difficult>0</difficult>
		<name>&amp;*@HUST_text</name>
		<bndbox>
			<xmin>735</xmin>
			<ymin>42</ymin>
			<xmax>884</xmax>
			<ymax>81</ymax>
		</bndbox>
	</object>
	<object>
		<difficult>0</difficult>
		<name>&amp;*@HUST_text</name>
		<bndbox>
			<xmin>8</xmin>
			<ymin>88</ymin>
			<xmax>260</xmax>
			<ymax>127</ymax>
		</bndbox>
	</object>
	<object>
		<difficult>1</difficult>
		<name>&amp;*@HUST_special</name>
		<bndbox>
			<xmin>262</xmin>
			<ymin>89</ymin>
			<xmax>280</xmax>
			<ymax>128</ymax>
		</bndbox>
	</object>
	<object>
		<difficult>1</difficult>
		<name>&amp;*@HUST_special</name>
		<bndbox>
			<xmin>282</xmin>
			<ymin>92</ymin>
			<xmax>347</xmax>
			<ymax>128</ymax>
		</bndbox>
	</object>
	<object>
		<difficult>0</difficult>
		<name>&amp;*@HUST_text</name>
		<bndbox>
			<xmin>538</xmin>
			<ymin>86</ymin>
			<xmax>650</xmax>
			<ymax>107</ymax>
		</bndbox>
	</object>
	<object>
		<difficult>0</difficult>
		<name>&amp;*@HUST_text</name>
		<bndbox>
			<xmin>525</xmin>
			<ymin>109</ymin>
			<xmax>679</xmax>
			<ymax>126</ymax>
		</bndbox>
	</object>
	<object>
		<difficult>0</difficult>
		<name>&amp;*@HUST_text</name>
		<bndbox>
			<xmin>730</xmin>
			<ymin>88</ymin>
			<xmax>883</xmax>
			<ymax>125</ymax>
		</bndbox>
	</object>
	<object>
		<difficult>0</difficult>
		<name>&amp;*@HUST_text</name>
		<bndbox>
			<xmin>4</xmin>
			<ymin>132</ymin>
			<xmax>382</xmax>
			<ymax>172</ymax>
		</bndbox>
	</object>
	<object>
		<difficult>1</difficult>
		<name>&amp;*@HUST_special</name>
		<bndbox>
			<xmin>382</xmin>
			<ymin>132</ymin>
			<xmax>396</xmax>
			<ymax>172</ymax>
		</bndbox>
	</object>
	<object>
		<difficult>1</difficult>
		<name>&amp;*@HUST_special</name>
		<bndbox>
			<xmin>399</xmin>
			<ymin>134</ymin>
			<xmax>446</xmax>
			<ymax>172</ymax>
		</bndbox>
	</object>
	<object>
		<difficult>0</difficult>
		<name>&amp;*@HUST_text</name>
		<bndbox>
			<xmin>529</xmin>
			<ymin>131</ymin>
			<xmax>628</xmax>
			<ymax>152</ymax>
		</bndbox>
	</object>
	<object>
		<difficult>0</difficult>
		<name>&amp;*@HUST_text</name>
		<bndbox>
			<xmin>517</xmin>
			<ymin>154</ymin>
			<xmax>683</xmax>
			<ymax>173</ymax>
		</bndbox>
	</object>
	<object>
		<difficult>0</difficult>
		<name>&amp;*@HUST_text</name>
		<bndbox>
			<xmin>722</xmin>
			<ymin>135</ymin>
			<xmax>870</xmax>
			<ymax>174</ymax>
		</bndbox>
	</object>
	<object>
		<difficult>0</difficult>
		<name>&amp;*@HUST_text</name>
		<bndbox>
			<xmin>4</xmin>
			<ymin>179</ymin>
			<xmax>264</xmax>
			<ymax>218</ymax>
		</bndbox>
	</object>
	<object>
		<difficult>1</difficult>
		<name>&amp;*@HUST_special</name>
		<bndbox>
			<xmin>267</xmin>
			<ymin>178</ymin>
			<xmax>284</xmax>
			<ymax>220</ymax>
		</bndbox>
	</object>
	<object>
		<difficult>1</difficult>
		<name>&amp;*@HUST_special</name>
		<bndbox>
			<xmin>286</xmin>
			<ymin>179</ymin>
			<xmax>329</xmax>
			<ymax>219</ymax>
		</bndbox>
	</object>
	<object>
		<difficult>0</difficult>
		<name>&amp;*@HUST_text</name>
		<bndbox>
			<xmin>537</xmin>
			<ymin>176</ymin>
			<xmax>672</xmax>
			<ymax>199</ymax>
		</bndbox>
	</object>
	<object>
		<difficult>0</difficult>
		<name>&amp;*@HUST_text</name>
		<bndbox>
			<xmin>537</xmin>
			<ymin>201</ymin>
			<xmax>698</xmax>
			<ymax>218</ymax>
		</bndbox>
	</object>
	<object>
		<difficult>0</difficult>
		<name>&amp;*@HUST_text</name>
		<bndbox>
			<xmin>722</xmin>
			<ymin>176</ymin>
			<xmax>875</xmax>
			<ymax>218</ymax>
		</bndbox>
	</object>
	<object>
		<difficult>0</difficult>
		<name>&amp;*@HUST_text</name>
		<bndbox>
			<xmin>3</xmin>
			<ymin>222</ymin>
			<xmax>424</xmax>
			<ymax>262</ymax>
		</bndbox>
	</object>
	<object>
		<difficult>1</difficult>
		<name>&amp;*@HUST_special</name>
		<bndbox>
			<xmin>426</xmin>
			<ymin>223</ymin>
			<xmax>479</xmax>
			<ymax>263</ymax>
		</bndbox>
	</object>
	<object>
		<difficult>0</difficult>
		<name>&amp;*@HUST_text</name>
		<bndbox>
			<xmin>530</xmin>
			<ymin>221</ymin>
			<xmax>622</xmax>
			<ymax>243</ymax>
		</bndbox>
	</object>
	<object>
		<difficult>0</difficult>
		<name>&amp;*@HUST_text</name>
		<bndbox>
			<xmin>544</xmin>
			<ymin>246</ymin>
			<xmax>697</xmax>
			<ymax>262</ymax>
		</bndbox>
	</object>
	<object>
		<difficult>0</difficult>
		<name>&amp;*@HUST_text</name>
		<bndbox>
			<xmin>726</xmin>
			<ymin>222</ymin>
			<xmax>862</xmax>
			<ymax>262</ymax>
		</bndbox>
	</object>
	<object>
		<difficult>0</difficult>
		<name>&amp;*@HUST_text</name>
		<bndbox>
			<xmin>2</xmin>
			<ymin>266</ymin>
			<xmax>180</xmax>
			<ymax>308</ymax>
		</bndbox>
	</object>
	<object>
		<difficult>1</difficult>
		<name>&amp;*@HUST_special</name>
		<bndbox>
			<xmin>181</xmin>
			<ymin>264</ymin>
			<xmax>198</xmax>
			<ymax>307</ymax>
		</bndbox>
	</object>
	<object>
		<difficult>1</difficult>
		<name>&amp;*@HUST_special</name>
		<bndbox>
			<xmin>200</xmin>
			<ymin>265</ymin>
			<xmax>239</xmax>
			<ymax>306</ymax>
		</bndbox>
	</object>
	<object>
		<difficult>0</difficult>
		<name>&amp;*@HUST_text</name>
		<bndbox>
			<xmin>552</xmin>
			<ymin>265</ymin>
			<xmax>620</xmax>
			<ymax>287</ymax>
		</bndbox>
	</object>
	<object>
		<difficult>0</difficult>
		<name>&amp;*@HUST_text</name>
		<bndbox>
			<xmin>543</xmin>
			<ymin>289</ymin>
			<xmax>682</xmax>
			<ymax>308</ymax>
		</bndbox>
	</object>
	<object>
		<difficult>0</difficult>
		<name>&amp;*@HUST_text</name>
		<bndbox>
			<xmin>721</xmin>
			<ymin>268</ymin>
			<xmax>881</xmax>
			<ymax>308</ymax>
		</bndbox>
	</object>
	<object>
		<difficult>1</difficult>
		<name>&amp;*@HUST_special</name>
		<bndbox>
			<xmin>551</xmin>
			<ymin>341</ymin>
			<xmax>576</xmax>
			<ymax>368</ymax>
		</bndbox>
	</object>
	<object>
		<difficult>0</difficult>
		<name>&amp;*@HUST_text</name>
		<bndbox>
			<xmin>589</xmin>
			<ymin>343</ymin>
			<xmax>612</xmax>
			<ymax>368</ymax>
		</bndbox>
	</object>
	<object>
		<difficult>0</difficult>
		<name>&amp;*@HUST_text</name>
		<bndbox>
			<xmin>626</xmin>
			<ymin>344</ymin>
			<xmax>650</xmax>
			<ymax>369</ymax>
		</bndbox>
	</object>
	<object>
		<difficult>0</difficult>
		<name>&amp;*@HUST_text</name>
		<bndbox>
			<xmin>665</xmin>
			<ymin>344</ymin>
			<xmax>688</xmax>
			<ymax>370</ymax>
		</bndbox>
	</object>
	<object>
		<difficult>0</difficult>
		<name>&amp;*@HUST_text</name>
		<bndbox>
			<xmin>704</xmin>
			<ymin>344</ymin>
			<xmax>729</xmax>
			<ymax>367</ymax>
		</bndbox>
	</object>
	<object>
		<difficult>0</difficult>
		<name>&amp;*@HUST_text</name>
		<bndbox>
			<xmin>744</xmin>
			<ymin>344</ymin>
			<xmax>763</xmax>
			<ymax>367</ymax>
		</bndbox>
	</object>
	<object>
		<difficult>0</difficult>
		<name>&amp;*@HUST_text</name>
		<bndbox>
			<xmin>781</xmin>
			<ymin>344</ymin>
			<xmax>804</xmax>
			<ymax>368</ymax>
		</bndbox>
	</object>
	<object>
		<difficult>0</difficult>
		<name>&amp;*@HUST_text</name>
		<bndbox>
			<xmin>819</xmin>
			<ymin>344</ymin>
			<xmax>843</xmax>
			<ymax>369</ymax>
		</bndbox>
	</object>
	<object>
		<difficult>1</difficult>
		<name>&amp;*@HUST_special</name>
		<bndbox>
			<xmin>857</xmin>
			<ymin>344</ymin>
			<xmax>878</xmax>
			<ymax>368</ymax>
		</bndbox>
	</object>
</annotation>