<annotation>
	<filename>图像 3621.png</filename>
	<size>
		<width>1044</width>
		<height>840</height>
		<depth>3</depth>
	</size>
	<segmented>0</segmented>
	<object>
		<difficult>1</difficult>
		<name>&amp;*@HUST_special</name>
		<bndbox>
			<xmin>21</xmin>
			<ymin>7</ymin>
			<xmax>117</xmax>
			<ymax>104</ymax>
		</bndbox>
	</object>
	<object>
		<difficult>0</difficult>
		<name>&amp;*@HUST_text</name>
		<bndbox>
			<xmin>128</xmin>
			<ymin>34</ymin>
			<xmax>143</xmax>
			<ymax>48</ymax>
		</bndbox>
	</object>
	<object>
		<difficult>0</difficult>
		<name>&amp;*@HUST_text</name>
		<bndbox>
			<xmin>147</xmin>
			<ymin>21</ymin>
			<xmax>327</xmax>
			<ymax>54</ymax>
		</bndbox>
	</object>
	<object>
		<difficult>0</difficult>
		<name>&amp;*@HUST_text</name>
		<bndbox>
			<xmin>119</xmin>
			<ymin>55</ymin>
			<xmax>708</xmax>
			<ymax>70</ymax>
		</bndbox>
	</object>
	<object>
		<difficult>0</difficult>
		<name>&amp;*@HUST_text</name>
		<bndbox>
			<xmin>119</xmin>
			<ymin>70</ymin>
			<xmax>712</xmax>
			<ymax>89</ymax>
		</bndbox>
	</object>
	<object>
		<difficult>1</difficult>
		<name>&amp;*@HUST_special</name>
		<bndbox>
			<xmin>854</xmin>
			<ymin>0</ymin>
			<xmax>866</xmax>
			<ymax>18</ymax>
		</bndbox>
	</object>
	<object>
		<difficult>0</difficult>
		<name>&amp;*@HUST_text</name>
		<bndbox>
			<xmin>867</xmin>
			<ymin>0</ymin>
			<xmax>898</xmax>
			<ymax>17</ymax>
		</bndbox>
	</object>
	<object>
		<difficult>1</difficult>
		<name>&amp;*@HUST_special</name>
		<bndbox>
			<xmin>911</xmin>
			<ymin>1</ymin>
			<xmax>924</xmax>
			<ymax>17</ymax>
		</bndbox>
	</object>
	<object>
		<difficult>0</difficult>
		<name>&amp;*@HUST_text</name>
		<bndbox>
			<xmin>925</xmin>
			<ymin>0</ymin>
			<xmax>977</xmax>
			<ymax>17</ymax>
		</bndbox>
	</object>
	<object>
		<difficult>1</difficult>
		<name>&amp;*@HUST_special</name>
		<bndbox>
			<xmin>967</xmin>
			<ymin>115</ymin>
			<xmax>999</xmax>
			<ymax>137</ymax>
		</bndbox>
	</object>
	<object>
		<difficult>0</difficult>
		<name>&amp;*@HUST_text</name>
		<bndbox>
			<xmin>852</xmin>
			<ymin>115</ymin>
			<xmax>911</xmax>
			<ymax>136</ymax>
		</bndbox>
	</object>
	<object>
		<difficult>1</difficult>
		<name>&amp;*@HUST_special</name>
		<bndbox>
			<xmin>833</xmin>
			<ymin>115</ymin>
			<xmax>851</xmax>
			<ymax>136</ymax>
		</bndbox>
	</object>
	<object>
		<difficult>0</difficult>
		<name>&amp;*@HUST_text</name>
		<bndbox>
			<xmin>787</xmin>
			<ymin>115</ymin>
			<xmax>831</xmax>
			<ymax>136</ymax>
		</bndbox>
	</object>
	<object>
		<difficult>0</difficult>
		<name>&amp;*@HUST_text</name>
		<bndbox>
			<xmin>799</xmin>
			<ymin>152</ymin>
			<xmax>900</xmax>
			<ymax>174</ymax>
		</bndbox>
	</object>
	<object>
		<difficult>0</difficult>
		<name>&amp;*@HUST_text</name>
		<bndbox>
			<xmin>634</xmin>
			<ymin>112</ymin>
			<xmax>737</xmax>
			<ymax>139</ymax>
		</bndbox>
	</object>
	<object>
		<difficult>0</difficult>
		<name>&amp;*@HUST_text</name>
		<bndbox>
			<xmin>576</xmin>
			<ymin>111</ymin>
			<xmax>623</xmax>
			<ymax>139</ymax>
		</bndbox>
	</object>
	<object>
		<difficult>0</difficult>
		<name>&amp;*@HUST_text</name>
		<bndbox>
			<xmin>522</xmin>
			<ymin>112</ymin>
			<xmax>569</xmax>
			<ymax>139</ymax>
		</bndbox>
	</object>
	<object>
		<difficult>0</difficult>
		<name>&amp;*@HUST_text</name>
		<bndbox>
			<xmin>431</xmin>
			<ymin>112</ymin>
			<xmax>508</xmax>
			<ymax>137</ymax>
		</bndbox>
	</object>
	<object>
		<difficult>0</difficult>
		<name>&amp;*@HUST_text</name>
		<bndbox>
			<xmin>351</xmin>
			<ymin>112</ymin>
			<xmax>420</xmax>
			<ymax>138</ymax>
		</bndbox>
	</object>
	<object>
		<difficult>0</difficult>
		<name>&amp;*@HUST_text</name>
		<bndbox>
			<xmin>292</xmin>
			<ymin>111</ymin>
			<xmax>343</xmax>
			<ymax>138</ymax>
		</bndbox>
	</object>
	<object>
		<difficult>0</difficult>
		<name>&amp;*@HUST_text</name>
		<bndbox>
			<xmin>214</xmin>
			<ymin>112</ymin>
			<xmax>283</xmax>
			<ymax>139</ymax>
		</bndbox>
	</object>
	<object>
		<difficult>0</difficult>
		<name>&amp;*@HUST_text</name>
		<bndbox>
			<xmin>159</xmin>
			<ymin>111</ymin>
			<xmax>205</xmax>
			<ymax>139</ymax>
		</bndbox>
	</object>
	<object>
		<difficult>0</difficult>
		<name>&amp;*@HUST_text</name>
		<bndbox>
			<xmin>104</xmin>
			<ymin>111</ymin>
			<xmax>149</xmax>
			<ymax>139</ymax>
		</bndbox>
	</object>
	<object>
		<difficult>0</difficult>
		<name>&amp;*@HUST_text</name>
		<bndbox>
			<xmin>49</xmin>
			<ymin>112</ymin>
			<xmax>94</xmax>
			<ymax>139</ymax>
		</bndbox>
	</object>
	<object>
		<difficult>0</difficult>
		<name>&amp;*@HUST_text</name>
		<bndbox>
			<xmin>38</xmin>
			<ymin>152</ymin>
			<xmax>239</xmax>
			<ymax>193</ymax>
		</bndbox>
	</object>
	<object>
		<difficult>0</difficult>
		<name>&amp;*@HUST_text</name>
		<bndbox>
			<xmin>194</xmin>
			<ymin>193</ymin>
			<xmax>440</xmax>
			<ymax>220</ymax>
		</bndbox>
	</object>
	<object>
		<difficult>1</difficult>
		<name>&amp;*@HUST_special</name>
		<bndbox>
			<xmin>49</xmin>
			<ymin>227</ymin>
			<xmax>132</xmax>
			<ymax>282</ymax>
		</bndbox>
	</object>
	<object>
		<difficult>0</difficult>
		<name>&amp;*@HUST_text</name>
		<bndbox>
			<xmin>51</xmin>
			<ymin>284</ymin>
			<xmax>135</xmax>
			<ymax>300</ymax>
		</bndbox>
	</object>
	<object>
		<difficult>0</difficult>
		<name>&amp;*@HUST_text</name>
		<bndbox>
			<xmin>45</xmin>
			<ymin>301</ymin>
			<xmax>142</xmax>
			<ymax>324</ymax>
		</bndbox>
	</object>
	<object>
		<difficult>1</difficult>
		<name>&amp;*@HUST_special</name>
		<bndbox>
			<xmin>160</xmin>
			<ymin>240</ymin>
			<xmax>242</xmax>
			<ymax>296</ymax>
		</bndbox>
	</object>
	<object>
		<difficult>0</difficult>
		<name>&amp;*@HUST_text</name>
		<bndbox>
			<xmin>154</xmin>
			<ymin>302</ymin>
			<xmax>257</xmax>
			<ymax>320</ymax>
		</bndbox>
	</object>
	<object>
		<difficult>0</difficult>
		<name>&amp;*@HUST_text</name>
		<bndbox>
			<xmin>153</xmin>
			<ymin>321</ymin>
			<xmax>255</xmax>
			<ymax>344</ymax>
		</bndbox>
	</object>
	<object>
		<difficult>1</difficult>
		<name>&amp;*@HUST_special</name>
		<bndbox>
			<xmin>260</xmin>
			<ymin>240</ymin>
			<xmax>349</xmax>
			<ymax>295</ymax>
		</bndbox>
	</object>
	<object>
		<difficult>0</difficult>
		<name>&amp;*@HUST_text</name>
		<bndbox>
			<xmin>268</xmin>
			<ymin>300</ymin>
			<xmax>341</xmax>
			<ymax>319</ymax>
		</bndbox>
	</object>
	<object>
		<difficult>0</difficult>
		<name>&amp;*@HUST_text</name>
		<bndbox>
			<xmin>261</xmin>
			<ymin>320</ymin>
			<xmax>356</xmax>
			<ymax>343</ymax>
		</bndbox>
	</object>
	<object>
		<difficult>1</difficult>
		<name>&amp;*@HUST_special</name>
		<bndbox>
			<xmin>367</xmin>
			<ymin>237</ymin>
			<xmax>462</xmax>
			<ymax>283</ymax>
		</bndbox>
	</object>
	<object>
		<difficult>0</difficult>
		<name>&amp;*@HUST_text</name>
		<bndbox>
			<xmin>372</xmin>
			<ymin>284</ymin>
			<xmax>450</xmax>
			<ymax>300</ymax>
		</bndbox>
	</object>
	<object>
		<difficult>0</difficult>
		<name>&amp;*@HUST_text</name>
		<bndbox>
			<xmin>359</xmin>
			<ymin>301</ymin>
			<xmax>474</xmax>
			<ymax>323</ymax>
		</bndbox>
	</object>
	<object>
		<difficult>0</difficult>
		<name>&amp;*@HUST_text</name>
		<bndbox>
			<xmin>490</xmin>
			<ymin>195</ymin>
			<xmax>664</xmax>
			<ymax>230</ymax>
		</bndbox>
	</object>
	<object>
		<difficult>0</difficult>
		<name>&amp;*@HUST_text</name>
		<bndbox>
			<xmin>524</xmin>
			<ymin>237</ymin>
			<xmax>757</xmax>
			<ymax>267</ymax>
		</bndbox>
	</object>
	<object>
		<difficult>0</difficult>
		<name>&amp;*@HUST_text</name>
		<bndbox>
			<xmin>563</xmin>
			<ymin>270</ymin>
			<xmax>741</xmax>
			<ymax>300</ymax>
		</bndbox>
	</object>
	<object>
		<difficult>1</difficult>
		<name>&amp;*@HUST_special</name>
		<bndbox>
			<xmin>495</xmin>
			<ymin>235</ymin>
			<xmax>523</xmax>
			<ymax>267</ymax>
		</bndbox>
	</object>
	<object>
		<difficult>1</difficult>
		<name>&amp;*@HUST_special</name>
		<bndbox>
			<xmin>533</xmin>
			<ymin>270</ymin>
			<xmax>562</xmax>
			<ymax>301</ymax>
		</bndbox>
	</object>
	<object>
		<difficult>1</difficult>
		<name>&amp;*@HUST_special</name>
		<bndbox>
			<xmin>494</xmin>
			<ymin>304</ymin>
			<xmax>524</xmax>
			<ymax>342</ymax>
		</bndbox>
	</object>
	<object>
		<difficult>0</difficult>
		<name>&amp;*@HUST_text</name>
		<bndbox>
			<xmin>526</xmin>
			<ymin>304</ymin>
			<xmax>768</xmax>
			<ymax>327</ymax>
		</bndbox>
	</object>
	<object>
		<difficult>0</difficult>
		<name>&amp;*@HUST_text</name>
		<bndbox>
			<xmin>693</xmin>
			<ymin>323</ymin>
			<xmax>707</xmax>
			<ymax>339</ymax>
		</bndbox>
	</object>
	<object>
		<difficult>0</difficult>
		<name>&amp;*@HUST_text</name>
		<bndbox>
			<xmin>715</xmin>
			<ymin>323</ymin>
			<xmax>730</xmax>
			<ymax>339</ymax>
		</bndbox>
	</object>
	<object>
		<difficult>0</difficult>
		<name>&amp;*@HUST_text</name>
		<bndbox>
			<xmin>739</xmin>
			<ymin>324</ymin>
			<xmax>754</xmax>
			<ymax>339</ymax>
		</bndbox>
	</object>
	<object>
		<difficult>0</difficult>
		<name>&amp;*@HUST_text</name>
		<bndbox>
			<xmin>762</xmin>
			<ymin>323</ymin>
			<xmax>777</xmax>
			<ymax>339</ymax>
		</bndbox>
	</object>
	<object>
		<difficult>0</difficult>
		<name>&amp;*@HUST_text</name>
		<bndbox>
			<xmin>845</xmin>
			<ymin>223</ymin>
			<xmax>1005</xmax>
			<ymax>244</ymax>
		</bndbox>
	</object>
	<object>
		<difficult>0</difficult>
		<name>&amp;*@HUST_text</name>
		<bndbox>
			<xmin>848</xmin>
			<ymin>244</ymin>
			<xmax>973</xmax>
			<ymax>265</ymax>
		</bndbox>
	</object>
	<object>
		<difficult>0</difficult>
		<name>&amp;*@HUST_text</name>
		<bndbox>
			<xmin>798</xmin>
			<ymin>299</ymin>
			<xmax>879</xmax>
			<ymax>319</ymax>
		</bndbox>
	</object>
	<object>
		<difficult>1</difficult>
		<name>&amp;*@HUST_special</name>
		<bndbox>
			<xmin>800</xmin>
			<ymin>329</ymin>
			<xmax>886</xmax>
			<ymax>412</ymax>
		</bndbox>
	</object>
	<object>
		<difficult>0</difficult>
		<name>&amp;*@HUST_text</name>
		<bndbox>
			<xmin>893</xmin>
			<ymin>325</ymin>
			<xmax>1002</xmax>
			<ymax>366</ymax>
		</bndbox>
	</object>
	<object>
		<difficult>0</difficult>
		<name>&amp;*@HUST_text</name>
		<bndbox>
			<xmin>893</xmin>
			<ymin>368</ymin>
			<xmax>1002</xmax>
			<ymax>410</ymax>
		</bndbox>
	</object>
	<object>
		<difficult>0</difficult>
		<name>&amp;*@HUST_text</name>
		<bndbox>
			<xmin>799</xmin>
			<ymin>433</ymin>
			<xmax>881</xmax>
			<ymax>455</ymax>
		</bndbox>
	</object>
	<object>
		<difficult>1</difficult>
		<name>&amp;*@HUST_special</name>
		<bndbox>
			<xmin>799</xmin>
			<ymin>460</ymin>
			<xmax>991</xmax>
			<ymax>523</ymax>
		</bndbox>
	</object>
	<object>
		<difficult>0</difficult>
		<name>&amp;*@HUST_text</name>
		<bndbox>
			<xmin>809</xmin>
			<ymin>524</ymin>
			<xmax>861</xmax>
			<ymax>544</ymax>
		</bndbox>
	</object>
	<object>
		<difficult>0</difficult>
		<name>&amp;*@HUST_text</name>
		<bndbox>
			<xmin>873</xmin>
			<ymin>524</ymin>
			<xmax>922</xmax>
			<ymax>544</ymax>
		</bndbox>
	</object>
	<object>
		<difficult>0</difficult>
		<name>&amp;*@HUST_text</name>
		<bndbox>
			<xmin>932</xmin>
			<ymin>524</ymin>
			<xmax>992</xmax>
			<ymax>544</ymax>
		</bndbox>
	</object>
	<object>
		<difficult>1</difficult>
		<name>&amp;*@HUST_special</name>
		<bndbox>
			<xmin>802</xmin>
			<ymin>545</ymin>
			<xmax>998</xmax>
			<ymax>603</ymax>
		</bndbox>
	</object>
	<object>
		<difficult>0</difficult>
		<name>&amp;*@HUST_text</name>
		<bndbox>
			<xmin>813</xmin>
			<ymin>604</ymin>
			<xmax>861</xmax>
			<ymax>626</ymax>
		</bndbox>
	</object>
	<object>
		<difficult>0</difficult>
		<name>&amp;*@HUST_text</name>
		<bndbox>
			<xmin>873</xmin>
			<ymin>604</ymin>
			<xmax>920</xmax>
			<ymax>626</ymax>
		</bndbox>
	</object>
	<object>
		<difficult>0</difficult>
		<name>&amp;*@HUST_text</name>
		<bndbox>
			<xmin>929</xmin>
			<ymin>604</ymin>
			<xmax>993</xmax>
			<ymax>626</ymax>
		</bndbox>
	</object>
	<object>
		<difficult>0</difficult>
		<name>&amp;*@HUST_text</name>
		<bndbox>
			<xmin>35</xmin>
			<ymin>364</ymin>
			<xmax>97</xmax>
			<ymax>389</ymax>
		</bndbox>
	</object>
	<object>
		<difficult>0</difficult>
		<name>&amp;*@HUST_text</name>
		<bndbox>
			<xmin>111</xmin>
			<ymin>363</ymin>
			<xmax>172</xmax>
			<ymax>387</ymax>
		</bndbox>
	</object>
	<object>
		<difficult>0</difficult>
		<name>&amp;*@HUST_text</name>
		<bndbox>
			<xmin>186</xmin>
			<ymin>363</ymin>
			<xmax>246</xmax>
			<ymax>386</ymax>
		</bndbox>
	</object>
	<object>
		<difficult>0</difficult>
		<name>&amp;*@HUST_text</name>
		<bndbox>
			<xmin>35</xmin>
			<ymin>407</ymin>
			<xmax>143</xmax>
			<ymax>441</ymax>
		</bndbox>
	</object>
	<object>
		<difficult>0</difficult>
		<name>&amp;*@HUST_text</name>
		<bndbox>
			<xmin>50</xmin>
			<ymin>453</ymin>
			<xmax>475</xmax>
			<ymax>479</ymax>
		</bndbox>
	</object>
	<object>
		<difficult>0</difficult>
		<name>&amp;*@HUST_text</name>
		<bndbox>
			<xmin>39</xmin>
			<ymin>493</ymin>
			<xmax>781</xmax>
			<ymax>518</ymax>
		</bndbox>
	</object>
	<object>
		<difficult>0</difficult>
		<name>&amp;*@HUST_text</name>
		<bndbox>
			<xmin>39</xmin>
			<ymin>519</ymin>
			<xmax>781</xmax>
			<ymax>539</ymax>
		</bndbox>
	</object>
	<object>
		<difficult>0</difficult>
		<name>&amp;*@HUST_text</name>
		<bndbox>
			<xmin>39</xmin>
			<ymin>540</ymin>
			<xmax>313</xmax>
			<ymax>566</ymax>
		</bndbox>
	</object>
	<object>
		<difficult>0</difficult>
		<name>&amp;*@HUST_text</name>
		<bndbox>
			<xmin>38</xmin>
			<ymin>572</ymin>
			<xmax>335</xmax>
			<ymax>607</ymax>
		</bndbox>
	</object>
	<object>
		<difficult>0</difficult>
		<name>&amp;*@HUST_text</name>
		<bndbox>
			<xmin>61</xmin>
			<ymin>613</ymin>
			<xmax>266</xmax>
			<ymax>637</ymax>
		</bndbox>
	</object>
	<object>
		<difficult>0</difficult>
		<name>&amp;*@HUST_text</name>
		<bndbox>
			<xmin>62</xmin>
			<ymin>638</ymin>
			<xmax>218</xmax>
			<ymax>659</ymax>
		</bndbox>
	</object>
	<object>
		<difficult>0</difficult>
		<name>&amp;*@HUST_text</name>
		<bndbox>
			<xmin>62</xmin>
			<ymin>660</ymin>
			<xmax>269</xmax>
			<ymax>684</ymax>
		</bndbox>
	</object>
	<object>
		<difficult>0</difficult>
		<name>&amp;*@HUST_text</name>
		<bndbox>
			<xmin>29</xmin>
			<ymin>713</ymin>
			<xmax>123</xmax>
			<ymax>734</ymax>
		</bndbox>
	</object>
	<object>
		<difficult>0</difficult>
		<name>&amp;*@HUST_text</name>
		<bndbox>
			<xmin>57</xmin>
			<ymin>747</ymin>
			<xmax>159</xmax>
			<ymax>769</ymax>
		</bndbox>
	</object>
	<object>
		<difficult>0</difficult>
		<name>&amp;*@HUST_text</name>
		<bndbox>
			<xmin>57</xmin>
			<ymin>769</ymin>
			<xmax>203</xmax>
			<ymax>792</ymax>
		</bndbox>
	</object>
	<object>
		<difficult>0</difficult>
		<name>&amp;*@HUST_text</name>
		<bndbox>
			<xmin>57</xmin>
			<ymin>793</ymin>
			<xmax>132</xmax>
			<ymax>813</ymax>
		</bndbox>
	</object>
	<object>
		<difficult>0</difficult>
		<name>&amp;*@HUST_text</name>
		<bndbox>
			<xmin>58</xmin>
			<ymin>814</ymin>
			<xmax>181</xmax>
			<ymax>836</ymax>
		</bndbox>
	</object>
	<object>
		<difficult>0</difficult>
		<name>&amp;*@HUST_text</name>
		<bndbox>
			<xmin>44</xmin>
			<ymin>754</ymin>
			<xmax>53</xmax>
			<ymax>764</ymax>
		</bndbox>
	</object>
	<object>
		<difficult>0</difficult>
		<name>&amp;*@HUST_text</name>
		<bndbox>
			<xmin>43</xmin>
			<ymin>775</ymin>
			<xmax>53</xmax>
			<ymax>786</ymax>
		</bndbox>
	</object>
	<object>
		<difficult>0</difficult>
		<name>&amp;*@HUST_text</name>
		<bndbox>
			<xmin>43</xmin>
			<ymin>798</ymin>
			<xmax>53</xmax>
			<ymax>808</ymax>
		</bndbox>
	</object>
	<object>
		<difficult>0</difficult>
		<name>&amp;*@HUST_text</name>
		<bndbox>
			<xmin>43</xmin>
			<ymin>820</ymin>
			<xmax>53</xmax>
			<ymax>830</ymax>
		</bndbox>
	</object>
	<object>
		<difficult>0</difficult>
		<name>&amp;*@HUST_text</name>
		<bndbox>
			<xmin>726</xmin>
			<ymin>713</ymin>
			<xmax>784</xmax>
			<ymax>735</ymax>
		</bndbox>
	</object>
</annotation>