<annotation>
	<filename>图像 5111.png</filename>
	<size>
		<width>204</width>
		<height>96</height>
		<depth>3</depth>
	</size>
	<segmented>0</segmented>
	<object>
		<difficult>0</difficult>
		<name>&amp;*@HUST_text</name>
		<bndbox>
			<xmin>0</xmin>
			<ymin>1</ymin>
			<xmax>197</xmax>
			<ymax>26</ymax>
		</bndbox>
	</object>
	<object>
		<difficult>0</difficult>
		<name>&amp;*@HUST_text</name>
		<bndbox>
			<xmin>0</xmin>
			<ymin>28</ymin>
			<xmax>196</xmax>
			<ymax>62</ymax>
		</bndbox>
	</object>
	<object>
		<difficult>0</difficult>
		<name>&amp;*@HUST_text</name>
		<bndbox>
			<xmin>1</xmin>
			<ymin>63</ymin>
			<xmax>198</xmax>
			<ymax>91</ymax>
		</bndbox>
	</object>
	<object>
		<difficult>1</difficult>
		<name>&amp;*@HUST_shelter</name>
		<bndbox>
			<xmin>199</xmin>
			<ymin>0</ymin>
			<xmax>204</xmax>
			<ymax>66</ymax>
		</bndbox>
	</object>
	<object>
		<difficult>1</difficult>
		<name>&amp;*@HUST_shelter</name>
		<bndbox>
			<xmin>21</xmin>
			<ymin>94</ymin>
			<xmax>161</xmax>
			<ymax>95</ymax>
		</bndbox>
	</object>
</annotation>