<annotation>
	<filename>图像 5061.png</filename>
	<size>
		<width>206</width>
		<height>101</height>
		<depth>3</depth>
	</size>
	<segmented>0</segmented>
	<object>
		<difficult>0</difficult>
		<name>&amp;*@HUST_text</name>
		<bndbox>
			<xmin>6</xmin>
			<ymin>2</ymin>
			<xmax>91</xmax>
			<ymax>30</ymax>
		</bndbox>
	</object>
	<object>
		<difficult>0</difficult>
		<name>&amp;*@HUST_text</name>
		<bndbox>
			<xmin>7</xmin>
			<ymin>32</ymin>
			<xmax>115</xmax>
			<ymax>63</ymax>
		</bndbox>
	</object>
	<object>
		<difficult>0</difficult>
		<name>&amp;*@HUST_text</name>
		<bndbox>
			<xmin>7</xmin>
			<ymin>64</ymin>
			<xmax>115</xmax>
			<ymax>91</ymax>
		</bndbox>
	</object>
</annotation>