<annotation>
	<filename>图像 3871.png</filename>
	<size>
		<width>941</width>
		<height>642</height>
		<depth>3</depth>
	</size>
	<segmented>0</segmented>
	<object>
		<difficult>0</difficult>
		<name>&amp;*@HUST_text</name>
		<bndbox>
			<xmin>0</xmin>
			<ymin>8</ymin>
			<xmax>153</xmax>
			<ymax>66</ymax>
		</bndbox>
	</object>
	<object>
		<difficult>0</difficult>
		<name>&amp;*@HUST_text</name>
		<bndbox>
			<xmin>15</xmin>
			<ymin>80</ymin>
			<xmax>104</xmax>
			<ymax>118</ymax>
		</bndbox>
	</object>
	<object>
		<difficult>0</difficult>
		<name>&amp;*@HUST_text</name>
		<bndbox>
			<xmin>112</xmin>
			<ymin>80</ymin>
			<xmax>203</xmax>
			<ymax>117</ymax>
		</bndbox>
	</object>
	<object>
		<difficult>1</difficult>
		<name>&amp;*@HUST_special</name>
		<bndbox>
			<xmin>61</xmin>
			<ymin>132</ymin>
			<xmax>75</xmax>
			<ymax>166</ymax>
		</bndbox>
	</object>
	<object>
		<difficult>1</difficult>
		<name>&amp;*@HUST_special</name>
		<bndbox>
			<xmin>34</xmin>
			<ymin>177</ymin>
			<xmax>47</xmax>
			<ymax>215</ymax>
		</bndbox>
	</object>
	<object>
		<difficult>0</difficult>
		<name>&amp;*@HUST_text</name>
		<bndbox>
			<xmin>76</xmin>
			<ymin>132</ymin>
			<xmax>130</xmax>
			<ymax>167</ymax>
		</bndbox>
	</object>
	<object>
		<difficult>0</difficult>
		<name>&amp;*@HUST_text</name>
		<bndbox>
			<xmin>136</xmin>
			<ymin>137</ymin>
			<xmax>455</xmax>
			<ymax>162</ymax>
		</bndbox>
	</object>
	<object>
		<difficult>1</difficult>
		<name>&amp;*@HUST_special</name>
		<bndbox>
			<xmin>890</xmin>
			<ymin>9</ymin>
			<xmax>939</xmax>
			<ymax>58</ymax>
		</bndbox>
	</object>
	<object>
		<difficult>1</difficult>
		<name>&amp;*@HUST_special</name>
		<bndbox>
			<xmin>880</xmin>
			<ymin>137</ymin>
			<xmax>920</xmax>
			<ymax>162</ymax>
		</bndbox>
	</object>
	<object>
		<difficult>0</difficult>
		<name>&amp;*@HUST_text</name>
		<bndbox>
			<xmin>48</xmin>
			<ymin>177</ymin>
			<xmax>131</xmax>
			<ymax>216</ymax>
		</bndbox>
	</object>
	<object>
		<difficult>0</difficult>
		<name>&amp;*@HUST_text</name>
		<bndbox>
			<xmin>135</xmin>
			<ymin>184</ymin>
			<xmax>294</xmax>
			<ymax>209</ymax>
		</bndbox>
	</object>
	<object>
		<difficult>1</difficult>
		<name>&amp;*@HUST_special</name>
		<bndbox>
			<xmin>318</xmin>
			<ymin>178</ymin>
			<xmax>332</xmax>
			<ymax>215</ymax>
		</bndbox>
	</object>
	<object>
		<difficult>0</difficult>
		<name>&amp;*@HUST_text</name>
		<bndbox>
			<xmin>333</xmin>
			<ymin>178</ymin>
			<xmax>402</xmax>
			<ymax>215</ymax>
		</bndbox>
	</object>
	<object>
		<difficult>0</difficult>
		<name>&amp;*@HUST_text</name>
		<bndbox>
			<xmin>407</xmin>
			<ymin>183</ymin>
			<xmax>480</xmax>
			<ymax>209</ymax>
		</bndbox>
	</object>
	<object>
		<difficult>1</difficult>
		<name>&amp;*@HUST_special</name>
		<bndbox>
			<xmin>600</xmin>
			<ymin>177</ymin>
			<xmax>618</xmax>
			<ymax>215</ymax>
		</bndbox>
	</object>
	<object>
		<difficult>0</difficult>
		<name>&amp;*@HUST_text</name>
		<bndbox>
			<xmin>619</xmin>
			<ymin>177</ymin>
			<xmax>675</xmax>
			<ymax>215</ymax>
		</bndbox>
	</object>
	<object>
		<difficult>0</difficult>
		<name>&amp;*@HUST_text</name>
		<bndbox>
			<xmin>680</xmin>
			<ymin>184</ymin>
			<xmax>783</xmax>
			<ymax>209</ymax>
		</bndbox>
	</object>
	<object>
		<difficult>0</difficult>
		<name>&amp;*@HUST_text</name>
		<bndbox>
			<xmin>38</xmin>
			<ymin>222</ymin>
			<xmax>131</xmax>
			<ymax>264</ymax>
		</bndbox>
	</object>
	<object>
		<difficult>0</difficult>
		<name>&amp;*@HUST_text</name>
		<bndbox>
			<xmin>324</xmin>
			<ymin>221</ymin>
			<xmax>402</xmax>
			<ymax>267</ymax>
		</bndbox>
	</object>
	<object>
		<difficult>0</difficult>
		<name>&amp;*@HUST_text</name>
		<bndbox>
			<xmin>408</xmin>
			<ymin>231</ymin>
			<xmax>483</xmax>
			<ymax>256</ymax>
		</bndbox>
	</object>
	<object>
		<difficult>0</difficult>
		<name>&amp;*@HUST_text</name>
		<bndbox>
			<xmin>609</xmin>
			<ymin>221</ymin>
			<xmax>675</xmax>
			<ymax>266</ymax>
		</bndbox>
	</object>
	<object>
		<difficult>0</difficult>
		<name>&amp;*@HUST_text</name>
		<bndbox>
			<xmin>679</xmin>
			<ymin>231</ymin>
			<xmax>783</xmax>
			<ymax>256</ymax>
		</bndbox>
	</object>
	<object>
		<difficult>1</difficult>
		<name>&amp;*@HUST_special</name>
		<bndbox>
			<xmin>32</xmin>
			<ymin>272</ymin>
			<xmax>47</xmax>
			<ymax>310</ymax>
		</bndbox>
	</object>
	<object>
		<difficult>0</difficult>
		<name>&amp;*@HUST_text</name>
		<bndbox>
			<xmin>48</xmin>
			<ymin>272</ymin>
			<xmax>131</xmax>
			<ymax>310</ymax>
		</bndbox>
	</object>
	<object>
		<difficult>0</difficult>
		<name>&amp;*@HUST_text</name>
		<bndbox>
			<xmin>76</xmin>
			<ymin>319</ymin>
			<xmax>131</xmax>
			<ymax>356</ymax>
		</bndbox>
	</object>
	<object>
		<difficult>1</difficult>
		<name>&amp;*@HUST_special</name>
		<bndbox>
			<xmin>59</xmin>
			<ymin>319</ymin>
			<xmax>75</xmax>
			<ymax>356</ymax>
		</bndbox>
	</object>
	<object>
		<difficult>0</difficult>
		<name>&amp;*@HUST_text</name>
		<bndbox>
			<xmin>34</xmin>
			<ymin>366</ymin>
			<xmax>131</xmax>
			<ymax>404</ymax>
		</bndbox>
	</object>
	<object>
		<difficult>1</difficult>
		<name>&amp;*@HUST_special</name>
		<bndbox>
			<xmin>17</xmin>
			<ymin>366</ymin>
			<xmax>33</xmax>
			<ymax>404</ymax>
		</bndbox>
	</object>
	<object>
		<difficult>0</difficult>
		<name>&amp;*@HUST_text</name>
		<bndbox>
			<xmin>33</xmin>
			<ymin>411</ymin>
			<xmax>131</xmax>
			<ymax>450</ymax>
		</bndbox>
	</object>
	<object>
		<difficult>1</difficult>
		<name>&amp;*@HUST_special</name>
		<bndbox>
			<xmin>16</xmin>
			<ymin>411</ymin>
			<xmax>33</xmax>
			<ymax>450</ymax>
		</bndbox>
	</object>
	<object>
		<difficult>0</difficult>
		<name>&amp;*@HUST_text</name>
		<bndbox>
			<xmin>36</xmin>
			<ymin>455</ymin>
			<xmax>130</xmax>
			<ymax>499</ymax>
		</bndbox>
	</object>
	<object>
		<difficult>0</difficult>
		<name>&amp;*@HUST_text</name>
		<bndbox>
			<xmin>136</xmin>
			<ymin>278</ymin>
			<xmax>351</xmax>
			<ymax>302</ymax>
		</bndbox>
	</object>
	<object>
		<difficult>0</difficult>
		<name>&amp;*@HUST_text</name>
		<bndbox>
			<xmin>135</xmin>
			<ymin>325</ymin>
			<xmax>192</xmax>
			<ymax>350</ymax>
		</bndbox>
	</object>
	<object>
		<difficult>1</difficult>
		<name>&amp;*@HUST_special</name>
		<bndbox>
			<xmin>290</xmin>
			<ymin>324</ymin>
			<xmax>322</xmax>
			<ymax>350</ymax>
		</bndbox>
	</object>
	<object>
		<difficult>0</difficult>
		<name>&amp;*@HUST_text</name>
		<bndbox>
			<xmin>135</xmin>
			<ymin>372</ymin>
			<xmax>235</xmax>
			<ymax>396</ymax>
		</bndbox>
	</object>
	<object>
		<difficult>1</difficult>
		<name>&amp;*@HUST_special</name>
		<bndbox>
			<xmin>135</xmin>
			<ymin>418</ymin>
			<xmax>165</xmax>
			<ymax>442</ymax>
		</bndbox>
	</object>
	<object>
		<difficult>0</difficult>
		<name>&amp;*@HUST_text</name>
		<bndbox>
			<xmin>184</xmin>
			<ymin>418</ymin>
			<xmax>276</xmax>
			<ymax>443</ymax>
		</bndbox>
	</object>
	<object>
		<difficult>0</difficult>
		<name>&amp;*@HUST_text</name>
		<bndbox>
			<xmin>282</xmin>
			<ymin>418</ymin>
			<xmax>327</xmax>
			<ymax>443</ymax>
		</bndbox>
	</object>
	<object>
		<difficult>0</difficult>
		<name>&amp;*@HUST_text</name>
		<bndbox>
			<xmin>334</xmin>
			<ymin>417</ymin>
			<xmax>445</xmax>
			<ymax>443</ymax>
		</bndbox>
	</object>
	<object>
		<difficult>0</difficult>
		<name>&amp;*@HUST_text</name>
		<bndbox>
			<xmin>335</xmin>
			<ymin>362</ymin>
			<xmax>433</xmax>
			<ymax>405</ymax>
		</bndbox>
	</object>
	<object>
		<difficult>1</difficult>
		<name>&amp;*@HUST_special</name>
		<bndbox>
			<xmin>316</xmin>
			<ymin>362</ymin>
			<xmax>334</xmax>
			<ymax>405</ymax>
		</bndbox>
	</object>
	<object>
		<difficult>0</difficult>
		<name>&amp;*@HUST_text</name>
		<bndbox>
			<xmin>438</xmin>
			<ymin>372</ymin>
			<xmax>544</xmax>
			<ymax>397</ymax>
		</bndbox>
	</object>
	<object>
		<difficult>0</difficult>
		<name>&amp;*@HUST_text</name>
		<bndbox>
			<xmin>135</xmin>
			<ymin>464</ymin>
			<xmax>623</xmax>
			<ymax>496</ymax>
		</bndbox>
	</object>
	<object>
		<difficult>0</difficult>
		<name>&amp;*@HUST_text</name>
		<bndbox>
			<xmin>36</xmin>
			<ymin>521</ymin>
			<xmax>130</xmax>
			<ymax>567</ymax>
		</bndbox>
	</object>
	<object>
		<difficult>0</difficult>
		<name>&amp;*@HUST_text</name>
		<bndbox>
			<xmin>133</xmin>
			<ymin>530</ymin>
			<xmax>165</xmax>
			<ymax>567</ymax>
		</bndbox>
	</object>
	<object>
		<difficult>1</difficult>
		<name>&amp;*@HUST_special</name>
		<bndbox>
			<xmin>225</xmin>
			<ymin>530</ymin>
			<xmax>240</xmax>
			<ymax>567</ymax>
		</bndbox>
	</object>
	<object>
		<difficult>0</difficult>
		<name>&amp;*@HUST_text</name>
		<bndbox>
			<xmin>241</xmin>
			<ymin>530</ymin>
			<xmax>271</xmax>
			<ymax>567</ymax>
		</bndbox>
	</object>
	<object>
		<difficult>0</difficult>
		<name>&amp;*@HUST_text</name>
		<bndbox>
			<xmin>310</xmin>
			<ymin>530</ymin>
			<xmax>337</xmax>
			<ymax>551</ymax>
		</bndbox>
	</object>
	<object>
		<difficult>1</difficult>
		<name>&amp;*@HUST_special</name>
		<bndbox>
			<xmin>311</xmin>
			<ymin>551</ymin>
			<xmax>337</xmax>
			<ymax>560</ymax>
		</bndbox>
	</object>
	<object>
		<difficult>1</difficult>
		<name>&amp;*@HUST_special</name>
		<bndbox>
			<xmin>586</xmin>
			<ymin>530</ymin>
			<xmax>842</xmax>
			<ymax>567</ymax>
		</bndbox>
	</object>
	<object>
		<difficult>0</difficult>
		<name>&amp;*@HUST_text</name>
		<bndbox>
			<xmin>279</xmin>
			<ymin>530</ymin>
			<xmax>308</xmax>
			<ymax>567</ymax>
		</bndbox>
	</object>
	<object>
		<difficult>1</difficult>
		<name>&amp;*@HUST_special</name>
		<bndbox>
			<xmin>907</xmin>
			<ymin>569</ymin>
			<xmax>921</xmax>
			<ymax>585</ymax>
		</bndbox>
	</object>
	<object>
		<difficult>1</difficult>
		<name>&amp;*@HUST_special</name>
		<bndbox>
			<xmin>906</xmin>
			<ymin>489</ymin>
			<xmax>921</xmax>
			<ymax>509</ymax>
		</bndbox>
	</object>
	<object>
		<difficult>0</difficult>
		<name>&amp;*@HUST_text</name>
		<bndbox>
			<xmin>170</xmin>
			<ymin>530</ymin>
			<xmax>200</xmax>
			<ymax>567</ymax>
		</bndbox>
	</object>
	<object>
		<difficult>0</difficult>
		<name>&amp;*@HUST_text</name>
		<bndbox>
			<xmin>203</xmin>
			<ymin>530</ymin>
			<xmax>224</xmax>
			<ymax>567</ymax>
		</bndbox>
	</object>
	<object>
		<difficult>0</difficult>
		<name>&amp;*@HUST_text</name>
		<bndbox>
			<xmin>341</xmin>
			<ymin>530</ymin>
			<xmax>371</xmax>
			<ymax>567</ymax>
		</bndbox>
	</object>
	<object>
		<difficult>1</difficult>
		<name>&amp;*@HUST_special</name>
		<bndbox>
			<xmin>373</xmin>
			<ymin>531</ymin>
			<xmax>542</xmax>
			<ymax>567</ymax>
		</bndbox>
	</object>
	<object>
		<difficult>0</difficult>
		<name>&amp;*@HUST_text</name>
		<bndbox>
			<xmin>544</xmin>
			<ymin>530</ymin>
			<xmax>583</xmax>
			<ymax>567</ymax>
		</bndbox>
	</object>
</annotation>