<annotation>
	<filename>图像 3921.png</filename>
	<size>
		<width>839</width>
		<height>576</height>
		<depth>3</depth>
	</size>
	<segmented>0</segmented>
	<object>
		<difficult>1</difficult>
		<name>&amp;*@HUST_special</name>
		<bndbox>
			<xmin>37</xmin>
			<ymin>3</ymin>
			<xmax>52</xmax>
			<ymax>37</ymax>
		</bndbox>
	</object>
	<object>
		<difficult>0</difficult>
		<name>&amp;*@HUST_text</name>
		<bndbox>
			<xmin>53</xmin>
			<ymin>2</ymin>
			<xmax>107</xmax>
			<ymax>37</ymax>
		</bndbox>
	</object>
	<object>
		<difficult>1</difficult>
		<name>&amp;*@HUST_special</name>
		<bndbox>
			<xmin>9</xmin>
			<ymin>48</ymin>
			<xmax>25</xmax>
			<ymax>86</ymax>
		</bndbox>
	</object>
	<object>
		<difficult>0</difficult>
		<name>&amp;*@HUST_text</name>
		<bndbox>
			<xmin>25</xmin>
			<ymin>48</ymin>
			<xmax>108</xmax>
			<ymax>87</ymax>
		</bndbox>
	</object>
	<object>
		<difficult>0</difficult>
		<name>&amp;*@HUST_text</name>
		<bndbox>
			<xmin>12</xmin>
			<ymin>94</ymin>
			<xmax>108</xmax>
			<ymax>136</ymax>
		</bndbox>
	</object>
	<object>
		<difficult>1</difficult>
		<name>&amp;*@HUST_special</name>
		<bndbox>
			<xmin>7</xmin>
			<ymin>142</ymin>
			<xmax>25</xmax>
			<ymax>181</ymax>
		</bndbox>
	</object>
	<object>
		<difficult>0</difficult>
		<name>&amp;*@HUST_text</name>
		<bndbox>
			<xmin>25</xmin>
			<ymin>142</ymin>
			<xmax>108</xmax>
			<ymax>182</ymax>
		</bndbox>
	</object>
	<object>
		<difficult>1</difficult>
		<name>&amp;*@HUST_special</name>
		<bndbox>
			<xmin>34</xmin>
			<ymin>188</ymin>
			<xmax>52</xmax>
			<ymax>228</ymax>
		</bndbox>
	</object>
	<object>
		<difficult>0</difficult>
		<name>&amp;*@HUST_text</name>
		<bndbox>
			<xmin>52</xmin>
			<ymin>188</ymin>
			<xmax>108</xmax>
			<ymax>229</ymax>
		</bndbox>
	</object>
	<object>
		<difficult>1</difficult>
		<name>&amp;*@HUST_special</name>
		<bndbox>
			<xmin>0</xmin>
			<ymin>236</ymin>
			<xmax>11</xmax>
			<ymax>272</ymax>
		</bndbox>
	</object>
	<object>
		<difficult>0</difficult>
		<name>&amp;*@HUST_text</name>
		<bndbox>
			<xmin>11</xmin>
			<ymin>236</ymin>
			<xmax>108</xmax>
			<ymax>273</ymax>
		</bndbox>
	</object>
	<object>
		<difficult>1</difficult>
		<name>&amp;*@HUST_special</name>
		<bndbox>
			<xmin>0</xmin>
			<ymin>282</ymin>
			<xmax>11</xmax>
			<ymax>319</ymax>
		</bndbox>
	</object>
	<object>
		<difficult>0</difficult>
		<name>&amp;*@HUST_text</name>
		<bndbox>
			<xmin>11</xmin>
			<ymin>282</ymin>
			<xmax>108</xmax>
			<ymax>320</ymax>
		</bndbox>
	</object>
	<object>
		<difficult>0</difficult>
		<name>&amp;*@HUST_text</name>
		<bndbox>
			<xmin>11</xmin>
			<ymin>326</ymin>
			<xmax>108</xmax>
			<ymax>370</ymax>
		</bndbox>
	</object>
	<object>
		<difficult>0</difficult>
		<name>&amp;*@HUST_text</name>
		<bndbox>
			<xmin>10</xmin>
			<ymin>391</ymin>
			<xmax>108</xmax>
			<ymax>439</ymax>
		</bndbox>
	</object>
	<object>
		<difficult>0</difficult>
		<name>&amp;*@HUST_text</name>
		<bndbox>
			<xmin>111</xmin>
			<ymin>10</ymin>
			<xmax>443</xmax>
			<ymax>34</ymax>
		</bndbox>
	</object>
	<object>
		<difficult>0</difficult>
		<name>&amp;*@HUST_text</name>
		<bndbox>
			<xmin>112</xmin>
			<ymin>56</ymin>
			<xmax>271</xmax>
			<ymax>81</ymax>
		</bndbox>
	</object>
	<object>
		<difficult>0</difficult>
		<name>&amp;*@HUST_text</name>
		<bndbox>
			<xmin>112</xmin>
			<ymin>103</ymin>
			<xmax>271</xmax>
			<ymax>128</ymax>
		</bndbox>
	</object>
	<object>
		<difficult>1</difficult>
		<name>&amp;*@HUST_special</name>
		<bndbox>
			<xmin>289</xmin>
			<ymin>45</ymin>
			<xmax>309</xmax>
			<ymax>87</ymax>
		</bndbox>
	</object>
	<object>
		<difficult>0</difficult>
		<name>&amp;*@HUST_text</name>
		<bndbox>
			<xmin>310</xmin>
			<ymin>45</ymin>
			<xmax>378</xmax>
			<ymax>87</ymax>
		</bndbox>
	</object>
	<object>
		<difficult>0</difficult>
		<name>&amp;*@HUST_text</name>
		<bndbox>
			<xmin>384</xmin>
			<ymin>56</ymin>
			<xmax>452</xmax>
			<ymax>80</ymax>
		</bndbox>
	</object>
	<object>
		<difficult>0</difficult>
		<name>&amp;*@HUST_text</name>
		<bndbox>
			<xmin>299</xmin>
			<ymin>93</ymin>
			<xmax>380</xmax>
			<ymax>136</ymax>
		</bndbox>
	</object>
	<object>
		<difficult>0</difficult>
		<name>&amp;*@HUST_text</name>
		<bndbox>
			<xmin>384</xmin>
			<ymin>103</ymin>
			<xmax>456</xmax>
			<ymax>128</ymax>
		</bndbox>
	</object>
	<object>
		<difficult>1</difficult>
		<name>&amp;*@HUST_special</name>
		<bndbox>
			<xmin>578</xmin>
			<ymin>45</ymin>
			<xmax>596</xmax>
			<ymax>88</ymax>
		</bndbox>
	</object>
	<object>
		<difficult>0</difficult>
		<name>&amp;*@HUST_text</name>
		<bndbox>
			<xmin>597</xmin>
			<ymin>45</ymin>
			<xmax>652</xmax>
			<ymax>88</ymax>
		</bndbox>
	</object>
	<object>
		<difficult>0</difficult>
		<name>&amp;*@HUST_text</name>
		<bndbox>
			<xmin>658</xmin>
			<ymin>56</ymin>
			<xmax>756</xmax>
			<ymax>81</ymax>
		</bndbox>
	</object>
	<object>
		<difficult>0</difficult>
		<name>&amp;*@HUST_text</name>
		<bndbox>
			<xmin>585</xmin>
			<ymin>95</ymin>
			<xmax>652</xmax>
			<ymax>136</ymax>
		</bndbox>
	</object>
	<object>
		<difficult>0</difficult>
		<name>&amp;*@HUST_text</name>
		<bndbox>
			<xmin>657</xmin>
			<ymin>103</ymin>
			<xmax>756</xmax>
			<ymax>127</ymax>
		</bndbox>
	</object>
	<object>
		<difficult>0</difficult>
		<name>&amp;*@HUST_text</name>
		<bndbox>
			<xmin>113</xmin>
			<ymin>150</ymin>
			<xmax>434</xmax>
			<ymax>175</ymax>
		</bndbox>
	</object>
	<object>
		<difficult>0</difficult>
		<name>&amp;*@HUST_text</name>
		<bndbox>
			<xmin>113</xmin>
			<ymin>197</ymin>
			<xmax>170</xmax>
			<ymax>222</ymax>
		</bndbox>
	</object>
	<object>
		<difficult>1</difficult>
		<name>&amp;*@HUST_special</name>
		<bndbox>
			<xmin>267</xmin>
			<ymin>197</ymin>
			<xmax>298</xmax>
			<ymax>222</ymax>
		</bndbox>
	</object>
	<object>
		<difficult>0</difficult>
		<name>&amp;*@HUST_text</name>
		<bndbox>
			<xmin>112</xmin>
			<ymin>244</ymin>
			<xmax>213</xmax>
			<ymax>269</ymax>
		</bndbox>
	</object>
	<object>
		<difficult>1</difficult>
		<name>&amp;*@HUST_special</name>
		<bndbox>
			<xmin>295</xmin>
			<ymin>236</ymin>
			<xmax>313</xmax>
			<ymax>276</ymax>
		</bndbox>
	</object>
	<object>
		<difficult>0</difficult>
		<name>&amp;*@HUST_text</name>
		<bndbox>
			<xmin>313</xmin>
			<ymin>236</ymin>
			<xmax>409</xmax>
			<ymax>276</ymax>
		</bndbox>
	</object>
	<object>
		<difficult>0</difficult>
		<name>&amp;*@HUST_text</name>
		<bndbox>
			<xmin>414</xmin>
			<ymin>244</ymin>
			<xmax>511</xmax>
			<ymax>269</ymax>
		</bndbox>
	</object>
	<object>
		<difficult>1</difficult>
		<name>&amp;*@HUST_special</name>
		<bndbox>
			<xmin>111</xmin>
			<ymin>289</ymin>
			<xmax>142</xmax>
			<ymax>315</ymax>
		</bndbox>
	</object>
	<object>
		<difficult>0</difficult>
		<name>&amp;*@HUST_text</name>
		<bndbox>
			<xmin>157</xmin>
			<ymin>290</ymin>
			<xmax>246</xmax>
			<ymax>315</ymax>
		</bndbox>
	</object>
	<object>
		<difficult>0</difficult>
		<name>&amp;*@HUST_text</name>
		<bndbox>
			<xmin>263</xmin>
			<ymin>290</ymin>
			<xmax>297</xmax>
			<ymax>315</ymax>
		</bndbox>
	</object>
	<object>
		<difficult>0</difficult>
		<name>&amp;*@HUST_text</name>
		<bndbox>
			<xmin>315</xmin>
			<ymin>290</ymin>
			<xmax>412</xmax>
			<ymax>315</ymax>
		</bndbox>
	</object>
	<object>
		<difficult>0</difficult>
		<name>&amp;*@HUST_text</name>
		<bndbox>
			<xmin>112</xmin>
			<ymin>336</ymin>
			<xmax>359</xmax>
			<ymax>368</ymax>
		</bndbox>
	</object>
	<object>
		<difficult>0</difficult>
		<name>&amp;*@HUST_text</name>
		<bndbox>
			<xmin>111</xmin>
			<ymin>402</ymin>
			<xmax>202</xmax>
			<ymax>438</ymax>
		</bndbox>
	</object>
	<object>
		<difficult>1</difficult>
		<name>&amp;*@HUST_special</name>
		<bndbox>
			<xmin>202</xmin>
			<ymin>402</ymin>
			<xmax>215</xmax>
			<ymax>439</ymax>
		</bndbox>
	</object>
	<object>
		<difficult>0</difficult>
		<name>&amp;*@HUST_text</name>
		<bndbox>
			<xmin>216</xmin>
			<ymin>402</ymin>
			<xmax>285</xmax>
			<ymax>438</ymax>
		</bndbox>
	</object>
	<object>
		<difficult>0</difficult>
		<name>&amp;*@HUST_text</name>
		<bndbox>
			<xmin>285</xmin>
			<ymin>402</ymin>
			<xmax>317</xmax>
			<ymax>423</ymax>
		</bndbox>
	</object>
	<object>
		<difficult>1</difficult>
		<name>&amp;*@HUST_special</name>
		<bndbox>
			<xmin>285</xmin>
			<ymin>423</ymin>
			<xmax>317</xmax>
			<ymax>438</ymax>
		</bndbox>
	</object>
	<object>
		<difficult>1</difficult>
		<name>&amp;*@HUST_special</name>
		<bndbox>
			<xmin>319</xmin>
			<ymin>402</ymin>
			<xmax>518</xmax>
			<ymax>438</ymax>
		</bndbox>
	</object>
	<object>
		<difficult>0</difficult>
		<name>&amp;*@HUST_text</name>
		<bndbox>
			<xmin>111</xmin>
			<ymin>466</ymin>
			<xmax>714</xmax>
			<ymax>497</ymax>
		</bndbox>
	</object>
	<object>
		<difficult>0</difficult>
		<name>&amp;*@HUST_text</name>
		<bndbox>
			<xmin>111</xmin>
			<ymin>498</ymin>
			<xmax>458</xmax>
			<ymax>522</ymax>
		</bndbox>
	</object>
	<object>
		<difficult>0</difficult>
		<name>&amp;*@HUST_text</name>
		<bndbox>
			<xmin>520</xmin>
			<ymin>402</ymin>
			<xmax>552</xmax>
			<ymax>438</ymax>
		</bndbox>
	</object>
	<object>
		<difficult>1</difficult>
		<name>&amp;*@HUST_special</name>
		<bndbox>
			<xmin>555</xmin>
			<ymin>402</ymin>
			<xmax>823</xmax>
			<ymax>438</ymax>
		</bndbox>
	</object>
</annotation>