<annotation>
	<filename>图像 3901.png</filename>
	<size>
		<width>897</width>
		<height>735</height>
		<depth>3</depth>
	</size>
	<segmented>0</segmented>
	<object>
		<difficult>0</difficult>
		<name>&amp;*@HUST_text</name>
		<bndbox>
			<xmin>51</xmin>
			<ymin>10</ymin>
			<xmax>99</xmax>
			<ymax>40</ymax>
		</bndbox>
	</object>
	<object>
		<difficult>1</difficult>
		<name>&amp;*@HUST_special</name>
		<bndbox>
			<xmin>30</xmin>
			<ymin>10</ymin>
			<xmax>51</xmax>
			<ymax>41</ymax>
		</bndbox>
	</object>
	<object>
		<difficult>0</difficult>
		<name>&amp;*@HUST_text</name>
		<bndbox>
			<xmin>109</xmin>
			<ymin>15</ymin>
			<xmax>436</xmax>
			<ymax>38</ymax>
		</bndbox>
	</object>
	<object>
		<difficult>1</difficult>
		<name>&amp;*@HUST_special</name>
		<bndbox>
			<xmin>6</xmin>
			<ymin>58</ymin>
			<xmax>23</xmax>
			<ymax>88</ymax>
		</bndbox>
	</object>
	<object>
		<difficult>0</difficult>
		<name>&amp;*@HUST_text</name>
		<bndbox>
			<xmin>25</xmin>
			<ymin>58</ymin>
			<xmax>100</xmax>
			<ymax>88</ymax>
		</bndbox>
	</object>
	<object>
		<difficult>0</difficult>
		<name>&amp;*@HUST_text</name>
		<bndbox>
			<xmin>110</xmin>
			<ymin>62</ymin>
			<xmax>280</xmax>
			<ymax>84</ymax>
		</bndbox>
	</object>
	<object>
		<difficult>0</difficult>
		<name>&amp;*@HUST_text</name>
		<bndbox>
			<xmin>9</xmin>
			<ymin>102</ymin>
			<xmax>99</xmax>
			<ymax>140</ymax>
		</bndbox>
	</object>
	<object>
		<difficult>1</difficult>
		<name>&amp;*@HUST_special</name>
		<bndbox>
			<xmin>4</xmin>
			<ymin>147</ymin>
			<xmax>23</xmax>
			<ymax>189</ymax>
		</bndbox>
	</object>
	<object>
		<difficult>0</difficult>
		<name>&amp;*@HUST_text</name>
		<bndbox>
			<xmin>24</xmin>
			<ymin>147</ymin>
			<xmax>95</xmax>
			<ymax>189</ymax>
		</bndbox>
	</object>
	<object>
		<difficult>0</difficult>
		<name>&amp;*@HUST_text</name>
		<bndbox>
			<xmin>111</xmin>
			<ymin>109</ymin>
			<xmax>280</xmax>
			<ymax>130</ymax>
		</bndbox>
	</object>
	<object>
		<difficult>0</difficult>
		<name>&amp;*@HUST_text</name>
		<bndbox>
			<xmin>110</xmin>
			<ymin>156</ymin>
			<xmax>564</xmax>
			<ymax>179</ymax>
		</bndbox>
	</object>
	<object>
		<difficult>1</difficult>
		<name>&amp;*@HUST_special</name>
		<bndbox>
			<xmin>292</xmin>
			<ymin>55</ymin>
			<xmax>308</xmax>
			<ymax>87</ymax>
		</bndbox>
	</object>
	<object>
		<difficult>0</difficult>
		<name>&amp;*@HUST_text</name>
		<bndbox>
			<xmin>310</xmin>
			<ymin>55</ymin>
			<xmax>367</xmax>
			<ymax>87</ymax>
		</bndbox>
	</object>
	<object>
		<difficult>0</difficult>
		<name>&amp;*@HUST_text</name>
		<bndbox>
			<xmin>382</xmin>
			<ymin>62</ymin>
			<xmax>465</xmax>
			<ymax>84</ymax>
		</bndbox>
	</object>
	<object>
		<difficult>0</difficult>
		<name>&amp;*@HUST_text</name>
		<bndbox>
			<xmin>294</xmin>
			<ymin>101</ymin>
			<xmax>367</xmax>
			<ymax>134</ymax>
		</bndbox>
	</object>
	<object>
		<difficult>0</difficult>
		<name>&amp;*@HUST_text</name>
		<bndbox>
			<xmin>383</xmin>
			<ymin>110</ymin>
			<xmax>452</xmax>
			<ymax>132</ymax>
		</bndbox>
	</object>
	<object>
		<difficult>1</difficult>
		<name>&amp;*@HUST_special</name>
		<bndbox>
			<xmin>580</xmin>
			<ymin>56</ymin>
			<xmax>594</xmax>
			<ymax>85</ymax>
		</bndbox>
	</object>
	<object>
		<difficult>0</difficult>
		<name>&amp;*@HUST_text</name>
		<bndbox>
			<xmin>595</xmin>
			<ymin>56</ymin>
			<xmax>646</xmax>
			<ymax>86</ymax>
		</bndbox>
	</object>
	<object>
		<difficult>0</difficult>
		<name>&amp;*@HUST_text</name>
		<bndbox>
			<xmin>582</xmin>
			<ymin>98</ymin>
			<xmax>644</xmax>
			<ymax>141</ymax>
		</bndbox>
	</object>
	<object>
		<difficult>0</difficult>
		<name>&amp;*@HUST_text</name>
		<bndbox>
			<xmin>654</xmin>
			<ymin>62</ymin>
			<xmax>766</xmax>
			<ymax>84</ymax>
		</bndbox>
	</object>
	<object>
		<difficult>0</difficult>
		<name>&amp;*@HUST_text</name>
		<bndbox>
			<xmin>654</xmin>
			<ymin>109</ymin>
			<xmax>775</xmax>
			<ymax>132</ymax>
		</bndbox>
	</object>
	<object>
		<difficult>1</difficult>
		<name>&amp;*@HUST_special</name>
		<bndbox>
			<xmin>855</xmin>
			<ymin>16</ymin>
			<xmax>892</xmax>
			<ymax>36</ymax>
		</bndbox>
	</object>
	<object>
		<difficult>1</difficult>
		<name>&amp;*@HUST_special</name>
		<bndbox>
			<xmin>31</xmin>
			<ymin>195</ymin>
			<xmax>51</xmax>
			<ymax>232</ymax>
		</bndbox>
	</object>
	<object>
		<difficult>0</difficult>
		<name>&amp;*@HUST_text</name>
		<bndbox>
			<xmin>52</xmin>
			<ymin>195</ymin>
			<xmax>101</xmax>
			<ymax>232</ymax>
		</bndbox>
	</object>
	<object>
		<difficult>0</difficult>
		<name>&amp;*@HUST_text</name>
		<bndbox>
			<xmin>111</xmin>
			<ymin>203</ymin>
			<xmax>192</xmax>
			<ymax>226</ymax>
		</bndbox>
	</object>
	<object>
		<difficult>0</difficult>
		<name>&amp;*@HUST_text</name>
		<bndbox>
			<xmin>10</xmin>
			<ymin>240</ymin>
			<xmax>105</xmax>
			<ymax>283</ymax>
		</bndbox>
	</object>
	<object>
		<difficult>1</difficult>
		<name>&amp;*@HUST_special</name>
		<bndbox>
			<xmin>0</xmin>
			<ymin>240</ymin>
			<xmax>8</xmax>
			<ymax>284</ymax>
		</bndbox>
	</object>
	<object>
		<difficult>0</difficult>
		<name>&amp;*@HUST_text</name>
		<bndbox>
			<xmin>110</xmin>
			<ymin>250</ymin>
			<xmax>227</xmax>
			<ymax>274</ymax>
		</bndbox>
	</object>
	<object>
		<difficult>1</difficult>
		<name>&amp;*@HUST_special</name>
		<bndbox>
			<xmin>0</xmin>
			<ymin>285</ymin>
			<xmax>8</xmax>
			<ymax>332</ymax>
		</bndbox>
	</object>
	<object>
		<difficult>0</difficult>
		<name>&amp;*@HUST_text</name>
		<bndbox>
			<xmin>10</xmin>
			<ymin>285</ymin>
			<xmax>99</xmax>
			<ymax>333</ymax>
		</bndbox>
	</object>
	<object>
		<difficult>1</difficult>
		<name>&amp;*@HUST_special</name>
		<bndbox>
			<xmin>110</xmin>
			<ymin>296</ymin>
			<xmax>148</xmax>
			<ymax>319</ymax>
		</bndbox>
	</object>
	<object>
		<difficult>0</difficult>
		<name>&amp;*@HUST_text</name>
		<bndbox>
			<xmin>156</xmin>
			<ymin>296</ymin>
			<xmax>242</xmax>
			<ymax>319</ymax>
		</bndbox>
	</object>
	<object>
		<difficult>0</difficult>
		<name>&amp;*@HUST_text</name>
		<bndbox>
			<xmin>262</xmin>
			<ymin>296</ymin>
			<xmax>301</xmax>
			<ymax>318</ymax>
		</bndbox>
	</object>
	<object>
		<difficult>0</difficult>
		<name>&amp;*@HUST_text</name>
		<bndbox>
			<xmin>314</xmin>
			<ymin>296</ymin>
			<xmax>422</xmax>
			<ymax>319</ymax>
		</bndbox>
	</object>
	<object>
		<difficult>1</difficult>
		<name>&amp;*@HUST_special</name>
		<bndbox>
			<xmin>266</xmin>
			<ymin>203</ymin>
			<xmax>296</xmax>
			<ymax>224</ymax>
		</bndbox>
	</object>
	<object>
		<difficult>1</difficult>
		<name>&amp;*@HUST_special</name>
		<bndbox>
			<xmin>292</xmin>
			<ymin>238</ymin>
			<xmax>311</xmax>
			<ymax>280</ymax>
		</bndbox>
	</object>
	<object>
		<difficult>0</difficult>
		<name>&amp;*@HUST_text</name>
		<bndbox>
			<xmin>312</xmin>
			<ymin>238</ymin>
			<xmax>401</xmax>
			<ymax>280</ymax>
		</bndbox>
	</object>
	<object>
		<difficult>0</difficult>
		<name>&amp;*@HUST_text</name>
		<bndbox>
			<xmin>412</xmin>
			<ymin>250</ymin>
			<xmax>516</xmax>
			<ymax>273</ymax>
		</bndbox>
	</object>
	<object>
		<difficult>0</difficult>
		<name>&amp;*@HUST_text</name>
		<bndbox>
			<xmin>10</xmin>
			<ymin>335</ymin>
			<xmax>97</xmax>
			<ymax>380</ymax>
		</bndbox>
	</object>
	<object>
		<difficult>0</difficult>
		<name>&amp;*@HUST_text</name>
		<bndbox>
			<xmin>111</xmin>
			<ymin>343</ymin>
			<xmax>655</xmax>
			<ymax>384</ymax>
		</bndbox>
	</object>
	<object>
		<difficult>0</difficult>
		<name>&amp;*@HUST_text</name>
		<bndbox>
			<xmin>9</xmin>
			<ymin>395</ymin>
			<xmax>100</xmax>
			<ymax>457</ymax>
		</bndbox>
	</object>
	<object>
		<difficult>0</difficult>
		<name>&amp;*@HUST_text</name>
		<bndbox>
			<xmin>111</xmin>
			<ymin>410</ymin>
			<xmax>176</xmax>
			<ymax>441</ymax>
		</bndbox>
	</object>
	<object>
		<difficult>0</difficult>
		<name>&amp;*@HUST_text</name>
		<bndbox>
			<xmin>185</xmin>
			<ymin>409</ymin>
			<xmax>200</xmax>
			<ymax>440</ymax>
		</bndbox>
	</object>
	<object>
		<difficult>1</difficult>
		<name>&amp;*@HUST_special</name>
		<bndbox>
			<xmin>200</xmin>
			<ymin>410</ymin>
			<xmax>212</xmax>
			<ymax>440</ymax>
		</bndbox>
	</object>
	<object>
		<difficult>0</difficult>
		<name>&amp;*@HUST_text</name>
		<bndbox>
			<xmin>218</xmin>
			<ymin>410</ymin>
			<xmax>280</xmax>
			<ymax>440</ymax>
		</bndbox>
	</object>
	<object>
		<difficult>0</difficult>
		<name>&amp;*@HUST_text</name>
		<bndbox>
			<xmin>288</xmin>
			<ymin>410</ymin>
			<xmax>310</xmax>
			<ymax>428</ymax>
		</bndbox>
	</object>
	<object>
		<difficult>1</difficult>
		<name>&amp;*@HUST_special</name>
		<bndbox>
			<xmin>288</xmin>
			<ymin>428</ymin>
			<xmax>311</xmax>
			<ymax>441</ymax>
		</bndbox>
	</object>
	<object>
		<difficult>0</difficult>
		<name>&amp;*@HUST_text</name>
		<bndbox>
			<xmin>319</xmin>
			<ymin>410</ymin>
			<xmax>347</xmax>
			<ymax>442</ymax>
		</bndbox>
	</object>
	<object>
		<difficult>1</difficult>
		<name>&amp;*@HUST_special</name>
		<bndbox>
			<xmin>354</xmin>
			<ymin>410</ymin>
			<xmax>520</xmax>
			<ymax>441</ymax>
		</bndbox>
	</object>
	<object>
		<difficult>0</difficult>
		<name>&amp;*@HUST_text</name>
		<bndbox>
			<xmin>522</xmin>
			<ymin>410</ymin>
			<xmax>553</xmax>
			<ymax>442</ymax>
		</bndbox>
	</object>
	<object>
		<difficult>1</difficult>
		<name>&amp;*@HUST_special</name>
		<bndbox>
			<xmin>555</xmin>
			<ymin>410</ymin>
			<xmax>813</xmax>
			<ymax>442</ymax>
		</bndbox>
	</object>
	<object>
		<difficult>1</difficult>
		<name>&amp;*@HUST_special</name>
		<bndbox>
			<xmin>883</xmin>
			<ymin>447</ymin>
			<xmax>895</xmax>
			<ymax>465</ymax>
		</bndbox>
	</object>
	<object>
		<difficult>0</difficult>
		<name>&amp;*@HUST_text</name>
		<bndbox>
			<xmin>110</xmin>
			<ymin>448</ymin>
			<xmax>539</xmax>
			<ymax>475</ymax>
		</bndbox>
	</object>
	<object>
		<difficult>0</difficult>
		<name>&amp;*@HUST_text</name>
		<bndbox>
			<xmin>110</xmin>
			<ymin>476</ymin>
			<xmax>567</xmax>
			<ymax>497</ymax>
		</bndbox>
	</object>
	<object>
		<difficult>0</difficult>
		<name>&amp;*@HUST_text</name>
		<bndbox>
			<xmin>110</xmin>
			<ymin>498</ymin>
			<xmax>445</xmax>
			<ymax>518</ymax>
		</bndbox>
	</object>
	<object>
		<difficult>0</difficult>
		<name>&amp;*@HUST_text</name>
		<bndbox>
			<xmin>110</xmin>
			<ymin>520</ymin>
			<xmax>455</xmax>
			<ymax>537</ymax>
		</bndbox>
	</object>
	<object>
		<difficult>0</difficult>
		<name>&amp;*@HUST_text</name>
		<bndbox>
			<xmin>110</xmin>
			<ymin>540</ymin>
			<xmax>366</xmax>
			<ymax>558</ymax>
		</bndbox>
	</object>
	<object>
		<difficult>0</difficult>
		<name>&amp;*@HUST_text</name>
		<bndbox>
			<xmin>110</xmin>
			<ymin>559</ymin>
			<xmax>278</xmax>
			<ymax>580</ymax>
		</bndbox>
	</object>
	<object>
		<difficult>0</difficult>
		<name>&amp;*@HUST_text</name>
		<bndbox>
			<xmin>110</xmin>
			<ymin>581</ymin>
			<xmax>280</xmax>
			<ymax>601</ymax>
		</bndbox>
	</object>
	<object>
		<difficult>0</difficult>
		<name>&amp;*@HUST_text</name>
		<bndbox>
			<xmin>110</xmin>
			<ymin>603</ymin>
			<xmax>360</xmax>
			<ymax>623</ymax>
		</bndbox>
	</object>
	<object>
		<difficult>0</difficult>
		<name>&amp;*@HUST_text</name>
		<bndbox>
			<xmin>110</xmin>
			<ymin>625</ymin>
			<xmax>359</xmax>
			<ymax>643</ymax>
		</bndbox>
	</object>
	<object>
		<difficult>0</difficult>
		<name>&amp;*@HUST_text</name>
		<bndbox>
			<xmin>110</xmin>
			<ymin>645</ymin>
			<xmax>352</xmax>
			<ymax>665</ymax>
		</bndbox>
	</object>
	<object>
		<difficult>0</difficult>
		<name>&amp;*@HUST_text</name>
		<bndbox>
			<xmin>110</xmin>
			<ymin>667</ymin>
			<xmax>349</xmax>
			<ymax>688</ymax>
		</bndbox>
	</object>
</annotation>