<annotation>
	<filename>图像 4021.png</filename>
	<size>
		<width>1255</width>
		<height>908</height>
		<depth>3</depth>
	</size>
	<segmented>0</segmented>
	<object>
		<difficult>0</difficult>
		<name>&amp;*@HUST_text</name>
		<bndbox>
			<xmin>187</xmin>
			<ymin>9</ymin>
			<xmax>241</xmax>
			<ymax>66</ymax>
		</bndbox>
	</object>
	<object>
		<difficult>0</difficult>
		<name>&amp;*@HUST_text</name>
		<bndbox>
			<xmin>248</xmin>
			<ymin>10</ymin>
			<xmax>280</xmax>
			<ymax>65</ymax>
		</bndbox>
	</object>
	<object>
		<difficult>0</difficult>
		<name>&amp;*@HUST_text</name>
		<bndbox>
			<xmin>308</xmin>
			<ymin>6</ymin>
			<xmax>353</xmax>
			<ymax>66</ymax>
		</bndbox>
	</object>
	<object>
		<difficult>0</difficult>
		<name>&amp;*@HUST_text</name>
		<bndbox>
			<xmin>376</xmin>
			<ymin>7</ymin>
			<xmax>426</xmax>
			<ymax>63</ymax>
		</bndbox>
	</object>
	<object>
		<difficult>0</difficult>
		<name>&amp;*@HUST_text</name>
		<bndbox>
			<xmin>438</xmin>
			<ymin>8</ymin>
			<xmax>479</xmax>
			<ymax>65</ymax>
		</bndbox>
	</object>
	<object>
		<difficult>0</difficult>
		<name>&amp;*@HUST_text</name>
		<bndbox>
			<xmin>488</xmin>
			<ymin>6</ymin>
			<xmax>539</xmax>
			<ymax>63</ymax>
		</bndbox>
	</object>
	<object>
		<difficult>0</difficult>
		<name>&amp;*@HUST_text</name>
		<bndbox>
			<xmin>549</xmin>
			<ymin>7</ymin>
			<xmax>588</xmax>
			<ymax>64</ymax>
		</bndbox>
	</object>
	<object>
		<difficult>0</difficult>
		<name>&amp;*@HUST_text</name>
		<bndbox>
			<xmin>616</xmin>
			<ymin>6</ymin>
			<xmax>684</xmax>
			<ymax>63</ymax>
		</bndbox>
	</object>
	<object>
		<difficult>0</difficult>
		<name>&amp;*@HUST_text</name>
		<bndbox>
			<xmin>1050</xmin>
			<ymin>7</ymin>
			<xmax>1088</xmax>
			<ymax>65</ymax>
		</bndbox>
	</object>
	<object>
		<difficult>0</difficult>
		<name>&amp;*@HUST_text</name>
		<bndbox>
			<xmin>1132</xmin>
			<ymin>5</ymin>
			<xmax>1161</xmax>
			<ymax>65</ymax>
		</bndbox>
	</object>
	<object>
		<difficult>0</difficult>
		<name>&amp;*@HUST_text</name>
		<bndbox>
			<xmin>1171</xmin>
			<ymin>8</ymin>
			<xmax>1247</xmax>
			<ymax>65</ymax>
		</bndbox>
	</object>
	<object>
		<difficult>1</difficult>
		<name>&amp;*@HUST_special</name>
		<bndbox>
			<xmin>1091</xmin>
			<ymin>7</ymin>
			<xmax>1130</xmax>
			<ymax>64</ymax>
		</bndbox>
	</object>
	<object>
		<difficult>0</difficult>
		<name>&amp;*@HUST_text</name>
		<bndbox>
			<xmin>6</xmin>
			<ymin>74</ymin>
			<xmax>239</xmax>
			<ymax>151</ymax>
		</bndbox>
	</object>
	<object>
		<difficult>0</difficult>
		<name>&amp;*@HUST_text</name>
		<bndbox>
			<xmin>307</xmin>
			<ymin>100</ymin>
			<xmax>352</xmax>
			<ymax>127</ymax>
		</bndbox>
	</object>
	<object>
		<difficult>0</difficult>
		<name>&amp;*@HUST_text</name>
		<bndbox>
			<xmin>374</xmin>
			<ymin>100</ymin>
			<xmax>490</xmax>
			<ymax>129</ymax>
		</bndbox>
	</object>
	<object>
		<difficult>0</difficult>
		<name>&amp;*@HUST_text</name>
		<bndbox>
			<xmin>867</xmin>
			<ymin>100</ymin>
			<xmax>940</xmax>
			<ymax>129</ymax>
		</bndbox>
	</object>
	<object>
		<difficult>0</difficult>
		<name>&amp;*@HUST_text</name>
		<bndbox>
			<xmin>52</xmin>
			<ymin>161</ymin>
			<xmax>245</xmax>
			<ymax>193</ymax>
		</bndbox>
	</object>
	<object>
		<difficult>0</difficult>
		<name>&amp;*@HUST_text</name>
		<bndbox>
			<xmin>16</xmin>
			<ymin>203</ymin>
			<xmax>246</xmax>
			<ymax>236</ymax>
		</bndbox>
	</object>
	<object>
		<difficult>0</difficult>
		<name>&amp;*@HUST_text</name>
		<bndbox>
			<xmin>18</xmin>
			<ymin>239</ymin>
			<xmax>244</xmax>
			<ymax>261</ymax>
		</bndbox>
	</object>
	<object>
		<difficult>0</difficult>
		<name>&amp;*@HUST_text</name>
		<bndbox>
			<xmin>19</xmin>
			<ymin>264</ymin>
			<xmax>241</xmax>
			<ymax>293</ymax>
		</bndbox>
	</object>
	<object>
		<difficult>0</difficult>
		<name>&amp;*@HUST_text</name>
		<bndbox>
			<xmin>25</xmin>
			<ymin>302</ymin>
			<xmax>245</xmax>
			<ymax>339</ymax>
		</bndbox>
	</object>
	<object>
		<difficult>0</difficult>
		<name>&amp;*@HUST_text</name>
		<bndbox>
			<xmin>26</xmin>
			<ymin>342</ymin>
			<xmax>247</xmax>
			<ymax>392</ymax>
		</bndbox>
	</object>
	<object>
		<difficult>0</difficult>
		<name>&amp;*@HUST_text</name>
		<bndbox>
			<xmin>27</xmin>
			<ymin>402</ymin>
			<xmax>247</xmax>
			<ymax>438</ymax>
		</bndbox>
	</object>
	<object>
		<difficult>0</difficult>
		<name>&amp;*@HUST_text</name>
		<bndbox>
			<xmin>28</xmin>
			<ymin>442</ymin>
			<xmax>246</xmax>
			<ymax>487</ymax>
		</bndbox>
	</object>
	<object>
		<difficult>0</difficult>
		<name>&amp;*@HUST_text</name>
		<bndbox>
			<xmin>270</xmin>
			<ymin>141</ymin>
			<xmax>385</xmax>
			<ymax>194</ymax>
		</bndbox>
	</object>
	<object>
		<difficult>0</difficult>
		<name>&amp;*@HUST_text</name>
		<bndbox>
			<xmin>396</xmin>
			<ymin>148</ymin>
			<xmax>483</xmax>
			<ymax>196</ymax>
		</bndbox>
	</object>
	<object>
		<difficult>0</difficult>
		<name>&amp;*@HUST_text</name>
		<bndbox>
			<xmin>524</xmin>
			<ymin>140</ymin>
			<xmax>596</xmax>
			<ymax>197</ymax>
		</bndbox>
	</object>
	<object>
		<difficult>0</difficult>
		<name>&amp;*@HUST_text</name>
		<bndbox>
			<xmin>485</xmin>
			<ymin>157</ymin>
			<xmax>503</xmax>
			<ymax>164</ymax>
		</bndbox>
	</object>
	<object>
		<difficult>0</difficult>
		<name>&amp;*@HUST_text</name>
		<bndbox>
			<xmin>597</xmin>
			<ymin>157</ymin>
			<xmax>615</xmax>
			<ymax>164</ymax>
		</bndbox>
	</object>
	<object>
		<difficult>0</difficult>
		<name>&amp;*@HUST_text</name>
		<bndbox>
			<xmin>651</xmin>
			<ymin>145</ymin>
			<xmax>739</xmax>
			<ymax>197</ymax>
		</bndbox>
	</object>
	<object>
		<difficult>0</difficult>
		<name>&amp;*@HUST_text</name>
		<bndbox>
			<xmin>978</xmin>
			<ymin>159</ymin>
			<xmax>1067</xmax>
			<ymax>196</ymax>
		</bndbox>
	</object>
	<object>
		<difficult>1</difficult>
		<name>&amp;*@HUST_special</name>
		<bndbox>
			<xmin>931</xmin>
			<ymin>156</ymin>
			<xmax>976</xmax>
			<ymax>196</ymax>
		</bndbox>
	</object>
	<object>
		<difficult>1</difficult>
		<name>&amp;*@HUST_special</name>
		<bndbox>
			<xmin>1071</xmin>
			<ymin>160</ymin>
			<xmax>1116</xmax>
			<ymax>196</ymax>
		</bndbox>
	</object>
	<object>
		<difficult>0</difficult>
		<name>&amp;*@HUST_text</name>
		<bndbox>
			<xmin>1121</xmin>
			<ymin>161</ymin>
			<xmax>1194</xmax>
			<ymax>197</ymax>
		</bndbox>
	</object>
	<object>
		<difficult>0</difficult>
		<name>&amp;*@HUST_text</name>
		<bndbox>
			<xmin>265</xmin>
			<ymin>201</ymin>
			<xmax>535</xmax>
			<ymax>234</ymax>
		</bndbox>
	</object>
	<object>
		<difficult>0</difficult>
		<name>&amp;*@HUST_text</name>
		<bndbox>
			<xmin>253</xmin>
			<ymin>327</ymin>
			<xmax>671</xmax>
			<ymax>394</ymax>
		</bndbox>
	</object>
	<object>
		<difficult>0</difficult>
		<name>&amp;*@HUST_text</name>
		<bndbox>
			<xmin>254</xmin>
			<ymin>401</ymin>
			<xmax>671</xmax>
			<ymax>460</ymax>
		</bndbox>
	</object>
	<object>
		<difficult>0</difficult>
		<name>&amp;*@HUST_text</name>
		<bndbox>
			<xmin>35</xmin>
			<ymin>502</ymin>
			<xmax>247</xmax>
			<ymax>537</ymax>
		</bndbox>
	</object>
	<object>
		<difficult>0</difficult>
		<name>&amp;*@HUST_text</name>
		<bndbox>
			<xmin>32</xmin>
			<ymin>542</ymin>
			<xmax>246</xmax>
			<ymax>596</ymax>
		</bndbox>
	</object>
	<object>
		<difficult>1</difficult>
		<name>&amp;*@HUST_shelter</name>
		<bndbox>
			<xmin>804</xmin>
			<ymin>437</ymin>
			<xmax>1062</xmax>
			<ymax>498</ymax>
		</bndbox>
	</object>
	<object>
		<difficult>1</difficult>
		<name>&amp;*@HUST_special</name>
		<bndbox>
			<xmin>292</xmin>
			<ymin>653</ymin>
			<xmax>408</xmax>
			<ymax>688</ymax>
		</bndbox>
	</object>
	<object>
		<difficult>0</difficult>
		<name>&amp;*@HUST_text</name>
		<bndbox>
			<xmin>410</xmin>
			<ymin>653</ymin>
			<xmax>778</xmax>
			<ymax>687</ymax>
		</bndbox>
	</object>
	<object>
		<difficult>1</difficult>
		<name>&amp;*@HUST_special</name>
		<bndbox>
			<xmin>3</xmin>
			<ymin>679</ymin>
			<xmax>41</xmax>
			<ymax>711</ymax>
		</bndbox>
	</object>
	<object>
		<difficult>0</difficult>
		<name>&amp;*@HUST_text</name>
		<bndbox>
			<xmin>43</xmin>
			<ymin>679</ymin>
			<xmax>147</xmax>
			<ymax>710</ymax>
		</bndbox>
	</object>
	<object>
		<difficult>1</difficult>
		<name>&amp;*@HUST_special</name>
		<bndbox>
			<xmin>4</xmin>
			<ymin>712</ymin>
			<xmax>256</xmax>
			<ymax>924</ymax>
		</bndbox>
	</object>
	<object>
		<difficult>1</difficult>
		<name>Difficult</name>
		<bndbox>
			<xmin>336</xmin>
			<ymin>738</ymin>
			<xmax>405</xmax>
			<ymax>770</ymax>
		</bndbox>
	</object>
	<object>
		<difficult>0</difficult>
		<name>&amp;*@HUST_text</name>
		<bndbox>
			<xmin>329</xmin>
			<ymin>821</ymin>
			<xmax>416</xmax>
			<ymax>844</ymax>
		</bndbox>
	</object>
	<object>
		<difficult>0</difficult>
		<name>&amp;*@HUST_text</name>
		<bndbox>
			<xmin>261</xmin>
			<ymin>853</ymin>
			<xmax>489</xmax>
			<ymax>869</ymax>
		</bndbox>
	</object>
	<object>
		<difficult>0</difficult>
		<name>&amp;*@HUST_text</name>
		<bndbox>
			<xmin>261</xmin>
			<ymin>871</ymin>
			<xmax>489</xmax>
			<ymax>887</ymax>
		</bndbox>
	</object>
	<object>
		<difficult>1</difficult>
		<name>&amp;*@HUST_special</name>
		<bndbox>
			<xmin>529</xmin>
			<ymin>720</ymin>
			<xmax>715</xmax>
			<ymax>813</ymax>
		</bndbox>
	</object>
	<object>
		<difficult>0</difficult>
		<name>&amp;*@HUST_text</name>
		<bndbox>
			<xmin>557</xmin>
			<ymin>814</ymin>
			<xmax>672</xmax>
			<ymax>848</ymax>
		</bndbox>
	</object>
	<object>
		<difficult>0</difficult>
		<name>&amp;*@HUST_text</name>
		<bndbox>
			<xmin>496</xmin>
			<ymin>851</ymin>
			<xmax>727</xmax>
			<ymax>870</ymax>
		</bndbox>
	</object>
	<object>
		<difficult>0</difficult>
		<name>&amp;*@HUST_text</name>
		<bndbox>
			<xmin>497</xmin>
			<ymin>871</ymin>
			<xmax>728</xmax>
			<ymax>889</ymax>
		</bndbox>
	</object>
	<object>
		<difficult>0</difficult>
		<name>&amp;*@HUST_text</name>
		<bndbox>
			<xmin>816</xmin>
			<ymin>781</ymin>
			<xmax>885</xmax>
			<ymax>791</ymax>
		</bndbox>
	</object>
	<object>
		<difficult>1</difficult>
		<name>&amp;*@HUST_special</name>
		<bndbox>
			<xmin>809</xmin>
			<ymin>718</ymin>
			<xmax>887</xmax>
			<ymax>780</ymax>
		</bndbox>
	</object>
	<object>
		<difficult>0</difficult>
		<name>&amp;*@HUST_text</name>
		<bndbox>
			<xmin>773</xmin>
			<ymin>820</ymin>
			<xmax>927</xmax>
			<ymax>843</ymax>
		</bndbox>
	</object>
	<object>
		<difficult>0</difficult>
		<name>&amp;*@HUST_text</name>
		<bndbox>
			<xmin>735</xmin>
			<ymin>852</ymin>
			<xmax>967</xmax>
			<ymax>868</ymax>
		</bndbox>
	</object>
	<object>
		<difficult>0</difficult>
		<name>&amp;*@HUST_text</name>
		<bndbox>
			<xmin>736</xmin>
			<ymin>870</ymin>
			<xmax>966</xmax>
			<ymax>891</ymax>
		</bndbox>
	</object>
	<object>
		<difficult>1</difficult>
		<name>Difficult</name>
		<bndbox>
			<xmin>1051</xmin>
			<ymin>762</ymin>
			<xmax>1087</xmax>
			<ymax>775</ymax>
		</bndbox>
	</object>
	<object>
		<difficult>0</difficult>
		<name>&amp;*@HUST_text</name>
		<bndbox>
			<xmin>1141</xmin>
			<ymin>736</ymin>
			<xmax>1179</xmax>
			<ymax>759</ymax>
		</bndbox>
	</object>
	<object>
		<difficult>1</difficult>
		<name>&amp;*@HUST_special</name>
		<bndbox>
			<xmin>1181</xmin>
			<ymin>736</ymin>
			<xmax>1199</xmax>
			<ymax>760</ymax>
		</bndbox>
	</object>
	<object>
		<difficult>0</difficult>
		<name>&amp;*@HUST_text</name>
		<bndbox>
			<xmin>1087</xmin>
			<ymin>754</ymin>
			<xmax>1125</xmax>
			<ymax>781</ymax>
		</bndbox>
	</object>
	<object>
		<difficult>0</difficult>
		<name>&amp;*@HUST_text</name>
		<bndbox>
			<xmin>1038</xmin>
			<ymin>822</ymin>
			<xmax>1138</xmax>
			<ymax>840</ymax>
		</bndbox>
	</object>
	<object>
		<difficult>0</difficult>
		<name>&amp;*@HUST_text</name>
		<bndbox>
			<xmin>973</xmin>
			<ymin>850</ymin>
			<xmax>1208</xmax>
			<ymax>869</ymax>
		</bndbox>
	</object>
	<object>
		<difficult>0</difficult>
		<name>&amp;*@HUST_text</name>
		<bndbox>
			<xmin>973</xmin>
			<ymin>871</ymin>
			<xmax>1209</xmax>
			<ymax>888</ymax>
		</bndbox>
	</object>
	<object>
		<difficult>1</difficult>
		<name>&amp;*@HUST_special</name>
		<bndbox>
			<xmin>514</xmin>
			<ymin>607</ymin>
			<xmax>680</xmax>
			<ymax>641</ymax>
		</bndbox>
	</object>
	<object>
		<difficult>0</difficult>
		<name>&amp;*@HUST_text</name>
		<bndbox>
			<xmin>736</xmin>
			<ymin>474</ymin>
			<xmax>972</xmax>
			<ymax>593</ymax>
		</bndbox>
	</object>
	<object>
		<difficult>1</difficult>
		<name>&amp;*@HUST_special</name>
		<bndbox>
			<xmin>1162</xmin>
			<ymin>7</ymin>
			<xmax>1170</xmax>
			<ymax>66</ymax>
		</bndbox>
	</object>
	<object>
		<difficult>1</difficult>
		<name>&amp;*@HUST_special</name>
		<bndbox>
			<xmin>686</xmin>
			<ymin>6</ymin>
			<xmax>715</xmax>
			<ymax>64</ymax>
		</bndbox>
	</object>
	<object>
		<difficult>1</difficult>
		<name>&amp;*@HUST_special</name>
		<bndbox>
			<xmin>589</xmin>
			<ymin>7</ymin>
			<xmax>614</xmax>
			<ymax>64</ymax>
		</bndbox>
	</object>
	<object>
		<difficult>1</difficult>
		<name>&amp;*@HUST_special</name>
		<bndbox>
			<xmin>18</xmin>
			<ymin>160</ymin>
			<xmax>50</xmax>
			<ymax>194</ymax>
		</bndbox>
	</object>
	<object>
		<difficult>0</difficult>
		<name>&amp;*@HUST_text</name>
		<bndbox>
			<xmin>21</xmin>
			<ymin>23</ymin>
			<xmax>70</xmax>
			<ymax>47</ymax>
		</bndbox>
	</object>
	<object>
		<difficult>1</difficult>
		<name>&amp;*@HUST_special</name>
		<bndbox>
			<xmin>76</xmin>
			<ymin>3</ymin>
			<xmax>96</xmax>
			<ymax>65</ymax>
		</bndbox>
	</object>
	<object>
		<difficult>0</difficult>
		<name>&amp;*@HUST_text</name>
		<bndbox>
			<xmin>114</xmin>
			<ymin>11</ymin>
			<xmax>154</xmax>
			<ymax>47</ymax>
		</bndbox>
	</object>
	<object>
		<difficult>0</difficult>
		<name>&amp;*@HUST_text</name>
		<bndbox>
			<xmin>278</xmin>
			<ymin>20</ymin>
			<xmax>307</xmax>
			<ymax>32</ymax>
		</bndbox>
	</object>
	<object>
		<difficult>1</difficult>
		<name>&amp;*@HUST_special</name>
		<bndbox>
			<xmin>282</xmin>
			<ymin>33</ymin>
			<xmax>307</xmax>
			<ymax>65</ymax>
		</bndbox>
	</object>
	<object>
		<difficult>1</difficult>
		<name>&amp;*@HUST_special</name>
		<bndbox>
			<xmin>354</xmin>
			<ymin>9</ymin>
			<xmax>375</xmax>
			<ymax>65</ymax>
		</bndbox>
	</object>
	<object>
		<difficult>1</difficult>
		<name>&amp;*@HUST_special</name>
		<bndbox>
			<xmin>352</xmin>
			<ymin>100</ymin>
			<xmax>373</xmax>
			<ymax>129</ymax>
		</bndbox>
	</object>
	<object>
		<difficult>1</difficult>
		<name>&amp;*@HUST_special</name>
		<bndbox>
			<xmin>816</xmin>
			<ymin>792</ymin>
			<xmax>885</xmax>
			<ymax>799</ymax>
		</bndbox>
	</object>
</annotation>