<annotation>
	<filename>图像 5251.png</filename>
	<size>
		<width>1161</width>
		<height>924</height>
		<depth>3</depth>
	</size>
	<segmented>0</segmented>
	<object>
		<difficult>1</difficult>
		<name>&amp;*@HUST_special</name>
		<bndbox>
			<xmin>6</xmin>
			<ymin>24</ymin>
			<xmax>93</xmax>
			<ymax>89</ymax>
		</bndbox>
	</object>
	<object>
		<difficult>0</difficult>
		<name>&amp;*@HUST_text</name>
		<bndbox>
			<xmin>5</xmin>
			<ymin>90</ymin>
			<xmax>93</xmax>
			<ymax>97</ymax>
		</bndbox>
	</object>
	<object>
		<difficult>0</difficult>
		<name>&amp;*@HUST_text</name>
		<bndbox>
			<xmin>5</xmin>
			<ymin>97</ymin>
			<xmax>93</xmax>
			<ymax>114</ymax>
		</bndbox>
	</object>
	<object>
		<difficult>1</difficult>
		<name>&amp;*@HUST_special</name>
		<bndbox>
			<xmin>96</xmin>
			<ymin>78</ymin>
			<xmax>157</xmax>
			<ymax>109</ymax>
		</bndbox>
	</object>
	<object>
		<difficult>0</difficult>
		<name>&amp;*@HUST_text</name>
		<bndbox>
			<xmin>120</xmin>
			<ymin>38</ymin>
			<xmax>237</xmax>
			<ymax>75</ymax>
		</bndbox>
	</object>
	<object>
		<difficult>0</difficult>
		<name>&amp;*@HUST_text</name>
		<bndbox>
			<xmin>101</xmin>
			<ymin>54</ymin>
			<xmax>113</xmax>
			<ymax>69</ymax>
		</bndbox>
	</object>
	<object>
		<difficult>0</difficult>
		<name>&amp;*@HUST_text</name>
		<bndbox>
			<xmin>0</xmin>
			<ymin>130</ymin>
			<xmax>198</xmax>
			<ymax>178</ymax>
		</bndbox>
	</object>
	<object>
		<difficult>0</difficult>
		<name>&amp;*@HUST_text</name>
		<bndbox>
			<xmin>14</xmin>
			<ymin>184</ymin>
			<xmax>89</xmax>
			<ymax>221</ymax>
		</bndbox>
	</object>
	<object>
		<difficult>0</difficult>
		<name>&amp;*@HUST_text</name>
		<bndbox>
			<xmin>13</xmin>
			<ymin>226</ymin>
			<xmax>185</xmax>
			<ymax>259</ymax>
		</bndbox>
	</object>
	<object>
		<difficult>0</difficult>
		<name>&amp;*@HUST_text</name>
		<bndbox>
			<xmin>13</xmin>
			<ymin>261</ymin>
			<xmax>186</xmax>
			<ymax>296</ymax>
		</bndbox>
	</object>
	<object>
		<difficult>0</difficult>
		<name>&amp;*@HUST_text</name>
		<bndbox>
			<xmin>13</xmin>
			<ymin>298</ymin>
			<xmax>188</xmax>
			<ymax>332</ymax>
		</bndbox>
	</object>
	<object>
		<difficult>0</difficult>
		<name>&amp;*@HUST_text</name>
		<bndbox>
			<xmin>13</xmin>
			<ymin>333</ymin>
			<xmax>180</xmax>
			<ymax>367</ymax>
		</bndbox>
	</object>
	<object>
		<difficult>0</difficult>
		<name>&amp;*@HUST_text</name>
		<bndbox>
			<xmin>13</xmin>
			<ymin>368</ymin>
			<xmax>156</xmax>
			<ymax>400</ymax>
		</bndbox>
	</object>
	<object>
		<difficult>0</difficult>
		<name>&amp;*@HUST_text</name>
		<bndbox>
			<xmin>13</xmin>
			<ymin>401</ymin>
			<xmax>209</xmax>
			<ymax>439</ymax>
		</bndbox>
	</object>
	<object>
		<difficult>0</difficult>
		<name>&amp;*@HUST_text</name>
		<bndbox>
			<xmin>13</xmin>
			<ymin>440</ymin>
			<xmax>157</xmax>
			<ymax>473</ymax>
		</bndbox>
	</object>
	<object>
		<difficult>0</difficult>
		<name>&amp;*@HUST_text</name>
		<bndbox>
			<xmin>12</xmin>
			<ymin>474</ymin>
			<xmax>170</xmax>
			<ymax>507</ymax>
		</bndbox>
	</object>
	<object>
		<difficult>0</difficult>
		<name>&amp;*@HUST_text</name>
		<bndbox>
			<xmin>12</xmin>
			<ymin>509</ymin>
			<xmax>166</xmax>
			<ymax>539</ymax>
		</bndbox>
	</object>
	<object>
		<difficult>0</difficult>
		<name>&amp;*@HUST_text</name>
		<bndbox>
			<xmin>13</xmin>
			<ymin>540</ymin>
			<xmax>165</xmax>
			<ymax>577</ymax>
		</bndbox>
	</object>
	<object>
		<difficult>0</difficult>
		<name>&amp;*@HUST_text</name>
		<bndbox>
			<xmin>12</xmin>
			<ymin>578</ymin>
			<xmax>140</xmax>
			<ymax>611</ymax>
		</bndbox>
	</object>
	<object>
		<difficult>0</difficult>
		<name>&amp;*@HUST_text</name>
		<bndbox>
			<xmin>12</xmin>
			<ymin>612</ymin>
			<xmax>135</xmax>
			<ymax>652</ymax>
		</bndbox>
	</object>
	<object>
		<difficult>1</difficult>
		<name>&amp;*@HUST_special</name>
		<bndbox>
			<xmin>203</xmin>
			<ymin>605</ymin>
			<xmax>244</xmax>
			<ymax>648</ymax>
		</bndbox>
	</object>
	<object>
		<difficult>1</difficult>
		<name>&amp;*@HUST_special</name>
		<bndbox>
			<xmin>202</xmin>
			<ymin>471</ymin>
			<xmax>245</xmax>
			<ymax>575</ymax>
		</bndbox>
	</object>
	<object>
		<difficult>1</difficult>
		<name>&amp;*@HUST_special</name>
		<bndbox>
			<xmin>201</xmin>
			<ymin>263</ymin>
			<xmax>245</xmax>
			<ymax>399</ymax>
		</bndbox>
	</object>
	<object>
		<difficult>0</difficult>
		<name>&amp;*@HUST_text</name>
		<bndbox>
			<xmin>13</xmin>
			<ymin>658</ymin>
			<xmax>91</xmax>
			<ymax>693</ymax>
		</bndbox>
	</object>
	<object>
		<difficult>0</difficult>
		<name>&amp;*@HUST_text</name>
		<bndbox>
			<xmin>33</xmin>
			<ymin>705</ymin>
			<xmax>88</xmax>
			<ymax>732</ymax>
		</bndbox>
	</object>
	<object>
		<difficult>0</difficult>
		<name>&amp;*@HUST_text</name>
		<bndbox>
			<xmin>104</xmin>
			<ymin>705</ymin>
			<xmax>160</xmax>
			<ymax>732</ymax>
		</bndbox>
	</object>
	<object>
		<difficult>0</difficult>
		<name>&amp;*@HUST_text</name>
		<bndbox>
			<xmin>174</xmin>
			<ymin>704</ymin>
			<xmax>228</xmax>
			<ymax>732</ymax>
		</bndbox>
	</object>
	<object>
		<difficult>0</difficult>
		<name>&amp;*@HUST_text</name>
		<bndbox>
			<xmin>13</xmin>
			<ymin>755</ymin>
			<xmax>81</xmax>
			<ymax>789</ymax>
		</bndbox>
	</object>
	<object>
		<difficult>0</difficult>
		<name>&amp;*@HUST_text</name>
		<bndbox>
			<xmin>15</xmin>
			<ymin>792</ymin>
			<xmax>98</xmax>
			<ymax>823</ymax>
		</bndbox>
	</object>
	<object>
		<difficult>0</difficult>
		<name>&amp;*@HUST_text</name>
		<bndbox>
			<xmin>102</xmin>
			<ymin>788</ymin>
			<xmax>218</xmax>
			<ymax>823</ymax>
		</bndbox>
	</object>
	<object>
		<difficult>0</difficult>
		<name>&amp;*@HUST_text</name>
		<bndbox>
			<xmin>15</xmin>
			<ymin>825</ymin>
			<xmax>97</xmax>
			<ymax>854</ymax>
		</bndbox>
	</object>
	<object>
		<difficult>0</difficult>
		<name>&amp;*@HUST_text</name>
		<bndbox>
			<xmin>99</xmin>
			<ymin>825</ymin>
			<xmax>199</xmax>
			<ymax>856</ymax>
		</bndbox>
	</object>
	<object>
		<difficult>0</difficult>
		<name>&amp;*@HUST_text</name>
		<bndbox>
			<xmin>15</xmin>
			<ymin>857</ymin>
			<xmax>92</xmax>
			<ymax>891</ymax>
		</bndbox>
	</object>
	<object>
		<difficult>0</difficult>
		<name>&amp;*@HUST_text</name>
		<bndbox>
			<xmin>95</xmin>
			<ymin>857</ymin>
			<xmax>173</xmax>
			<ymax>890</ymax>
		</bndbox>
	</object>
	<object>
		<difficult>0</difficult>
		<name>&amp;*@HUST_text</name>
		<bndbox>
			<xmin>15</xmin>
			<ymin>894</ymin>
			<xmax>122</xmax>
			<ymax>922</ymax>
		</bndbox>
	</object>
	<object>
		<difficult>0</difficult>
		<name>&amp;*@HUST_text</name>
		<bndbox>
			<xmin>124</xmin>
			<ymin>894</ymin>
			<xmax>198</xmax>
			<ymax>922</ymax>
		</bndbox>
	</object>
	<object>
		<difficult>0</difficult>
		<name>&amp;*@HUST_text</name>
		<bndbox>
			<xmin>272</xmin>
			<ymin>894</ymin>
			<xmax>447</xmax>
			<ymax>922</ymax>
		</bndbox>
	</object>
	<object>
		<difficult>0</difficult>
		<name>&amp;*@HUST_text</name>
		<bndbox>
			<xmin>471</xmin>
			<ymin>892</ymin>
			<xmax>588</xmax>
			<ymax>921</ymax>
		</bndbox>
	</object>
	<object>
		<difficult>1</difficult>
		<name>&amp;*@HUST_special</name>
		<bndbox>
			<xmin>448</xmin>
			<ymin>893</ymin>
			<xmax>470</xmax>
			<ymax>922</ymax>
		</bndbox>
	</object>
	<object>
		<difficult>0</difficult>
		<name>&amp;*@HUST_text</name>
		<bndbox>
			<xmin>340</xmin>
			<ymin>865</ymin>
			<xmax>418</xmax>
			<ymax>890</ymax>
		</bndbox>
	</object>
	<object>
		<difficult>1</difficult>
		<name>&amp;*@HUST_special</name>
		<bndbox>
			<xmin>315</xmin>
			<ymin>865</ymin>
			<xmax>339</xmax>
			<ymax>889</ymax>
		</bndbox>
	</object>
	<object>
		<difficult>0</difficult>
		<name>&amp;*@HUST_text</name>
		<bndbox>
			<xmin>272</xmin>
			<ymin>865</ymin>
			<xmax>314</xmax>
			<ymax>889</ymax>
		</bndbox>
	</object>
	<object>
		<difficult>0</difficult>
		<name>&amp;*@HUST_text</name>
		<bndbox>
			<xmin>270</xmin>
			<ymin>842</ymin>
			<xmax>675</xmax>
			<ymax>864</ymax>
		</bndbox>
	</object>
	<object>
		<difficult>0</difficult>
		<name>&amp;*@HUST_text</name>
		<bndbox>
			<xmin>468</xmin>
			<ymin>814</ymin>
			<xmax>550</xmax>
			<ymax>838</ymax>
		</bndbox>
	</object>
	<object>
		<difficult>1</difficult>
		<name>&amp;*@HUST_special</name>
		<bndbox>
			<xmin>447</xmin>
			<ymin>814</ymin>
			<xmax>465</xmax>
			<ymax>838</ymax>
		</bndbox>
	</object>
	<object>
		<difficult>0</difficult>
		<name>&amp;*@HUST_text</name>
		<bndbox>
			<xmin>272</xmin>
			<ymin>814</ymin>
			<xmax>446</xmax>
			<ymax>838</ymax>
		</bndbox>
	</object>
	<object>
		<difficult>0</difficult>
		<name>&amp;*@HUST_text</name>
		<bndbox>
			<xmin>271</xmin>
			<ymin>790</ymin>
			<xmax>689</xmax>
			<ymax>812</ymax>
		</bndbox>
	</object>
	<object>
		<difficult>0</difficult>
		<name>&amp;*@HUST_text</name>
		<bndbox>
			<xmin>273</xmin>
			<ymin>747</ymin>
			<xmax>388</xmax>
			<ymax>786</ymax>
		</bndbox>
	</object>
	<object>
		<difficult>1</difficult>
		<name>&amp;*@HUST_special</name>
		<bndbox>
			<xmin>389</xmin>
			<ymin>748</ymin>
			<xmax>413</xmax>
			<ymax>786</ymax>
		</bndbox>
	</object>
	<object>
		<difficult>0</difficult>
		<name>&amp;*@HUST_text</name>
		<bndbox>
			<xmin>414</xmin>
			<ymin>747</ymin>
			<xmax>499</xmax>
			<ymax>786</ymax>
		</bndbox>
	</object>
	<object>
		<difficult>0</difficult>
		<name>&amp;*@HUST_text</name>
		<bndbox>
			<xmin>270</xmin>
			<ymin>720</ymin>
			<xmax>495</xmax>
			<ymax>742</ymax>
		</bndbox>
	</object>
	<object>
		<difficult>1</difficult>
		<name>&amp;*@HUST_special</name>
		<bndbox>
			<xmin>496</xmin>
			<ymin>720</ymin>
			<xmax>520</xmax>
			<ymax>742</ymax>
		</bndbox>
	</object>
	<object>
		<difficult>0</difficult>
		<name>&amp;*@HUST_text</name>
		<bndbox>
			<xmin>521</xmin>
			<ymin>720</ymin>
			<xmax>606</xmax>
			<ymax>742</ymax>
		</bndbox>
	</object>
	<object>
		<difficult>0</difficult>
		<name>&amp;*@HUST_text</name>
		<bndbox>
			<xmin>271</xmin>
			<ymin>696</ymin>
			<xmax>696</xmax>
			<ymax>719</ymax>
		</bndbox>
	</object>
	<object>
		<difficult>0</difficult>
		<name>&amp;*@HUST_text</name>
		<bndbox>
			<xmin>272</xmin>
			<ymin>669</ymin>
			<xmax>363</xmax>
			<ymax>692</ymax>
		</bndbox>
	</object>
	<object>
		<difficult>1</difficult>
		<name>&amp;*@HUST_special</name>
		<bndbox>
			<xmin>366</xmin>
			<ymin>670</ymin>
			<xmax>390</xmax>
			<ymax>692</ymax>
		</bndbox>
	</object>
	<object>
		<difficult>0</difficult>
		<name>&amp;*@HUST_text</name>
		<bndbox>
			<xmin>391</xmin>
			<ymin>669</ymin>
			<xmax>477</xmax>
			<ymax>691</ymax>
		</bndbox>
	</object>
	<object>
		<difficult>0</difficult>
		<name>&amp;*@HUST_text</name>
		<bndbox>
			<xmin>271</xmin>
			<ymin>645</ymin>
			<xmax>688</xmax>
			<ymax>668</ymax>
		</bndbox>
	</object>
	<object>
		<difficult>0</difficult>
		<name>&amp;*@HUST_text</name>
		<bndbox>
			<xmin>271</xmin>
			<ymin>601</ymin>
			<xmax>436</xmax>
			<ymax>640</ymax>
		</bndbox>
	</object>
	<object>
		<difficult>1</difficult>
		<name>&amp;*@HUST_special</name>
		<bndbox>
			<xmin>437</xmin>
			<ymin>601</ymin>
			<xmax>461</xmax>
			<ymax>640</ymax>
		</bndbox>
	</object>
	<object>
		<difficult>0</difficult>
		<name>&amp;*@HUST_text</name>
		<bndbox>
			<xmin>462</xmin>
			<ymin>601</ymin>
			<xmax>541</xmax>
			<ymax>640</ymax>
		</bndbox>
	</object>
	<object>
		<difficult>0</difficult>
		<name>&amp;*@HUST_text</name>
		<bndbox>
			<xmin>272</xmin>
			<ymin>557</ymin>
			<xmax>497</xmax>
			<ymax>597</ymax>
		</bndbox>
	</object>
	<object>
		<difficult>1</difficult>
		<name>&amp;*@HUST_special</name>
		<bndbox>
			<xmin>498</xmin>
			<ymin>557</ymin>
			<xmax>521</xmax>
			<ymax>596</ymax>
		</bndbox>
	</object>
	<object>
		<difficult>0</difficult>
		<name>&amp;*@HUST_text</name>
		<bndbox>
			<xmin>522</xmin>
			<ymin>557</ymin>
			<xmax>588</xmax>
			<ymax>596</ymax>
		</bndbox>
	</object>
	<object>
		<difficult>0</difficult>
		<name>&amp;*@HUST_text</name>
		<bndbox>
			<xmin>400</xmin>
			<ymin>512</ymin>
			<xmax>487</xmax>
			<ymax>553</ymax>
		</bndbox>
	</object>
	<object>
		<difficult>1</difficult>
		<name>&amp;*@HUST_special</name>
		<bndbox>
			<xmin>379</xmin>
			<ymin>513</ymin>
			<xmax>399</xmax>
			<ymax>552</ymax>
		</bndbox>
	</object>
	<object>
		<difficult>0</difficult>
		<name>&amp;*@HUST_text</name>
		<bndbox>
			<xmin>272</xmin>
			<ymin>513</ymin>
			<xmax>377</xmax>
			<ymax>553</ymax>
		</bndbox>
	</object>
	<object>
		<difficult>0</difficult>
		<name>&amp;*@HUST_text</name>
		<bndbox>
			<xmin>271</xmin>
			<ymin>485</ymin>
			<xmax>495</xmax>
			<ymax>509</ymax>
		</bndbox>
	</object>
	<object>
		<difficult>1</difficult>
		<name>&amp;*@HUST_special</name>
		<bndbox>
			<xmin>496</xmin>
			<ymin>485</ymin>
			<xmax>518</xmax>
			<ymax>508</ymax>
		</bndbox>
	</object>
	<object>
		<difficult>0</difficult>
		<name>&amp;*@HUST_text</name>
		<bndbox>
			<xmin>519</xmin>
			<ymin>485</ymin>
			<xmax>572</xmax>
			<ymax>508</ymax>
		</bndbox>
	</object>
	<object>
		<difficult>0</difficult>
		<name>&amp;*@HUST_text</name>
		<bndbox>
			<xmin>272</xmin>
			<ymin>461</ymin>
			<xmax>688</xmax>
			<ymax>484</ymax>
		</bndbox>
	</object>
	<object>
		<difficult>0</difficult>
		<name>&amp;*@HUST_text</name>
		<bndbox>
			<xmin>272</xmin>
			<ymin>435</ymin>
			<xmax>449</xmax>
			<ymax>458</ymax>
		</bndbox>
	</object>
	<object>
		<difficult>1</difficult>
		<name>&amp;*@HUST_special</name>
		<bndbox>
			<xmin>451</xmin>
			<ymin>434</ymin>
			<xmax>472</xmax>
			<ymax>457</ymax>
		</bndbox>
	</object>
	<object>
		<difficult>0</difficult>
		<name>&amp;*@HUST_text</name>
		<bndbox>
			<xmin>473</xmin>
			<ymin>435</ymin>
			<xmax>568</xmax>
			<ymax>457</ymax>
		</bndbox>
	</object>
	<object>
		<difficult>0</difficult>
		<name>&amp;*@HUST_text</name>
		<bndbox>
			<xmin>273</xmin>
			<ymin>412</ymin>
			<xmax>682</xmax>
			<ymax>434</ymax>
		</bndbox>
	</object>
	<object>
		<difficult>0</difficult>
		<name>&amp;*@HUST_text</name>
		<bndbox>
			<xmin>448</xmin>
			<ymin>366</ymin>
			<xmax>510</xmax>
			<ymax>407</ymax>
		</bndbox>
	</object>
	<object>
		<difficult>1</difficult>
		<name>&amp;*@HUST_special</name>
		<bndbox>
			<xmin>424</xmin>
			<ymin>366</ymin>
			<xmax>446</xmax>
			<ymax>406</ymax>
		</bndbox>
	</object>
	<object>
		<difficult>0</difficult>
		<name>&amp;*@HUST_text</name>
		<bndbox>
			<xmin>272</xmin>
			<ymin>366</ymin>
			<xmax>423</xmax>
			<ymax>407</ymax>
		</bndbox>
	</object>
	<object>
		<difficult>0</difficult>
		<name>&amp;*@HUST_text</name>
		<bndbox>
			<xmin>312</xmin>
			<ymin>340</ymin>
			<xmax>364</xmax>
			<ymax>362</ymax>
		</bndbox>
	</object>
	<object>
		<difficult>1</difficult>
		<name>&amp;*@HUST_special</name>
		<bndbox>
			<xmin>274</xmin>
			<ymin>340</ymin>
			<xmax>311</xmax>
			<ymax>361</ymax>
		</bndbox>
	</object>
	<object>
		<difficult>0</difficult>
		<name>&amp;*@HUST_text</name>
		<bndbox>
			<xmin>272</xmin>
			<ymin>316</ymin>
			<xmax>631</xmax>
			<ymax>339</ymax>
		</bndbox>
	</object>
	<object>
		<difficult>1</difficult>
		<name>&amp;*@HUST_special</name>
		<bndbox>
			<xmin>632</xmin>
			<ymin>316</ymin>
			<xmax>663</xmax>
			<ymax>353</ymax>
		</bndbox>
	</object>
	<object>
		<difficult>0</difficult>
		<name>&amp;*@HUST_text</name>
		<bndbox>
			<xmin>437</xmin>
			<ymin>272</ymin>
			<xmax>521</xmax>
			<ymax>311</ymax>
		</bndbox>
	</object>
	<object>
		<difficult>1</difficult>
		<name>&amp;*@HUST_special</name>
		<bndbox>
			<xmin>392</xmin>
			<ymin>272</ymin>
			<xmax>436</xmax>
			<ymax>312</ymax>
		</bndbox>
	</object>
	<object>
		<difficult>0</difficult>
		<name>&amp;*@HUST_text</name>
		<bndbox>
			<xmin>272</xmin>
			<ymin>273</ymin>
			<xmax>391</xmax>
			<ymax>311</ymax>
		</bndbox>
	</object>
	<object>
		<difficult>0</difficult>
		<name>&amp;*@HUST_text</name>
		<bndbox>
			<xmin>272</xmin>
			<ymin>226</ymin>
			<xmax>406</xmax>
			<ymax>267</ymax>
		</bndbox>
	</object>
	<object>
		<difficult>0</difficult>
		<name>&amp;*@HUST_text</name>
		<bndbox>
			<xmin>272</xmin>
			<ymin>184</ymin>
			<xmax>343</xmax>
			<ymax>221</ymax>
		</bndbox>
	</object>
	<object>
		<difficult>0</difficult>
		<name>&amp;*@HUST_text</name>
		<bndbox>
			<xmin>349</xmin>
			<ymin>184</ymin>
			<xmax>476</xmax>
			<ymax>221</ymax>
		</bndbox>
	</object>
	<object>
		<difficult>0</difficult>
		<name>&amp;*@HUST_text</name>
		<bndbox>
			<xmin>479</xmin>
			<ymin>184</ymin>
			<xmax>604</xmax>
			<ymax>221</ymax>
		</bndbox>
	</object>
	<object>
		<difficult>0</difficult>
		<name>&amp;*@HUST_text</name>
		<bndbox>
			<xmin>607</xmin>
			<ymin>184</ymin>
			<xmax>667</xmax>
			<ymax>222</ymax>
		</bndbox>
	</object>
	<object>
		<difficult>0</difficult>
		<name>&amp;*@HUST_text</name>
		<bndbox>
			<xmin>677</xmin>
			<ymin>185</ymin>
			<xmax>814</xmax>
			<ymax>223</ymax>
		</bndbox>
	</object>
	<object>
		<difficult>0</difficult>
		<name>&amp;*@HUST_text</name>
		<bndbox>
			<xmin>817</xmin>
			<ymin>185</ymin>
			<xmax>910</xmax>
			<ymax>222</ymax>
		</bndbox>
	</object>
	<object>
		<difficult>0</difficult>
		<name>&amp;*@HUST_text</name>
		<bndbox>
			<xmin>915</xmin>
			<ymin>185</ymin>
			<xmax>1043</xmax>
			<ymax>222</ymax>
		</bndbox>
	</object>
	<object>
		<difficult>0</difficult>
		<name>&amp;*@HUST_text</name>
		<bndbox>
			<xmin>814</xmin>
			<ymin>228</ymin>
			<xmax>902</xmax>
			<ymax>268</ymax>
		</bndbox>
	</object>
	<object>
		<difficult>1</difficult>
		<name>&amp;*@HUST_special</name>
		<bndbox>
			<xmin>904</xmin>
			<ymin>229</ymin>
			<xmax>926</xmax>
			<ymax>267</ymax>
		</bndbox>
	</object>
	<object>
		<difficult>0</difficult>
		<name>&amp;*@HUST_text</name>
		<bndbox>
			<xmin>816</xmin>
			<ymin>272</ymin>
			<xmax>877</xmax>
			<ymax>291</ymax>
		</bndbox>
	</object>
	<object>
		<difficult>0</difficult>
		<name>&amp;*@HUST_text</name>
		<bndbox>
			<xmin>815</xmin>
			<ymin>292</ymin>
			<xmax>951</xmax>
			<ymax>311</ymax>
		</bndbox>
	</object>
	<object>
		<difficult>0</difficult>
		<name>&amp;*@HUST_text</name>
		<bndbox>
			<xmin>816</xmin>
			<ymin>316</ymin>
			<xmax>899</xmax>
			<ymax>340</ymax>
		</bndbox>
	</object>
	<object>
		<difficult>0</difficult>
		<name>&amp;*@HUST_text</name>
		<bndbox>
			<xmin>816</xmin>
			<ymin>340</ymin>
			<xmax>967</xmax>
			<ymax>362</ymax>
		</bndbox>
	</object>
	<object>
		<difficult>0</difficult>
		<name>&amp;*@HUST_text</name>
		<bndbox>
			<xmin>553</xmin>
			<ymin>81</ymin>
			<xmax>623</xmax>
			<ymax>123</ymax>
		</bndbox>
	</object>
	<object>
		<difficult>0</difficult>
		<name>&amp;*@HUST_text</name>
		<bndbox>
			<xmin>626</xmin>
			<ymin>81</ymin>
			<xmax>697</xmax>
			<ymax>125</ymax>
		</bndbox>
	</object>
	<object>
		<difficult>0</difficult>
		<name>&amp;*@HUST_text</name>
		<bndbox>
			<xmin>699</xmin>
			<ymin>82</ymin>
			<xmax>789</xmax>
			<ymax>120</ymax>
		</bndbox>
	</object>
	<object>
		<difficult>1</difficult>
		<name>&amp;*@HUST_special</name>
		<bndbox>
			<xmin>703</xmin>
			<ymin>122</ymin>
			<xmax>787</xmax>
			<ymax>129</ymax>
		</bndbox>
	</object>
	<object>
		<difficult>0</difficult>
		<name>&amp;*@HUST_text</name>
		<bndbox>
			<xmin>791</xmin>
			<ymin>82</ymin>
			<xmax>890</xmax>
			<ymax>124</ymax>
		</bndbox>
	</object>
	<object>
		<difficult>0</difficult>
		<name>&amp;*@HUST_text</name>
		<bndbox>
			<xmin>892</xmin>
			<ymin>82</ymin>
			<xmax>943</xmax>
			<ymax>123</ymax>
		</bndbox>
	</object>
	<object>
		<difficult>0</difficult>
		<name>&amp;*@HUST_text</name>
		<bndbox>
			<xmin>946</xmin>
			<ymin>82</ymin>
			<xmax>1027</xmax>
			<ymax>124</ymax>
		</bndbox>
	</object>
	<object>
		<difficult>0</difficult>
		<name>&amp;*@HUST_text</name>
		<bndbox>
			<xmin>1029</xmin>
			<ymin>82</ymin>
			<xmax>1082</xmax>
			<ymax>124</ymax>
		</bndbox>
	</object>
	<object>
		<difficult>0</difficult>
		<name>&amp;*@HUST_text</name>
		<bndbox>
			<xmin>850</xmin>
			<ymin>46</ymin>
			<xmax>904</xmax>
			<ymax>71</ymax>
		</bndbox>
	</object>
	<object>
		<difficult>1</difficult>
		<name>&amp;*@HUST_special</name>
		<bndbox>
			<xmin>904</xmin>
			<ymin>46</ymin>
			<xmax>920</xmax>
			<ymax>70</ymax>
		</bndbox>
	</object>
	<object>
		<difficult>0</difficult>
		<name>&amp;*@HUST_text</name>
		<bndbox>
			<xmin>922</xmin>
			<ymin>45</ymin>
			<xmax>973</xmax>
			<ymax>72</ymax>
		</bndbox>
	</object>
	<object>
		<difficult>1</difficult>
		<name>&amp;*@HUST_special</name>
		<bndbox>
			<xmin>1118</xmin>
			<ymin>46</ymin>
			<xmax>1150</xmax>
			<ymax>71</ymax>
		</bndbox>
	</object>
	<object>
		<difficult>0</difficult>
		<name>&amp;*@HUST_text</name>
		<bndbox>
			<xmin>1083</xmin>
			<ymin>82</ymin>
			<xmax>1159</xmax>
			<ymax>124</ymax>
		</bndbox>
	</object>
	<object>
		<difficult>0</difficult>
		<name>&amp;*@HUST_text</name>
		<bndbox>
			<xmin>1079</xmin>
			<ymin>193</ymin>
			<xmax>1140</xmax>
			<ymax>216</ymax>
		</bndbox>
	</object>
	<object>
		<difficult>0</difficult>
		<name>&amp;*@HUST_text</name>
		<bndbox>
			<xmin>975</xmin>
			<ymin>227</ymin>
			<xmax>1083</xmax>
			<ymax>267</ymax>
		</bndbox>
	</object>
	<object>
		<difficult>0</difficult>
		<name>&amp;*@HUST_text</name>
		<bndbox>
			<xmin>1100</xmin>
			<ymin>227</ymin>
			<xmax>1154</xmax>
			<ymax>267</ymax>
		</bndbox>
	</object>
	<object>
		<difficult>0</difficult>
		<name>&amp;*@HUST_text</name>
		<bndbox>
			<xmin>980</xmin>
			<ymin>272</ymin>
			<xmax>1077</xmax>
			<ymax>312</ymax>
		</bndbox>
	</object>
	<object>
		<difficult>1</difficult>
		<name>&amp;*@HUST_special</name>
		<bndbox>
			<xmin>1104</xmin>
			<ymin>273</ymin>
			<xmax>1152</xmax>
			<ymax>311</ymax>
		</bndbox>
	</object>
	<object>
		<difficult>0</difficult>
		<name>&amp;*@HUST_text</name>
		<bndbox>
			<xmin>981</xmin>
			<ymin>317</ymin>
			<xmax>1069</xmax>
			<ymax>360</ymax>
		</bndbox>
	</object>
	<object>
		<difficult>1</difficult>
		<name>&amp;*@HUST_special</name>
		<bndbox>
			<xmin>1107</xmin>
			<ymin>317</ymin>
			<xmax>1148</xmax>
			<ymax>361</ymax>
		</bndbox>
	</object>
	<object>
		<difficult>1</difficult>
		<name>&amp;*@HUST_special</name>
		<bndbox>
			<xmin>1108</xmin>
			<ymin>367</ymin>
			<xmax>1152</xmax>
			<ymax>407</ymax>
		</bndbox>
	</object>
	<object>
		<difficult>0</difficult>
		<name>&amp;*@HUST_text</name>
		<bndbox>
			<xmin>985</xmin>
			<ymin>367</ymin>
			<xmax>1075</xmax>
			<ymax>407</ymax>
		</bndbox>
	</object>
	<object>
		<difficult>0</difficult>
		<name>&amp;*@HUST_text</name>
		<bndbox>
			<xmin>816</xmin>
			<ymin>366</ymin>
			<xmax>944</xmax>
			<ymax>386</ymax>
		</bndbox>
	</object>
	<object>
		<difficult>0</difficult>
		<name>&amp;*@HUST_text</name>
		<bndbox>
			<xmin>815</xmin>
			<ymin>387</ymin>
			<xmax>968</xmax>
			<ymax>407</ymax>
		</bndbox>
	</object>
	<object>
		<difficult>0</difficult>
		<name>&amp;*@HUST_text</name>
		<bndbox>
			<xmin>815</xmin>
			<ymin>411</ymin>
			<xmax>890</xmax>
			<ymax>435</ymax>
		</bndbox>
	</object>
	<object>
		<difficult>0</difficult>
		<name>&amp;*@HUST_text</name>
		<bndbox>
			<xmin>815</xmin>
			<ymin>435</ymin>
			<xmax>955</xmax>
			<ymax>458</ymax>
		</bndbox>
	</object>
	<object>
		<difficult>0</difficult>
		<name>&amp;*@HUST_text</name>
		<bndbox>
			<xmin>985</xmin>
			<ymin>412</ymin>
			<xmax>1076</xmax>
			<ymax>457</ymax>
		</bndbox>
	</object>
	<object>
		<difficult>0</difficult>
		<name>&amp;*@HUST_text</name>
		<bndbox>
			<xmin>986</xmin>
			<ymin>463</ymin>
			<xmax>1077</xmax>
			<ymax>508</ymax>
		</bndbox>
	</object>
	<object>
		<difficult>0</difficult>
		<name>&amp;*@HUST_text</name>
		<bndbox>
			<xmin>816</xmin>
			<ymin>462</ymin>
			<xmax>887</xmax>
			<ymax>486</ymax>
		</bndbox>
	</object>
	<object>
		<difficult>0</difficult>
		<name>&amp;*@HUST_text</name>
		<bndbox>
			<xmin>815</xmin>
			<ymin>487</ymin>
			<xmax>960</xmax>
			<ymax>510</ymax>
		</bndbox>
	</object>
	<object>
		<difficult>0</difficult>
		<name>&amp;*@HUST_text</name>
		<bndbox>
			<xmin>816</xmin>
			<ymin>512</ymin>
			<xmax>885</xmax>
			<ymax>533</ymax>
		</bndbox>
	</object>
	<object>
		<difficult>0</difficult>
		<name>&amp;*@HUST_text</name>
		<bndbox>
			<xmin>815</xmin>
			<ymin>534</ymin>
			<xmax>954</xmax>
			<ymax>552</ymax>
		</bndbox>
	</object>
	<object>
		<difficult>0</difficult>
		<name>&amp;*@HUST_text</name>
		<bndbox>
			<xmin>987</xmin>
			<ymin>514</ymin>
			<xmax>1073</xmax>
			<ymax>552</ymax>
		</bndbox>
	</object>
	<object>
		<difficult>0</difficult>
		<name>&amp;*@HUST_text</name>
		<bndbox>
			<xmin>816</xmin>
			<ymin>556</ymin>
			<xmax>887</xmax>
			<ymax>576</ymax>
		</bndbox>
	</object>
	<object>
		<difficult>0</difficult>
		<name>&amp;*@HUST_text</name>
		<bndbox>
			<xmin>816</xmin>
			<ymin>577</ymin>
			<xmax>952</xmax>
			<ymax>597</ymax>
		</bndbox>
	</object>
	<object>
		<difficult>0</difficult>
		<name>&amp;*@HUST_text</name>
		<bndbox>
			<xmin>990</xmin>
			<ymin>558</ymin>
			<xmax>1071</xmax>
			<ymax>596</ymax>
		</bndbox>
	</object>
	<object>
		<difficult>0</difficult>
		<name>&amp;*@HUST_text</name>
		<bndbox>
			<xmin>817</xmin>
			<ymin>600</ymin>
			<xmax>881</xmax>
			<ymax>621</ymax>
		</bndbox>
	</object>
	<object>
		<difficult>0</difficult>
		<name>&amp;*@HUST_text</name>
		<bndbox>
			<xmin>818</xmin>
			<ymin>621</ymin>
			<xmax>957</xmax>
			<ymax>641</ymax>
		</bndbox>
	</object>
	<object>
		<difficult>0</difficult>
		<name>&amp;*@HUST_text</name>
		<bndbox>
			<xmin>991</xmin>
			<ymin>601</ymin>
			<xmax>1070</xmax>
			<ymax>641</ymax>
		</bndbox>
	</object>
	<object>
		<difficult>0</difficult>
		<name>&amp;*@HUST_text</name>
		<bndbox>
			<xmin>991</xmin>
			<ymin>645</ymin>
			<xmax>1069</xmax>
			<ymax>692</ymax>
		</bndbox>
	</object>
	<object>
		<difficult>0</difficult>
		<name>&amp;*@HUST_text</name>
		<bndbox>
			<xmin>817</xmin>
			<ymin>644</ymin>
			<xmax>889</xmax>
			<ymax>669</ymax>
		</bndbox>
	</object>
	<object>
		<difficult>0</difficult>
		<name>&amp;*@HUST_text</name>
		<bndbox>
			<xmin>817</xmin>
			<ymin>670</ymin>
			<xmax>963</xmax>
			<ymax>692</ymax>
		</bndbox>
	</object>
	<object>
		<difficult>0</difficult>
		<name>&amp;*@HUST_text</name>
		<bndbox>
			<xmin>818</xmin>
			<ymin>696</ymin>
			<xmax>884</xmax>
			<ymax>720</ymax>
		</bndbox>
	</object>
	<object>
		<difficult>0</difficult>
		<name>&amp;*@HUST_text</name>
		<bndbox>
			<xmin>817</xmin>
			<ymin>720</ymin>
			<xmax>962</xmax>
			<ymax>743</ymax>
		</bndbox>
	</object>
	<object>
		<difficult>0</difficult>
		<name>&amp;*@HUST_text</name>
		<bndbox>
			<xmin>992</xmin>
			<ymin>697</ymin>
			<xmax>1070</xmax>
			<ymax>742</ymax>
		</bndbox>
	</object>
	<object>
		<difficult>0</difficult>
		<name>&amp;*@HUST_text</name>
		<bndbox>
			<xmin>818</xmin>
			<ymin>747</ymin>
			<xmax>877</xmax>
			<ymax>766</ymax>
		</bndbox>
	</object>
	<object>
		<difficult>0</difficult>
		<name>&amp;*@HUST_text</name>
		<bndbox>
			<xmin>817</xmin>
			<ymin>767</ymin>
			<xmax>957</xmax>
			<ymax>787</ymax>
		</bndbox>
	</object>
	<object>
		<difficult>0</difficult>
		<name>&amp;*@HUST_text</name>
		<bndbox>
			<xmin>992</xmin>
			<ymin>747</ymin>
			<xmax>1074</xmax>
			<ymax>786</ymax>
		</bndbox>
	</object>
	<object>
		<difficult>0</difficult>
		<name>&amp;*@HUST_text</name>
		<bndbox>
			<xmin>817</xmin>
			<ymin>790</ymin>
			<xmax>885</xmax>
			<ymax>815</ymax>
		</bndbox>
	</object>
	<object>
		<difficult>0</difficult>
		<name>&amp;*@HUST_text</name>
		<bndbox>
			<xmin>816</xmin>
			<ymin>816</ymin>
			<xmax>954</xmax>
			<ymax>838</ymax>
		</bndbox>
	</object>
	<object>
		<difficult>0</difficult>
		<name>&amp;*@HUST_text</name>
		<bndbox>
			<xmin>994</xmin>
			<ymin>793</ymin>
			<xmax>1072</xmax>
			<ymax>835</ymax>
		</bndbox>
	</object>
	<object>
		<difficult>0</difficult>
		<name>&amp;*@HUST_text</name>
		<bndbox>
			<xmin>816</xmin>
			<ymin>842</ymin>
			<xmax>883</xmax>
			<ymax>865</ymax>
		</bndbox>
	</object>
	<object>
		<difficult>0</difficult>
		<name>&amp;*@HUST_text</name>
		<bndbox>
			<xmin>816</xmin>
			<ymin>866</ymin>
			<xmax>950</xmax>
			<ymax>889</ymax>
		</bndbox>
	</object>
	<object>
		<difficult>0</difficult>
		<name>&amp;*@HUST_text</name>
		<bndbox>
			<xmin>996</xmin>
			<ymin>842</ymin>
			<xmax>1072</xmax>
			<ymax>888</ymax>
		</bndbox>
	</object>
	<object>
		<difficult>0</difficult>
		<name>&amp;*@HUST_text</name>
		<bndbox>
			<xmin>816</xmin>
			<ymin>892</ymin>
			<xmax>934</xmax>
			<ymax>912</ymax>
		</bndbox>
	</object>
	<object>
		<difficult>0</difficult>
		<name>&amp;*@HUST_text</name>
		<bndbox>
			<xmin>816</xmin>
			<ymin>912</ymin>
			<xmax>953</xmax>
			<ymax>923</ymax>
		</bndbox>
	</object>
	<object>
		<difficult>0</difficult>
		<name>&amp;*@HUST_text</name>
		<bndbox>
			<xmin>995</xmin>
			<ymin>893</ymin>
			<xmax>1068</xmax>
			<ymax>922</ymax>
		</bndbox>
	</object>
	<object>
		<difficult>1</difficult>
		<name>&amp;*@HUST_special</name>
		<bndbox>
			<xmin>1105</xmin>
			<ymin>893</ymin>
			<xmax>1149</xmax>
			<ymax>921</ymax>
		</bndbox>
	</object>
	<object>
		<difficult>1</difficult>
		<name>&amp;*@HUST_special</name>
		<bndbox>
			<xmin>1103</xmin>
			<ymin>843</ymin>
			<xmax>1154</xmax>
			<ymax>883</ymax>
		</bndbox>
	</object>
	<object>
		<difficult>1</difficult>
		<name>&amp;*@HUST_special</name>
		<bndbox>
			<xmin>1102</xmin>
			<ymin>791</ymin>
			<xmax>1154</xmax>
			<ymax>837</ymax>
		</bndbox>
	</object>
	<object>
		<difficult>1</difficult>
		<name>&amp;*@HUST_special</name>
		<bndbox>
			<xmin>1101</xmin>
			<ymin>747</ymin>
			<xmax>1152</xmax>
			<ymax>786</ymax>
		</bndbox>
	</object>
	<object>
		<difficult>1</difficult>
		<name>&amp;*@HUST_special</name>
		<bndbox>
			<xmin>1098</xmin>
			<ymin>698</ymin>
			<xmax>1157</xmax>
			<ymax>742</ymax>
		</bndbox>
	</object>
	<object>
		<difficult>1</difficult>
		<name>&amp;*@HUST_special</name>
		<bndbox>
			<xmin>1096</xmin>
			<ymin>646</ymin>
			<xmax>1154</xmax>
			<ymax>689</ymax>
		</bndbox>
	</object>
	<object>
		<difficult>1</difficult>
		<name>&amp;*@HUST_special</name>
		<bndbox>
			<xmin>1102</xmin>
			<ymin>601</ymin>
			<xmax>1155</xmax>
			<ymax>640</ymax>
		</bndbox>
	</object>
	<object>
		<difficult>1</difficult>
		<name>&amp;*@HUST_special</name>
		<bndbox>
			<xmin>1099</xmin>
			<ymin>558</ymin>
			<xmax>1151</xmax>
			<ymax>596</ymax>
		</bndbox>
	</object>
	<object>
		<difficult>1</difficult>
		<name>&amp;*@HUST_special</name>
		<bndbox>
			<xmin>1099</xmin>
			<ymin>514</ymin>
			<xmax>1150</xmax>
			<ymax>554</ymax>
		</bndbox>
	</object>
	<object>
		<difficult>1</difficult>
		<name>&amp;*@HUST_special</name>
		<bndbox>
			<xmin>1095</xmin>
			<ymin>463</ymin>
			<xmax>1152</xmax>
			<ymax>509</ymax>
		</bndbox>
	</object>
	<object>
		<difficult>1</difficult>
		<name>&amp;*@HUST_special</name>
		<bndbox>
			<xmin>1098</xmin>
			<ymin>411</ymin>
			<xmax>1155</xmax>
			<ymax>457</ymax>
		</bndbox>
	</object>
</annotation>