<annotation>
	<filename>图像 6381.png</filename>
	<size>
		<width>839</width>
		<height>905</height>
		<depth>3</depth>
	</size>
	<segmented>0</segmented>
	<object>
		<difficult>0</difficult>
		<name>&amp;*@HUST_text</name>
		<bndbox>
			<xmin>39</xmin>
			<ymin>22</ymin>
			<xmax>149</xmax>
			<ymax>96</ymax>
		</bndbox>
	</object>
	<object>
		<difficult>0</difficult>
		<name>&amp;*@HUST_text</name>
		<bndbox>
			<xmin>161</xmin>
			<ymin>18</ymin>
			<xmax>579</xmax>
			<ymax>40</ymax>
		</bndbox>
	</object>
	<object>
		<difficult>0</difficult>
		<name>&amp;*@HUST_text</name>
		<bndbox>
			<xmin>161</xmin>
			<ymin>42</ymin>
			<xmax>585</xmax>
			<ymax>59</ymax>
		</bndbox>
	</object>
	<object>
		<difficult>0</difficult>
		<name>&amp;*@HUST_text</name>
		<bndbox>
			<xmin>164</xmin>
			<ymin>62</ymin>
			<xmax>589</xmax>
			<ymax>79</ymax>
		</bndbox>
	</object>
	<object>
		<difficult>0</difficult>
		<name>&amp;*@HUST_text</name>
		<bndbox>
			<xmin>159</xmin>
			<ymin>83</ymin>
			<xmax>278</xmax>
			<ymax>99</ymax>
		</bndbox>
	</object>
	<object>
		<difficult>0</difficult>
		<name>&amp;*@HUST_text</name>
		<bndbox>
			<xmin>601</xmin>
			<ymin>22</ymin>
			<xmax>744</xmax>
			<ymax>98</ymax>
		</bndbox>
	</object>
	<object>
		<difficult>0</difficult>
		<name>&amp;*@HUST_text</name>
		<bndbox>
			<xmin>596</xmin>
			<ymin>111</ymin>
			<xmax>738</xmax>
			<ymax>143</ymax>
		</bndbox>
	</object>
	<object>
		<difficult>0</difficult>
		<name>&amp;*@HUST_text</name>
		<bndbox>
			<xmin>597</xmin>
			<ymin>152</ymin>
			<xmax>745</xmax>
			<ymax>174</ymax>
		</bndbox>
	</object>
	<object>
		<difficult>0</difficult>
		<name>&amp;*@HUST_text</name>
		<bndbox>
			<xmin>599</xmin>
			<ymin>183</ymin>
			<xmax>735</xmax>
			<ymax>205</ymax>
		</bndbox>
	</object>
	<object>
		<difficult>0</difficult>
		<name>&amp;*@HUST_text</name>
		<bndbox>
			<xmin>603</xmin>
			<ymin>212</ymin>
			<xmax>734</xmax>
			<ymax>236</ymax>
		</bndbox>
	</object>
	<object>
		<difficult>0</difficult>
		<name>&amp;*@HUST_text</name>
		<bndbox>
			<xmin>161</xmin>
			<ymin>108</ymin>
			<xmax>586</xmax>
			<ymax>127</ymax>
		</bndbox>
	</object>
	<object>
		<difficult>0</difficult>
		<name>&amp;*@HUST_text</name>
		<bndbox>
			<xmin>163</xmin>
			<ymin>129</ymin>
			<xmax>388</xmax>
			<ymax>147</ymax>
		</bndbox>
	</object>
	<object>
		<difficult>0</difficult>
		<name>&amp;*@HUST_text</name>
		<bndbox>
			<xmin>41</xmin>
			<ymin>110</ymin>
			<xmax>150</xmax>
			<ymax>146</ymax>
		</bndbox>
	</object>
	<object>
		<difficult>0</difficult>
		<name>&amp;*@HUST_text</name>
		<bndbox>
			<xmin>40</xmin>
			<ymin>154</ymin>
			<xmax>145</xmax>
			<ymax>174</ymax>
		</bndbox>
	</object>
	<object>
		<difficult>0</difficult>
		<name>&amp;*@HUST_text</name>
		<bndbox>
			<xmin>162</xmin>
			<ymin>154</ymin>
			<xmax>573</xmax>
			<ymax>174</ymax>
		</bndbox>
	</object>
	<object>
		<difficult>1</difficult>
		<name>&amp;*@HUST_shelter</name>
		<bndbox>
			<xmin>159</xmin>
			<ymin>0</ymin>
			<xmax>584</xmax>
			<ymax>11</ymax>
		</bndbox>
	</object>
	<object>
		<difficult>0</difficult>
		<name>&amp;*@HUST_text</name>
		<bndbox>
			<xmin>40</xmin>
			<ymin>184</ymin>
			<xmax>137</xmax>
			<ymax>206</ymax>
		</bndbox>
	</object>
	<object>
		<difficult>0</difficult>
		<name>&amp;*@HUST_text</name>
		<bndbox>
			<xmin>156</xmin>
			<ymin>181</ymin>
			<xmax>539</xmax>
			<ymax>204</ymax>
		</bndbox>
	</object>
	<object>
		<difficult>0</difficult>
		<name>&amp;*@HUST_text</name>
		<bndbox>
			<xmin>155</xmin>
			<ymin>211</ymin>
			<xmax>569</xmax>
			<ymax>236</ymax>
		</bndbox>
	</object>
	<object>
		<difficult>0</difficult>
		<name>&amp;*@HUST_text</name>
		<bndbox>
			<xmin>37</xmin>
			<ymin>211</ymin>
			<xmax>146</xmax>
			<ymax>235</ymax>
		</bndbox>
	</object>
	<object>
		<difficult>0</difficult>
		<name>&amp;*@HUST_text</name>
		<bndbox>
			<xmin>18</xmin>
			<ymin>262</ymin>
			<xmax>179</xmax>
			<ymax>286</ymax>
		</bndbox>
	</object>
	<object>
		<difficult>0</difficult>
		<name>&amp;*@HUST_text</name>
		<bndbox>
			<xmin>38</xmin>
			<ymin>313</ymin>
			<xmax>124</xmax>
			<ymax>337</ymax>
		</bndbox>
	</object>
	<object>
		<difficult>0</difficult>
		<name>&amp;*@HUST_text</name>
		<bndbox>
			<xmin>137</xmin>
			<ymin>315</ymin>
			<xmax>240</xmax>
			<ymax>335</ymax>
		</bndbox>
	</object>
	<object>
		<difficult>0</difficult>
		<name>&amp;*@HUST_text</name>
		<bndbox>
			<xmin>254</xmin>
			<ymin>314</ymin>
			<xmax>351</xmax>
			<ymax>339</ymax>
		</bndbox>
	</object>
	<object>
		<difficult>0</difficult>
		<name>&amp;*@HUST_text</name>
		<bndbox>
			<xmin>364</xmin>
			<ymin>312</ymin>
			<xmax>455</xmax>
			<ymax>338</ymax>
		</bndbox>
	</object>
	<object>
		<difficult>0</difficult>
		<name>&amp;*@HUST_text</name>
		<bndbox>
			<xmin>36</xmin>
			<ymin>350</ymin>
			<xmax>125</xmax>
			<ymax>390</ymax>
		</bndbox>
	</object>
	<object>
		<difficult>0</difficult>
		<name>&amp;*@HUST_text</name>
		<bndbox>
			<xmin>135</xmin>
			<ymin>355</ymin>
			<xmax>240</xmax>
			<ymax>388</ymax>
		</bndbox>
	</object>
	<object>
		<difficult>0</difficult>
		<name>&amp;*@HUST_text</name>
		<bndbox>
			<xmin>249</xmin>
			<ymin>355</ymin>
			<xmax>357</xmax>
			<ymax>391</ymax>
		</bndbox>
	</object>
	<object>
		<difficult>0</difficult>
		<name>&amp;*@HUST_text</name>
		<bndbox>
			<xmin>363</xmin>
			<ymin>356</ymin>
			<xmax>454</xmax>
			<ymax>391</ymax>
		</bndbox>
	</object>
	<object>
		<difficult>0</difficult>
		<name>&amp;*@HUST_text</name>
		<bndbox>
			<xmin>465</xmin>
			<ymin>356</ymin>
			<xmax>556</xmax>
			<ymax>391</ymax>
		</bndbox>
	</object>
	<object>
		<difficult>0</difficult>
		<name>&amp;*@HUST_text</name>
		<bndbox>
			<xmin>566</xmin>
			<ymin>356</ymin>
			<xmax>650</xmax>
			<ymax>394</ymax>
		</bndbox>
	</object>
	<object>
		<difficult>0</difficult>
		<name>&amp;*@HUST_text</name>
		<bndbox>
			<xmin>664</xmin>
			<ymin>349</ymin>
			<xmax>745</xmax>
			<ymax>392</ymax>
		</bndbox>
	</object>
	<object>
		<difficult>0</difficult>
		<name>&amp;*@HUST_text</name>
		<bndbox>
			<xmin>36</xmin>
			<ymin>404</ymin>
			<xmax>125</xmax>
			<ymax>430</ymax>
		</bndbox>
	</object>
	<object>
		<difficult>0</difficult>
		<name>&amp;*@HUST_text</name>
		<bndbox>
			<xmin>144</xmin>
			<ymin>402</ymin>
			<xmax>239</xmax>
			<ymax>428</ymax>
		</bndbox>
	</object>
	<object>
		<difficult>0</difficult>
		<name>&amp;*@HUST_text</name>
		<bndbox>
			<xmin>252</xmin>
			<ymin>405</ymin>
			<xmax>354</xmax>
			<ymax>429</ymax>
		</bndbox>
	</object>
	<object>
		<difficult>0</difficult>
		<name>&amp;*@HUST_text</name>
		<bndbox>
			<xmin>365</xmin>
			<ymin>403</ymin>
			<xmax>457</xmax>
			<ymax>430</ymax>
		</bndbox>
	</object>
	<object>
		<difficult>0</difficult>
		<name>&amp;*@HUST_text</name>
		<bndbox>
			<xmin>469</xmin>
			<ymin>406</ymin>
			<xmax>547</xmax>
			<ymax>428</ymax>
		</bndbox>
	</object>
	<object>
		<difficult>0</difficult>
		<name>&amp;*@HUST_text</name>
		<bndbox>
			<xmin>562</xmin>
			<ymin>405</ymin>
			<xmax>656</xmax>
			<ymax>430</ymax>
		</bndbox>
	</object>
	<object>
		<difficult>0</difficult>
		<name>&amp;*@HUST_text</name>
		<bndbox>
			<xmin>37</xmin>
			<ymin>438</ymin>
			<xmax>121</xmax>
			<ymax>462</ymax>
		</bndbox>
	</object>
	<object>
		<difficult>0</difficult>
		<name>&amp;*@HUST_text</name>
		<bndbox>
			<xmin>137</xmin>
			<ymin>440</ymin>
			<xmax>237</xmax>
			<ymax>465</ymax>
		</bndbox>
	</object>
	<object>
		<difficult>0</difficult>
		<name>&amp;*@HUST_text</name>
		<bndbox>
			<xmin>248</xmin>
			<ymin>436</ymin>
			<xmax>357</xmax>
			<ymax>461</ymax>
		</bndbox>
	</object>
	<object>
		<difficult>0</difficult>
		<name>&amp;*@HUST_text</name>
		<bndbox>
			<xmin>366</xmin>
			<ymin>437</ymin>
			<xmax>456</xmax>
			<ymax>465</ymax>
		</bndbox>
	</object>
	<object>
		<difficult>0</difficult>
		<name>&amp;*@HUST_text</name>
		<bndbox>
			<xmin>466</xmin>
			<ymin>438</ymin>
			<xmax>555</xmax>
			<ymax>465</ymax>
		</bndbox>
	</object>
	<object>
		<difficult>0</difficult>
		<name>&amp;*@HUST_text</name>
		<bndbox>
			<xmin>24</xmin>
			<ymin>492</ymin>
			<xmax>127</xmax>
			<ymax>513</ymax>
		</bndbox>
	</object>
	<object>
		<difficult>0</difficult>
		<name>&amp;*@HUST_text</name>
		<bndbox>
			<xmin>48</xmin>
			<ymin>538</ymin>
			<xmax>123</xmax>
			<ymax>553</ymax>
		</bndbox>
	</object>
	<object>
		<difficult>0</difficult>
		<name>&amp;*@HUST_text</name>
		<bndbox>
			<xmin>215</xmin>
			<ymin>536</ymin>
			<xmax>309</xmax>
			<ymax>553</ymax>
		</bndbox>
	</object>
	<object>
		<difficult>0</difficult>
		<name>&amp;*@HUST_text</name>
		<bndbox>
			<xmin>497</xmin>
			<ymin>535</ymin>
			<xmax>638</xmax>
			<ymax>555</ymax>
		</bndbox>
	</object>
	<object>
		<difficult>0</difficult>
		<name>&amp;*@HUST_text</name>
		<bndbox>
			<xmin>54</xmin>
			<ymin>562</ymin>
			<xmax>125</xmax>
			<ymax>579</ymax>
		</bndbox>
	</object>
	<object>
		<difficult>0</difficult>
		<name>&amp;*@HUST_text</name>
		<bndbox>
			<xmin>50</xmin>
			<ymin>584</ymin>
			<xmax>125</xmax>
			<ymax>603</ymax>
		</bndbox>
	</object>
	<object>
		<difficult>0</difficult>
		<name>&amp;*@HUST_text</name>
		<bndbox>
			<xmin>48</xmin>
			<ymin>611</ymin>
			<xmax>129</xmax>
			<ymax>628</ymax>
		</bndbox>
	</object>
	<object>
		<difficult>0</difficult>
		<name>&amp;*@HUST_text</name>
		<bndbox>
			<xmin>47</xmin>
			<ymin>633</ymin>
			<xmax>123</xmax>
			<ymax>653</ymax>
		</bndbox>
	</object>
	<object>
		<difficult>0</difficult>
		<name>&amp;*@HUST_text</name>
		<bndbox>
			<xmin>48</xmin>
			<ymin>660</ymin>
			<xmax>129</xmax>
			<ymax>679</ymax>
		</bndbox>
	</object>
	<object>
		<difficult>0</difficult>
		<name>&amp;*@HUST_text</name>
		<bndbox>
			<xmin>50</xmin>
			<ymin>685</ymin>
			<xmax>125</xmax>
			<ymax>703</ymax>
		</bndbox>
	</object>
	<object>
		<difficult>0</difficult>
		<name>&amp;*@HUST_text</name>
		<bndbox>
			<xmin>46</xmin>
			<ymin>706</ymin>
			<xmax>120</xmax>
			<ymax>726</ymax>
		</bndbox>
	</object>
	<object>
		<difficult>0</difficult>
		<name>&amp;*@HUST_text</name>
		<bndbox>
			<xmin>47</xmin>
			<ymin>732</ymin>
			<xmax>128</xmax>
			<ymax>750</ymax>
		</bndbox>
	</object>
	<object>
		<difficult>0</difficult>
		<name>&amp;*@HUST_text</name>
		<bndbox>
			<xmin>206</xmin>
			<ymin>562</ymin>
			<xmax>314</xmax>
			<ymax>580</ymax>
		</bndbox>
	</object>
	<object>
		<difficult>0</difficult>
		<name>&amp;*@HUST_text</name>
		<bndbox>
			<xmin>161</xmin>
			<ymin>585</ymin>
			<xmax>363</xmax>
			<ymax>603</ymax>
		</bndbox>
	</object>
	<object>
		<difficult>0</difficult>
		<name>&amp;*@HUST_text</name>
		<bndbox>
			<xmin>194</xmin>
			<ymin>609</ymin>
			<xmax>342</xmax>
			<ymax>628</ymax>
		</bndbox>
	</object>
	<object>
		<difficult>0</difficult>
		<name>&amp;*@HUST_text</name>
		<bndbox>
			<xmin>185</xmin>
			<ymin>633</ymin>
			<xmax>342</xmax>
			<ymax>653</ymax>
		</bndbox>
	</object>
	<object>
		<difficult>0</difficult>
		<name>&amp;*@HUST_text</name>
		<bndbox>
			<xmin>194</xmin>
			<ymin>658</ymin>
			<xmax>338</xmax>
			<ymax>678</ymax>
		</bndbox>
	</object>
	<object>
		<difficult>0</difficult>
		<name>&amp;*@HUST_text</name>
		<bndbox>
			<xmin>187</xmin>
			<ymin>682</ymin>
			<xmax>349</xmax>
			<ymax>702</ymax>
		</bndbox>
	</object>
	<object>
		<difficult>0</difficult>
		<name>&amp;*@HUST_text</name>
		<bndbox>
			<xmin>188</xmin>
			<ymin>707</ymin>
			<xmax>335</xmax>
			<ymax>727</ymax>
		</bndbox>
	</object>
	<object>
		<difficult>0</difficult>
		<name>&amp;*@HUST_text</name>
		<bndbox>
			<xmin>190</xmin>
			<ymin>731</ymin>
			<xmax>332</xmax>
			<ymax>750</ymax>
		</bndbox>
	</object>
	<object>
		<difficult>0</difficult>
		<name>&amp;*@HUST_text</name>
		<bndbox>
			<xmin>438</xmin>
			<ymin>560</ymin>
			<xmax>698</xmax>
			<ymax>579</ymax>
		</bndbox>
	</object>
	<object>
		<difficult>0</difficult>
		<name>&amp;*@HUST_text</name>
		<bndbox>
			<xmin>435</xmin>
			<ymin>584</ymin>
			<xmax>700</xmax>
			<ymax>605</ymax>
		</bndbox>
	</object>
	<object>
		<difficult>0</difficult>
		<name>&amp;*@HUST_text</name>
		<bndbox>
			<xmin>436</xmin>
			<ymin>609</ymin>
			<xmax>709</xmax>
			<ymax>629</ymax>
		</bndbox>
	</object>
	<object>
		<difficult>0</difficult>
		<name>&amp;*@HUST_text</name>
		<bndbox>
			<xmin>433</xmin>
			<ymin>633</ymin>
			<xmax>700</xmax>
			<ymax>653</ymax>
		</bndbox>
	</object>
	<object>
		<difficult>0</difficult>
		<name>&amp;*@HUST_text</name>
		<bndbox>
			<xmin>432</xmin>
			<ymin>658</ymin>
			<xmax>699</xmax>
			<ymax>679</ymax>
		</bndbox>
	</object>
	<object>
		<difficult>0</difficult>
		<name>&amp;*@HUST_text</name>
		<bndbox>
			<xmin>471</xmin>
			<ymin>684</ymin>
			<xmax>677</xmax>
			<ymax>701</ymax>
		</bndbox>
	</object>
	<object>
		<difficult>0</difficult>
		<name>&amp;*@HUST_text</name>
		<bndbox>
			<xmin>477</xmin>
			<ymin>707</ymin>
			<xmax>666</xmax>
			<ymax>727</ymax>
		</bndbox>
	</object>
	<object>
		<difficult>0</difficult>
		<name>&amp;*@HUST_text</name>
		<bndbox>
			<xmin>474</xmin>
			<ymin>731</ymin>
			<xmax>655</xmax>
			<ymax>751</ymax>
		</bndbox>
	</object>
	<object>
		<difficult>0</difficult>
		<name>&amp;*@HUST_text</name>
		<bndbox>
			<xmin>240</xmin>
			<ymin>788</ymin>
			<xmax>571</xmax>
			<ymax>831</ymax>
		</bndbox>
	</object>
	<object>
		<difficult>1</difficult>
		<name>&amp;*@HUST_special</name>
		<bndbox>
			<xmin>1</xmin>
			<ymin>288</ymin>
			<xmax>30</xmax>
			<ymax>327</ymax>
		</bndbox>
	</object>
	<object>
		<difficult>1</difficult>
		<name>&amp;*@HUST_special</name>
		<bndbox>
			<xmin>31</xmin>
			<ymin>287</ymin>
			<xmax>178</xmax>
			<ymax>298</ymax>
		</bndbox>
	</object>
	<object>
		<difficult>1</difficult>
		<name>&amp;*@HUST_special</name>
		<bndbox>
			<xmin>0</xmin>
			<ymin>514</ymin>
			<xmax>32</xmax>
			<ymax>546</ymax>
		</bndbox>
	</object>
	<object>
		<difficult>1</difficult>
		<name>&amp;*@HUST_special</name>
		<bndbox>
			<xmin>33</xmin>
			<ymin>514</ymin>
			<xmax>129</xmax>
			<ymax>527</ymax>
		</bndbox>
	</object>
	<object>
		<difficult>1</difficult>
		<name>&amp;*@HUST_shelter</name>
		<bndbox>
			<xmin>1</xmin>
			<ymin>889</ymin>
			<xmax>432</xmax>
			<ymax>904</ymax>
		</bndbox>
	</object>
</annotation>