<annotation>
	<filename>图像 5301.png</filename>
	<size>
		<width>1037</width>
		<height>821</height>
		<depth>3</depth>
	</size>
	<segmented>0</segmented>
	<object>
		<difficult>0</difficult>
		<name>&amp;*@HUST_text</name>
		<bndbox>
			<xmin>3</xmin>
			<ymin>0</ymin>
			<xmax>455</xmax>
			<ymax>28</ymax>
		</bndbox>
	</object>
	<object>
		<difficult>0</difficult>
		<name>&amp;*@HUST_text</name>
		<bndbox>
			<xmin>14</xmin>
			<ymin>34</ymin>
			<xmax>93</xmax>
			<ymax>55</ymax>
		</bndbox>
	</object>
	<object>
		<difficult>1</difficult>
		<name>&amp;*@HUST_special</name>
		<bndbox>
			<xmin>13</xmin>
			<ymin>62</ymin>
			<xmax>30</xmax>
			<ymax>100</ymax>
		</bndbox>
	</object>
	<object>
		<difficult>0</difficult>
		<name>&amp;*@HUST_text</name>
		<bndbox>
			<xmin>31</xmin>
			<ymin>62</ymin>
			<xmax>179</xmax>
			<ymax>100</ymax>
		</bndbox>
	</object>
	<object>
		<difficult>1</difficult>
		<name>&amp;*@HUST_special</name>
		<bndbox>
			<xmin>212</xmin>
			<ymin>60</ymin>
			<xmax>230</xmax>
			<ymax>100</ymax>
		</bndbox>
	</object>
	<object>
		<difficult>0</difficult>
		<name>&amp;*@HUST_text</name>
		<bndbox>
			<xmin>231</xmin>
			<ymin>61</ymin>
			<xmax>314</xmax>
			<ymax>100</ymax>
		</bndbox>
	</object>
	<object>
		<difficult>1</difficult>
		<name>&amp;*@HUST_special</name>
		<bndbox>
			<xmin>343</xmin>
			<ymin>60</ymin>
			<xmax>360</xmax>
			<ymax>100</ymax>
		</bndbox>
	</object>
	<object>
		<difficult>0</difficult>
		<name>&amp;*@HUST_text</name>
		<bndbox>
			<xmin>362</xmin>
			<ymin>60</ymin>
			<xmax>451</xmax>
			<ymax>100</ymax>
		</bndbox>
	</object>
	<object>
		<difficult>0</difficult>
		<name>&amp;*@HUST_text</name>
		<bndbox>
			<xmin>20</xmin>
			<ymin>117</ymin>
			<xmax>69</xmax>
			<ymax>142</ymax>
		</bndbox>
	</object>
	<object>
		<difficult>0</difficult>
		<name>&amp;*@HUST_text</name>
		<bndbox>
			<xmin>80</xmin>
			<ymin>118</ymin>
			<xmax>128</xmax>
			<ymax>142</ymax>
		</bndbox>
	</object>
	<object>
		<difficult>0</difficult>
		<name>&amp;*@HUST_text</name>
		<bndbox>
			<xmin>143</xmin>
			<ymin>118</ymin>
			<xmax>191</xmax>
			<ymax>142</ymax>
		</bndbox>
	</object>
	<object>
		<difficult>0</difficult>
		<name>&amp;*@HUST_text</name>
		<bndbox>
			<xmin>203</xmin>
			<ymin>117</ymin>
			<xmax>250</xmax>
			<ymax>142</ymax>
		</bndbox>
	</object>
	<object>
		<difficult>0</difficult>
		<name>&amp;*@HUST_text</name>
		<bndbox>
			<xmin>264</xmin>
			<ymin>118</ymin>
			<xmax>326</xmax>
			<ymax>142</ymax>
		</bndbox>
	</object>
	<object>
		<difficult>0</difficult>
		<name>&amp;*@HUST_text</name>
		<bndbox>
			<xmin>14</xmin>
			<ymin>144</ymin>
			<xmax>78</xmax>
			<ymax>169</ymax>
		</bndbox>
	</object>
	<object>
		<difficult>0</difficult>
		<name>&amp;*@HUST_text</name>
		<bndbox>
			<xmin>958</xmin>
			<ymin>2</ymin>
			<xmax>999</xmax>
			<ymax>22</ymax>
		</bndbox>
	</object>
	<object>
		<difficult>0</difficult>
		<name>&amp;*@HUST_text</name>
		<bndbox>
			<xmin>805</xmin>
			<ymin>34</ymin>
			<xmax>871</xmax>
			<ymax>55</ymax>
		</bndbox>
	</object>
	<object>
		<difficult>0</difficult>
		<name>&amp;*@HUST_text</name>
		<bndbox>
			<xmin>802</xmin>
			<ymin>60</ymin>
			<xmax>906</xmax>
			<ymax>83</ymax>
		</bndbox>
	</object>
	<object>
		<difficult>0</difficult>
		<name>&amp;*@HUST_text</name>
		<bndbox>
			<xmin>804</xmin>
			<ymin>84</ymin>
			<xmax>902</xmax>
			<ymax>104</ymax>
		</bndbox>
	</object>
	<object>
		<difficult>0</difficult>
		<name>&amp;*@HUST_text</name>
		<bndbox>
			<xmin>805</xmin>
			<ymin>106</ymin>
			<xmax>907</xmax>
			<ymax>129</ymax>
		</bndbox>
	</object>
	<object>
		<difficult>0</difficult>
		<name>&amp;*@HUST_text</name>
		<bndbox>
			<xmin>677</xmin>
			<ymin>116</ymin>
			<xmax>705</xmax>
			<ymax>136</ymax>
		</bndbox>
	</object>
	<object>
		<difficult>0</difficult>
		<name>&amp;*@HUST_text</name>
		<bndbox>
			<xmin>714</xmin>
			<ymin>116</ymin>
			<xmax>741</xmax>
			<ymax>135</ymax>
		</bndbox>
	</object>
	<object>
		<difficult>0</difficult>
		<name>&amp;*@HUST_text</name>
		<bndbox>
			<xmin>744</xmin>
			<ymin>116</ymin>
			<xmax>770</xmax>
			<ymax>135</ymax>
		</bndbox>
	</object>
	<object>
		<difficult>0</difficult>
		<name>&amp;*@HUST_text</name>
		<bndbox>
			<xmin>804</xmin>
			<ymin>147</ymin>
			<xmax>864</xmax>
			<ymax>170</ymax>
		</bndbox>
	</object>
	<object>
		<difficult>1</difficult>
		<name>&amp;*@HUST_special</name>
		<bndbox>
			<xmin>807</xmin>
			<ymin>178</ymin>
			<xmax>824</xmax>
			<ymax>193</ymax>
		</bndbox>
	</object>
	<object>
		<difficult>0</difficult>
		<name>&amp;*@HUST_text</name>
		<bndbox>
			<xmin>804</xmin>
			<ymin>195</ymin>
			<xmax>988</xmax>
			<ymax>201</ymax>
		</bndbox>
	</object>
	<object>
		<difficult>0</difficult>
		<name>&amp;*@HUST_text</name>
		<bndbox>
			<xmin>826</xmin>
			<ymin>177</ymin>
			<xmax>877</xmax>
			<ymax>194</ymax>
		</bndbox>
	</object>
	<object>
		<difficult>0</difficult>
		<name>&amp;*@HUST_text</name>
		<bndbox>
			<xmin>935</xmin>
			<ymin>173</ymin>
			<xmax>988</xmax>
			<ymax>194</ymax>
		</bndbox>
	</object>
	<object>
		<difficult>0</difficult>
		<name>&amp;*@HUST_text</name>
		<bndbox>
			<xmin>803</xmin>
			<ymin>220</ymin>
			<xmax>986</xmax>
			<ymax>228</ymax>
		</bndbox>
	</object>
	<object>
		<difficult>0</difficult>
		<name>&amp;*@HUST_text</name>
		<bndbox>
			<xmin>826</xmin>
			<ymin>201</ymin>
			<xmax>864</xmax>
			<ymax>219</ymax>
		</bndbox>
	</object>
	<object>
		<difficult>1</difficult>
		<name>&amp;*@HUST_special</name>
		<bndbox>
			<xmin>804</xmin>
			<ymin>201</ymin>
			<xmax>825</xmax>
			<ymax>219</ymax>
		</bndbox>
	</object>
	<object>
		<difficult>0</difficult>
		<name>&amp;*@HUST_text</name>
		<bndbox>
			<xmin>935</xmin>
			<ymin>201</ymin>
			<xmax>986</xmax>
			<ymax>218</ymax>
		</bndbox>
	</object>
	<object>
		<difficult>0</difficult>
		<name>&amp;*@HUST_text</name>
		<bndbox>
			<xmin>803</xmin>
			<ymin>248</ymin>
			<xmax>848</xmax>
			<ymax>273</ymax>
		</bndbox>
	</object>
	<object>
		<difficult>0</difficult>
		<name>&amp;*@HUST_text</name>
		<bndbox>
			<xmin>865</xmin>
			<ymin>281</ymin>
			<xmax>909</xmax>
			<ymax>303</ymax>
		</bndbox>
	</object>
	<object>
		<difficult>0</difficult>
		<name>&amp;*@HUST_text</name>
		<bndbox>
			<xmin>876</xmin>
			<ymin>313</ymin>
			<xmax>940</xmax>
			<ymax>335</ymax>
		</bndbox>
	</object>
	<object>
		<difficult>1</difficult>
		<name>&amp;*@HUST_special</name>
		<bndbox>
			<xmin>803</xmin>
			<ymin>280</ymin>
			<xmax>863</xmax>
			<ymax>342</ymax>
		</bndbox>
	</object>
	<object>
		<difficult>0</difficult>
		<name>&amp;*@HUST_text</name>
		<bndbox>
			<xmin>803</xmin>
			<ymin>343</ymin>
			<xmax>872</xmax>
			<ymax>367</ymax>
		</bndbox>
	</object>
	<object>
		<difficult>1</difficult>
		<name>&amp;*@HUST_special</name>
		<bndbox>
			<xmin>801</xmin>
			<ymin>371</ymin>
			<xmax>815</xmax>
			<ymax>473</ymax>
		</bndbox>
	</object>
	<object>
		<difficult>0</difficult>
		<name>&amp;*@HUST_text</name>
		<bndbox>
			<xmin>817</xmin>
			<ymin>368</ymin>
			<xmax>1013</xmax>
			<ymax>391</ymax>
		</bndbox>
	</object>
	<object>
		<difficult>0</difficult>
		<name>&amp;*@HUST_text</name>
		<bndbox>
			<xmin>816</xmin>
			<ymin>392</ymin>
			<xmax>1002</xmax>
			<ymax>409</ymax>
		</bndbox>
	</object>
	<object>
		<difficult>0</difficult>
		<name>&amp;*@HUST_text</name>
		<bndbox>
			<xmin>816</xmin>
			<ymin>410</ymin>
			<xmax>1000</xmax>
			<ymax>432</ymax>
		</bndbox>
	</object>
	<object>
		<difficult>0</difficult>
		<name>&amp;*@HUST_text</name>
		<bndbox>
			<xmin>817</xmin>
			<ymin>433</ymin>
			<xmax>1005</xmax>
			<ymax>455</ymax>
		</bndbox>
	</object>
	<object>
		<difficult>0</difficult>
		<name>&amp;*@HUST_text</name>
		<bndbox>
			<xmin>816</xmin>
			<ymin>456</ymin>
			<xmax>1002</xmax>
			<ymax>477</ymax>
		</bndbox>
	</object>
	<object>
		<difficult>0</difficult>
		<name>&amp;*@HUST_text</name>
		<bndbox>
			<xmin>935</xmin>
			<ymin>478</ymin>
			<xmax>990</xmax>
			<ymax>503</ymax>
		</bndbox>
	</object>
	<object>
		<difficult>0</difficult>
		<name>&amp;*@HUST_text</name>
		<bndbox>
			<xmin>454</xmin>
			<ymin>144</ymin>
			<xmax>520</xmax>
			<ymax>168</ymax>
		</bndbox>
	</object>
	<object>
		<difficult>0</difficult>
		<name>&amp;*@HUST_text</name>
		<bndbox>
			<xmin>582</xmin>
			<ymin>145</ymin>
			<xmax>633</xmax>
			<ymax>168</ymax>
		</bndbox>
	</object>
	<object>
		<difficult>0</difficult>
		<name>&amp;*@HUST_text</name>
		<bndbox>
			<xmin>714</xmin>
			<ymin>145</ymin>
			<xmax>776</xmax>
			<ymax>168</ymax>
		</bndbox>
	</object>
	<object>
		<difficult>0</difficult>
		<name>&amp;*@HUST_text</name>
		<bndbox>
			<xmin>6</xmin>
			<ymin>202</ymin>
			<xmax>776</xmax>
			<ymax>211</ymax>
		</bndbox>
	</object>
	<object>
		<difficult>0</difficult>
		<name>&amp;*@HUST_text</name>
		<bndbox>
			<xmin>5</xmin>
			<ymin>237</ymin>
			<xmax>783</xmax>
			<ymax>245</ymax>
		</bndbox>
	</object>
	<object>
		<difficult>0</difficult>
		<name>&amp;*@HUST_text</name>
		<bndbox>
			<xmin>3</xmin>
			<ymin>272</ymin>
			<xmax>784</xmax>
			<ymax>279</ymax>
		</bndbox>
	</object>
	<object>
		<difficult>0</difficult>
		<name>&amp;*@HUST_text</name>
		<bndbox>
			<xmin>4</xmin>
			<ymin>306</ymin>
			<xmax>781</xmax>
			<ymax>314</ymax>
		</bndbox>
	</object>
	<object>
		<difficult>0</difficult>
		<name>&amp;*@HUST_text</name>
		<bndbox>
			<xmin>3</xmin>
			<ymin>342</ymin>
			<xmax>779</xmax>
			<ymax>350</ymax>
		</bndbox>
	</object>
	<object>
		<difficult>0</difficult>
		<name>&amp;*@HUST_text</name>
		<bndbox>
			<xmin>4</xmin>
			<ymin>376</ymin>
			<xmax>781</xmax>
			<ymax>384</ymax>
		</bndbox>
	</object>
	<object>
		<difficult>0</difficult>
		<name>&amp;*@HUST_text</name>
		<bndbox>
			<xmin>3</xmin>
			<ymin>413</ymin>
			<xmax>787</xmax>
			<ymax>420</ymax>
		</bndbox>
	</object>
	<object>
		<difficult>0</difficult>
		<name>&amp;*@HUST_text</name>
		<bndbox>
			<xmin>3</xmin>
			<ymin>447</ymin>
			<xmax>785</xmax>
			<ymax>453</ymax>
		</bndbox>
	</object>
	<object>
		<difficult>0</difficult>
		<name>&amp;*@HUST_text</name>
		<bndbox>
			<xmin>1</xmin>
			<ymin>482</ymin>
			<xmax>783</xmax>
			<ymax>489</ymax>
		</bndbox>
	</object>
	<object>
		<difficult>0</difficult>
		<name>&amp;*@HUST_text</name>
		<bndbox>
			<xmin>3</xmin>
			<ymin>544</ymin>
			<xmax>798</xmax>
			<ymax>551</ymax>
		</bndbox>
	</object>
	<object>
		<difficult>0</difficult>
		<name>&amp;*@HUST_text</name>
		<bndbox>
			<xmin>5</xmin>
			<ymin>579</ymin>
			<xmax>801</xmax>
			<ymax>586</ymax>
		</bndbox>
	</object>
	<object>
		<difficult>0</difficult>
		<name>&amp;*@HUST_text</name>
		<bndbox>
			<xmin>6</xmin>
			<ymin>614</ymin>
			<xmax>797</xmax>
			<ymax>621</ymax>
		</bndbox>
	</object>
	<object>
		<difficult>0</difficult>
		<name>&amp;*@HUST_text</name>
		<bndbox>
			<xmin>4</xmin>
			<ymin>649</ymin>
			<xmax>795</xmax>
			<ymax>655</ymax>
		</bndbox>
	</object>
	<object>
		<difficult>0</difficult>
		<name>&amp;*@HUST_text</name>
		<bndbox>
			<xmin>3</xmin>
			<ymin>684</ymin>
			<xmax>795</xmax>
			<ymax>692</ymax>
		</bndbox>
	</object>
	<object>
		<difficult>0</difficult>
		<name>&amp;*@HUST_text</name>
		<bndbox>
			<xmin>3</xmin>
			<ymin>745</ymin>
			<xmax>793</xmax>
			<ymax>753</ymax>
		</bndbox>
	</object>
	<object>
		<difficult>0</difficult>
		<name>&amp;*@HUST_text</name>
		<bndbox>
			<xmin>5</xmin>
			<ymin>781</ymin>
			<xmax>794</xmax>
			<ymax>788</ymax>
		</bndbox>
	</object>
	<object>
		<difficult>0</difficult>
		<name>&amp;*@HUST_text</name>
		<bndbox>
			<xmin>3</xmin>
			<ymin>816</ymin>
			<xmax>794</xmax>
			<ymax>821</ymax>
		</bndbox>
	</object>
	<object>
		<difficult>0</difficult>
		<name>&amp;*@HUST_text</name>
		<bndbox>
			<xmin>648</xmin>
			<ymin>173</ymin>
			<xmax>782</xmax>
			<ymax>199</ymax>
		</bndbox>
	</object>
	<object>
		<difficult>0</difficult>
		<name>&amp;*@HUST_text</name>
		<bndbox>
			<xmin>647</xmin>
			<ymin>212</ymin>
			<xmax>781</xmax>
			<ymax>236</ymax>
		</bndbox>
	</object>
	<object>
		<difficult>0</difficult>
		<name>&amp;*@HUST_text</name>
		<bndbox>
			<xmin>646</xmin>
			<ymin>246</ymin>
			<xmax>781</xmax>
			<ymax>270</ymax>
		</bndbox>
	</object>
	<object>
		<difficult>0</difficult>
		<name>&amp;*@HUST_text</name>
		<bndbox>
			<xmin>649</xmin>
			<ymin>280</ymin>
			<xmax>782</xmax>
			<ymax>306</ymax>
		</bndbox>
	</object>
	<object>
		<difficult>1</difficult>
		<name>&amp;*@HUST_special</name>
		<bndbox>
			<xmin>584</xmin>
			<ymin>173</ymin>
			<xmax>628</xmax>
			<ymax>198</ymax>
		</bndbox>
	</object>
	<object>
		<difficult>1</difficult>
		<name>&amp;*@HUST_special</name>
		<bndbox>
			<xmin>581</xmin>
			<ymin>213</ymin>
			<xmax>630</xmax>
			<ymax>235</ymax>
		</bndbox>
	</object>
	<object>
		<difficult>1</difficult>
		<name>&amp;*@HUST_special</name>
		<bndbox>
			<xmin>582</xmin>
			<ymin>246</ymin>
			<xmax>629</xmax>
			<ymax>271</ymax>
		</bndbox>
	</object>
	<object>
		<difficult>1</difficult>
		<name>&amp;*@HUST_special</name>
		<bndbox>
			<xmin>582</xmin>
			<ymin>280</ymin>
			<xmax>627</xmax>
			<ymax>304</ymax>
		</bndbox>
	</object>
	<object>
		<difficult>1</difficult>
		<name>&amp;*@HUST_special</name>
		<bndbox>
			<xmin>582</xmin>
			<ymin>316</ymin>
			<xmax>626</xmax>
			<ymax>341</ymax>
		</bndbox>
	</object>
	<object>
		<difficult>0</difficult>
		<name>&amp;*@HUST_text</name>
		<bndbox>
			<xmin>649</xmin>
			<ymin>316</ymin>
			<xmax>780</xmax>
			<ymax>341</ymax>
		</bndbox>
	</object>
	<object>
		<difficult>1</difficult>
		<name>&amp;*@HUST_special</name>
		<bndbox>
			<xmin>582</xmin>
			<ymin>352</ymin>
			<xmax>625</xmax>
			<ymax>374</ymax>
		</bndbox>
	</object>
	<object>
		<difficult>0</difficult>
		<name>&amp;*@HUST_text</name>
		<bndbox>
			<xmin>649</xmin>
			<ymin>352</ymin>
			<xmax>779</xmax>
			<ymax>375</ymax>
		</bndbox>
	</object>
	<object>
		<difficult>0</difficult>
		<name>&amp;*@HUST_text</name>
		<bndbox>
			<xmin>648</xmin>
			<ymin>385</ymin>
			<xmax>781</xmax>
			<ymax>411</ymax>
		</bndbox>
	</object>
	<object>
		<difficult>1</difficult>
		<name>&amp;*@HUST_special</name>
		<bndbox>
			<xmin>583</xmin>
			<ymin>385</ymin>
			<xmax>625</xmax>
			<ymax>410</ymax>
		</bndbox>
	</object>
	<object>
		<difficult>1</difficult>
		<name>&amp;*@HUST_special</name>
		<bndbox>
			<xmin>583</xmin>
			<ymin>422</ymin>
			<xmax>624</xmax>
			<ymax>446</ymax>
		</bndbox>
	</object>
	<object>
		<difficult>0</difficult>
		<name>&amp;*@HUST_text</name>
		<bndbox>
			<xmin>649</xmin>
			<ymin>422</ymin>
			<xmax>785</xmax>
			<ymax>446</ymax>
		</bndbox>
	</object>
	<object>
		<difficult>0</difficult>
		<name>&amp;*@HUST_text</name>
		<bndbox>
			<xmin>647</xmin>
			<ymin>454</ymin>
			<xmax>782</xmax>
			<ymax>480</ymax>
		</bndbox>
	</object>
	<object>
		<difficult>1</difficult>
		<name>&amp;*@HUST_special</name>
		<bndbox>
			<xmin>583</xmin>
			<ymin>455</ymin>
			<xmax>624</xmax>
			<ymax>480</ymax>
		</bndbox>
	</object>
	<object>
		<difficult>1</difficult>
		<name>&amp;*@HUST_special</name>
		<bndbox>
			<xmin>583</xmin>
			<ymin>495</ymin>
			<xmax>630</xmax>
			<ymax>538</ymax>
		</bndbox>
	</object>
	<object>
		<difficult>0</difficult>
		<name>&amp;*@HUST_text</name>
		<bndbox>
			<xmin>649</xmin>
			<ymin>494</ymin>
			<xmax>786</xmax>
			<ymax>538</ymax>
		</bndbox>
	</object>
	<object>
		<difficult>1</difficult>
		<name>&amp;*@HUST_special</name>
		<bndbox>
			<xmin>584</xmin>
			<ymin>553</ymin>
			<xmax>625</xmax>
			<ymax>578</ymax>
		</bndbox>
	</object>
	<object>
		<difficult>0</difficult>
		<name>&amp;*@HUST_text</name>
		<bndbox>
			<xmin>648</xmin>
			<ymin>553</ymin>
			<xmax>791</xmax>
			<ymax>579</ymax>
		</bndbox>
	</object>
	<object>
		<difficult>0</difficult>
		<name>&amp;*@HUST_text</name>
		<bndbox>
			<xmin>648</xmin>
			<ymin>587</ymin>
			<xmax>789</xmax>
			<ymax>613</ymax>
		</bndbox>
	</object>
	<object>
		<difficult>1</difficult>
		<name>&amp;*@HUST_special</name>
		<bndbox>
			<xmin>584</xmin>
			<ymin>588</ymin>
			<xmax>626</xmax>
			<ymax>612</ymax>
		</bndbox>
	</object>
	<object>
		<difficult>1</difficult>
		<name>&amp;*@HUST_special</name>
		<bndbox>
			<xmin>583</xmin>
			<ymin>623</ymin>
			<xmax>626</xmax>
			<ymax>647</ymax>
		</bndbox>
	</object>
	<object>
		<difficult>0</difficult>
		<name>&amp;*@HUST_text</name>
		<bndbox>
			<xmin>648</xmin>
			<ymin>623</ymin>
			<xmax>792</xmax>
			<ymax>647</ymax>
		</bndbox>
	</object>
	<object>
		<difficult>0</difficult>
		<name>&amp;*@HUST_text</name>
		<bndbox>
			<xmin>647</xmin>
			<ymin>656</ymin>
			<xmax>788</xmax>
			<ymax>682</ymax>
		</bndbox>
	</object>
	<object>
		<difficult>1</difficult>
		<name>&amp;*@HUST_special</name>
		<bndbox>
			<xmin>584</xmin>
			<ymin>656</ymin>
			<xmax>627</xmax>
			<ymax>682</ymax>
		</bndbox>
	</object>
	<object>
		<difficult>0</difficult>
		<name>&amp;*@HUST_text</name>
		<bndbox>
			<xmin>649</xmin>
			<ymin>698</ymin>
			<xmax>782</xmax>
			<ymax>741</ymax>
		</bndbox>
	</object>
	<object>
		<difficult>1</difficult>
		<name>&amp;*@HUST_special</name>
		<bndbox>
			<xmin>583</xmin>
			<ymin>697</ymin>
			<xmax>626</xmax>
			<ymax>735</ymax>
		</bndbox>
	</object>
	<object>
		<difficult>1</difficult>
		<name>&amp;*@HUST_special</name>
		<bndbox>
			<xmin>580</xmin>
			<ymin>754</ymin>
			<xmax>633</xmax>
			<ymax>779</ymax>
		</bndbox>
	</object>
	<object>
		<difficult>0</difficult>
		<name>&amp;*@HUST_text</name>
		<bndbox>
			<xmin>648</xmin>
			<ymin>754</ymin>
			<xmax>790</xmax>
			<ymax>780</ymax>
		</bndbox>
	</object>
	<object>
		<difficult>0</difficult>
		<name>&amp;*@HUST_text</name>
		<bndbox>
			<xmin>648</xmin>
			<ymin>789</ymin>
			<xmax>786</xmax>
			<ymax>814</ymax>
		</bndbox>
	</object>
	<object>
		<difficult>1</difficult>
		<name>&amp;*@HUST_special</name>
		<bndbox>
			<xmin>578</xmin>
			<ymin>789</ymin>
			<xmax>632</xmax>
			<ymax>815</ymax>
		</bndbox>
	</object>
	<object>
		<difficult>0</difficult>
		<name>&amp;*@HUST_text</name>
		<bndbox>
			<xmin>475</xmin>
			<ymin>791</ymin>
			<xmax>511</xmax>
			<ymax>813</ymax>
		</bndbox>
	</object>
	<object>
		<difficult>0</difficult>
		<name>&amp;*@HUST_text</name>
		<bndbox>
			<xmin>473</xmin>
			<ymin>755</ymin>
			<xmax>516</xmax>
			<ymax>779</ymax>
		</bndbox>
	</object>
	<object>
		<difficult>0</difficult>
		<name>&amp;*@HUST_text</name>
		<bndbox>
			<xmin>468</xmin>
			<ymin>698</ymin>
			<xmax>518</xmax>
			<ymax>736</ymax>
		</bndbox>
	</object>
	<object>
		<difficult>0</difficult>
		<name>&amp;*@HUST_text</name>
		<bndbox>
			<xmin>473</xmin>
			<ymin>657</ymin>
			<xmax>516</xmax>
			<ymax>681</ymax>
		</bndbox>
	</object>
	<object>
		<difficult>0</difficult>
		<name>&amp;*@HUST_text</name>
		<bndbox>
			<xmin>471</xmin>
			<ymin>622</ymin>
			<xmax>519</xmax>
			<ymax>647</ymax>
		</bndbox>
	</object>
	<object>
		<difficult>0</difficult>
		<name>&amp;*@HUST_text</name>
		<bndbox>
			<xmin>468</xmin>
			<ymin>588</ymin>
			<xmax>519</xmax>
			<ymax>613</ymax>
		</bndbox>
	</object>
	<object>
		<difficult>0</difficult>
		<name>&amp;*@HUST_text</name>
		<bndbox>
			<xmin>468</xmin>
			<ymin>553</ymin>
			<xmax>519</xmax>
			<ymax>577</ymax>
		</bndbox>
	</object>
	<object>
		<difficult>0</difficult>
		<name>&amp;*@HUST_text</name>
		<bndbox>
			<xmin>467</xmin>
			<ymin>496</ymin>
			<xmax>517</xmax>
			<ymax>537</ymax>
		</bndbox>
	</object>
	<object>
		<difficult>0</difficult>
		<name>&amp;*@HUST_text</name>
		<bndbox>
			<xmin>469</xmin>
			<ymin>455</ymin>
			<xmax>518</xmax>
			<ymax>480</ymax>
		</bndbox>
	</object>
	<object>
		<difficult>0</difficult>
		<name>&amp;*@HUST_text</name>
		<bndbox>
			<xmin>469</xmin>
			<ymin>422</ymin>
			<xmax>518</xmax>
			<ymax>445</ymax>
		</bndbox>
	</object>
	<object>
		<difficult>0</difficult>
		<name>&amp;*@HUST_text</name>
		<bndbox>
			<xmin>469</xmin>
			<ymin>385</ymin>
			<xmax>519</xmax>
			<ymax>411</ymax>
		</bndbox>
	</object>
	<object>
		<difficult>0</difficult>
		<name>&amp;*@HUST_text</name>
		<bndbox>
			<xmin>469</xmin>
			<ymin>352</ymin>
			<xmax>519</xmax>
			<ymax>375</ymax>
		</bndbox>
	</object>
	<object>
		<difficult>0</difficult>
		<name>&amp;*@HUST_text</name>
		<bndbox>
			<xmin>467</xmin>
			<ymin>316</ymin>
			<xmax>517</xmax>
			<ymax>341</ymax>
		</bndbox>
	</object>
	<object>
		<difficult>0</difficult>
		<name>&amp;*@HUST_text</name>
		<bndbox>
			<xmin>468</xmin>
			<ymin>281</ymin>
			<xmax>518</xmax>
			<ymax>305</ymax>
		</bndbox>
	</object>
	<object>
		<difficult>0</difficult>
		<name>&amp;*@HUST_text</name>
		<bndbox>
			<xmin>468</xmin>
			<ymin>246</ymin>
			<xmax>517</xmax>
			<ymax>270</ymax>
		</bndbox>
	</object>
	<object>
		<difficult>0</difficult>
		<name>&amp;*@HUST_text</name>
		<bndbox>
			<xmin>467</xmin>
			<ymin>212</ymin>
			<xmax>517</xmax>
			<ymax>236</ymax>
		</bndbox>
	</object>
	<object>
		<difficult>0</difficult>
		<name>&amp;*@HUST_text</name>
		<bndbox>
			<xmin>472</xmin>
			<ymin>173</ymin>
			<xmax>516</xmax>
			<ymax>199</ymax>
		</bndbox>
	</object>
	<object>
		<difficult>0</difficult>
		<name>&amp;*@HUST_text</name>
		<bndbox>
			<xmin>47</xmin>
			<ymin>172</ymin>
			<xmax>313</xmax>
			<ymax>200</ymax>
		</bndbox>
	</object>
	<object>
		<difficult>0</difficult>
		<name>&amp;*@HUST_text</name>
		<bndbox>
			<xmin>48</xmin>
			<ymin>213</ymin>
			<xmax>323</xmax>
			<ymax>235</ymax>
		</bndbox>
	</object>
	<object>
		<difficult>0</difficult>
		<name>&amp;*@HUST_text</name>
		<bndbox>
			<xmin>50</xmin>
			<ymin>247</ymin>
			<xmax>296</xmax>
			<ymax>270</ymax>
		</bndbox>
	</object>
	<object>
		<difficult>0</difficult>
		<name>&amp;*@HUST_text</name>
		<bndbox>
			<xmin>48</xmin>
			<ymin>281</ymin>
			<xmax>281</xmax>
			<ymax>305</ymax>
		</bndbox>
	</object>
	<object>
		<difficult>0</difficult>
		<name>&amp;*@HUST_text</name>
		<bndbox>
			<xmin>48</xmin>
			<ymin>316</ymin>
			<xmax>311</xmax>
			<ymax>340</ymax>
		</bndbox>
	</object>
	<object>
		<difficult>0</difficult>
		<name>&amp;*@HUST_text</name>
		<bndbox>
			<xmin>48</xmin>
			<ymin>352</ymin>
			<xmax>248</xmax>
			<ymax>374</ymax>
		</bndbox>
	</object>
	<object>
		<difficult>0</difficult>
		<name>&amp;*@HUST_text</name>
		<bndbox>
			<xmin>47</xmin>
			<ymin>385</ymin>
			<xmax>429</xmax>
			<ymax>411</ymax>
		</bndbox>
	</object>
	<object>
		<difficult>0</difficult>
		<name>&amp;*@HUST_text</name>
		<bndbox>
			<xmin>48</xmin>
			<ymin>421</ymin>
			<xmax>338</xmax>
			<ymax>445</ymax>
		</bndbox>
	</object>
	<object>
		<difficult>0</difficult>
		<name>&amp;*@HUST_text</name>
		<bndbox>
			<xmin>47</xmin>
			<ymin>455</ymin>
			<xmax>398</xmax>
			<ymax>479</ymax>
		</bndbox>
	</object>
	<object>
		<difficult>0</difficult>
		<name>&amp;*@HUST_text</name>
		<bndbox>
			<xmin>46</xmin>
			<ymin>490</ymin>
			<xmax>457</xmax>
			<ymax>516</ymax>
		</bndbox>
	</object>
	<object>
		<difficult>0</difficult>
		<name>&amp;*@HUST_text</name>
		<bndbox>
			<xmin>6</xmin>
			<ymin>517</ymin>
			<xmax>258</xmax>
			<ymax>541</ymax>
		</bndbox>
	</object>
	<object>
		<difficult>0</difficult>
		<name>&amp;*@HUST_text</name>
		<bndbox>
			<xmin>47</xmin>
			<ymin>553</ymin>
			<xmax>219</xmax>
			<ymax>577</ymax>
		</bndbox>
	</object>
	<object>
		<difficult>0</difficult>
		<name>&amp;*@HUST_text</name>
		<bndbox>
			<xmin>47</xmin>
			<ymin>588</ymin>
			<xmax>187</xmax>
			<ymax>612</ymax>
		</bndbox>
	</object>
	<object>
		<difficult>0</difficult>
		<name>&amp;*@HUST_text</name>
		<bndbox>
			<xmin>46</xmin>
			<ymin>623</ymin>
			<xmax>357</xmax>
			<ymax>647</ymax>
		</bndbox>
	</object>
	<object>
		<difficult>0</difficult>
		<name>&amp;*@HUST_text</name>
		<bndbox>
			<xmin>46</xmin>
			<ymin>656</ymin>
			<xmax>461</xmax>
			<ymax>682</ymax>
		</bndbox>
	</object>
	<object>
		<difficult>0</difficult>
		<name>&amp;*@HUST_text</name>
		<bndbox>
			<xmin>45</xmin>
			<ymin>694</ymin>
			<xmax>456</xmax>
			<ymax>719</ymax>
		</bndbox>
	</object>
	<object>
		<difficult>0</difficult>
		<name>&amp;*@HUST_text</name>
		<bndbox>
			<xmin>13</xmin>
			<ymin>721</ymin>
			<xmax>175</xmax>
			<ymax>743</ymax>
		</bndbox>
	</object>
	<object>
		<difficult>0</difficult>
		<name>&amp;*@HUST_text</name>
		<bndbox>
			<xmin>49</xmin>
			<ymin>755</ymin>
			<xmax>380</xmax>
			<ymax>779</ymax>
		</bndbox>
	</object>
	<object>
		<difficult>0</difficult>
		<name>&amp;*@HUST_text</name>
		<bndbox>
			<xmin>49</xmin>
			<ymin>789</ymin>
			<xmax>233</xmax>
			<ymax>814</ymax>
		</bndbox>
	</object>
	<object>
		<difficult>0</difficult>
		<name>&amp;*@HUST_text</name>
		<bndbox>
			<xmin>35</xmin>
			<ymin>789</ymin>
			<xmax>47</xmax>
			<ymax>814</ymax>
		</bndbox>
	</object>
	<object>
		<difficult>1</difficult>
		<name>&amp;*@HUST_special</name>
		<bndbox>
			<xmin>15</xmin>
			<ymin>788</ymin>
			<xmax>34</xmax>
			<ymax>814</ymax>
		</bndbox>
	</object>
	<object>
		<difficult>1</difficult>
		<name>&amp;*@HUST_special</name>
		<bndbox>
			<xmin>14</xmin>
			<ymin>754</ymin>
			<xmax>35</xmax>
			<ymax>780</ymax>
		</bndbox>
	</object>
	<object>
		<difficult>0</difficult>
		<name>&amp;*@HUST_text</name>
		<bndbox>
			<xmin>36</xmin>
			<ymin>754</ymin>
			<xmax>47</xmax>
			<ymax>779</ymax>
		</bndbox>
	</object>
	<object>
		<difficult>0</difficult>
		<name>&amp;*@HUST_text</name>
		<bndbox>
			<xmin>34</xmin>
			<ymin>693</ymin>
			<xmax>44</xmax>
			<ymax>719</ymax>
		</bndbox>
	</object>
	<object>
		<difficult>0</difficult>
		<name>&amp;*@HUST_text</name>
		<bndbox>
			<xmin>35</xmin>
			<ymin>656</ymin>
			<xmax>44</xmax>
			<ymax>682</ymax>
		</bndbox>
	</object>
	<object>
		<difficult>1</difficult>
		<name>&amp;*@HUST_special</name>
		<bndbox>
			<xmin>15</xmin>
			<ymin>693</ymin>
			<xmax>34</xmax>
			<ymax>719</ymax>
		</bndbox>
	</object>
	<object>
		<difficult>1</difficult>
		<name>&amp;*@HUST_special</name>
		<bndbox>
			<xmin>17</xmin>
			<ymin>656</ymin>
			<xmax>34</xmax>
			<ymax>682</ymax>
		</bndbox>
	</object>
	<object>
		<difficult>1</difficult>
		<name>&amp;*@HUST_special</name>
		<bndbox>
			<xmin>17</xmin>
			<ymin>622</ymin>
			<xmax>35</xmax>
			<ymax>648</ymax>
		</bndbox>
	</object>
	<object>
		<difficult>0</difficult>
		<name>&amp;*@HUST_text</name>
		<bndbox>
			<xmin>35</xmin>
			<ymin>622</ymin>
			<xmax>46</xmax>
			<ymax>648</ymax>
		</bndbox>
	</object>
	<object>
		<difficult>1</difficult>
		<name>&amp;*@HUST_special</name>
		<bndbox>
			<xmin>18</xmin>
			<ymin>587</ymin>
			<xmax>35</xmax>
			<ymax>613</ymax>
		</bndbox>
	</object>
	<object>
		<difficult>0</difficult>
		<name>&amp;*@HUST_text</name>
		<bndbox>
			<xmin>35</xmin>
			<ymin>587</ymin>
			<xmax>46</xmax>
			<ymax>613</ymax>
		</bndbox>
	</object>
	<object>
		<difficult>1</difficult>
		<name>&amp;*@HUST_special</name>
		<bndbox>
			<xmin>18</xmin>
			<ymin>552</ymin>
			<xmax>35</xmax>
			<ymax>578</ymax>
		</bndbox>
	</object>
	<object>
		<difficult>0</difficult>
		<name>&amp;*@HUST_text</name>
		<bndbox>
			<xmin>35</xmin>
			<ymin>552</ymin>
			<xmax>45</xmax>
			<ymax>578</ymax>
		</bndbox>
	</object>
	<object>
		<difficult>1</difficult>
		<name>&amp;*@HUST_special</name>
		<bndbox>
			<xmin>18</xmin>
			<ymin>490</ymin>
			<xmax>35</xmax>
			<ymax>516</ymax>
		</bndbox>
	</object>
	<object>
		<difficult>0</difficult>
		<name>&amp;*@HUST_text</name>
		<bndbox>
			<xmin>35</xmin>
			<ymin>490</ymin>
			<xmax>45</xmax>
			<ymax>516</ymax>
		</bndbox>
	</object>
	<object>
		<difficult>1</difficult>
		<name>&amp;*@HUST_special</name>
		<bndbox>
			<xmin>18</xmin>
			<ymin>454</ymin>
			<xmax>35</xmax>
			<ymax>480</ymax>
		</bndbox>
	</object>
	<object>
		<difficult>0</difficult>
		<name>&amp;*@HUST_text</name>
		<bndbox>
			<xmin>35</xmin>
			<ymin>454</ymin>
			<xmax>46</xmax>
			<ymax>481</ymax>
		</bndbox>
	</object>
	<object>
		<difficult>1</difficult>
		<name>&amp;*@HUST_special</name>
		<bndbox>
			<xmin>17</xmin>
			<ymin>420</ymin>
			<xmax>35</xmax>
			<ymax>446</ymax>
		</bndbox>
	</object>
	<object>
		<difficult>0</difficult>
		<name>&amp;*@HUST_text</name>
		<bndbox>
			<xmin>35</xmin>
			<ymin>421</ymin>
			<xmax>46</xmax>
			<ymax>446</ymax>
		</bndbox>
	</object>
	<object>
		<difficult>1</difficult>
		<name>&amp;*@HUST_special</name>
		<bndbox>
			<xmin>19</xmin>
			<ymin>384</ymin>
			<xmax>35</xmax>
			<ymax>411</ymax>
		</bndbox>
	</object>
	<object>
		<difficult>0</difficult>
		<name>&amp;*@HUST_text</name>
		<bndbox>
			<xmin>35</xmin>
			<ymin>384</ymin>
			<xmax>46</xmax>
			<ymax>411</ymax>
		</bndbox>
	</object>
	<object>
		<difficult>1</difficult>
		<name>&amp;*@HUST_special</name>
		<bndbox>
			<xmin>18</xmin>
			<ymin>351</ymin>
			<xmax>35</xmax>
			<ymax>374</ymax>
		</bndbox>
	</object>
	<object>
		<difficult>0</difficult>
		<name>&amp;*@HUST_text</name>
		<bndbox>
			<xmin>35</xmin>
			<ymin>351</ymin>
			<xmax>46</xmax>
			<ymax>374</ymax>
		</bndbox>
	</object>
	<object>
		<difficult>0</difficult>
		<name>&amp;*@HUST_text</name>
		<bndbox>
			<xmin>35</xmin>
			<ymin>315</ymin>
			<xmax>47</xmax>
			<ymax>341</ymax>
		</bndbox>
	</object>
	<object>
		<difficult>1</difficult>
		<name>&amp;*@HUST_special</name>
		<bndbox>
			<xmin>17</xmin>
			<ymin>315</ymin>
			<xmax>34</xmax>
			<ymax>341</ymax>
		</bndbox>
	</object>
	<object>
		<difficult>1</difficult>
		<name>&amp;*@HUST_special</name>
		<bndbox>
			<xmin>18</xmin>
			<ymin>280</ymin>
			<xmax>35</xmax>
			<ymax>305</ymax>
		</bndbox>
	</object>
	<object>
		<difficult>0</difficult>
		<name>&amp;*@HUST_text</name>
		<bndbox>
			<xmin>35</xmin>
			<ymin>280</ymin>
			<xmax>46</xmax>
			<ymax>305</ymax>
		</bndbox>
	</object>
	<object>
		<difficult>1</difficult>
		<name>&amp;*@HUST_special</name>
		<bndbox>
			<xmin>19</xmin>
			<ymin>246</ymin>
			<xmax>35</xmax>
			<ymax>271</ymax>
		</bndbox>
	</object>
	<object>
		<difficult>0</difficult>
		<name>&amp;*@HUST_text</name>
		<bndbox>
			<xmin>35</xmin>
			<ymin>246</ymin>
			<xmax>47</xmax>
			<ymax>270</ymax>
		</bndbox>
	</object>
	<object>
		<difficult>1</difficult>
		<name>&amp;*@HUST_special</name>
		<bndbox>
			<xmin>18</xmin>
			<ymin>211</ymin>
			<xmax>35</xmax>
			<ymax>236</ymax>
		</bndbox>
	</object>
	<object>
		<difficult>0</difficult>
		<name>&amp;*@HUST_text</name>
		<bndbox>
			<xmin>35</xmin>
			<ymin>211</ymin>
			<xmax>47</xmax>
			<ymax>236</ymax>
		</bndbox>
	</object>
	<object>
		<difficult>1</difficult>
		<name>&amp;*@HUST_special</name>
		<bndbox>
			<xmin>18</xmin>
			<ymin>172</ymin>
			<xmax>35</xmax>
			<ymax>201</ymax>
		</bndbox>
	</object>
	<object>
		<difficult>0</difficult>
		<name>&amp;*@HUST_text</name>
		<bndbox>
			<xmin>35</xmin>
			<ymin>172</ymin>
			<xmax>46</xmax>
			<ymax>201</ymax>
		</bndbox>
	</object>
</annotation>