<annotation>
	<filename>图像 5261.png</filename>
	<size>
		<width>889</width>
		<height>713</height>
		<depth>3</depth>
	</size>
	<segmented>0</segmented>
	<object>
		<difficult>0</difficult>
		<name>&amp;*@HUST_text</name>
		<bndbox>
			<xmin>0</xmin>
			<ymin>0</ymin>
			<xmax>188</xmax>
			<ymax>37</ymax>
		</bndbox>
	</object>
	<object>
		<difficult>1</difficult>
		<name>&amp;*@HUST_special</name>
		<bndbox>
			<xmin>188</xmin>
			<ymin>0</ymin>
			<xmax>211</xmax>
			<ymax>37</ymax>
		</bndbox>
	</object>
	<object>
		<difficult>0</difficult>
		<name>&amp;*@HUST_text</name>
		<bndbox>
			<xmin>211</xmin>
			<ymin>0</ymin>
			<xmax>298</xmax>
			<ymax>37</ymax>
		</bndbox>
	</object>
	<object>
		<difficult>0</difficult>
		<name>&amp;*@HUST_text</name>
		<bndbox>
			<xmin>0</xmin>
			<ymin>39</ymin>
			<xmax>257</xmax>
			<ymax>81</ymax>
		</bndbox>
	</object>
	<object>
		<difficult>1</difficult>
		<name>&amp;*@HUST_special</name>
		<bndbox>
			<xmin>257</xmin>
			<ymin>39</ymin>
			<xmax>279</xmax>
			<ymax>80</ymax>
		</bndbox>
	</object>
	<object>
		<difficult>0</difficult>
		<name>&amp;*@HUST_text</name>
		<bndbox>
			<xmin>280</xmin>
			<ymin>39</ymin>
			<xmax>373</xmax>
			<ymax>81</ymax>
		</bndbox>
	</object>
	<object>
		<difficult>0</difficult>
		<name>&amp;*@HUST_text</name>
		<bndbox>
			<xmin>0</xmin>
			<ymin>83</ymin>
			<xmax>225</xmax>
			<ymax>125</ymax>
		</bndbox>
	</object>
	<object>
		<difficult>1</difficult>
		<name>&amp;*@HUST_special</name>
		<bndbox>
			<xmin>226</xmin>
			<ymin>83</ymin>
			<xmax>249</xmax>
			<ymax>125</ymax>
		</bndbox>
	</object>
	<object>
		<difficult>0</difficult>
		<name>&amp;*@HUST_text</name>
		<bndbox>
			<xmin>249</xmin>
			<ymin>83</ymin>
			<xmax>318</xmax>
			<ymax>124</ymax>
		</bndbox>
	</object>
	<object>
		<difficult>0</difficult>
		<name>&amp;*@HUST_text</name>
		<bndbox>
			<xmin>0</xmin>
			<ymin>127</ymin>
			<xmax>168</xmax>
			<ymax>168</ymax>
		</bndbox>
	</object>
	<object>
		<difficult>1</difficult>
		<name>&amp;*@HUST_special</name>
		<bndbox>
			<xmin>168</xmin>
			<ymin>127</ymin>
			<xmax>191</xmax>
			<ymax>169</ymax>
		</bndbox>
	</object>
	<object>
		<difficult>0</difficult>
		<name>&amp;*@HUST_text</name>
		<bndbox>
			<xmin>192</xmin>
			<ymin>127</ymin>
			<xmax>262</xmax>
			<ymax>168</ymax>
		</bndbox>
	</object>
	<object>
		<difficult>0</difficult>
		<name>&amp;*@HUST_text</name>
		<bndbox>
			<xmin>1</xmin>
			<ymin>171</ymin>
			<xmax>423</xmax>
			<ymax>195</ymax>
		</bndbox>
	</object>
	<object>
		<difficult>0</difficult>
		<name>&amp;*@HUST_text</name>
		<bndbox>
			<xmin>0</xmin>
			<ymin>196</ymin>
			<xmax>89</xmax>
			<ymax>219</ymax>
		</bndbox>
	</object>
	<object>
		<difficult>1</difficult>
		<name>&amp;*@HUST_special</name>
		<bndbox>
			<xmin>90</xmin>
			<ymin>196</ymin>
			<xmax>113</xmax>
			<ymax>219</ymax>
		</bndbox>
	</object>
	<object>
		<difficult>0</difficult>
		<name>&amp;*@HUST_text</name>
		<bndbox>
			<xmin>114</xmin>
			<ymin>196</ymin>
			<xmax>227</xmax>
			<ymax>220</ymax>
		</bndbox>
	</object>
	<object>
		<difficult>0</difficult>
		<name>&amp;*@HUST_text</name>
		<bndbox>
			<xmin>0</xmin>
			<ymin>222</ymin>
			<xmax>284</xmax>
			<ymax>263</ymax>
		</bndbox>
	</object>
	<object>
		<difficult>1</difficult>
		<name>&amp;*@HUST_special</name>
		<bndbox>
			<xmin>284</xmin>
			<ymin>222</ymin>
			<xmax>308</xmax>
			<ymax>263</ymax>
		</bndbox>
	</object>
	<object>
		<difficult>0</difficult>
		<name>&amp;*@HUST_text</name>
		<bndbox>
			<xmin>309</xmin>
			<ymin>222</ymin>
			<xmax>387</xmax>
			<ymax>264</ymax>
		</bndbox>
	</object>
	<object>
		<difficult>0</difficult>
		<name>&amp;*@HUST_text</name>
		<bndbox>
			<xmin>0</xmin>
			<ymin>266</ymin>
			<xmax>229</xmax>
			<ymax>307</ymax>
		</bndbox>
	</object>
	<object>
		<difficult>1</difficult>
		<name>&amp;*@HUST_special</name>
		<bndbox>
			<xmin>230</xmin>
			<ymin>266</ymin>
			<xmax>250</xmax>
			<ymax>307</ymax>
		</bndbox>
	</object>
	<object>
		<difficult>0</difficult>
		<name>&amp;*@HUST_text</name>
		<bndbox>
			<xmin>251</xmin>
			<ymin>266</ymin>
			<xmax>374</xmax>
			<ymax>308</ymax>
		</bndbox>
	</object>
	<object>
		<difficult>0</difficult>
		<name>&amp;*@HUST_text</name>
		<bndbox>
			<xmin>0</xmin>
			<ymin>310</ymin>
			<xmax>412</xmax>
			<ymax>334</ymax>
		</bndbox>
	</object>
	<object>
		<difficult>0</difficult>
		<name>&amp;*@HUST_text</name>
		<bndbox>
			<xmin>0</xmin>
			<ymin>335</ymin>
			<xmax>127</xmax>
			<ymax>359</ymax>
		</bndbox>
	</object>
	<object>
		<difficult>1</difficult>
		<name>&amp;*@HUST_special</name>
		<bndbox>
			<xmin>128</xmin>
			<ymin>335</ymin>
			<xmax>150</xmax>
			<ymax>359</ymax>
		</bndbox>
	</object>
	<object>
		<difficult>0</difficult>
		<name>&amp;*@HUST_text</name>
		<bndbox>
			<xmin>151</xmin>
			<ymin>334</ymin>
			<xmax>268</xmax>
			<ymax>358</ymax>
		</bndbox>
	</object>
	<object>
		<difficult>0</difficult>
		<name>&amp;*@HUST_text</name>
		<bndbox>
			<xmin>0</xmin>
			<ymin>362</ymin>
			<xmax>164</xmax>
			<ymax>402</ymax>
		</bndbox>
	</object>
	<object>
		<difficult>1</difficult>
		<name>&amp;*@HUST_special</name>
		<bndbox>
			<xmin>165</xmin>
			<ymin>362</ymin>
			<xmax>188</xmax>
			<ymax>402</ymax>
		</bndbox>
	</object>
	<object>
		<difficult>0</difficult>
		<name>&amp;*@HUST_text</name>
		<bndbox>
			<xmin>189</xmin>
			<ymin>361</ymin>
			<xmax>317</xmax>
			<ymax>402</ymax>
		</bndbox>
	</object>
	<object>
		<difficult>0</difficult>
		<name>&amp;*@HUST_text</name>
		<bndbox>
			<xmin>1</xmin>
			<ymin>405</ymin>
			<xmax>416</xmax>
			<ymax>429</ymax>
		</bndbox>
	</object>
	<object>
		<difficult>0</difficult>
		<name>&amp;*@HUST_text</name>
		<bndbox>
			<xmin>0</xmin>
			<ymin>430</ymin>
			<xmax>65</xmax>
			<ymax>452</ymax>
		</bndbox>
	</object>
	<object>
		<difficult>1</difficult>
		<name>&amp;*@HUST_special</name>
		<bndbox>
			<xmin>66</xmin>
			<ymin>430</ymin>
			<xmax>86</xmax>
			<ymax>453</ymax>
		</bndbox>
	</object>
	<object>
		<difficult>0</difficult>
		<name>&amp;*@HUST_text</name>
		<bndbox>
			<xmin>87</xmin>
			<ymin>430</ymin>
			<xmax>203</xmax>
			<ymax>453</ymax>
		</bndbox>
	</object>
	<object>
		<difficult>0</difficult>
		<name>&amp;*@HUST_text</name>
		<bndbox>
			<xmin>1</xmin>
			<ymin>456</ymin>
			<xmax>421</xmax>
			<ymax>480</ymax>
		</bndbox>
	</object>
	<object>
		<difficult>0</difficult>
		<name>&amp;*@HUST_text</name>
		<bndbox>
			<xmin>1</xmin>
			<ymin>481</ymin>
			<xmax>80</xmax>
			<ymax>505</ymax>
		</bndbox>
	</object>
	<object>
		<difficult>1</difficult>
		<name>&amp;*@HUST_special</name>
		<bndbox>
			<xmin>80</xmin>
			<ymin>481</ymin>
			<xmax>104</xmax>
			<ymax>505</ymax>
		</bndbox>
	</object>
	<object>
		<difficult>0</difficult>
		<name>&amp;*@HUST_text</name>
		<bndbox>
			<xmin>105</xmin>
			<ymin>481</ymin>
			<xmax>164</xmax>
			<ymax>505</ymax>
		</bndbox>
	</object>
	<object>
		<difficult>0</difficult>
		<name>&amp;*@HUST_text</name>
		<bndbox>
			<xmin>1</xmin>
			<ymin>507</ymin>
			<xmax>413</xmax>
			<ymax>531</ymax>
		</bndbox>
	</object>
	<object>
		<difficult>0</difficult>
		<name>&amp;*@HUST_text</name>
		<bndbox>
			<xmin>1</xmin>
			<ymin>532</ymin>
			<xmax>226</xmax>
			<ymax>556</ymax>
		</bndbox>
	</object>
	<object>
		<difficult>1</difficult>
		<name>&amp;*@HUST_special</name>
		<bndbox>
			<xmin>226</xmin>
			<ymin>532</ymin>
			<xmax>250</xmax>
			<ymax>556</ymax>
		</bndbox>
	</object>
	<object>
		<difficult>0</difficult>
		<name>&amp;*@HUST_text</name>
		<bndbox>
			<xmin>251</xmin>
			<ymin>532</ymin>
			<xmax>339</xmax>
			<ymax>555</ymax>
		</bndbox>
	</object>
	<object>
		<difficult>1</difficult>
		<name>&amp;*@HUST_special</name>
		<bndbox>
			<xmin>2</xmin>
			<ymin>559</ymin>
			<xmax>33</xmax>
			<ymax>607</ymax>
		</bndbox>
	</object>
	<object>
		<difficult>0</difficult>
		<name>&amp;*@HUST_text</name>
		<bndbox>
			<xmin>34</xmin>
			<ymin>559</ymin>
			<xmax>49</xmax>
			<ymax>606</ymax>
		</bndbox>
	</object>
	<object>
		<difficult>0</difficult>
		<name>&amp;*@HUST_text</name>
		<bndbox>
			<xmin>51</xmin>
			<ymin>559</ymin>
			<xmax>449</xmax>
			<ymax>582</ymax>
		</bndbox>
	</object>
	<object>
		<difficult>0</difficult>
		<name>&amp;*@HUST_text</name>
		<bndbox>
			<xmin>51</xmin>
			<ymin>583</ymin>
			<xmax>211</xmax>
			<ymax>606</ymax>
		</bndbox>
	</object>
	<object>
		<difficult>1</difficult>
		<name>&amp;*@HUST_special</name>
		<bndbox>
			<xmin>213</xmin>
			<ymin>583</ymin>
			<xmax>236</xmax>
			<ymax>607</ymax>
		</bndbox>
	</object>
	<object>
		<difficult>0</difficult>
		<name>&amp;*@HUST_text</name>
		<bndbox>
			<xmin>237</xmin>
			<ymin>583</ymin>
			<xmax>349</xmax>
			<ymax>606</ymax>
		</bndbox>
	</object>
	<object>
		<difficult>0</difficult>
		<name>&amp;*@HUST_text</name>
		<bndbox>
			<xmin>1</xmin>
			<ymin>609</ymin>
			<xmax>413</xmax>
			<ymax>633</ymax>
		</bndbox>
	</object>
	<object>
		<difficult>0</difficult>
		<name>&amp;*@HUST_text</name>
		<bndbox>
			<xmin>1</xmin>
			<ymin>634</ymin>
			<xmax>245</xmax>
			<ymax>658</ymax>
		</bndbox>
	</object>
	<object>
		<difficult>1</difficult>
		<name>&amp;*@HUST_special</name>
		<bndbox>
			<xmin>246</xmin>
			<ymin>634</ymin>
			<xmax>267</xmax>
			<ymax>658</ymax>
		</bndbox>
	</object>
	<object>
		<difficult>0</difficult>
		<name>&amp;*@HUST_text</name>
		<bndbox>
			<xmin>268</xmin>
			<ymin>634</ymin>
			<xmax>328</xmax>
			<ymax>658</ymax>
		</bndbox>
	</object>
	<object>
		<difficult>0</difficult>
		<name>&amp;*@HUST_text</name>
		<bndbox>
			<xmin>0</xmin>
			<ymin>660</ymin>
			<xmax>416</xmax>
			<ymax>684</ymax>
		</bndbox>
	</object>
	<object>
		<difficult>0</difficult>
		<name>&amp;*@HUST_text</name>
		<bndbox>
			<xmin>0</xmin>
			<ymin>685</ymin>
			<xmax>171</xmax>
			<ymax>709</ymax>
		</bndbox>
	</object>
	<object>
		<difficult>1</difficult>
		<name>&amp;*@HUST_special</name>
		<bndbox>
			<xmin>172</xmin>
			<ymin>685</ymin>
			<xmax>193</xmax>
			<ymax>709</ymax>
		</bndbox>
	</object>
	<object>
		<difficult>0</difficult>
		<name>&amp;*@HUST_text</name>
		<bndbox>
			<xmin>194</xmin>
			<ymin>685</ymin>
			<xmax>285</xmax>
			<ymax>709</ymax>
		</bndbox>
	</object>
	<object>
		<difficult>0</difficult>
		<name>&amp;*@HUST_text</name>
		<bndbox>
			<xmin>554</xmin>
			<ymin>0</ymin>
			<xmax>620</xmax>
			<ymax>16</ymax>
		</bndbox>
	</object>
	<object>
		<difficult>0</difficult>
		<name>&amp;*@HUST_text</name>
		<bndbox>
			<xmin>554</xmin>
			<ymin>16</ymin>
			<xmax>682</xmax>
			<ymax>37</ymax>
		</bndbox>
	</object>
	<object>
		<difficult>0</difficult>
		<name>&amp;*@HUST_text</name>
		<bndbox>
			<xmin>553</xmin>
			<ymin>38</ymin>
			<xmax>603</xmax>
			<ymax>59</ymax>
		</bndbox>
	</object>
	<object>
		<difficult>0</difficult>
		<name>&amp;*@HUST_text</name>
		<bndbox>
			<xmin>553</xmin>
			<ymin>60</ymin>
			<xmax>684</xmax>
			<ymax>81</ymax>
		</bndbox>
	</object>
	<object>
		<difficult>0</difficult>
		<name>&amp;*@HUST_text</name>
		<bndbox>
			<xmin>552</xmin>
			<ymin>82</ymin>
			<xmax>613</xmax>
			<ymax>104</ymax>
		</bndbox>
	</object>
	<object>
		<difficult>0</difficult>
		<name>&amp;*@HUST_text</name>
		<bndbox>
			<xmin>552</xmin>
			<ymin>104</ymin>
			<xmax>686</xmax>
			<ymax>125</ymax>
		</bndbox>
	</object>
	<object>
		<difficult>0</difficult>
		<name>&amp;*@HUST_text</name>
		<bndbox>
			<xmin>552</xmin>
			<ymin>127</ymin>
			<xmax>601</xmax>
			<ymax>147</ymax>
		</bndbox>
	</object>
	<object>
		<difficult>0</difficult>
		<name>&amp;*@HUST_text</name>
		<bndbox>
			<xmin>552</xmin>
			<ymin>148</ymin>
			<xmax>685</xmax>
			<ymax>169</ymax>
		</bndbox>
	</object>
	<object>
		<difficult>0</difficult>
		<name>&amp;*@HUST_text</name>
		<bndbox>
			<xmin>552</xmin>
			<ymin>171</ymin>
			<xmax>683</xmax>
			<ymax>194</ymax>
		</bndbox>
	</object>
	<object>
		<difficult>0</difficult>
		<name>&amp;*@HUST_text</name>
		<bndbox>
			<xmin>552</xmin>
			<ymin>195</ymin>
			<xmax>683</xmax>
			<ymax>220</ymax>
		</bndbox>
	</object>
	<object>
		<difficult>0</difficult>
		<name>&amp;*@HUST_text</name>
		<bndbox>
			<xmin>551</xmin>
			<ymin>222</ymin>
			<xmax>620</xmax>
			<ymax>242</ymax>
		</bndbox>
	</object>
	<object>
		<difficult>0</difficult>
		<name>&amp;*@HUST_text</name>
		<bndbox>
			<xmin>551</xmin>
			<ymin>243</ymin>
			<xmax>686</xmax>
			<ymax>264</ymax>
		</bndbox>
	</object>
	<object>
		<difficult>0</difficult>
		<name>&amp;*@HUST_text</name>
		<bndbox>
			<xmin>551</xmin>
			<ymin>266</ymin>
			<xmax>677</xmax>
			<ymax>285</ymax>
		</bndbox>
	</object>
	<object>
		<difficult>0</difficult>
		<name>&amp;*@HUST_text</name>
		<bndbox>
			<xmin>551</xmin>
			<ymin>286</ymin>
			<xmax>687</xmax>
			<ymax>307</ymax>
		</bndbox>
	</object>
	<object>
		<difficult>0</difficult>
		<name>&amp;*@HUST_text</name>
		<bndbox>
			<xmin>551</xmin>
			<ymin>310</ymin>
			<xmax>677</xmax>
			<ymax>334</ymax>
		</bndbox>
	</object>
	<object>
		<difficult>0</difficult>
		<name>&amp;*@HUST_text</name>
		<bndbox>
			<xmin>551</xmin>
			<ymin>334</ymin>
			<xmax>690</xmax>
			<ymax>358</ymax>
		</bndbox>
	</object>
	<object>
		<difficult>0</difficult>
		<name>&amp;*@HUST_text</name>
		<bndbox>
			<xmin>550</xmin>
			<ymin>361</ymin>
			<xmax>646</xmax>
			<ymax>381</ymax>
		</bndbox>
	</object>
	<object>
		<difficult>0</difficult>
		<name>&amp;*@HUST_text</name>
		<bndbox>
			<xmin>550</xmin>
			<ymin>381</ymin>
			<xmax>684</xmax>
			<ymax>403</ymax>
		</bndbox>
	</object>
	<object>
		<difficult>0</difficult>
		<name>&amp;*@HUST_text</name>
		<bndbox>
			<xmin>550</xmin>
			<ymin>405</ymin>
			<xmax>645</xmax>
			<ymax>429</ymax>
		</bndbox>
	</object>
	<object>
		<difficult>0</difficult>
		<name>&amp;*@HUST_text</name>
		<bndbox>
			<xmin>549</xmin>
			<ymin>430</ymin>
			<xmax>686</xmax>
			<ymax>452</ymax>
		</bndbox>
	</object>
	<object>
		<difficult>0</difficult>
		<name>&amp;*@HUST_text</name>
		<bndbox>
			<xmin>550</xmin>
			<ymin>456</ymin>
			<xmax>620</xmax>
			<ymax>480</ymax>
		</bndbox>
	</object>
	<object>
		<difficult>0</difficult>
		<name>&amp;*@HUST_text</name>
		<bndbox>
			<xmin>550</xmin>
			<ymin>481</ymin>
			<xmax>688</xmax>
			<ymax>502</ymax>
		</bndbox>
	</object>
	<object>
		<difficult>0</difficult>
		<name>&amp;*@HUST_text</name>
		<bndbox>
			<xmin>550</xmin>
			<ymin>507</ymin>
			<xmax>605</xmax>
			<ymax>532</ymax>
		</bndbox>
	</object>
	<object>
		<difficult>0</difficult>
		<name>&amp;*@HUST_text</name>
		<bndbox>
			<xmin>549</xmin>
			<ymin>532</ymin>
			<xmax>689</xmax>
			<ymax>553</ymax>
		</bndbox>
	</object>
	<object>
		<difficult>0</difficult>
		<name>&amp;*@HUST_text</name>
		<bndbox>
			<xmin>550</xmin>
			<ymin>559</ymin>
			<xmax>605</xmax>
			<ymax>582</ymax>
		</bndbox>
	</object>
	<object>
		<difficult>0</difficult>
		<name>&amp;*@HUST_text</name>
		<bndbox>
			<xmin>549</xmin>
			<ymin>582</ymin>
			<xmax>687</xmax>
			<ymax>604</ymax>
		</bndbox>
	</object>
	<object>
		<difficult>0</difficult>
		<name>&amp;*@HUST_text</name>
		<bndbox>
			<xmin>551</xmin>
			<ymin>610</ymin>
			<xmax>612</xmax>
			<ymax>634</ymax>
		</bndbox>
	</object>
	<object>
		<difficult>0</difficult>
		<name>&amp;*@HUST_text</name>
		<bndbox>
			<xmin>551</xmin>
			<ymin>634</ymin>
			<xmax>688</xmax>
			<ymax>655</ymax>
		</bndbox>
	</object>
	<object>
		<difficult>0</difficult>
		<name>&amp;*@HUST_text</name>
		<bndbox>
			<xmin>551</xmin>
			<ymin>660</ymin>
			<xmax>679</xmax>
			<ymax>683</ymax>
		</bndbox>
	</object>
	<object>
		<difficult>0</difficult>
		<name>&amp;*@HUST_text</name>
		<bndbox>
			<xmin>550</xmin>
			<ymin>684</ymin>
			<xmax>686</xmax>
			<ymax>708</ymax>
		</bndbox>
	</object>
	<object>
		<difficult>0</difficult>
		<name>&amp;*@HUST_text</name>
		<bndbox>
			<xmin>717</xmin>
			<ymin>660</ymin>
			<xmax>799</xmax>
			<ymax>709</ymax>
		</bndbox>
	</object>
	<object>
		<difficult>0</difficult>
		<name>&amp;*@HUST_text</name>
		<bndbox>
			<xmin>718</xmin>
			<ymin>609</ymin>
			<xmax>800</xmax>
			<ymax>658</ymax>
		</bndbox>
	</object>
	<object>
		<difficult>0</difficult>
		<name>&amp;*@HUST_text</name>
		<bndbox>
			<xmin>717</xmin>
			<ymin>559</ymin>
			<xmax>799</xmax>
			<ymax>606</ymax>
		</bndbox>
	</object>
	<object>
		<difficult>0</difficult>
		<name>&amp;*@HUST_text</name>
		<bndbox>
			<xmin>717</xmin>
			<ymin>507</ymin>
			<xmax>797</xmax>
			<ymax>556</ymax>
		</bndbox>
	</object>
	<object>
		<difficult>0</difficult>
		<name>&amp;*@HUST_text</name>
		<bndbox>
			<xmin>716</xmin>
			<ymin>456</ymin>
			<xmax>796</xmax>
			<ymax>505</ymax>
		</bndbox>
	</object>
	<object>
		<difficult>0</difficult>
		<name>&amp;*@HUST_text</name>
		<bndbox>
			<xmin>716</xmin>
			<ymin>405</ymin>
			<xmax>796</xmax>
			<ymax>453</ymax>
		</bndbox>
	</object>
	<object>
		<difficult>0</difficult>
		<name>&amp;*@HUST_text</name>
		<bndbox>
			<xmin>716</xmin>
			<ymin>361</ymin>
			<xmax>795</xmax>
			<ymax>403</ymax>
		</bndbox>
	</object>
	<object>
		<difficult>0</difficult>
		<name>&amp;*@HUST_text</name>
		<bndbox>
			<xmin>715</xmin>
			<ymin>310</ymin>
			<xmax>796</xmax>
			<ymax>359</ymax>
		</bndbox>
	</object>
	<object>
		<difficult>0</difficult>
		<name>&amp;*@HUST_text</name>
		<bndbox>
			<xmin>714</xmin>
			<ymin>266</ymin>
			<xmax>796</xmax>
			<ymax>308</ymax>
		</bndbox>
	</object>
	<object>
		<difficult>0</difficult>
		<name>&amp;*@HUST_text</name>
		<bndbox>
			<xmin>713</xmin>
			<ymin>222</ymin>
			<xmax>796</xmax>
			<ymax>264</ymax>
		</bndbox>
	</object>
	<object>
		<difficult>0</difficult>
		<name>&amp;*@HUST_text</name>
		<bndbox>
			<xmin>713</xmin>
			<ymin>171</ymin>
			<xmax>796</xmax>
			<ymax>219</ymax>
		</bndbox>
	</object>
	<object>
		<difficult>0</difficult>
		<name>&amp;*@HUST_text</name>
		<bndbox>
			<xmin>713</xmin>
			<ymin>127</ymin>
			<xmax>797</xmax>
			<ymax>169</ymax>
		</bndbox>
	</object>
	<object>
		<difficult>0</difficult>
		<name>&amp;*@HUST_text</name>
		<bndbox>
			<xmin>713</xmin>
			<ymin>83</ymin>
			<xmax>797</xmax>
			<ymax>125</ymax>
		</bndbox>
	</object>
	<object>
		<difficult>0</difficult>
		<name>&amp;*@HUST_text</name>
		<bndbox>
			<xmin>713</xmin>
			<ymin>39</ymin>
			<xmax>797</xmax>
			<ymax>81</ymax>
		</bndbox>
	</object>
	<object>
		<difficult>0</difficult>
		<name>&amp;*@HUST_text</name>
		<bndbox>
			<xmin>713</xmin>
			<ymin>0</ymin>
			<xmax>797</xmax>
			<ymax>36</ymax>
		</bndbox>
	</object>
	<object>
		<difficult>1</difficult>
		<name>&amp;*@HUST_special</name>
		<bndbox>
			<xmin>837</xmin>
			<ymin>0</ymin>
			<xmax>881</xmax>
			<ymax>37</ymax>
		</bndbox>
	</object>
	<object>
		<difficult>1</difficult>
		<name>&amp;*@HUST_special</name>
		<bndbox>
			<xmin>836</xmin>
			<ymin>39</ymin>
			<xmax>882</xmax>
			<ymax>81</ymax>
		</bndbox>
	</object>
	<object>
		<difficult>1</difficult>
		<name>&amp;*@HUST_special</name>
		<bndbox>
			<xmin>836</xmin>
			<ymin>83</ymin>
			<xmax>881</xmax>
			<ymax>125</ymax>
		</bndbox>
	</object>
	<object>
		<difficult>1</difficult>
		<name>&amp;*@HUST_special</name>
		<bndbox>
			<xmin>835</xmin>
			<ymin>127</ymin>
			<xmax>881</xmax>
			<ymax>168</ymax>
		</bndbox>
	</object>
	<object>
		<difficult>1</difficult>
		<name>&amp;*@HUST_special</name>
		<bndbox>
			<xmin>835</xmin>
			<ymin>171</ymin>
			<xmax>881</xmax>
			<ymax>220</ymax>
		</bndbox>
	</object>
	<object>
		<difficult>1</difficult>
		<name>&amp;*@HUST_special</name>
		<bndbox>
			<xmin>834</xmin>
			<ymin>222</ymin>
			<xmax>881</xmax>
			<ymax>263</ymax>
		</bndbox>
	</object>
	<object>
		<difficult>1</difficult>
		<name>&amp;*@HUST_special</name>
		<bndbox>
			<xmin>834</xmin>
			<ymin>266</ymin>
			<xmax>880</xmax>
			<ymax>307</ymax>
		</bndbox>
	</object>
	<object>
		<difficult>1</difficult>
		<name>&amp;*@HUST_special</name>
		<bndbox>
			<xmin>833</xmin>
			<ymin>310</ymin>
			<xmax>879</xmax>
			<ymax>358</ymax>
		</bndbox>
	</object>
	<object>
		<difficult>1</difficult>
		<name>&amp;*@HUST_special</name>
		<bndbox>
			<xmin>833</xmin>
			<ymin>361</ymin>
			<xmax>879</xmax>
			<ymax>402</ymax>
		</bndbox>
	</object>
	<object>
		<difficult>1</difficult>
		<name>&amp;*@HUST_special</name>
		<bndbox>
			<xmin>833</xmin>
			<ymin>404</ymin>
			<xmax>880</xmax>
			<ymax>453</ymax>
		</bndbox>
	</object>
	<object>
		<difficult>1</difficult>
		<name>&amp;*@HUST_special</name>
		<bndbox>
			<xmin>833</xmin>
			<ymin>456</ymin>
			<xmax>881</xmax>
			<ymax>504</ymax>
		</bndbox>
	</object>
	<object>
		<difficult>1</difficult>
		<name>&amp;*@HUST_special</name>
		<bndbox>
			<xmin>832</xmin>
			<ymin>507</ymin>
			<xmax>881</xmax>
			<ymax>555</ymax>
		</bndbox>
	</object>
	<object>
		<difficult>1</difficult>
		<name>&amp;*@HUST_special</name>
		<bndbox>
			<xmin>832</xmin>
			<ymin>558</ymin>
			<xmax>881</xmax>
			<ymax>606</ymax>
		</bndbox>
	</object>
	<object>
		<difficult>1</difficult>
		<name>&amp;*@HUST_special</name>
		<bndbox>
			<xmin>831</xmin>
			<ymin>609</ymin>
			<xmax>880</xmax>
			<ymax>657</ymax>
		</bndbox>
	</object>
	<object>
		<difficult>1</difficult>
		<name>&amp;*@HUST_special</name>
		<bndbox>
			<xmin>831</xmin>
			<ymin>660</ymin>
			<xmax>880</xmax>
			<ymax>709</ymax>
		</bndbox>
	</object>
</annotation>