<annotation>
	<filename>图像 5401.png</filename>
	<size>
		<width>758</width>
		<height>913</height>
		<depth>3</depth>
	</size>
	<segmented>0</segmented>
	<object>
		<difficult>0</difficult>
		<name>&amp;*@HUST_text</name>
		<bndbox>
			<xmin>3</xmin>
			<ymin>1</ymin>
			<xmax>110</xmax>
			<ymax>20</ymax>
		</bndbox>
	</object>
	<object>
		<difficult>0</difficult>
		<name>&amp;*@HUST_text</name>
		<bndbox>
			<xmin>3</xmin>
			<ymin>23</ymin>
			<xmax>30</xmax>
			<ymax>57</ymax>
		</bndbox>
	</object>
	<object>
		<difficult>0</difficult>
		<name>&amp;*@HUST_text</name>
		<bndbox>
			<xmin>41</xmin>
			<ymin>24</ymin>
			<xmax>93</xmax>
			<ymax>56</ymax>
		</bndbox>
	</object>
	<object>
		<difficult>0</difficult>
		<name>&amp;*@HUST_text</name>
		<bndbox>
			<xmin>105</xmin>
			<ymin>24</ymin>
			<xmax>163</xmax>
			<ymax>57</ymax>
		</bndbox>
	</object>
	<object>
		<difficult>1</difficult>
		<name>&amp;*@HUST_special</name>
		<bndbox>
			<xmin>94</xmin>
			<ymin>24</ymin>
			<xmax>105</xmax>
			<ymax>57</ymax>
		</bndbox>
	</object>
	<object>
		<difficult>1</difficult>
		<name>&amp;*@HUST_special</name>
		<bndbox>
			<xmin>31</xmin>
			<ymin>24</ymin>
			<xmax>40</xmax>
			<ymax>56</ymax>
		</bndbox>
	</object>
	<object>
		<difficult>1</difficult>
		<name>&amp;*@HUST_special</name>
		<bndbox>
			<xmin>3</xmin>
			<ymin>60</ymin>
			<xmax>110</xmax>
			<ymax>168</ymax>
		</bndbox>
	</object>
	<object>
		<difficult>0</difficult>
		<name>&amp;*@HUST_text</name>
		<bndbox>
			<xmin>112</xmin>
			<ymin>60</ymin>
			<xmax>398</xmax>
			<ymax>94</ymax>
		</bndbox>
	</object>
	<object>
		<difficult>0</difficult>
		<name>&amp;*@HUST_text</name>
		<bndbox>
			<xmin>112</xmin>
			<ymin>96</ymin>
			<xmax>434</xmax>
			<ymax>118</ymax>
		</bndbox>
	</object>
	<object>
		<difficult>0</difficult>
		<name>&amp;*@HUST_text</name>
		<bndbox>
			<xmin>112</xmin>
			<ymin>120</ymin>
			<xmax>493</xmax>
			<ymax>155</ymax>
		</bndbox>
	</object>
	<object>
		<difficult>0</difficult>
		<name>&amp;*@HUST_text</name>
		<bndbox>
			<xmin>52</xmin>
			<ymin>206</ymin>
			<xmax>92</xmax>
			<ymax>222</ymax>
		</bndbox>
	</object>
	<object>
		<difficult>0</difficult>
		<name>&amp;*@HUST_text</name>
		<bndbox>
			<xmin>53</xmin>
			<ymin>222</ymin>
			<xmax>101</xmax>
			<ymax>232</ymax>
		</bndbox>
	</object>
	<object>
		<difficult>0</difficult>
		<name>&amp;*@HUST_text</name>
		<bndbox>
			<xmin>53</xmin>
			<ymin>232</ymin>
			<xmax>92</xmax>
			<ymax>250</ymax>
		</bndbox>
	</object>
	<object>
		<difficult>1</difficult>
		<name>&amp;*@HUST_special</name>
		<bndbox>
			<xmin>18</xmin>
			<ymin>195</ymin>
			<xmax>52</xmax>
			<ymax>253</ymax>
		</bndbox>
	</object>
	<object>
		<difficult>0</difficult>
		<name>&amp;*@HUST_text</name>
		<bndbox>
			<xmin>24</xmin>
			<ymin>257</ymin>
			<xmax>96</xmax>
			<ymax>266</ymax>
		</bndbox>
	</object>
	<object>
		<difficult>0</difficult>
		<name>&amp;*@HUST_text</name>
		<bndbox>
			<xmin>24</xmin>
			<ymin>266</ymin>
			<xmax>96</xmax>
			<ymax>277</ymax>
		</bndbox>
	</object>
	<object>
		<difficult>0</difficult>
		<name>&amp;*@HUST_text</name>
		<bndbox>
			<xmin>105</xmin>
			<ymin>178</ymin>
			<xmax>489</xmax>
			<ymax>216</ymax>
		</bndbox>
	</object>
	<object>
		<difficult>0</difficult>
		<name>&amp;*@HUST_text</name>
		<bndbox>
			<xmin>106</xmin>
			<ymin>217</ymin>
			<xmax>470</xmax>
			<ymax>242</ymax>
		</bndbox>
	</object>
	<object>
		<difficult>0</difficult>
		<name>&amp;*@HUST_text</name>
		<bndbox>
			<xmin>105</xmin>
			<ymin>243</ymin>
			<xmax>733</xmax>
			<ymax>289</ymax>
		</bndbox>
	</object>
	<object>
		<difficult>0</difficult>
		<name>&amp;*@HUST_text</name>
		<bndbox>
			<xmin>697</xmin>
			<ymin>59</ymin>
			<xmax>755</xmax>
			<ymax>111</ymax>
		</bndbox>
	</object>
	<object>
		<difficult>0</difficult>
		<name>&amp;*@HUST_text</name>
		<bndbox>
			<xmin>689</xmin>
			<ymin>177</ymin>
			<xmax>756</xmax>
			<ymax>235</ymax>
		</bndbox>
	</object>
	<object>
		<difficult>0</difficult>
		<name>&amp;*@HUST_text</name>
		<bndbox>
			<xmin>692</xmin>
			<ymin>305</ymin>
			<xmax>752</xmax>
			<ymax>356</ymax>
		</bndbox>
	</object>
	<object>
		<difficult>1</difficult>
		<name>&amp;*@HUST_special</name>
		<bndbox>
			<xmin>4</xmin>
			<ymin>302</ymin>
			<xmax>109</xmax>
			<ymax>416</ymax>
		</bndbox>
	</object>
	<object>
		<difficult>0</difficult>
		<name>&amp;*@HUST_text</name>
		<bndbox>
			<xmin>111</xmin>
			<ymin>304</ymin>
			<xmax>358</xmax>
			<ymax>341</ymax>
		</bndbox>
	</object>
	<object>
		<difficult>0</difficult>
		<name>&amp;*@HUST_text</name>
		<bndbox>
			<xmin>111</xmin>
			<ymin>342</ymin>
			<xmax>459</xmax>
			<ymax>370</ymax>
		</bndbox>
	</object>
	<object>
		<difficult>0</difficult>
		<name>&amp;*@HUST_text</name>
		<bndbox>
			<xmin>111</xmin>
			<ymin>371</ymin>
			<xmax>733</xmax>
			<ymax>408</ymax>
		</bndbox>
	</object>
	<object>
		<difficult>1</difficult>
		<name>&amp;*@HUST_special</name>
		<bndbox>
			<xmin>5</xmin>
			<ymin>429</ymin>
			<xmax>107</xmax>
			<ymax>541</ymax>
		</bndbox>
	</object>
	<object>
		<difficult>0</difficult>
		<name>&amp;*@HUST_text</name>
		<bndbox>
			<xmin>110</xmin>
			<ymin>430</ymin>
			<xmax>226</xmax>
			<ymax>466</ymax>
		</bndbox>
	</object>
	<object>
		<difficult>0</difficult>
		<name>&amp;*@HUST_text</name>
		<bndbox>
			<xmin>110</xmin>
			<ymin>467</ymin>
			<xmax>403</xmax>
			<ymax>491</ymax>
		</bndbox>
	</object>
	<object>
		<difficult>0</difficult>
		<name>&amp;*@HUST_text</name>
		<bndbox>
			<xmin>111</xmin>
			<ymin>492</ymin>
			<xmax>468</xmax>
			<ymax>535</ymax>
		</bndbox>
	</object>
	<object>
		<difficult>0</difficult>
		<name>&amp;*@HUST_text</name>
		<bndbox>
			<xmin>19</xmin>
			<ymin>572</ymin>
			<xmax>79</xmax>
			<ymax>589</ymax>
		</bndbox>
	</object>
	<object>
		<difficult>1</difficult>
		<name>Difficult</name>
		<bndbox>
			<xmin>30</xmin>
			<ymin>608</ymin>
			<xmax>88</xmax>
			<ymax>652</ymax>
		</bndbox>
	</object>
	<object>
		<difficult>0</difficult>
		<name>&amp;*@HUST_text</name>
		<bndbox>
			<xmin>106</xmin>
			<ymin>552</ymin>
			<xmax>373</xmax>
			<ymax>592</ymax>
		</bndbox>
	</object>
	<object>
		<difficult>0</difficult>
		<name>&amp;*@HUST_text</name>
		<bndbox>
			<xmin>106</xmin>
			<ymin>594</ymin>
			<xmax>373</xmax>
			<ymax>616</ymax>
		</bndbox>
	</object>
	<object>
		<difficult>0</difficult>
		<name>&amp;*@HUST_text</name>
		<bndbox>
			<xmin>106</xmin>
			<ymin>618</ymin>
			<xmax>727</xmax>
			<ymax>652</ymax>
		</bndbox>
	</object>
	<object>
		<difficult>0</difficult>
		<name>&amp;*@HUST_text</name>
		<bndbox>
			<xmin>679</xmin>
			<ymin>554</ymin>
			<xmax>750</xmax>
			<ymax>607</ymax>
		</bndbox>
	</object>
	<object>
		<difficult>1</difficult>
		<name>&amp;*@HUST_special</name>
		<bndbox>
			<xmin>18</xmin>
			<ymin>695</ymin>
			<xmax>100</xmax>
			<ymax>778</ymax>
		</bndbox>
	</object>
	<object>
		<difficult>0</difficult>
		<name>&amp;*@HUST_text</name>
		<bndbox>
			<xmin>106</xmin>
			<ymin>677</ymin>
			<xmax>196</xmax>
			<ymax>719</ymax>
		</bndbox>
	</object>
	<object>
		<difficult>0</difficult>
		<name>&amp;*@HUST_text</name>
		<bndbox>
			<xmin>103</xmin>
			<ymin>720</ymin>
			<xmax>421</xmax>
			<ymax>742</ymax>
		</bndbox>
	</object>
	<object>
		<difficult>0</difficult>
		<name>&amp;*@HUST_text</name>
		<bndbox>
			<xmin>103</xmin>
			<ymin>742</ymin>
			<xmax>504</xmax>
			<ymax>779</ymax>
		</bndbox>
	</object>
	<object>
		<difficult>1</difficult>
		<name>&amp;*@HUST_special</name>
		<bndbox>
			<xmin>18</xmin>
			<ymin>820</ymin>
			<xmax>100</xmax>
			<ymax>902</ymax>
		</bndbox>
	</object>
	<object>
		<difficult>0</difficult>
		<name>&amp;*@HUST_text</name>
		<bndbox>
			<xmin>103</xmin>
			<ymin>803</ymin>
			<xmax>271</xmax>
			<ymax>842</ymax>
		</bndbox>
	</object>
	<object>
		<difficult>0</difficult>
		<name>&amp;*@HUST_text</name>
		<bndbox>
			<xmin>104</xmin>
			<ymin>842</ymin>
			<xmax>403</xmax>
			<ymax>867</ymax>
		</bndbox>
	</object>
	<object>
		<difficult>0</difficult>
		<name>&amp;*@HUST_text</name>
		<bndbox>
			<xmin>103</xmin>
			<ymin>868</ymin>
			<xmax>581</xmax>
			<ymax>907</ymax>
		</bndbox>
	</object>
	<object>
		<difficult>0</difficult>
		<name>&amp;*@HUST_text</name>
		<bndbox>
			<xmin>691</xmin>
			<ymin>680</ymin>
			<xmax>751</xmax>
			<ymax>744</ymax>
		</bndbox>
	</object>
	<object>
		<difficult>0</difficult>
		<name>&amp;*@HUST_text</name>
		<bndbox>
			<xmin>690</xmin>
			<ymin>807</ymin>
			<xmax>750</xmax>
			<ymax>865</ymax>
		</bndbox>
	</object>
	<object>
		<difficult>1</difficult>
		<name>&amp;*@HUST_special</name>
		<bndbox>
			<xmin>8</xmin>
			<ymin>169</ymin>
			<xmax>757</xmax>
			<ymax>176</ymax>
		</bndbox>
	</object>
	<object>
		<difficult>1</difficult>
		<name>&amp;*@HUST_special</name>
		<bndbox>
			<xmin>5</xmin>
			<ymin>294</ymin>
			<xmax>772</xmax>
			<ymax>301</ymax>
		</bndbox>
	</object>
	<object>
		<difficult>1</difficult>
		<name>&amp;*@HUST_special</name>
		<bndbox>
			<xmin>8</xmin>
			<ymin>420</ymin>
			<xmax>896</xmax>
			<ymax>426</ymax>
		</bndbox>
	</object>
	<object>
		<difficult>1</difficult>
		<name>&amp;*@HUST_special</name>
		<bndbox>
			<xmin>10</xmin>
			<ymin>544</ymin>
			<xmax>865</xmax>
			<ymax>551</ymax>
		</bndbox>
	</object>
	<object>
		<difficult>1</difficult>
		<name>&amp;*@HUST_special</name>
		<bndbox>
			<xmin>8</xmin>
			<ymin>668</ymin>
			<xmax>816</xmax>
			<ymax>676</ymax>
		</bndbox>
	</object>
	<object>
		<difficult>1</difficult>
		<name>&amp;*@HUST_special</name>
		<bndbox>
			<xmin>8</xmin>
			<ymin>792</ymin>
			<xmax>866</xmax>
			<ymax>801</ymax>
		</bndbox>
	</object>
	<object>
		<difficult>0</difficult>
		<name>&amp;*@HUST_text</name>
		<bndbox>
			<xmin>698</xmin>
			<ymin>433</ymin>
			<xmax>754</xmax>
			<ymax>485</ymax>
		</bndbox>
	</object>
	<object>
		<difficult>1</difficult>
		<name>&amp;*@HUST_special</name>
		<bndbox>
			<xmin>19</xmin>
			<ymin>590</ymin>
			<xmax>79</xmax>
			<ymax>599</ymax>
		</bndbox>
	</object>
</annotation>