<annotation>
	<filename>图像 5391.png</filename>
	<size>
		<width>764</width>
		<height>505</height>
		<depth>3</depth>
	</size>
	<segmented>0</segmented>
	<object>
		<difficult>1</difficult>
		<name>&amp;*@HUST_special</name>
		<bndbox>
			<xmin>4</xmin>
			<ymin>17</ymin>
			<xmax>110</xmax>
			<ymax>138</ymax>
		</bndbox>
	</object>
	<object>
		<difficult>0</difficult>
		<name>&amp;*@HUST_text</name>
		<bndbox>
			<xmin>113</xmin>
			<ymin>18</ymin>
			<xmax>241</xmax>
			<ymax>63</ymax>
		</bndbox>
	</object>
	<object>
		<difficult>0</difficult>
		<name>&amp;*@HUST_text</name>
		<bndbox>
			<xmin>113</xmin>
			<ymin>65</ymin>
			<xmax>344</xmax>
			<ymax>88</ymax>
		</bndbox>
	</object>
	<object>
		<difficult>0</difficult>
		<name>&amp;*@HUST_text</name>
		<bndbox>
			<xmin>114</xmin>
			<ymin>90</ymin>
			<xmax>707</xmax>
			<ymax>139</ymax>
		</bndbox>
	</object>
	<object>
		<difficult>0</difficult>
		<name>&amp;*@HUST_text</name>
		<bndbox>
			<xmin>682</xmin>
			<ymin>19</ymin>
			<xmax>756</xmax>
			<ymax>65</ymax>
		</bndbox>
	</object>
	<object>
		<difficult>1</difficult>
		<name>&amp;*@HUST_special</name>
		<bndbox>
			<xmin>4</xmin>
			<ymin>142</ymin>
			<xmax>111</xmax>
			<ymax>265</ymax>
		</bndbox>
	</object>
	<object>
		<difficult>0</difficult>
		<name>&amp;*@HUST_text</name>
		<bndbox>
			<xmin>114</xmin>
			<ymin>142</ymin>
			<xmax>240</xmax>
			<ymax>188</ymax>
		</bndbox>
	</object>
	<object>
		<difficult>0</difficult>
		<name>&amp;*@HUST_text</name>
		<bndbox>
			<xmin>112</xmin>
			<ymin>191</ymin>
			<xmax>337</xmax>
			<ymax>210</ymax>
		</bndbox>
	</object>
	<object>
		<difficult>0</difficult>
		<name>&amp;*@HUST_text</name>
		<bndbox>
			<xmin>114</xmin>
			<ymin>214</ymin>
			<xmax>454</xmax>
			<ymax>264</ymax>
		</bndbox>
	</object>
	<object>
		<difficult>0</difficult>
		<name>&amp;*@HUST_text</name>
		<bndbox>
			<xmin>657</xmin>
			<ymin>142</ymin>
			<xmax>754</xmax>
			<ymax>265</ymax>
		</bndbox>
	</object>
	<object>
		<difficult>1</difficult>
		<name>&amp;*@HUST_special</name>
		<bndbox>
			<xmin>3</xmin>
			<ymin>267</ymin>
			<xmax>108</xmax>
			<ymax>390</ymax>
		</bndbox>
	</object>
	<object>
		<difficult>0</difficult>
		<name>&amp;*@HUST_text</name>
		<bndbox>
			<xmin>113</xmin>
			<ymin>268</ymin>
			<xmax>312</xmax>
			<ymax>311</ymax>
		</bndbox>
	</object>
	<object>
		<difficult>0</difficult>
		<name>&amp;*@HUST_text</name>
		<bndbox>
			<xmin>111</xmin>
			<ymin>313</ymin>
			<xmax>368</xmax>
			<ymax>338</ymax>
		</bndbox>
	</object>
	<object>
		<difficult>0</difficult>
		<name>&amp;*@HUST_text</name>
		<bndbox>
			<xmin>111</xmin>
			<ymin>340</ymin>
			<xmax>390</xmax>
			<ymax>389</ymax>
		</bndbox>
	</object>
	<object>
		<difficult>0</difficult>
		<name>&amp;*@HUST_text</name>
		<bndbox>
			<xmin>656</xmin>
			<ymin>267</ymin>
			<xmax>753</xmax>
			<ymax>390</ymax>
		</bndbox>
	</object>
	<object>
		<difficult>1</difficult>
		<name>&amp;*@HUST_special</name>
		<bndbox>
			<xmin>4</xmin>
			<ymin>394</ymin>
			<xmax>114</xmax>
			<ymax>502</ymax>
		</bndbox>
	</object>
	<object>
		<difficult>0</difficult>
		<name>&amp;*@HUST_text</name>
		<bndbox>
			<xmin>117</xmin>
			<ymin>394</ymin>
			<xmax>353</xmax>
			<ymax>438</ymax>
		</bndbox>
	</object>
	<object>
		<difficult>0</difficult>
		<name>&amp;*@HUST_text</name>
		<bndbox>
			<xmin>117</xmin>
			<ymin>441</ymin>
			<xmax>368</xmax>
			<ymax>461</ymax>
		</bndbox>
	</object>
	<object>
		<difficult>0</difficult>
		<name>&amp;*@HUST_text</name>
		<bndbox>
			<xmin>117</xmin>
			<ymin>464</ymin>
			<xmax>678</xmax>
			<ymax>501</ymax>
		</bndbox>
	</object>
	<object>
		<difficult>0</difficult>
		<name>&amp;*@HUST_text</name>
		<bndbox>
			<xmin>681</xmin>
			<ymin>393</ymin>
			<xmax>759</xmax>
			<ymax>502</ymax>
		</bndbox>
	</object>
</annotation>