<annotation>
	<filename>图像 6131.png</filename>
	<size>
		<width>801</width>
		<height>845</height>
		<depth>3</depth>
	</size>
	<segmented>0</segmented>
	<object>
		<difficult>0</difficult>
		<name>&amp;*@HUST_text</name>
		<bndbox>
			<xmin>4</xmin>
			<ymin>4</ymin>
			<xmax>390</xmax>
			<ymax>36</ymax>
		</bndbox>
	</object>
	<object>
		<difficult>1</difficult>
		<name>&amp;*@HUST_shelter</name>
		<bndbox>
			<xmin>3</xmin>
			<ymin>38</ymin>
			<xmax>585</xmax>
			<ymax>49</ymax>
		</bndbox>
	</object>
	<object>
		<difficult>0</difficult>
		<name>&amp;*@HUST_text</name>
		<bndbox>
			<xmin>136</xmin>
			<ymin>54</ymin>
			<xmax>295</xmax>
			<ymax>92</ymax>
		</bndbox>
	</object>
	<object>
		<difficult>1</difficult>
		<name>&amp;*@HUST_special</name>
		<bndbox>
			<xmin>306</xmin>
			<ymin>54</ymin>
			<xmax>330</xmax>
			<ymax>89</ymax>
		</bndbox>
	</object>
	<object>
		<difficult>0</difficult>
		<name>&amp;*@HUST_text</name>
		<bndbox>
			<xmin>331</xmin>
			<ymin>54</ymin>
			<xmax>401</xmax>
			<ymax>89</ymax>
		</bndbox>
	</object>
	<object>
		<difficult>0</difficult>
		<name>&amp;*@HUST_text</name>
		<bndbox>
			<xmin>25</xmin>
			<ymin>99</ymin>
			<xmax>147</xmax>
			<ymax>120</ymax>
		</bndbox>
	</object>
	<object>
		<difficult>0</difficult>
		<name>&amp;*@HUST_text</name>
		<bndbox>
			<xmin>25</xmin>
			<ymin>122</ymin>
			<xmax>182</xmax>
			<ymax>148</ymax>
		</bndbox>
	</object>
	<object>
		<difficult>0</difficult>
		<name>&amp;*@HUST_text</name>
		<bndbox>
			<xmin>183</xmin>
			<ymin>122</ymin>
			<xmax>301</xmax>
			<ymax>149</ymax>
		</bndbox>
	</object>
	<object>
		<difficult>0</difficult>
		<name>&amp;*@HUST_text</name>
		<bndbox>
			<xmin>303</xmin>
			<ymin>122</ymin>
			<xmax>403</xmax>
			<ymax>149</ymax>
		</bndbox>
	</object>
	<object>
		<difficult>0</difficult>
		<name>&amp;*@HUST_text</name>
		<bndbox>
			<xmin>405</xmin>
			<ymin>122</ymin>
			<xmax>498</xmax>
			<ymax>149</ymax>
		</bndbox>
	</object>
	<object>
		<difficult>1</difficult>
		<name>&amp;*@HUST_special</name>
		<bndbox>
			<xmin>171</xmin>
			<ymin>176</ymin>
			<xmax>198</xmax>
			<ymax>193</ymax>
		</bndbox>
	</object>
	<object>
		<difficult>1</difficult>
		<name>&amp;*@HUST_special</name>
		<bndbox>
			<xmin>201</xmin>
			<ymin>172</ymin>
			<xmax>252</xmax>
			<ymax>194</ymax>
		</bndbox>
	</object>
	<object>
		<difficult>0</difficult>
		<name>&amp;*@HUST_text</name>
		<bndbox>
			<xmin>190</xmin>
			<ymin>202</ymin>
			<xmax>243</xmax>
			<ymax>219</ymax>
		</bndbox>
	</object>
	<object>
		<difficult>1</difficult>
		<name>&amp;*@HUST_special</name>
		<bndbox>
			<xmin>34</xmin>
			<ymin>197</ymin>
			<xmax>182</xmax>
			<ymax>226</ymax>
		</bndbox>
	</object>
	<object>
		<difficult>1</difficult>
		<name>&amp;*@HUST_special</name>
		<bndbox>
			<xmin>33</xmin>
			<ymin>229</ymin>
			<xmax>80</xmax>
			<ymax>247</ymax>
		</bndbox>
	</object>
	<object>
		<difficult>0</difficult>
		<name>&amp;*@HUST_text</name>
		<bndbox>
			<xmin>80</xmin>
			<ymin>228</ymin>
			<xmax>122</xmax>
			<ymax>247</ymax>
		</bndbox>
	</object>
	<object>
		<difficult>1</difficult>
		<name>&amp;*@HUST_special</name>
		<bndbox>
			<xmin>38</xmin>
			<ymin>251</ymin>
			<xmax>93</xmax>
			<ymax>269</ymax>
		</bndbox>
	</object>
	<object>
		<difficult>0</difficult>
		<name>&amp;*@HUST_text</name>
		<bndbox>
			<xmin>94</xmin>
			<ymin>251</ymin>
			<xmax>153</xmax>
			<ymax>269</ymax>
		</bndbox>
	</object>
	<object>
		<difficult>1</difficult>
		<name>&amp;*@HUST_special</name>
		<bndbox>
			<xmin>56</xmin>
			<ymin>279</ymin>
			<xmax>79</xmax>
			<ymax>294</ymax>
		</bndbox>
	</object>
	<object>
		<difficult>1</difficult>
		<name>&amp;*@HUST_special</name>
		<bndbox>
			<xmin>81</xmin>
			<ymin>280</ymin>
			<xmax>93</xmax>
			<ymax>294</ymax>
		</bndbox>
	</object>
	<object>
		<difficult>0</difficult>
		<name>&amp;*@HUST_text</name>
		<bndbox>
			<xmin>94</xmin>
			<ymin>280</ymin>
			<xmax>117</xmax>
			<ymax>291</ymax>
		</bndbox>
	</object>
	<object>
		<difficult>1</difficult>
		<name>&amp;*@HUST_special</name>
		<bndbox>
			<xmin>106</xmin>
			<ymin>291</ymin>
			<xmax>122</xmax>
			<ymax>306</ymax>
		</bndbox>
	</object>
	<object>
		<difficult>0</difficult>
		<name>&amp;*@HUST_text</name>
		<bndbox>
			<xmin>126</xmin>
			<ymin>290</ymin>
			<xmax>193</xmax>
			<ymax>306</ymax>
		</bndbox>
	</object>
	<object>
		<difficult>1</difficult>
		<name>&amp;*@HUST_special</name>
		<bndbox>
			<xmin>105</xmin>
			<ymin>309</ymin>
			<xmax>123</xmax>
			<ymax>322</ymax>
		</bndbox>
	</object>
	<object>
		<difficult>0</difficult>
		<name>&amp;*@HUST_text</name>
		<bndbox>
			<xmin>126</xmin>
			<ymin>310</ymin>
			<xmax>166</xmax>
			<ymax>322</ymax>
		</bndbox>
	</object>
	<object>
		<difficult>1</difficult>
		<name>&amp;*@HUST_special</name>
		<bndbox>
			<xmin>106</xmin>
			<ymin>325</ymin>
			<xmax>122</xmax>
			<ymax>388</ymax>
		</bndbox>
	</object>
	<object>
		<difficult>0</difficult>
		<name>&amp;*@HUST_text</name>
		<bndbox>
			<xmin>126</xmin>
			<ymin>325</ymin>
			<xmax>180</xmax>
			<ymax>338</ymax>
		</bndbox>
	</object>
	<object>
		<difficult>0</difficult>
		<name>&amp;*@HUST_text</name>
		<bndbox>
			<xmin>126</xmin>
			<ymin>338</ymin>
			<xmax>196</xmax>
			<ymax>356</ymax>
		</bndbox>
	</object>
	<object>
		<difficult>0</difficult>
		<name>&amp;*@HUST_text</name>
		<bndbox>
			<xmin>126</xmin>
			<ymin>356</ymin>
			<xmax>206</xmax>
			<ymax>373</ymax>
		</bndbox>
	</object>
	<object>
		<difficult>0</difficult>
		<name>&amp;*@HUST_text</name>
		<bndbox>
			<xmin>126</xmin>
			<ymin>374</ymin>
			<xmax>209</xmax>
			<ymax>387</ymax>
		</bndbox>
	</object>
	<object>
		<difficult>1</difficult>
		<name>&amp;*@HUST_special</name>
		<bndbox>
			<xmin>222</xmin>
			<ymin>370</ymin>
			<xmax>236</xmax>
			<ymax>386</ymax>
		</bndbox>
	</object>
	<object>
		<difficult>0</difficult>
		<name>&amp;*@HUST_text</name>
		<bndbox>
			<xmin>137</xmin>
			<ymin>461</ymin>
			<xmax>269</xmax>
			<ymax>492</ymax>
		</bndbox>
	</object>
	<object>
		<difficult>1</difficult>
		<name>&amp;*@HUST_special</name>
		<bndbox>
			<xmin>308</xmin>
			<ymin>460</ymin>
			<xmax>332</xmax>
			<ymax>491</ymax>
		</bndbox>
	</object>
	<object>
		<difficult>0</difficult>
		<name>&amp;*@HUST_text</name>
		<bndbox>
			<xmin>334</xmin>
			<ymin>460</ymin>
			<xmax>359</xmax>
			<ymax>490</ymax>
		</bndbox>
	</object>
	<object>
		<difficult>0</difficult>
		<name>&amp;*@HUST_text</name>
		<bndbox>
			<xmin>25</xmin>
			<ymin>498</ymin>
			<xmax>129</xmax>
			<ymax>521</ymax>
		</bndbox>
	</object>
	<object>
		<difficult>0</difficult>
		<name>&amp;*@HUST_text</name>
		<bndbox>
			<xmin>25</xmin>
			<ymin>523</ymin>
			<xmax>180</xmax>
			<ymax>550</ymax>
		</bndbox>
	</object>
	<object>
		<difficult>0</difficult>
		<name>&amp;*@HUST_text</name>
		<bndbox>
			<xmin>182</xmin>
			<ymin>523</ymin>
			<xmax>300</xmax>
			<ymax>550</ymax>
		</bndbox>
	</object>
	<object>
		<difficult>0</difficult>
		<name>&amp;*@HUST_text</name>
		<bndbox>
			<xmin>302</xmin>
			<ymin>523</ymin>
			<xmax>360</xmax>
			<ymax>550</ymax>
		</bndbox>
	</object>
	<object>
		<difficult>1</difficult>
		<name>&amp;*@HUST_special</name>
		<bndbox>
			<xmin>175</xmin>
			<ymin>574</ymin>
			<xmax>198</xmax>
			<ymax>592</ymax>
		</bndbox>
	</object>
	<object>
		<difficult>1</difficult>
		<name>&amp;*@HUST_special</name>
		<bndbox>
			<xmin>201</xmin>
			<ymin>571</ymin>
			<xmax>250</xmax>
			<ymax>594</ymax>
		</bndbox>
	</object>
	<object>
		<difficult>0</difficult>
		<name>&amp;*@HUST_text</name>
		<bndbox>
			<xmin>190</xmin>
			<ymin>600</ymin>
			<xmax>243</xmax>
			<ymax>617</ymax>
		</bndbox>
	</object>
	<object>
		<difficult>1</difficult>
		<name>&amp;*@HUST_special</name>
		<bndbox>
			<xmin>32</xmin>
			<ymin>596</ymin>
			<xmax>183</xmax>
			<ymax>624</ymax>
		</bndbox>
	</object>
	<object>
		<difficult>1</difficult>
		<name>&amp;*@HUST_special</name>
		<bndbox>
			<xmin>36</xmin>
			<ymin>630</ymin>
			<xmax>80</xmax>
			<ymax>647</ymax>
		</bndbox>
	</object>
	<object>
		<difficult>0</difficult>
		<name>&amp;*@HUST_text</name>
		<bndbox>
			<xmin>80</xmin>
			<ymin>630</ymin>
			<xmax>119</xmax>
			<ymax>647</ymax>
		</bndbox>
	</object>
	<object>
		<difficult>1</difficult>
		<name>&amp;*@HUST_special</name>
		<bndbox>
			<xmin>48</xmin>
			<ymin>651</ymin>
			<xmax>93</xmax>
			<ymax>668</ymax>
		</bndbox>
	</object>
	<object>
		<difficult>0</difficult>
		<name>&amp;*@HUST_text</name>
		<bndbox>
			<xmin>94</xmin>
			<ymin>651</ymin>
			<xmax>135</xmax>
			<ymax>669</ymax>
		</bndbox>
	</object>
	<object>
		<difficult>1</difficult>
		<name>&amp;*@HUST_special</name>
		<bndbox>
			<xmin>36</xmin>
			<ymin>648</ymin>
			<xmax>47</xmax>
			<ymax>701</ymax>
		</bndbox>
	</object>
	<object>
		<difficult>1</difficult>
		<name>&amp;*@HUST_special</name>
		<bndbox>
			<xmin>59</xmin>
			<ymin>673</ymin>
			<xmax>93</xmax>
			<ymax>696</ymax>
		</bndbox>
	</object>
	<object>
		<difficult>0</difficult>
		<name>&amp;*@HUST_text</name>
		<bndbox>
			<xmin>94</xmin>
			<ymin>673</ymin>
			<xmax>138</xmax>
			<ymax>696</ymax>
		</bndbox>
	</object>
	<object>
		<difficult>1</difficult>
		<name>&amp;*@HUST_special</name>
		<bndbox>
			<xmin>36</xmin>
			<ymin>705</ymin>
			<xmax>65</xmax>
			<ymax>723</ymax>
		</bndbox>
	</object>
	<object>
		<difficult>1</difficult>
		<name>&amp;*@HUST_special</name>
		<bndbox>
			<xmin>68</xmin>
			<ymin>706</ymin>
			<xmax>81</xmax>
			<ymax>721</ymax>
		</bndbox>
	</object>
	<object>
		<difficult>0</difficult>
		<name>&amp;*@HUST_text</name>
		<bndbox>
			<xmin>81</xmin>
			<ymin>706</ymin>
			<xmax>97</xmax>
			<ymax>721</ymax>
		</bndbox>
	</object>
	<object>
		<difficult>1</difficult>
		<name>&amp;*@HUST_shelter</name>
		<bndbox>
			<xmin>103</xmin>
			<ymin>706</ymin>
			<xmax>221</xmax>
			<ymax>710</ymax>
		</bndbox>
	</object>
	<object>
		<difficult>1</difficult>
		<name>&amp;*@HUST_special</name>
		<bndbox>
			<xmin>103</xmin>
			<ymin>712</ymin>
			<xmax>119</xmax>
			<ymax>761</ymax>
		</bndbox>
	</object>
	<object>
		<difficult>1</difficult>
		<name>&amp;*@HUST_special</name>
		<bndbox>
			<xmin>103</xmin>
			<ymin>765</ymin>
			<xmax>117</xmax>
			<ymax>778</ymax>
		</bndbox>
	</object>
	<object>
		<difficult>0</difficult>
		<name>&amp;*@HUST_text</name>
		<bndbox>
			<xmin>123</xmin>
			<ymin>765</ymin>
			<xmax>167</xmax>
			<ymax>778</ymax>
		</bndbox>
	</object>
	<object>
		<difficult>0</difficult>
		<name>&amp;*@HUST_text</name>
		<bndbox>
			<xmin>123</xmin>
			<ymin>712</ymin>
			<xmax>232</xmax>
			<ymax>728</ymax>
		</bndbox>
	</object>
	<object>
		<difficult>0</difficult>
		<name>&amp;*@HUST_text</name>
		<bndbox>
			<xmin>123</xmin>
			<ymin>729</ymin>
			<xmax>232</xmax>
			<ymax>745</ymax>
		</bndbox>
	</object>
	<object>
		<difficult>0</difficult>
		<name>&amp;*@HUST_text</name>
		<bndbox>
			<xmin>123</xmin>
			<ymin>746</ymin>
			<xmax>232</xmax>
			<ymax>762</ymax>
		</bndbox>
	</object>
	<object>
		<difficult>1</difficult>
		<name>&amp;*@HUST_special</name>
		<bndbox>
			<xmin>29</xmin>
			<ymin>55</ymin>
			<xmax>65</xmax>
			<ymax>91</ymax>
		</bndbox>
	</object>
	<object>
		<difficult>1</difficult>
		<name>Difficult</name>
		<bndbox>
			<xmin>109</xmin>
			<ymin>66</ymin>
			<xmax>128</xmax>
			<ymax>77</ymax>
		</bndbox>
	</object>
	<object>
		<difficult>1</difficult>
		<name>&amp;*@HUST_special</name>
		<bndbox>
			<xmin>28</xmin>
			<ymin>460</ymin>
			<xmax>63</xmax>
			<ymax>490</ymax>
		</bndbox>
	</object>
	<object>
		<difficult>1</difficult>
		<name>Difficult</name>
		<bndbox>
			<xmin>110</xmin>
			<ymin>465</ymin>
			<xmax>128</xmax>
			<ymax>479</ymax>
		</bndbox>
	</object>
</annotation>