<annotation>
	<filename>图像 6421.png</filename>
	<size>
		<width>824</width>
		<height>864</height>
		<depth>3</depth>
	</size>
	<segmented>0</segmented>
	<object>
		<difficult>0</difficult>
		<name>&amp;*@HUST_text</name>
		<bndbox>
			<xmin>26</xmin>
			<ymin>0</ymin>
			<xmax>702</xmax>
			<ymax>39</ymax>
		</bndbox>
	</object>
	<object>
		<difficult>0</difficult>
		<name>&amp;*@HUST_text</name>
		<bndbox>
			<xmin>22</xmin>
			<ymin>41</ymin>
			<xmax>391</xmax>
			<ymax>84</ymax>
		</bndbox>
	</object>
	<object>
		<difficult>0</difficult>
		<name>&amp;*@HUST_text</name>
		<bndbox>
			<xmin>710</xmin>
			<ymin>0</ymin>
			<xmax>823</xmax>
			<ymax>39</ymax>
		</bndbox>
	</object>
	<object>
		<difficult>0</difficult>
		<name>&amp;*@HUST_text</name>
		<bndbox>
			<xmin>75</xmin>
			<ymin>87</ymin>
			<xmax>802</xmax>
			<ymax>124</ymax>
		</bndbox>
	</object>
	<object>
		<difficult>0</difficult>
		<name>&amp;*@HUST_text</name>
		<bndbox>
			<xmin>60</xmin>
			<ymin>145</ymin>
			<xmax>193</xmax>
			<ymax>211</ymax>
		</bndbox>
	</object>
	<object>
		<difficult>0</difficult>
		<name>&amp;*@HUST_text</name>
		<bndbox>
			<xmin>97</xmin>
			<ymin>213</ymin>
			<xmax>346</xmax>
			<ymax>258</ymax>
		</bndbox>
	</object>
	<object>
		<difficult>0</difficult>
		<name>&amp;*@HUST_text</name>
		<bndbox>
			<xmin>96</xmin>
			<ymin>259</ymin>
			<xmax>572</xmax>
			<ymax>327</ymax>
		</bndbox>
	</object>
	<object>
		<difficult>0</difficult>
		<name>&amp;*@HUST_text</name>
		<bndbox>
			<xmin>99</xmin>
			<ymin>328</ymin>
			<xmax>509</xmax>
			<ymax>371</ymax>
		</bndbox>
	</object>
	<object>
		<difficult>0</difficult>
		<name>&amp;*@HUST_text</name>
		<bndbox>
			<xmin>243</xmin>
			<ymin>373</ymin>
			<xmax>616</xmax>
			<ymax>416</ymax>
		</bndbox>
	</object>
	<object>
		<difficult>0</difficult>
		<name>&amp;*@HUST_text</name>
		<bndbox>
			<xmin>666</xmin>
			<ymin>136</ymin>
			<xmax>788</xmax>
			<ymax>172</ymax>
		</bndbox>
	</object>
	<object>
		<difficult>0</difficult>
		<name>&amp;*@HUST_text</name>
		<bndbox>
			<xmin>666</xmin>
			<ymin>176</ymin>
			<xmax>787</xmax>
			<ymax>211</ymax>
		</bndbox>
	</object>
	<object>
		<difficult>1</difficult>
		<name>&amp;*@HUST_special</name>
		<bndbox>
			<xmin>633</xmin>
			<ymin>280</ymin>
			<xmax>654</xmax>
			<ymax>309</ymax>
		</bndbox>
	</object>
	<object>
		<difficult>1</difficult>
		<name>&amp;*@HUST_special</name>
		<bndbox>
			<xmin>673</xmin>
			<ymin>256</ymin>
			<xmax>707</xmax>
			<ymax>305</ymax>
		</bndbox>
	</object>
	<object>
		<difficult>1</difficult>
		<name>&amp;*@HUST_special</name>
		<bndbox>
			<xmin>722</xmin>
			<ymin>289</ymin>
			<xmax>734</xmax>
			<ymax>307</ymax>
		</bndbox>
	</object>
	<object>
		<difficult>1</difficult>
		<name>&amp;*@HUST_special</name>
		<bndbox>
			<xmin>750</xmin>
			<ymin>273</ymin>
			<xmax>774</xmax>
			<ymax>301</ymax>
		</bndbox>
	</object>
	<object>
		<difficult>0</difficult>
		<name>&amp;*@HUST_text</name>
		<bndbox>
			<xmin>409</xmin>
			<ymin>431</ymin>
			<xmax>787</xmax>
			<ymax>462</ymax>
		</bndbox>
	</object>
	<object>
		<difficult>0</difficult>
		<name>&amp;*@HUST_text</name>
		<bndbox>
			<xmin>409</xmin>
			<ymin>463</ymin>
			<xmax>786</xmax>
			<ymax>487</ymax>
		</bndbox>
	</object>
	<object>
		<difficult>0</difficult>
		<name>&amp;*@HUST_text</name>
		<bndbox>
			<xmin>409</xmin>
			<ymin>488</ymin>
			<xmax>787</xmax>
			<ymax>511</ymax>
		</bndbox>
	</object>
	<object>
		<difficult>0</difficult>
		<name>&amp;*@HUST_text</name>
		<bndbox>
			<xmin>409</xmin>
			<ymin>512</ymin>
			<xmax>786</xmax>
			<ymax>536</ymax>
		</bndbox>
	</object>
	<object>
		<difficult>0</difficult>
		<name>&amp;*@HUST_text</name>
		<bndbox>
			<xmin>408</xmin>
			<ymin>537</ymin>
			<xmax>785</xmax>
			<ymax>561</ymax>
		</bndbox>
	</object>
	<object>
		<difficult>0</difficult>
		<name>&amp;*@HUST_text</name>
		<bndbox>
			<xmin>409</xmin>
			<ymin>561</ymin>
			<xmax>521</xmax>
			<ymax>591</ymax>
		</bndbox>
	</object>
	<object>
		<difficult>1</difficult>
		<name>&amp;*@HUST_special</name>
		<bndbox>
			<xmin>68</xmin>
			<ymin>632</ymin>
			<xmax>84</xmax>
			<ymax>854</ymax>
		</bndbox>
	</object>
	<object>
		<difficult>0</difficult>
		<name>&amp;*@HUST_text</name>
		<bndbox>
			<xmin>85</xmin>
			<ymin>632</ymin>
			<xmax>785</xmax>
			<ymax>658</ymax>
		</bndbox>
	</object>
	<object>
		<difficult>0</difficult>
		<name>&amp;*@HUST_text</name>
		<bndbox>
			<xmin>85</xmin>
			<ymin>659</ymin>
			<xmax>785</xmax>
			<ymax>684</ymax>
		</bndbox>
	</object>
	<object>
		<difficult>0</difficult>
		<name>&amp;*@HUST_text</name>
		<bndbox>
			<xmin>85</xmin>
			<ymin>684</ymin>
			<xmax>353</xmax>
			<ymax>710</ymax>
		</bndbox>
	</object>
	<object>
		<difficult>0</difficult>
		<name>&amp;*@HUST_text</name>
		<bndbox>
			<xmin>85</xmin>
			<ymin>711</ymin>
			<xmax>784</xmax>
			<ymax>739</ymax>
		</bndbox>
	</object>
	<object>
		<difficult>0</difficult>
		<name>&amp;*@HUST_text</name>
		<bndbox>
			<xmin>85</xmin>
			<ymin>740</ymin>
			<xmax>289</xmax>
			<ymax>766</ymax>
		</bndbox>
	</object>
	<object>
		<difficult>0</difficult>
		<name>&amp;*@HUST_text</name>
		<bndbox>
			<xmin>85</xmin>
			<ymin>766</ymin>
			<xmax>399</xmax>
			<ymax>796</ymax>
		</bndbox>
	</object>
	<object>
		<difficult>0</difficult>
		<name>&amp;*@HUST_text</name>
		<bndbox>
			<xmin>85</xmin>
			<ymin>796</ymin>
			<xmax>313</xmax>
			<ymax>825</ymax>
		</bndbox>
	</object>
	<object>
		<difficult>0</difficult>
		<name>&amp;*@HUST_text</name>
		<bndbox>
			<xmin>85</xmin>
			<ymin>826</ymin>
			<xmax>399</xmax>
			<ymax>854</ymax>
		</bndbox>
	</object>
	<object>
		<difficult>0</difficult>
		<name>&amp;*@HUST_text</name>
		<bndbox>
			<xmin>408</xmin>
			<ymin>770</ymin>
			<xmax>608</xmax>
			<ymax>803</ymax>
		</bndbox>
	</object>
	<object>
		<difficult>0</difficult>
		<name>&amp;*@HUST_text</name>
		<bndbox>
			<xmin>432</xmin>
			<ymin>838</ymin>
			<xmax>479</xmax>
			<ymax>852</ymax>
		</bndbox>
	</object>
	<object>
		<difficult>1</difficult>
		<name>&amp;*@HUST_shelter</name>
		<bndbox>
			<xmin>432</xmin>
			<ymin>853</ymin>
			<xmax>479</xmax>
			<ymax>861</ymax>
		</bndbox>
	</object>
	<object>
		<difficult>0</difficult>
		<name>&amp;*@HUST_text</name>
		<bndbox>
			<xmin>569</xmin>
			<ymin>827</ymin>
			<xmax>615</xmax>
			<ymax>839</ymax>
		</bndbox>
	</object>
	<object>
		<difficult>0</difficult>
		<name>&amp;*@HUST_text</name>
		<bndbox>
			<xmin>569</xmin>
			<ymin>839</ymin>
			<xmax>616</xmax>
			<ymax>852</ymax>
		</bndbox>
	</object>
	<object>
		<difficult>1</difficult>
		<name>&amp;*@HUST_shelter</name>
		<bndbox>
			<xmin>569</xmin>
			<ymin>852</ymin>
			<xmax>610</xmax>
			<ymax>862</ymax>
		</bndbox>
	</object>
	<object>
		<difficult>0</difficult>
		<name>&amp;*@HUST_text</name>
		<bndbox>
			<xmin>705</xmin>
			<ymin>826</ymin>
			<xmax>752</xmax>
			<ymax>839</ymax>
		</bndbox>
	</object>
	<object>
		<difficult>0</difficult>
		<name>&amp;*@HUST_text</name>
		<bndbox>
			<xmin>705</xmin>
			<ymin>840</ymin>
			<xmax>752</xmax>
			<ymax>852</ymax>
		</bndbox>
	</object>
	<object>
		<difficult>1</difficult>
		<name>&amp;*@HUST_shelter</name>
		<bndbox>
			<xmin>705</xmin>
			<ymin>853</ymin>
			<xmax>752</xmax>
			<ymax>861</ymax>
		</bndbox>
	</object>
	<object>
		<difficult>1</difficult>
		<name>&amp;*@HUST_special</name>
		<bndbox>
			<xmin>53</xmin>
			<ymin>418</ymin>
			<xmax>404</xmax>
			<ymax>610</ymax>
		</bndbox>
	</object>
</annotation>