<annotation>
	<filename>图像 5361.png</filename>
	<size>
		<width>723</width>
		<height>653</height>
		<depth>3</depth>
	</size>
	<segmented>0</segmented>
	<object>
		<difficult>1</difficult>
		<name>&amp;*@HUST_special</name>
		<bndbox>
			<xmin>9</xmin>
			<ymin>0</ymin>
			<xmax>75</xmax>
			<ymax>60</ymax>
		</bndbox>
	</object>
	<object>
		<difficult>0</difficult>
		<name>&amp;*@HUST_text</name>
		<bndbox>
			<xmin>9</xmin>
			<ymin>61</ymin>
			<xmax>711</xmax>
			<ymax>77</ymax>
		</bndbox>
	</object>
	<object>
		<difficult>0</difficult>
		<name>&amp;*@HUST_text</name>
		<bndbox>
			<xmin>80</xmin>
			<ymin>0</ymin>
			<xmax>621</xmax>
			<ymax>26</ymax>
		</bndbox>
	</object>
	<object>
		<difficult>0</difficult>
		<name>&amp;*@HUST_text</name>
		<bndbox>
			<xmin>79</xmin>
			<ymin>27</ymin>
			<xmax>187</xmax>
			<ymax>56</ymax>
		</bndbox>
	</object>
	<object>
		<difficult>0</difficult>
		<name>&amp;*@HUST_text</name>
		<bndbox>
			<xmin>488</xmin>
			<ymin>27</ymin>
			<xmax>509</xmax>
			<ymax>53</ymax>
		</bndbox>
	</object>
	<object>
		<difficult>1</difficult>
		<name>&amp;*@HUST_special</name>
		<bndbox>
			<xmin>510</xmin>
			<ymin>27</ymin>
			<xmax>522</xmax>
			<ymax>53</ymax>
		</bndbox>
	</object>
	<object>
		<difficult>0</difficult>
		<name>&amp;*@HUST_text</name>
		<bndbox>
			<xmin>522</xmin>
			<ymin>27</ymin>
			<xmax>551</xmax>
			<ymax>53</ymax>
		</bndbox>
	</object>
	<object>
		<difficult>1</difficult>
		<name>&amp;*@HUST_special</name>
		<bndbox>
			<xmin>552</xmin>
			<ymin>27</ymin>
			<xmax>564</xmax>
			<ymax>53</ymax>
		</bndbox>
	</object>
	<object>
		<difficult>0</difficult>
		<name>&amp;*@HUST_text</name>
		<bndbox>
			<xmin>565</xmin>
			<ymin>27</ymin>
			<xmax>596</xmax>
			<ymax>52</ymax>
		</bndbox>
	</object>
	<object>
		<difficult>1</difficult>
		<name>&amp;*@HUST_special</name>
		<bndbox>
			<xmin>597</xmin>
			<ymin>27</ymin>
			<xmax>607</xmax>
			<ymax>52</ymax>
		</bndbox>
	</object>
	<object>
		<difficult>0</difficult>
		<name>&amp;*@HUST_text</name>
		<bndbox>
			<xmin>608</xmin>
			<ymin>27</ymin>
			<xmax>638</xmax>
			<ymax>52</ymax>
		</bndbox>
	</object>
	<object>
		<difficult>1</difficult>
		<name>&amp;*@HUST_special</name>
		<bndbox>
			<xmin>639</xmin>
			<ymin>27</ymin>
			<xmax>649</xmax>
			<ymax>53</ymax>
		</bndbox>
	</object>
	<object>
		<difficult>0</difficult>
		<name>&amp;*@HUST_text</name>
		<bndbox>
			<xmin>651</xmin>
			<ymin>26</ymin>
			<xmax>679</xmax>
			<ymax>54</ymax>
		</bndbox>
	</object>
	<object>
		<difficult>1</difficult>
		<name>&amp;*@HUST_special</name>
		<bndbox>
			<xmin>680</xmin>
			<ymin>26</ymin>
			<xmax>694</xmax>
			<ymax>54</ymax>
		</bndbox>
	</object>
	<object>
		<difficult>1</difficult>
		<name>&amp;*@HUST_special</name>
		<bndbox>
			<xmin>8</xmin>
			<ymin>78</ymin>
			<xmax>78</xmax>
			<ymax>141</ymax>
		</bndbox>
	</object>
	<object>
		<difficult>0</difficult>
		<name>&amp;*@HUST_text</name>
		<bndbox>
			<xmin>8</xmin>
			<ymin>142</ymin>
			<xmax>714</xmax>
			<ymax>155</ymax>
		</bndbox>
	</object>
	<object>
		<difficult>0</difficult>
		<name>&amp;*@HUST_text</name>
		<bndbox>
			<xmin>81</xmin>
			<ymin>78</ymin>
			<xmax>622</xmax>
			<ymax>106</ymax>
		</bndbox>
	</object>
	<object>
		<difficult>0</difficult>
		<name>&amp;*@HUST_text</name>
		<bndbox>
			<xmin>80</xmin>
			<ymin>108</ymin>
			<xmax>189</xmax>
			<ymax>138</ymax>
		</bndbox>
	</object>
	<object>
		<difficult>0</difficult>
		<name>&amp;*@HUST_text</name>
		<bndbox>
			<xmin>489</xmin>
			<ymin>107</ymin>
			<xmax>509</xmax>
			<ymax>135</ymax>
		</bndbox>
	</object>
	<object>
		<difficult>1</difficult>
		<name>&amp;*@HUST_special</name>
		<bndbox>
			<xmin>510</xmin>
			<ymin>107</ymin>
			<xmax>520</xmax>
			<ymax>134</ymax>
		</bndbox>
	</object>
	<object>
		<difficult>0</difficult>
		<name>&amp;*@HUST_text</name>
		<bndbox>
			<xmin>520</xmin>
			<ymin>107</ymin>
			<xmax>552</xmax>
			<ymax>134</ymax>
		</bndbox>
	</object>
	<object>
		<difficult>1</difficult>
		<name>&amp;*@HUST_special</name>
		<bndbox>
			<xmin>552</xmin>
			<ymin>107</ymin>
			<xmax>563</xmax>
			<ymax>134</ymax>
		</bndbox>
	</object>
	<object>
		<difficult>0</difficult>
		<name>&amp;*@HUST_text</name>
		<bndbox>
			<xmin>564</xmin>
			<ymin>107</ymin>
			<xmax>596</xmax>
			<ymax>135</ymax>
		</bndbox>
	</object>
	<object>
		<difficult>1</difficult>
		<name>&amp;*@HUST_special</name>
		<bndbox>
			<xmin>597</xmin>
			<ymin>107</ymin>
			<xmax>608</xmax>
			<ymax>135</ymax>
		</bndbox>
	</object>
	<object>
		<difficult>0</difficult>
		<name>&amp;*@HUST_text</name>
		<bndbox>
			<xmin>609</xmin>
			<ymin>107</ymin>
			<xmax>639</xmax>
			<ymax>135</ymax>
		</bndbox>
	</object>
	<object>
		<difficult>1</difficult>
		<name>&amp;*@HUST_special</name>
		<bndbox>
			<xmin>640</xmin>
			<ymin>107</ymin>
			<xmax>650</xmax>
			<ymax>136</ymax>
		</bndbox>
	</object>
	<object>
		<difficult>0</difficult>
		<name>&amp;*@HUST_text</name>
		<bndbox>
			<xmin>651</xmin>
			<ymin>107</ymin>
			<xmax>679</xmax>
			<ymax>135</ymax>
		</bndbox>
	</object>
	<object>
		<difficult>1</difficult>
		<name>&amp;*@HUST_special</name>
		<bndbox>
			<xmin>680</xmin>
			<ymin>107</ymin>
			<xmax>693</xmax>
			<ymax>136</ymax>
		</bndbox>
	</object>
	<object>
		<difficult>1</difficult>
		<name>&amp;*@HUST_special</name>
		<bndbox>
			<xmin>8</xmin>
			<ymin>157</ymin>
			<xmax>76</xmax>
			<ymax>228</ymax>
		</bndbox>
	</object>
	<object>
		<difficult>0</difficult>
		<name>&amp;*@HUST_text</name>
		<bndbox>
			<xmin>7</xmin>
			<ymin>235</ymin>
			<xmax>710</xmax>
			<ymax>250</ymax>
		</bndbox>
	</object>
	<object>
		<difficult>0</difficult>
		<name>&amp;*@HUST_text</name>
		<bndbox>
			<xmin>78</xmin>
			<ymin>156</ymin>
			<xmax>706</xmax>
			<ymax>187</ymax>
		</bndbox>
	</object>
	<object>
		<difficult>0</difficult>
		<name>&amp;*@HUST_text</name>
		<bndbox>
			<xmin>78</xmin>
			<ymin>188</ymin>
			<xmax>151</xmax>
			<ymax>211</ymax>
		</bndbox>
	</object>
	<object>
		<difficult>0</difficult>
		<name>&amp;*@HUST_text</name>
		<bndbox>
			<xmin>78</xmin>
			<ymin>211</ymin>
			<xmax>209</xmax>
			<ymax>234</ymax>
		</bndbox>
	</object>
	<object>
		<difficult>0</difficult>
		<name>&amp;*@HUST_text</name>
		<bndbox>
			<xmin>489</xmin>
			<ymin>207</ymin>
			<xmax>509</xmax>
			<ymax>234</ymax>
		</bndbox>
	</object>
	<object>
		<difficult>1</difficult>
		<name>&amp;*@HUST_special</name>
		<bndbox>
			<xmin>510</xmin>
			<ymin>207</ymin>
			<xmax>521</xmax>
			<ymax>234</ymax>
		</bndbox>
	</object>
	<object>
		<difficult>0</difficult>
		<name>&amp;*@HUST_text</name>
		<bndbox>
			<xmin>521</xmin>
			<ymin>206</ymin>
			<xmax>553</xmax>
			<ymax>234</ymax>
		</bndbox>
	</object>
	<object>
		<difficult>1</difficult>
		<name>&amp;*@HUST_special</name>
		<bndbox>
			<xmin>553</xmin>
			<ymin>206</ymin>
			<xmax>565</xmax>
			<ymax>234</ymax>
		</bndbox>
	</object>
	<object>
		<difficult>0</difficult>
		<name>&amp;*@HUST_text</name>
		<bndbox>
			<xmin>565</xmin>
			<ymin>206</ymin>
			<xmax>597</xmax>
			<ymax>234</ymax>
		</bndbox>
	</object>
	<object>
		<difficult>1</difficult>
		<name>&amp;*@HUST_special</name>
		<bndbox>
			<xmin>598</xmin>
			<ymin>206</ymin>
			<xmax>608</xmax>
			<ymax>234</ymax>
		</bndbox>
	</object>
	<object>
		<difficult>0</difficult>
		<name>&amp;*@HUST_text</name>
		<bndbox>
			<xmin>608</xmin>
			<ymin>206</ymin>
			<xmax>639</xmax>
			<ymax>234</ymax>
		</bndbox>
	</object>
	<object>
		<difficult>1</difficult>
		<name>&amp;*@HUST_special</name>
		<bndbox>
			<xmin>640</xmin>
			<ymin>206</ymin>
			<xmax>651</xmax>
			<ymax>234</ymax>
		</bndbox>
	</object>
	<object>
		<difficult>0</difficult>
		<name>&amp;*@HUST_text</name>
		<bndbox>
			<xmin>652</xmin>
			<ymin>206</ymin>
			<xmax>680</xmax>
			<ymax>234</ymax>
		</bndbox>
	</object>
	<object>
		<difficult>1</difficult>
		<name>&amp;*@HUST_special</name>
		<bndbox>
			<xmin>681</xmin>
			<ymin>206</ymin>
			<xmax>695</xmax>
			<ymax>234</ymax>
		</bndbox>
	</object>
	<object>
		<difficult>0</difficult>
		<name>&amp;*@HUST_text</name>
		<bndbox>
			<xmin>6</xmin>
			<ymin>317</ymin>
			<xmax>710</xmax>
			<ymax>332</ymax>
		</bndbox>
	</object>
	<object>
		<difficult>1</difficult>
		<name>&amp;*@HUST_special</name>
		<bndbox>
			<xmin>8</xmin>
			<ymin>252</ymin>
			<xmax>75</xmax>
			<ymax>316</ymax>
		</bndbox>
	</object>
	<object>
		<difficult>0</difficult>
		<name>&amp;*@HUST_text</name>
		<bndbox>
			<xmin>80</xmin>
			<ymin>252</ymin>
			<xmax>696</xmax>
			<ymax>282</ymax>
		</bndbox>
	</object>
	<object>
		<difficult>0</difficult>
		<name>&amp;*@HUST_text</name>
		<bndbox>
			<xmin>80</xmin>
			<ymin>283</ymin>
			<xmax>306</xmax>
			<ymax>314</ymax>
		</bndbox>
	</object>
	<object>
		<difficult>0</difficult>
		<name>&amp;*@HUST_text</name>
		<bndbox>
			<xmin>491</xmin>
			<ymin>283</ymin>
			<xmax>509</xmax>
			<ymax>307</ymax>
		</bndbox>
	</object>
	<object>
		<difficult>1</difficult>
		<name>&amp;*@HUST_special</name>
		<bndbox>
			<xmin>509</xmin>
			<ymin>283</ymin>
			<xmax>519</xmax>
			<ymax>307</ymax>
		</bndbox>
	</object>
	<object>
		<difficult>0</difficult>
		<name>&amp;*@HUST_text</name>
		<bndbox>
			<xmin>520</xmin>
			<ymin>283</ymin>
			<xmax>552</xmax>
			<ymax>308</ymax>
		</bndbox>
	</object>
	<object>
		<difficult>1</difficult>
		<name>&amp;*@HUST_special</name>
		<bndbox>
			<xmin>553</xmin>
			<ymin>283</ymin>
			<xmax>564</xmax>
			<ymax>308</ymax>
		</bndbox>
	</object>
	<object>
		<difficult>0</difficult>
		<name>&amp;*@HUST_text</name>
		<bndbox>
			<xmin>565</xmin>
			<ymin>283</ymin>
			<xmax>595</xmax>
			<ymax>309</ymax>
		</bndbox>
	</object>
	<object>
		<difficult>1</difficult>
		<name>&amp;*@HUST_special</name>
		<bndbox>
			<xmin>596</xmin>
			<ymin>283</ymin>
			<xmax>606</xmax>
			<ymax>309</ymax>
		</bndbox>
	</object>
	<object>
		<difficult>0</difficult>
		<name>&amp;*@HUST_text</name>
		<bndbox>
			<xmin>607</xmin>
			<ymin>283</ymin>
			<xmax>639</xmax>
			<ymax>309</ymax>
		</bndbox>
	</object>
	<object>
		<difficult>1</difficult>
		<name>&amp;*@HUST_special</name>
		<bndbox>
			<xmin>639</xmin>
			<ymin>283</ymin>
			<xmax>650</xmax>
			<ymax>309</ymax>
		</bndbox>
	</object>
	<object>
		<difficult>0</difficult>
		<name>&amp;*@HUST_text</name>
		<bndbox>
			<xmin>651</xmin>
			<ymin>283</ymin>
			<xmax>679</xmax>
			<ymax>309</ymax>
		</bndbox>
	</object>
	<object>
		<difficult>1</difficult>
		<name>&amp;*@HUST_special</name>
		<bndbox>
			<xmin>680</xmin>
			<ymin>283</ymin>
			<xmax>695</xmax>
			<ymax>309</ymax>
		</bndbox>
	</object>
	<object>
		<difficult>1</difficult>
		<name>&amp;*@HUST_special</name>
		<bndbox>
			<xmin>7</xmin>
			<ymin>333</ymin>
			<xmax>78</xmax>
			<ymax>396</ymax>
		</bndbox>
	</object>
	<object>
		<difficult>0</difficult>
		<name>&amp;*@HUST_text</name>
		<bndbox>
			<xmin>7</xmin>
			<ymin>398</ymin>
			<xmax>714</xmax>
			<ymax>410</ymax>
		</bndbox>
	</object>
	<object>
		<difficult>0</difficult>
		<name>&amp;*@HUST_text</name>
		<bndbox>
			<xmin>82</xmin>
			<ymin>333</ymin>
			<xmax>506</xmax>
			<ymax>362</ymax>
		</bndbox>
	</object>
	<object>
		<difficult>0</difficult>
		<name>&amp;*@HUST_text</name>
		<bndbox>
			<xmin>81</xmin>
			<ymin>363</ymin>
			<xmax>324</xmax>
			<ymax>393</ymax>
		</bndbox>
	</object>
	<object>
		<difficult>0</difficult>
		<name>&amp;*@HUST_text</name>
		<bndbox>
			<xmin>488</xmin>
			<ymin>362</ymin>
			<xmax>509</xmax>
			<ymax>391</ymax>
		</bndbox>
	</object>
	<object>
		<difficult>1</difficult>
		<name>&amp;*@HUST_special</name>
		<bndbox>
			<xmin>510</xmin>
			<ymin>362</ymin>
			<xmax>520</xmax>
			<ymax>392</ymax>
		</bndbox>
	</object>
	<object>
		<difficult>0</difficult>
		<name>&amp;*@HUST_text</name>
		<bndbox>
			<xmin>521</xmin>
			<ymin>361</ymin>
			<xmax>551</xmax>
			<ymax>391</ymax>
		</bndbox>
	</object>
	<object>
		<difficult>1</difficult>
		<name>&amp;*@HUST_special</name>
		<bndbox>
			<xmin>552</xmin>
			<ymin>361</ymin>
			<xmax>563</xmax>
			<ymax>391</ymax>
		</bndbox>
	</object>
	<object>
		<difficult>0</difficult>
		<name>&amp;*@HUST_text</name>
		<bndbox>
			<xmin>564</xmin>
			<ymin>360</ymin>
			<xmax>598</xmax>
			<ymax>392</ymax>
		</bndbox>
	</object>
	<object>
		<difficult>1</difficult>
		<name>&amp;*@HUST_special</name>
		<bndbox>
			<xmin>599</xmin>
			<ymin>360</ymin>
			<xmax>606</xmax>
			<ymax>392</ymax>
		</bndbox>
	</object>
	<object>
		<difficult>0</difficult>
		<name>&amp;*@HUST_text</name>
		<bndbox>
			<xmin>606</xmin>
			<ymin>361</ymin>
			<xmax>639</xmax>
			<ymax>391</ymax>
		</bndbox>
	</object>
	<object>
		<difficult>1</difficult>
		<name>&amp;*@HUST_special</name>
		<bndbox>
			<xmin>640</xmin>
			<ymin>361</ymin>
			<xmax>650</xmax>
			<ymax>392</ymax>
		</bndbox>
	</object>
	<object>
		<difficult>0</difficult>
		<name>&amp;*@HUST_text</name>
		<bndbox>
			<xmin>651</xmin>
			<ymin>361</ymin>
			<xmax>680</xmax>
			<ymax>392</ymax>
		</bndbox>
	</object>
	<object>
		<difficult>1</difficult>
		<name>&amp;*@HUST_special</name>
		<bndbox>
			<xmin>680</xmin>
			<ymin>361</ymin>
			<xmax>698</xmax>
			<ymax>392</ymax>
		</bndbox>
	</object>
	<object>
		<difficult>1</difficult>
		<name>&amp;*@HUST_special</name>
		<bndbox>
			<xmin>7</xmin>
			<ymin>412</ymin>
			<xmax>76</xmax>
			<ymax>476</ymax>
		</bndbox>
	</object>
	<object>
		<difficult>0</difficult>
		<name>&amp;*@HUST_text</name>
		<bndbox>
			<xmin>7</xmin>
			<ymin>479</ymin>
			<xmax>714</xmax>
			<ymax>490</ymax>
		</bndbox>
	</object>
	<object>
		<difficult>0</difficult>
		<name>&amp;*@HUST_text</name>
		<bndbox>
			<xmin>79</xmin>
			<ymin>412</ymin>
			<xmax>631</xmax>
			<ymax>443</ymax>
		</bndbox>
	</object>
	<object>
		<difficult>0</difficult>
		<name>&amp;*@HUST_text</name>
		<bndbox>
			<xmin>78</xmin>
			<ymin>444</ymin>
			<xmax>282</xmax>
			<ymax>474</ymax>
		</bndbox>
	</object>
	<object>
		<difficult>0</difficult>
		<name>&amp;*@HUST_text</name>
		<bndbox>
			<xmin>487</xmin>
			<ymin>444</ymin>
			<xmax>509</xmax>
			<ymax>475</ymax>
		</bndbox>
	</object>
	<object>
		<difficult>1</difficult>
		<name>&amp;*@HUST_special</name>
		<bndbox>
			<xmin>509</xmin>
			<ymin>444</ymin>
			<xmax>519</xmax>
			<ymax>475</ymax>
		</bndbox>
	</object>
	<object>
		<difficult>0</difficult>
		<name>&amp;*@HUST_text</name>
		<bndbox>
			<xmin>520</xmin>
			<ymin>444</ymin>
			<xmax>553</xmax>
			<ymax>474</ymax>
		</bndbox>
	</object>
	<object>
		<difficult>1</difficult>
		<name>&amp;*@HUST_special</name>
		<bndbox>
			<xmin>554</xmin>
			<ymin>444</ymin>
			<xmax>565</xmax>
			<ymax>474</ymax>
		</bndbox>
	</object>
	<object>
		<difficult>0</difficult>
		<name>&amp;*@HUST_text</name>
		<bndbox>
			<xmin>566</xmin>
			<ymin>443</ymin>
			<xmax>596</xmax>
			<ymax>473</ymax>
		</bndbox>
	</object>
	<object>
		<difficult>1</difficult>
		<name>&amp;*@HUST_special</name>
		<bndbox>
			<xmin>597</xmin>
			<ymin>443</ymin>
			<xmax>607</xmax>
			<ymax>474</ymax>
		</bndbox>
	</object>
	<object>
		<difficult>0</difficult>
		<name>&amp;*@HUST_text</name>
		<bndbox>
			<xmin>608</xmin>
			<ymin>444</ymin>
			<xmax>640</xmax>
			<ymax>473</ymax>
		</bndbox>
	</object>
	<object>
		<difficult>1</difficult>
		<name>&amp;*@HUST_special</name>
		<bndbox>
			<xmin>641</xmin>
			<ymin>444</ymin>
			<xmax>649</xmax>
			<ymax>473</ymax>
		</bndbox>
	</object>
	<object>
		<difficult>0</difficult>
		<name>&amp;*@HUST_text</name>
		<bndbox>
			<xmin>651</xmin>
			<ymin>443</ymin>
			<xmax>680</xmax>
			<ymax>473</ymax>
		</bndbox>
	</object>
	<object>
		<difficult>1</difficult>
		<name>&amp;*@HUST_special</name>
		<bndbox>
			<xmin>681</xmin>
			<ymin>444</ymin>
			<xmax>700</xmax>
			<ymax>474</ymax>
		</bndbox>
	</object>
	<object>
		<difficult>1</difficult>
		<name>&amp;*@HUST_special</name>
		<bndbox>
			<xmin>7</xmin>
			<ymin>493</ymin>
			<xmax>76</xmax>
			<ymax>557</ymax>
		</bndbox>
	</object>
	<object>
		<difficult>0</difficult>
		<name>&amp;*@HUST_text</name>
		<bndbox>
			<xmin>7</xmin>
			<ymin>559</ymin>
			<xmax>716</xmax>
			<ymax>574</ymax>
		</bndbox>
	</object>
	<object>
		<difficult>0</difficult>
		<name>&amp;*@HUST_text</name>
		<bndbox>
			<xmin>78</xmin>
			<ymin>493</ymin>
			<xmax>633</xmax>
			<ymax>523</ymax>
		</bndbox>
	</object>
	<object>
		<difficult>0</difficult>
		<name>&amp;*@HUST_text</name>
		<bndbox>
			<xmin>78</xmin>
			<ymin>524</ymin>
			<xmax>302</xmax>
			<ymax>555</ymax>
		</bndbox>
	</object>
	<object>
		<difficult>0</difficult>
		<name>&amp;*@HUST_text</name>
		<bndbox>
			<xmin>486</xmin>
			<ymin>524</ymin>
			<xmax>510</xmax>
			<ymax>556</ymax>
		</bndbox>
	</object>
	<object>
		<difficult>1</difficult>
		<name>&amp;*@HUST_special</name>
		<bndbox>
			<xmin>511</xmin>
			<ymin>524</ymin>
			<xmax>520</xmax>
			<ymax>555</ymax>
		</bndbox>
	</object>
	<object>
		<difficult>0</difficult>
		<name>&amp;*@HUST_text</name>
		<bndbox>
			<xmin>521</xmin>
			<ymin>524</ymin>
			<xmax>553</xmax>
			<ymax>556</ymax>
		</bndbox>
	</object>
	<object>
		<difficult>1</difficult>
		<name>&amp;*@HUST_special</name>
		<bndbox>
			<xmin>553</xmin>
			<ymin>524</ymin>
			<xmax>565</xmax>
			<ymax>555</ymax>
		</bndbox>
	</object>
	<object>
		<difficult>0</difficult>
		<name>&amp;*@HUST_text</name>
		<bndbox>
			<xmin>566</xmin>
			<ymin>523</ymin>
			<xmax>595</xmax>
			<ymax>555</ymax>
		</bndbox>
	</object>
	<object>
		<difficult>1</difficult>
		<name>&amp;*@HUST_special</name>
		<bndbox>
			<xmin>596</xmin>
			<ymin>524</ymin>
			<xmax>607</xmax>
			<ymax>554</ymax>
		</bndbox>
	</object>
	<object>
		<difficult>0</difficult>
		<name>&amp;*@HUST_text</name>
		<bndbox>
			<xmin>608</xmin>
			<ymin>524</ymin>
			<xmax>638</xmax>
			<ymax>554</ymax>
		</bndbox>
	</object>
	<object>
		<difficult>1</difficult>
		<name>&amp;*@HUST_special</name>
		<bndbox>
			<xmin>639</xmin>
			<ymin>525</ymin>
			<xmax>650</xmax>
			<ymax>554</ymax>
		</bndbox>
	</object>
	<object>
		<difficult>0</difficult>
		<name>&amp;*@HUST_text</name>
		<bndbox>
			<xmin>651</xmin>
			<ymin>524</ymin>
			<xmax>679</xmax>
			<ymax>554</ymax>
		</bndbox>
	</object>
	<object>
		<difficult>1</difficult>
		<name>&amp;*@HUST_special</name>
		<bndbox>
			<xmin>680</xmin>
			<ymin>525</ymin>
			<xmax>700</xmax>
			<ymax>554</ymax>
		</bndbox>
	</object>
	<object>
		<difficult>1</difficult>
		<name>&amp;*@HUST_special</name>
		<bndbox>
			<xmin>8</xmin>
			<ymin>575</ymin>
			<xmax>76</xmax>
			<ymax>639</ymax>
		</bndbox>
	</object>
	<object>
		<difficult>0</difficult>
		<name>&amp;*@HUST_text</name>
		<bndbox>
			<xmin>6</xmin>
			<ymin>642</ymin>
			<xmax>712</xmax>
			<ymax>652</ymax>
		</bndbox>
	</object>
	<object>
		<difficult>0</difficult>
		<name>&amp;*@HUST_text</name>
		<bndbox>
			<xmin>79</xmin>
			<ymin>576</ymin>
			<xmax>657</xmax>
			<ymax>606</ymax>
		</bndbox>
	</object>
	<object>
		<difficult>0</difficult>
		<name>&amp;*@HUST_text</name>
		<bndbox>
			<xmin>78</xmin>
			<ymin>607</ymin>
			<xmax>213</xmax>
			<ymax>638</ymax>
		</bndbox>
	</object>
	<object>
		<difficult>1</difficult>
		<name>&amp;*@HUST_special</name>
		<bndbox>
			<xmin>512</xmin>
			<ymin>607</ymin>
			<xmax>520</xmax>
			<ymax>634</ymax>
		</bndbox>
	</object>
	<object>
		<difficult>0</difficult>
		<name>&amp;*@HUST_text</name>
		<bndbox>
			<xmin>487</xmin>
			<ymin>607</ymin>
			<xmax>512</xmax>
			<ymax>635</ymax>
		</bndbox>
	</object>
	<object>
		<difficult>0</difficult>
		<name>&amp;*@HUST_text</name>
		<bndbox>
			<xmin>521</xmin>
			<ymin>607</ymin>
			<xmax>551</xmax>
			<ymax>635</ymax>
		</bndbox>
	</object>
	<object>
		<difficult>1</difficult>
		<name>&amp;*@HUST_special</name>
		<bndbox>
			<xmin>552</xmin>
			<ymin>607</ymin>
			<xmax>565</xmax>
			<ymax>635</ymax>
		</bndbox>
	</object>
	<object>
		<difficult>0</difficult>
		<name>&amp;*@HUST_text</name>
		<bndbox>
			<xmin>565</xmin>
			<ymin>607</ymin>
			<xmax>596</xmax>
			<ymax>634</ymax>
		</bndbox>
	</object>
	<object>
		<difficult>1</difficult>
		<name>&amp;*@HUST_special</name>
		<bndbox>
			<xmin>597</xmin>
			<ymin>607</ymin>
			<xmax>608</xmax>
			<ymax>635</ymax>
		</bndbox>
	</object>
	<object>
		<difficult>0</difficult>
		<name>&amp;*@HUST_text</name>
		<bndbox>
			<xmin>609</xmin>
			<ymin>607</ymin>
			<xmax>639</xmax>
			<ymax>634</ymax>
		</bndbox>
	</object>
	<object>
		<difficult>1</difficult>
		<name>&amp;*@HUST_special</name>
		<bndbox>
			<xmin>640</xmin>
			<ymin>607</ymin>
			<xmax>651</xmax>
			<ymax>635</ymax>
		</bndbox>
	</object>
	<object>
		<difficult>0</difficult>
		<name>&amp;*@HUST_text</name>
		<bndbox>
			<xmin>652</xmin>
			<ymin>607</ymin>
			<xmax>679</xmax>
			<ymax>635</ymax>
		</bndbox>
	</object>
	<object>
		<difficult>1</difficult>
		<name>&amp;*@HUST_special</name>
		<bndbox>
			<xmin>680</xmin>
			<ymin>606</ymin>
			<xmax>699</xmax>
			<ymax>635</ymax>
		</bndbox>
	</object>
</annotation>