<annotation>
	<filename>图像 6301.png</filename>
	<size>
		<width>828</width>
		<height>748</height>
		<depth>3</depth>
	</size>
	<segmented>0</segmented>
	<object>
		<difficult>0</difficult>
		<name>&amp;*@HUST_text</name>
		<bndbox>
			<xmin>47</xmin>
			<ymin>548</ymin>
			<xmax>157</xmax>
			<ymax>588</ymax>
		</bndbox>
	</object>
	<object>
		<difficult>0</difficult>
		<name>&amp;*@HUST_text</name>
		<bndbox>
			<xmin>21</xmin>
			<ymin>477</ymin>
			<xmax>257</xmax>
			<ymax>529</ymax>
		</bndbox>
	</object>
	<object>
		<difficult>0</difficult>
		<name>&amp;*@HUST_text</name>
		<bndbox>
			<xmin>742</xmin>
			<ymin>292</ymin>
			<xmax>820</xmax>
			<ymax>326</ymax>
		</bndbox>
	</object>
	<object>
		<difficult>0</difficult>
		<name>&amp;*@HUST_text</name>
		<bndbox>
			<xmin>18</xmin>
			<ymin>441</ymin>
			<xmax>195</xmax>
			<ymax>476</ymax>
		</bndbox>
	</object>
	<object>
		<difficult>0</difficult>
		<name>&amp;*@HUST_text</name>
		<bndbox>
			<xmin>81</xmin>
			<ymin>270</ymin>
			<xmax>244</xmax>
			<ymax>318</ymax>
		</bndbox>
	</object>
	<object>
		<difficult>0</difficult>
		<name>&amp;*@HUST_text</name>
		<bndbox>
			<xmin>739</xmin>
			<ymin>376</ymin>
			<xmax>826</xmax>
			<ymax>413</ymax>
		</bndbox>
	</object>
	<object>
		<difficult>0</difficult>
		<name>&amp;*@HUST_text</name>
		<bndbox>
			<xmin>695</xmin>
			<ymin>1</ymin>
			<xmax>826</xmax>
			<ymax>36</ymax>
		</bndbox>
	</object>
	<object>
		<difficult>0</difficult>
		<name>&amp;*@HUST_text</name>
		<bndbox>
			<xmin>14</xmin>
			<ymin>0</ymin>
			<xmax>328</xmax>
			<ymax>53</ymax>
		</bndbox>
	</object>
	<object>
		<difficult>0</difficult>
		<name>&amp;*@HUST_text</name>
		<bndbox>
			<xmin>13</xmin>
			<ymin>55</ymin>
			<xmax>537</xmax>
			<ymax>92</ymax>
		</bndbox>
	</object>
	<object>
		<difficult>0</difficult>
		<name>&amp;*@HUST_text</name>
		<bndbox>
			<xmin>14</xmin>
			<ymin>94</ymin>
			<xmax>790</xmax>
			<ymax>122</ymax>
		</bndbox>
	</object>
	<object>
		<difficult>0</difficult>
		<name>&amp;*@HUST_text</name>
		<bndbox>
			<xmin>14</xmin>
			<ymin>123</ymin>
			<xmax>693</xmax>
			<ymax>148</ymax>
		</bndbox>
	</object>
	<object>
		<difficult>0</difficult>
		<name>&amp;*@HUST_text</name>
		<bndbox>
			<xmin>15</xmin>
			<ymin>149</ymin>
			<xmax>752</xmax>
			<ymax>171</ymax>
		</bndbox>
	</object>
	<object>
		<difficult>0</difficult>
		<name>&amp;*@HUST_text</name>
		<bndbox>
			<xmin>16</xmin>
			<ymin>172</ymin>
			<xmax>407</xmax>
			<ymax>196</ymax>
		</bndbox>
	</object>
	<object>
		<difficult>1</difficult>
		<name>&amp;*@HUST_special</name>
		<bndbox>
			<xmin>37</xmin>
			<ymin>273</ymin>
			<xmax>75</xmax>
			<ymax>315</ymax>
		</bndbox>
	</object>
	<object>
		<difficult>1</difficult>
		<name>&amp;*@HUST_special</name>
		<bndbox>
			<xmin>14</xmin>
			<ymin>548</ymin>
			<xmax>45</xmax>
			<ymax>587</ymax>
		</bndbox>
	</object>
	<object>
		<difficult>0</difficult>
		<name>&amp;*@HUST_text</name>
		<bndbox>
			<xmin>29</xmin>
			<ymin>594</ymin>
			<xmax>845</xmax>
			<ymax>620</ymax>
		</bndbox>
	</object>
	<object>
		<difficult>0</difficult>
		<name>&amp;*@HUST_text</name>
		<bndbox>
			<xmin>89</xmin>
			<ymin>623</ymin>
			<xmax>774</xmax>
			<ymax>647</ymax>
		</bndbox>
	</object>
	<object>
		<difficult>0</difficult>
		<name>&amp;*@HUST_text</name>
		<bndbox>
			<xmin>88</xmin>
			<ymin>650</ymin>
			<xmax>751</xmax>
			<ymax>672</ymax>
		</bndbox>
	</object>
	<object>
		<difficult>0</difficult>
		<name>&amp;*@HUST_text</name>
		<bndbox>
			<xmin>90</xmin>
			<ymin>674</ymin>
			<xmax>373</xmax>
			<ymax>697</ymax>
		</bndbox>
	</object>
	<object>
		<difficult>0</difficult>
		<name>&amp;*@HUST_text</name>
		<bndbox>
			<xmin>36</xmin>
			<ymin>699</ymin>
			<xmax>827</xmax>
			<ymax>726</ymax>
		</bndbox>
	</object>
	<object>
		<difficult>0</difficult>
		<name>&amp;*@HUST_text</name>
		<bndbox>
			<xmin>88</xmin>
			<ymin>726</ymin>
			<xmax>516</xmax>
			<ymax>748</ymax>
		</bndbox>
	</object>
	<object>
		<difficult>0</difficult>
		<name>&amp;*@HUST_text</name>
		<bndbox>
			<xmin>737</xmin>
			<ymin>441</ymin>
			<xmax>826</xmax>
			<ymax>480</ymax>
		</bndbox>
	</object>
	<object>
		<difficult>0</difficult>
		<name>&amp;*@HUST_text</name>
		<bndbox>
			<xmin>43</xmin>
			<ymin>230</ymin>
			<xmax>66</xmax>
			<ymax>263</ymax>
		</bndbox>
	</object>
	<object>
		<difficult>1</difficult>
		<name>&amp;*@HUST_special</name>
		<bndbox>
			<xmin>22</xmin>
			<ymin>222</ymin>
			<xmax>829</xmax>
			<ymax>228</ymax>
		</bndbox>
	</object>
	<object>
		<difficult>1</difficult>
		<name>&amp;*@HUST_special</name>
		<bndbox>
			<xmin>21</xmin>
			<ymin>327</ymin>
			<xmax>838</xmax>
			<ymax>336</ymax>
		</bndbox>
	</object>
</annotation>