<annotation>
	<filename>图像 5411.png</filename>
	<size>
		<width>750</width>
		<height>354</height>
		<depth>3</depth>
	</size>
	<segmented>0</segmented>
	<object>
		<difficult>0</difficult>
		<name>&amp;*@HUST_text</name>
		<bndbox>
			<xmin>44</xmin>
			<ymin>57</ymin>
			<xmax>98</xmax>
			<ymax>64</ymax>
		</bndbox>
	</object>
	<object>
		<difficult>0</difficult>
		<name>&amp;*@HUST_text</name>
		<bndbox>
			<xmin>43</xmin>
			<ymin>64</ymin>
			<xmax>98</xmax>
			<ymax>69</ymax>
		</bndbox>
	</object>
	<object>
		<difficult>0</difficult>
		<name>&amp;*@HUST_text</name>
		<bndbox>
			<xmin>43</xmin>
			<ymin>69</ymin>
			<xmax>98</xmax>
			<ymax>76</ymax>
		</bndbox>
	</object>
	<object>
		<difficult>0</difficult>
		<name>&amp;*@HUST_text</name>
		<bndbox>
			<xmin>15</xmin>
			<ymin>138</ymin>
			<xmax>50</xmax>
			<ymax>221</ymax>
		</bndbox>
	</object>
	<object>
		<difficult>1</difficult>
		<name>&amp;*@HUST_special</name>
		<bndbox>
			<xmin>15</xmin>
			<ymin>263</ymin>
			<xmax>98</xmax>
			<ymax>346</ymax>
		</bndbox>
	</object>
	<object>
		<difficult>0</difficult>
		<name>&amp;*@HUST_text</name>
		<bndbox>
			<xmin>101</xmin>
			<ymin>4</ymin>
			<xmax>478</xmax>
			<ymax>37</ymax>
		</bndbox>
	</object>
	<object>
		<difficult>0</difficult>
		<name>&amp;*@HUST_text</name>
		<bndbox>
			<xmin>101</xmin>
			<ymin>37</ymin>
			<xmax>382</xmax>
			<ymax>60</ymax>
		</bndbox>
	</object>
	<object>
		<difficult>0</difficult>
		<name>&amp;*@HUST_text</name>
		<bndbox>
			<xmin>101</xmin>
			<ymin>60</ymin>
			<xmax>722</xmax>
			<ymax>86</ymax>
		</bndbox>
	</object>
	<object>
		<difficult>0</difficult>
		<name>&amp;*@HUST_text</name>
		<bndbox>
			<xmin>703</xmin>
			<ymin>9</ymin>
			<xmax>745</xmax>
			<ymax>38</ymax>
		</bndbox>
	</object>
	<object>
		<difficult>0</difficult>
		<name>&amp;*@HUST_text</name>
		<bndbox>
			<xmin>695</xmin>
			<ymin>128</ymin>
			<xmax>748</xmax>
			<ymax>168</ymax>
		</bndbox>
	</object>
	<object>
		<difficult>0</difficult>
		<name>&amp;*@HUST_text</name>
		<bndbox>
			<xmin>102</xmin>
			<ymin>129</ymin>
			<xmax>347</xmax>
			<ymax>162</ymax>
		</bndbox>
	</object>
	<object>
		<difficult>0</difficult>
		<name>&amp;*@HUST_text</name>
		<bndbox>
			<xmin>102</xmin>
			<ymin>163</ymin>
			<xmax>408</xmax>
			<ymax>185</ymax>
		</bndbox>
	</object>
	<object>
		<difficult>0</difficult>
		<name>&amp;*@HUST_text</name>
		<bndbox>
			<xmin>102</xmin>
			<ymin>186</ymin>
			<xmax>641</xmax>
			<ymax>214</ymax>
		</bndbox>
	</object>
	<object>
		<difficult>0</difficult>
		<name>&amp;*@HUST_text</name>
		<bndbox>
			<xmin>101</xmin>
			<ymin>254</ymin>
			<xmax>345</xmax>
			<ymax>286</ymax>
		</bndbox>
	</object>
	<object>
		<difficult>0</difficult>
		<name>&amp;*@HUST_text</name>
		<bndbox>
			<xmin>102</xmin>
			<ymin>287</ymin>
			<xmax>388</xmax>
			<ymax>311</ymax>
		</bndbox>
	</object>
	<object>
		<difficult>0</difficult>
		<name>&amp;*@HUST_text</name>
		<bndbox>
			<xmin>101</xmin>
			<ymin>311</ymin>
			<xmax>703</xmax>
			<ymax>338</ymax>
		</bndbox>
	</object>
	<object>
		<difficult>0</difficult>
		<name>&amp;*@HUST_text</name>
		<bndbox>
			<xmin>695</xmin>
			<ymin>253</ymin>
			<xmax>750</xmax>
			<ymax>293</ymax>
		</bndbox>
	</object>
	<object>
		<difficult>0</difficult>
		<name>&amp;*@HUST_text</name>
		<bndbox>
			<xmin>46</xmin>
			<ymin>146</ymin>
			<xmax>79</xmax>
			<ymax>191</ymax>
		</bndbox>
	</object>
	<object>
		<difficult>1</difficult>
		<name>&amp;*@HUST_special</name>
		<bndbox>
			<xmin>5</xmin>
			<ymin>235</ymin>
			<xmax>784</xmax>
			<ymax>249</ymax>
		</bndbox>
	</object>
	<object>
		<difficult>1</difficult>
		<name>&amp;*@HUST_special</name>
		<bndbox>
			<xmin>5</xmin>
			<ymin>110</ymin>
			<xmax>753</xmax>
			<ymax>122</ymax>
		</bndbox>
	</object>
</annotation>