<annotation>
	<filename>图像 5761.png</filename>
	<size>
		<width>1253</width>
		<height>851</height>
		<depth>3</depth>
	</size>
	<segmented>0</segmented>
	<object>
		<difficult>1</difficult>
		<name>&amp;*@HUST_special</name>
		<bndbox>
			<xmin>11</xmin>
			<ymin>5</ymin>
			<xmax>88</xmax>
			<ymax>93</ymax>
		</bndbox>
	</object>
	<object>
		<difficult>0</difficult>
		<name>&amp;*@HUST_text</name>
		<bndbox>
			<xmin>90</xmin>
			<ymin>5</ymin>
			<xmax>650</xmax>
			<ymax>53</ymax>
		</bndbox>
	</object>
	<object>
		<difficult>0</difficult>
		<name>&amp;*@HUST_text</name>
		<bndbox>
			<xmin>90</xmin>
			<ymin>55</ymin>
			<xmax>1012</xmax>
			<ymax>94</ymax>
		</bndbox>
	</object>
	<object>
		<difficult>0</difficult>
		<name>&amp;*@HUST_text</name>
		<bndbox>
			<xmin>25</xmin>
			<ymin>100</ymin>
			<xmax>159</xmax>
			<ymax>135</ymax>
		</bndbox>
	</object>
	<object>
		<difficult>0</difficult>
		<name>&amp;*@HUST_text</name>
		<bndbox>
			<xmin>172</xmin>
			<ymin>101</ymin>
			<xmax>254</xmax>
			<ymax>135</ymax>
		</bndbox>
	</object>
	<object>
		<difficult>0</difficult>
		<name>&amp;*@HUST_text</name>
		<bndbox>
			<xmin>257</xmin>
			<ymin>101</ymin>
			<xmax>317</xmax>
			<ymax>135</ymax>
		</bndbox>
	</object>
	<object>
		<difficult>0</difficult>
		<name>&amp;*@HUST_text</name>
		<bndbox>
			<xmin>320</xmin>
			<ymin>101</ymin>
			<xmax>431</xmax>
			<ymax>135</ymax>
		</bndbox>
	</object>
	<object>
		<difficult>0</difficult>
		<name>&amp;*@HUST_text</name>
		<bndbox>
			<xmin>434</xmin>
			<ymin>101</ymin>
			<xmax>590</xmax>
			<ymax>136</ymax>
		</bndbox>
	</object>
	<object>
		<difficult>0</difficult>
		<name>&amp;*@HUST_text</name>
		<bndbox>
			<xmin>593</xmin>
			<ymin>102</ymin>
			<xmax>692</xmax>
			<ymax>135</ymax>
		</bndbox>
	</object>
	<object>
		<difficult>0</difficult>
		<name>&amp;*@HUST_text</name>
		<bndbox>
			<xmin>695</xmin>
			<ymin>102</ymin>
			<xmax>778</xmax>
			<ymax>136</ymax>
		</bndbox>
	</object>
	<object>
		<difficult>0</difficult>
		<name>&amp;*@HUST_text</name>
		<bndbox>
			<xmin>780</xmin>
			<ymin>102</ymin>
			<xmax>953</xmax>
			<ymax>136</ymax>
		</bndbox>
	</object>
	<object>
		<difficult>0</difficult>
		<name>&amp;*@HUST_text</name>
		<bndbox>
			<xmin>956</xmin>
			<ymin>102</ymin>
			<xmax>1059</xmax>
			<ymax>135</ymax>
		</bndbox>
	</object>
	<object>
		<difficult>0</difficult>
		<name>&amp;*@HUST_text</name>
		<bndbox>
			<xmin>1062</xmin>
			<ymin>102</ymin>
			<xmax>1212</xmax>
			<ymax>136</ymax>
		</bndbox>
	</object>
	<object>
		<difficult>1</difficult>
		<name>&amp;*@HUST_special</name>
		<bndbox>
			<xmin>1038</xmin>
			<ymin>4</ymin>
			<xmax>1071</xmax>
			<ymax>47</ymax>
		</bndbox>
	</object>
	<object>
		<difficult>0</difficult>
		<name>&amp;*@HUST_text</name>
		<bndbox>
			<xmin>1072</xmin>
			<ymin>4</ymin>
			<xmax>1132</xmax>
			<ymax>47</ymax>
		</bndbox>
	</object>
	<object>
		<difficult>1</difficult>
		<name>&amp;*@HUST_special</name>
		<bndbox>
			<xmin>1145</xmin>
			<ymin>22</ymin>
			<xmax>1159</xmax>
			<ymax>39</ymax>
		</bndbox>
	</object>
	<object>
		<difficult>0</difficult>
		<name>&amp;*@HUST_text</name>
		<bndbox>
			<xmin>1160</xmin>
			<ymin>22</ymin>
			<xmax>1189</xmax>
			<ymax>39</ymax>
		</bndbox>
	</object>
	<object>
		<difficult>0</difficult>
		<name>&amp;*@HUST_text</name>
		<bndbox>
			<xmin>85</xmin>
			<ymin>244</ymin>
			<xmax>487</xmax>
			<ymax>274</ymax>
		</bndbox>
	</object>
	<object>
		<difficult>0</difficult>
		<name>&amp;*@HUST_text</name>
		<bndbox>
			<xmin>85</xmin>
			<ymin>277</ymin>
			<xmax>489</xmax>
			<ymax>304</ymax>
		</bndbox>
	</object>
	<object>
		<difficult>0</difficult>
		<name>&amp;*@HUST_text</name>
		<bndbox>
			<xmin>110</xmin>
			<ymin>310</ymin>
			<xmax>166</xmax>
			<ymax>324</ymax>
		</bndbox>
	</object>
	<object>
		<difficult>1</difficult>
		<name>&amp;*@HUST_special</name>
		<bndbox>
			<xmin>161</xmin>
			<ymin>322</ymin>
			<xmax>183</xmax>
			<ymax>339</ymax>
		</bndbox>
	</object>
	<object>
		<difficult>0</difficult>
		<name>&amp;*@HUST_text</name>
		<bndbox>
			<xmin>473</xmin>
			<ymin>212</ymin>
			<xmax>591</xmax>
			<ymax>223</ymax>
		</bndbox>
	</object>
	<object>
		<difficult>0</difficult>
		<name>&amp;*@HUST_text</name>
		<bndbox>
			<xmin>688</xmin>
			<ymin>179</ymin>
			<xmax>883</xmax>
			<ymax>192</ymax>
		</bndbox>
	</object>
	<object>
		<difficult>0</difficult>
		<name>&amp;*@HUST_text</name>
		<bndbox>
			<xmin>822</xmin>
			<ymin>209</ymin>
			<xmax>962</xmax>
			<ymax>222</ymax>
		</bndbox>
	</object>
	<object>
		<difficult>0</difficult>
		<name>&amp;*@HUST_text</name>
		<bndbox>
			<xmin>972</xmin>
			<ymin>240</ymin>
			<xmax>1127</xmax>
			<ymax>252</ymax>
		</bndbox>
	</object>
	<object>
		<difficult>0</difficult>
		<name>&amp;*@HUST_text</name>
		<bndbox>
			<xmin>927</xmin>
			<ymin>308</ymin>
			<xmax>1062</xmax>
			<ymax>321</ymax>
		</bndbox>
	</object>
	<object>
		<difficult>1</difficult>
		<name>&amp;*@HUST_special</name>
		<bndbox>
			<xmin>595</xmin>
			<ymin>303</ymin>
			<xmax>621</xmax>
			<ymax>332</ymax>
		</bndbox>
	</object>
	<object>
		<difficult>1</difficult>
		<name>&amp;*@HUST_special</name>
		<bndbox>
			<xmin>689</xmin>
			<ymin>233</ymin>
			<xmax>723</xmax>
			<ymax>257</ymax>
		</bndbox>
	</object>
	<object>
		<difficult>1</difficult>
		<name>&amp;*@HUST_special</name>
		<bndbox>
			<xmin>784</xmin>
			<ymin>303</ymin>
			<xmax>817</xmax>
			<ymax>331</ymax>
		</bndbox>
	</object>
	<object>
		<difficult>1</difficult>
		<name>&amp;*@HUST_special</name>
		<bndbox>
			<xmin>642</xmin>
			<ymin>267</ymin>
			<xmax>766</xmax>
			<ymax>386</ymax>
		</bndbox>
	</object>
	<object>
		<difficult>0</difficult>
		<name>&amp;*@HUST_text</name>
		<bndbox>
			<xmin>20</xmin>
			<ymin>496</ymin>
			<xmax>168</xmax>
			<ymax>542</ymax>
		</bndbox>
	</object>
	<object>
		<difficult>0</difficult>
		<name>&amp;*@HUST_text</name>
		<bndbox>
			<xmin>34</xmin>
			<ymin>545</ymin>
			<xmax>80</xmax>
			<ymax>564</ymax>
		</bndbox>
	</object>
	<object>
		<difficult>0</difficult>
		<name>&amp;*@HUST_text</name>
		<bndbox>
			<xmin>488</xmin>
			<ymin>491</ymin>
			<xmax>605</xmax>
			<ymax>541</ymax>
		</bndbox>
	</object>
	<object>
		<difficult>0</difficult>
		<name>&amp;*@HUST_text</name>
		<bndbox>
			<xmin>505</xmin>
			<ymin>546</ymin>
			<xmax>550</xmax>
			<ymax>565</ymax>
		</bndbox>
	</object>
	<object>
		<difficult>1</difficult>
		<name>&amp;*@HUST_special</name>
		<bndbox>
			<xmin>21</xmin>
			<ymin>596</ymin>
			<xmax>39</xmax>
			<ymax>830</ymax>
		</bndbox>
	</object>
	<object>
		<difficult>0</difficult>
		<name>&amp;*@HUST_text</name>
		<bndbox>
			<xmin>40</xmin>
			<ymin>596</ymin>
			<xmax>325</xmax>
			<ymax>622</ymax>
		</bndbox>
	</object>
	<object>
		<difficult>0</difficult>
		<name>&amp;*@HUST_text</name>
		<bndbox>
			<xmin>40</xmin>
			<ymin>623</ymin>
			<xmax>338</xmax>
			<ymax>650</ymax>
		</bndbox>
	</object>
	<object>
		<difficult>0</difficult>
		<name>&amp;*@HUST_text</name>
		<bndbox>
			<xmin>40</xmin>
			<ymin>651</ymin>
			<xmax>342</xmax>
			<ymax>675</ymax>
		</bndbox>
	</object>
	<object>
		<difficult>0</difficult>
		<name>&amp;*@HUST_text</name>
		<bndbox>
			<xmin>40</xmin>
			<ymin>677</ymin>
			<xmax>282</xmax>
			<ymax>699</ymax>
		</bndbox>
	</object>
	<object>
		<difficult>0</difficult>
		<name>&amp;*@HUST_text</name>
		<bndbox>
			<xmin>40</xmin>
			<ymin>701</ymin>
			<xmax>241</xmax>
			<ymax>725</ymax>
		</bndbox>
	</object>
	<object>
		<difficult>0</difficult>
		<name>&amp;*@HUST_text</name>
		<bndbox>
			<xmin>40</xmin>
			<ymin>726</ymin>
			<xmax>241</xmax>
			<ymax>751</ymax>
		</bndbox>
	</object>
	<object>
		<difficult>0</difficult>
		<name>&amp;*@HUST_text</name>
		<bndbox>
			<xmin>40</xmin>
			<ymin>753</ymin>
			<xmax>305</xmax>
			<ymax>777</ymax>
		</bndbox>
	</object>
	<object>
		<difficult>0</difficult>
		<name>&amp;*@HUST_text</name>
		<bndbox>
			<xmin>40</xmin>
			<ymin>779</ymin>
			<xmax>325</xmax>
			<ymax>802</ymax>
		</bndbox>
	</object>
	<object>
		<difficult>0</difficult>
		<name>&amp;*@HUST_text</name>
		<bndbox>
			<xmin>40</xmin>
			<ymin>804</ymin>
			<xmax>307</xmax>
			<ymax>830</ymax>
		</bndbox>
	</object>
	<object>
		<difficult>0</difficult>
		<name>&amp;*@HUST_text</name>
		<bndbox>
			<xmin>363</xmin>
			<ymin>596</ymin>
			<xmax>474</xmax>
			<ymax>621</ymax>
		</bndbox>
	</object>
	<object>
		<difficult>0</difficult>
		<name>&amp;*@HUST_text</name>
		<bndbox>
			<xmin>341</xmin>
			<ymin>623</ymin>
			<xmax>472</xmax>
			<ymax>650</ymax>
		</bndbox>
	</object>
	<object>
		<difficult>0</difficult>
		<name>&amp;*@HUST_text</name>
		<bndbox>
			<xmin>345</xmin>
			<ymin>651</ymin>
			<xmax>474</xmax>
			<ymax>676</ymax>
		</bndbox>
	</object>
	<object>
		<difficult>0</difficult>
		<name>&amp;*@HUST_text</name>
		<bndbox>
			<xmin>341</xmin>
			<ymin>678</ymin>
			<xmax>474</xmax>
			<ymax>702</ymax>
		</bndbox>
	</object>
	<object>
		<difficult>0</difficult>
		<name>&amp;*@HUST_text</name>
		<bndbox>
			<xmin>341</xmin>
			<ymin>704</ymin>
			<xmax>473</xmax>
			<ymax>727</ymax>
		</bndbox>
	</object>
	<object>
		<difficult>0</difficult>
		<name>&amp;*@HUST_text</name>
		<bndbox>
			<xmin>341</xmin>
			<ymin>729</ymin>
			<xmax>473</xmax>
			<ymax>751</ymax>
		</bndbox>
	</object>
	<object>
		<difficult>0</difficult>
		<name>&amp;*@HUST_text</name>
		<bndbox>
			<xmin>341</xmin>
			<ymin>754</ymin>
			<xmax>474</xmax>
			<ymax>779</ymax>
		</bndbox>
	</object>
	<object>
		<difficult>0</difficult>
		<name>&amp;*@HUST_text</name>
		<bndbox>
			<xmin>341</xmin>
			<ymin>781</ymin>
			<xmax>474</xmax>
			<ymax>803</ymax>
		</bndbox>
	</object>
	<object>
		<difficult>0</difficult>
		<name>&amp;*@HUST_text</name>
		<bndbox>
			<xmin>341</xmin>
			<ymin>806</ymin>
			<xmax>474</xmax>
			<ymax>832</ymax>
		</bndbox>
	</object>
	<object>
		<difficult>1</difficult>
		<name>&amp;*@HUST_special</name>
		<bndbox>
			<xmin>489</xmin>
			<ymin>596</ymin>
			<xmax>512</xmax>
			<ymax>829</ymax>
		</bndbox>
	</object>
	<object>
		<difficult>0</difficult>
		<name>&amp;*@HUST_text</name>
		<bndbox>
			<xmin>514</xmin>
			<ymin>596</ymin>
			<xmax>820</xmax>
			<ymax>622</ymax>
		</bndbox>
	</object>
	<object>
		<difficult>0</difficult>
		<name>&amp;*@HUST_text</name>
		<bndbox>
			<xmin>514</xmin>
			<ymin>623</ymin>
			<xmax>790</xmax>
			<ymax>647</ymax>
		</bndbox>
	</object>
	<object>
		<difficult>0</difficult>
		<name>&amp;*@HUST_text</name>
		<bndbox>
			<xmin>514</xmin>
			<ymin>649</ymin>
			<xmax>804</xmax>
			<ymax>672</ymax>
		</bndbox>
	</object>
	<object>
		<difficult>0</difficult>
		<name>&amp;*@HUST_text</name>
		<bndbox>
			<xmin>514</xmin>
			<ymin>674</ymin>
			<xmax>802</xmax>
			<ymax>699</ymax>
		</bndbox>
	</object>
	<object>
		<difficult>0</difficult>
		<name>&amp;*@HUST_text</name>
		<bndbox>
			<xmin>514</xmin>
			<ymin>701</ymin>
			<xmax>858</xmax>
			<ymax>725</ymax>
		</bndbox>
	</object>
	<object>
		<difficult>0</difficult>
		<name>&amp;*@HUST_text</name>
		<bndbox>
			<xmin>515</xmin>
			<ymin>727</ymin>
			<xmax>825</xmax>
			<ymax>751</ymax>
		</bndbox>
	</object>
	<object>
		<difficult>0</difficult>
		<name>&amp;*@HUST_text</name>
		<bndbox>
			<xmin>514</xmin>
			<ymin>753</ymin>
			<xmax>843</xmax>
			<ymax>775</ymax>
		</bndbox>
	</object>
	<object>
		<difficult>0</difficult>
		<name>&amp;*@HUST_text</name>
		<bndbox>
			<xmin>514</xmin>
			<ymin>777</ymin>
			<xmax>859</xmax>
			<ymax>802</ymax>
		</bndbox>
	</object>
	<object>
		<difficult>0</difficult>
		<name>&amp;*@HUST_text</name>
		<bndbox>
			<xmin>514</xmin>
			<ymin>804</ymin>
			<xmax>852</xmax>
			<ymax>828</ymax>
		</bndbox>
	</object>
	<object>
		<difficult>0</difficult>
		<name>&amp;*@HUST_text</name>
		<bndbox>
			<xmin>845</xmin>
			<ymin>596</ymin>
			<xmax>943</xmax>
			<ymax>622</ymax>
		</bndbox>
	</object>
	<object>
		<difficult>0</difficult>
		<name>&amp;*@HUST_text</name>
		<bndbox>
			<xmin>829</xmin>
			<ymin>623</ymin>
			<xmax>944</xmax>
			<ymax>647</ymax>
		</bndbox>
	</object>
	<object>
		<difficult>0</difficult>
		<name>&amp;*@HUST_text</name>
		<bndbox>
			<xmin>829</xmin>
			<ymin>648</ymin>
			<xmax>945</xmax>
			<ymax>673</ymax>
		</bndbox>
	</object>
	<object>
		<difficult>0</difficult>
		<name>&amp;*@HUST_text</name>
		<bndbox>
			<xmin>830</xmin>
			<ymin>675</ymin>
			<xmax>944</xmax>
			<ymax>698</ymax>
		</bndbox>
	</object>
	<object>
		<difficult>0</difficult>
		<name>&amp;*@HUST_text</name>
		<bndbox>
			<xmin>860</xmin>
			<ymin>701</ymin>
			<xmax>944</xmax>
			<ymax>726</ymax>
		</bndbox>
	</object>
	<object>
		<difficult>0</difficult>
		<name>&amp;*@HUST_text</name>
		<bndbox>
			<xmin>827</xmin>
			<ymin>727</ymin>
			<xmax>944</xmax>
			<ymax>752</ymax>
		</bndbox>
	</object>
	<object>
		<difficult>0</difficult>
		<name>&amp;*@HUST_text</name>
		<bndbox>
			<xmin>845</xmin>
			<ymin>753</ymin>
			<xmax>944</xmax>
			<ymax>775</ymax>
		</bndbox>
	</object>
	<object>
		<difficult>0</difficult>
		<name>&amp;*@HUST_text</name>
		<bndbox>
			<xmin>861</xmin>
			<ymin>777</ymin>
			<xmax>943</xmax>
			<ymax>802</ymax>
		</bndbox>
	</object>
	<object>
		<difficult>0</difficult>
		<name>&amp;*@HUST_text</name>
		<bndbox>
			<xmin>854</xmin>
			<ymin>804</ymin>
			<xmax>944</xmax>
			<ymax>829</ymax>
		</bndbox>
	</object>
	<object>
		<difficult>0</difficult>
		<name>&amp;*@HUST_text</name>
		<bndbox>
			<xmin>966</xmin>
			<ymin>481</ymin>
			<xmax>1185</xmax>
			<ymax>513</ymax>
		</bndbox>
	</object>
	<object>
		<difficult>1</difficult>
		<name>&amp;*@HUST_special</name>
		<bndbox>
			<xmin>966</xmin>
			<ymin>522</ymin>
			<xmax>1049</xmax>
			<ymax>621</ymax>
		</bndbox>
	</object>
	<object>
		<difficult>0</difficult>
		<name>&amp;*@HUST_text</name>
		<bndbox>
			<xmin>1050</xmin>
			<ymin>522</ymin>
			<xmax>1121</xmax>
			<ymax>547</ymax>
		</bndbox>
	</object>
	<object>
		<difficult>0</difficult>
		<name>&amp;*@HUST_text</name>
		<bndbox>
			<xmin>1050</xmin>
			<ymin>549</ymin>
			<xmax>1208</xmax>
			<ymax>568</ymax>
		</bndbox>
	</object>
	<object>
		<difficult>0</difficult>
		<name>&amp;*@HUST_text</name>
		<bndbox>
			<xmin>1050</xmin>
			<ymin>569</ymin>
			<xmax>1209</xmax>
			<ymax>588</ymax>
		</bndbox>
	</object>
	<object>
		<difficult>0</difficult>
		<name>&amp;*@HUST_text</name>
		<bndbox>
			<xmin>1058</xmin>
			<ymin>593</ymin>
			<xmax>1097</xmax>
			<ymax>611</ymax>
		</bndbox>
	</object>
	<object>
		<difficult>1</difficult>
		<name>&amp;*@HUST_special</name>
		<bndbox>
			<xmin>966</xmin>
			<ymin>623</ymin>
			<xmax>1049</xmax>
			<ymax>722</ymax>
		</bndbox>
	</object>
	<object>
		<difficult>0</difficult>
		<name>&amp;*@HUST_text</name>
		<bndbox>
			<xmin>1052</xmin>
			<ymin>623</ymin>
			<xmax>1127</xmax>
			<ymax>647</ymax>
		</bndbox>
	</object>
	<object>
		<difficult>0</difficult>
		<name>&amp;*@HUST_text</name>
		<bndbox>
			<xmin>1051</xmin>
			<ymin>648</ymin>
			<xmax>1214</xmax>
			<ymax>665</ymax>
		</bndbox>
	</object>
	<object>
		<difficult>0</difficult>
		<name>&amp;*@HUST_text</name>
		<bndbox>
			<xmin>1051</xmin>
			<ymin>666</ymin>
			<xmax>1205</xmax>
			<ymax>686</ymax>
		</bndbox>
	</object>
	<object>
		<difficult>0</difficult>
		<name>&amp;*@HUST_text</name>
		<bndbox>
			<xmin>1059</xmin>
			<ymin>691</ymin>
			<xmax>1096</xmax>
			<ymax>711</ymax>
		</bndbox>
	</object>
	<object>
		<difficult>1</difficult>
		<name>&amp;*@HUST_special</name>
		<bndbox>
			<xmin>975</xmin>
			<ymin>776</ymin>
			<xmax>1043</xmax>
			<ymax>810</ymax>
		</bndbox>
	</object>
	<object>
		<difficult>0</difficult>
		<name>&amp;*@HUST_text</name>
		<bndbox>
			<xmin>974</xmin>
			<ymin>733</ymin>
			<xmax>1043</xmax>
			<ymax>775</ymax>
		</bndbox>
	</object>
	<object>
		<difficult>0</difficult>
		<name>&amp;*@HUST_text</name>
		<bndbox>
			<xmin>1050</xmin>
			<ymin>724</ymin>
			<xmax>1129</xmax>
			<ymax>744</ymax>
		</bndbox>
	</object>
	<object>
		<difficult>0</difficult>
		<name>&amp;*@HUST_text</name>
		<bndbox>
			<xmin>1050</xmin>
			<ymin>745</ymin>
			<xmax>1211</xmax>
			<ymax>762</ymax>
		</bndbox>
	</object>
	<object>
		<difficult>0</difficult>
		<name>&amp;*@HUST_text</name>
		<bndbox>
			<xmin>1050</xmin>
			<ymin>764</ymin>
			<xmax>1186</xmax>
			<ymax>784</ymax>
		</bndbox>
	</object>
	<object>
		<difficult>0</difficult>
		<name>&amp;*@HUST_text</name>
		<bndbox>
			<xmin>1059</xmin>
			<ymin>790</ymin>
			<xmax>1096</xmax>
			<ymax>806</ymax>
		</bndbox>
	</object>
	<object>
		<difficult>1</difficult>
		<name>&amp;*@HUST_shelter</name>
		<bndbox>
			<xmin>967</xmin>
			<ymin>822</ymin>
			<xmax>1047</xmax>
			<ymax>850</ymax>
		</bndbox>
	</object>
	<object>
		<difficult>1</difficult>
		<name>&amp;*@HUST_shelter</name>
		<bndbox>
			<xmin>1049</xmin>
			<ymin>840</ymin>
			<xmax>1215</xmax>
			<ymax>851</ymax>
		</bndbox>
	</object>
	<object>
		<difficult>0</difficult>
		<name>&amp;*@HUST_text</name>
		<bndbox>
			<xmin>1048</xmin>
			<ymin>822</ymin>
			<xmax>1116</xmax>
			<ymax>840</ymax>
		</bndbox>
	</object>
	<object>
		<difficult>1</difficult>
		<name>&amp;*@HUST_special</name>
		<bndbox>
			<xmin>560</xmin>
			<ymin>407</ymin>
			<xmax>684</xmax>
			<ymax>435</ymax>
		</bndbox>
	</object>
</annotation>