<annotation>
	<filename>图像 5551.png</filename>
	<size>
		<width>969</width>
		<height>928</height>
		<depth>3</depth>
	</size>
	<segmented>0</segmented>
	<object>
		<difficult>0</difficult>
		<name>&amp;*@HUST_text</name>
		<bndbox>
			<xmin>25</xmin>
			<ymin>6</ymin>
			<xmax>140</xmax>
			<ymax>55</ymax>
		</bndbox>
	</object>
	<object>
		<difficult>1</difficult>
		<name>&amp;*@HUST_special</name>
		<bndbox>
			<xmin>142</xmin>
			<ymin>6</ymin>
			<xmax>180</xmax>
			<ymax>54</ymax>
		</bndbox>
	</object>
	<object>
		<difficult>0</difficult>
		<name>&amp;*@HUST_text</name>
		<bndbox>
			<xmin>28</xmin>
			<ymin>70</ymin>
			<xmax>696</xmax>
			<ymax>101</ymax>
		</bndbox>
	</object>
	<object>
		<difficult>0</difficult>
		<name>&amp;*@HUST_text</name>
		<bndbox>
			<xmin>680</xmin>
			<ymin>6</ymin>
			<xmax>833</xmax>
			<ymax>43</ymax>
		</bndbox>
	</object>
	<object>
		<difficult>0</difficult>
		<name>&amp;*@HUST_text</name>
		<bndbox>
			<xmin>835</xmin>
			<ymin>11</ymin>
			<xmax>967</xmax>
			<ymax>42</ymax>
		</bndbox>
	</object>
	<object>
		<difficult>0</difficult>
		<name>&amp;*@HUST_text</name>
		<bndbox>
			<xmin>839</xmin>
			<ymin>44</ymin>
			<xmax>968</xmax>
			<ymax>74</ymax>
		</bndbox>
	</object>
	<object>
		<difficult>0</difficult>
		<name>&amp;*@HUST_text</name>
		<bndbox>
			<xmin>837</xmin>
			<ymin>75</ymin>
			<xmax>969</xmax>
			<ymax>99</ymax>
		</bndbox>
	</object>
	<object>
		<difficult>0</difficult>
		<name>&amp;*@HUST_text</name>
		<bndbox>
			<xmin>839</xmin>
			<ymin>100</ymin>
			<xmax>969</xmax>
			<ymax>118</ymax>
		</bndbox>
	</object>
	<object>
		<difficult>0</difficult>
		<name>&amp;*@HUST_text</name>
		<bndbox>
			<xmin>839</xmin>
			<ymin>119</ymin>
			<xmax>969</xmax>
			<ymax>142</ymax>
		</bndbox>
	</object>
	<object>
		<difficult>0</difficult>
		<name>&amp;*@HUST_text</name>
		<bndbox>
			<xmin>839</xmin>
			<ymin>151</ymin>
			<xmax>968</xmax>
			<ymax>181</ymax>
		</bndbox>
	</object>
	<object>
		<difficult>0</difficult>
		<name>&amp;*@HUST_text</name>
		<bndbox>
			<xmin>840</xmin>
			<ymin>183</ymin>
			<xmax>968</xmax>
			<ymax>218</ymax>
		</bndbox>
	</object>
	<object>
		<difficult>1</difficult>
		<name>&amp;*@HUST_vertical</name>
		<bndbox>
			<xmin>54</xmin>
			<ymin>132</ymin>
			<xmax>70</xmax>
			<ymax>168</ymax>
		</bndbox>
	</object>
	<object>
		<difficult>0</difficult>
		<name>&amp;*@HUST_text</name>
		<bndbox>
			<xmin>76</xmin>
			<ymin>177</ymin>
			<xmax>239</xmax>
			<ymax>200</ymax>
		</bndbox>
	</object>
	<object>
		<difficult>0</difficult>
		<name>&amp;*@HUST_text</name>
		<bndbox>
			<xmin>75</xmin>
			<ymin>201</ymin>
			<xmax>232</xmax>
			<ymax>221</ymax>
		</bndbox>
	</object>
	<object>
		<difficult>0</difficult>
		<name>&amp;*@HUST_text</name>
		<bndbox>
			<xmin>76</xmin>
			<ymin>222</ymin>
			<xmax>217</xmax>
			<ymax>242</ymax>
		</bndbox>
	</object>
	<object>
		<difficult>0</difficult>
		<name>&amp;*@HUST_text</name>
		<bndbox>
			<xmin>76</xmin>
			<ymin>243</ymin>
			<xmax>212</xmax>
			<ymax>265</ymax>
		</bndbox>
	</object>
	<object>
		<difficult>1</difficult>
		<name>&amp;*@HUST_special</name>
		<bndbox>
			<xmin>49</xmin>
			<ymin>177</ymin>
			<xmax>75</xmax>
			<ymax>265</ymax>
		</bndbox>
	</object>
	<object>
		<difficult>0</difficult>
		<name>&amp;*@HUST_text</name>
		<bndbox>
			<xmin>32</xmin>
			<ymin>303</ymin>
			<xmax>650</xmax>
			<ymax>348</ymax>
		</bndbox>
	</object>
	<object>
		<difficult>0</difficult>
		<name>&amp;*@HUST_text</name>
		<bndbox>
			<xmin>26</xmin>
			<ymin>369</ymin>
			<xmax>223</xmax>
			<ymax>407</ymax>
		</bndbox>
	</object>
	<object>
		<difficult>0</difficult>
		<name>&amp;*@HUST_text</name>
		<bndbox>
			<xmin>26</xmin>
			<ymin>450</ymin>
			<xmax>187</xmax>
			<ymax>496</ymax>
		</bndbox>
	</object>
	<object>
		<difficult>0</difficult>
		<name>&amp;*@HUST_text</name>
		<bndbox>
			<xmin>69</xmin>
			<ymin>503</ymin>
			<xmax>323</xmax>
			<ymax>530</ymax>
		</bndbox>
	</object>
	<object>
		<difficult>0</difficult>
		<name>&amp;*@HUST_text</name>
		<bndbox>
			<xmin>70</xmin>
			<ymin>531</ymin>
			<xmax>221</xmax>
			<ymax>553</ymax>
		</bndbox>
	</object>
	<object>
		<difficult>0</difficult>
		<name>&amp;*@HUST_text</name>
		<bndbox>
			<xmin>71</xmin>
			<ymin>554</ymin>
			<xmax>324</xmax>
			<ymax>574</ymax>
		</bndbox>
	</object>
	<object>
		<difficult>0</difficult>
		<name>&amp;*@HUST_text</name>
		<bndbox>
			<xmin>72</xmin>
			<ymin>576</ymin>
			<xmax>121</xmax>
			<ymax>598</ymax>
		</bndbox>
	</object>
	<object>
		<difficult>0</difficult>
		<name>&amp;*@HUST_text</name>
		<bndbox>
			<xmin>72</xmin>
			<ymin>600</ymin>
			<xmax>326</xmax>
			<ymax>616</ymax>
		</bndbox>
	</object>
	<object>
		<difficult>0</difficult>
		<name>&amp;*@HUST_text</name>
		<bndbox>
			<xmin>72</xmin>
			<ymin>617</ymin>
			<xmax>161</xmax>
			<ymax>640</ymax>
		</bndbox>
	</object>
	<object>
		<difficult>0</difficult>
		<name>&amp;*@HUST_text</name>
		<bndbox>
			<xmin>39</xmin>
			<ymin>653</ymin>
			<xmax>310</xmax>
			<ymax>677</ymax>
		</bndbox>
	</object>
	<object>
		<difficult>0</difficult>
		<name>&amp;*@HUST_text</name>
		<bndbox>
			<xmin>38</xmin>
			<ymin>680</ymin>
			<xmax>335</xmax>
			<ymax>702</ymax>
		</bndbox>
	</object>
	<object>
		<difficult>0</difficult>
		<name>&amp;*@HUST_text</name>
		<bndbox>
			<xmin>39</xmin>
			<ymin>704</ymin>
			<xmax>331</xmax>
			<ymax>727</ymax>
		</bndbox>
	</object>
	<object>
		<difficult>0</difficult>
		<name>&amp;*@HUST_text</name>
		<bndbox>
			<xmin>37</xmin>
			<ymin>729</ymin>
			<xmax>297</xmax>
			<ymax>753</ymax>
		</bndbox>
	</object>
	<object>
		<difficult>0</difficult>
		<name>&amp;*@HUST_text</name>
		<bndbox>
			<xmin>37</xmin>
			<ymin>817</ymin>
			<xmax>324</xmax>
			<ymax>838</ymax>
		</bndbox>
	</object>
	<object>
		<difficult>0</difficult>
		<name>&amp;*@HUST_text</name>
		<bndbox>
			<xmin>38</xmin>
			<ymin>840</ymin>
			<xmax>329</xmax>
			<ymax>864</ymax>
		</bndbox>
	</object>
	<object>
		<difficult>0</difficult>
		<name>&amp;*@HUST_text</name>
		<bndbox>
			<xmin>38</xmin>
			<ymin>865</ymin>
			<xmax>131</xmax>
			<ymax>888</ymax>
		</bndbox>
	</object>
	<object>
		<difficult>0</difficult>
		<name>&amp;*@HUST_text</name>
		<bndbox>
			<xmin>327</xmin>
			<ymin>620</ymin>
			<xmax>393</xmax>
			<ymax>641</ymax>
		</bndbox>
	</object>
	<object>
		<difficult>0</difficult>
		<name>&amp;*@HUST_text</name>
		<bndbox>
			<xmin>327</xmin>
			<ymin>642</ymin>
			<xmax>386</xmax>
			<ymax>657</ymax>
		</bndbox>
	</object>
	<object>
		<difficult>0</difficult>
		<name>&amp;*@HUST_text</name>
		<bndbox>
			<xmin>422</xmin>
			<ymin>620</ymin>
			<xmax>490</xmax>
			<ymax>640</ymax>
		</bndbox>
	</object>
	<object>
		<difficult>0</difficult>
		<name>&amp;*@HUST_text</name>
		<bndbox>
			<xmin>427</xmin>
			<ymin>642</ymin>
			<xmax>484</xmax>
			<ymax>657</ymax>
		</bndbox>
	</object>
	<object>
		<difficult>0</difficult>
		<name>&amp;*@HUST_text</name>
		<bndbox>
			<xmin>519</xmin>
			<ymin>659</ymin>
			<xmax>570</xmax>
			<ymax>679</ymax>
		</bndbox>
	</object>
	<object>
		<difficult>0</difficult>
		<name>&amp;*@HUST_text</name>
		<bndbox>
			<xmin>508</xmin>
			<ymin>680</ymin>
			<xmax>580</xmax>
			<ymax>696</ymax>
		</bndbox>
	</object>
	<object>
		<difficult>0</difficult>
		<name>&amp;*@HUST_text</name>
		<bndbox>
			<xmin>460</xmin>
			<ymin>713</ymin>
			<xmax>527</xmax>
			<ymax>733</ymax>
		</bndbox>
	</object>
	<object>
		<difficult>0</difficult>
		<name>&amp;*@HUST_text</name>
		<bndbox>
			<xmin>452</xmin>
			<ymin>735</ymin>
			<xmax>528</xmax>
			<ymax>750</ymax>
		</bndbox>
	</object>
	<object>
		<difficult>0</difficult>
		<name>&amp;*@HUST_text</name>
		<bndbox>
			<xmin>622</xmin>
			<ymin>658</ymin>
			<xmax>670</xmax>
			<ymax>678</ymax>
		</bndbox>
	</object>
	<object>
		<difficult>0</difficult>
		<name>&amp;*@HUST_text</name>
		<bndbox>
			<xmin>614</xmin>
			<ymin>680</ymin>
			<xmax>676</xmax>
			<ymax>696</ymax>
		</bndbox>
	</object>
	<object>
		<difficult>0</difficult>
		<name>&amp;*@HUST_text</name>
		<bndbox>
			<xmin>720</xmin>
			<ymin>658</ymin>
			<xmax>777</xmax>
			<ymax>677</ymax>
		</bndbox>
	</object>
	<object>
		<difficult>0</difficult>
		<name>&amp;*@HUST_text</name>
		<bndbox>
			<xmin>718</xmin>
			<ymin>678</ymin>
			<xmax>784</xmax>
			<ymax>696</ymax>
		</bndbox>
	</object>
	<object>
		<difficult>0</difficult>
		<name>&amp;*@HUST_text</name>
		<bndbox>
			<xmin>542</xmin>
			<ymin>771</ymin>
			<xmax>635</xmax>
			<ymax>791</ymax>
		</bndbox>
	</object>
	<object>
		<difficult>0</difficult>
		<name>&amp;*@HUST_text</name>
		<bndbox>
			<xmin>534</xmin>
			<ymin>792</ymin>
			<xmax>639</xmax>
			<ymax>807</ymax>
		</bndbox>
	</object>
	<object>
		<difficult>0</difficult>
		<name>&amp;*@HUST_text</name>
		<bndbox>
			<xmin>712</xmin>
			<ymin>770</ymin>
			<xmax>784</xmax>
			<ymax>789</ymax>
		</bndbox>
	</object>
	<object>
		<difficult>0</difficult>
		<name>&amp;*@HUST_text</name>
		<bndbox>
			<xmin>705</xmin>
			<ymin>790</ymin>
			<xmax>792</xmax>
			<ymax>807</ymax>
		</bndbox>
	</object>
	<object>
		<difficult>0</difficult>
		<name>&amp;*@HUST_text</name>
		<bndbox>
			<xmin>690</xmin>
			<ymin>449</ymin>
			<xmax>825</xmax>
			<ymax>497</ymax>
		</bndbox>
	</object>
	<object>
		<difficult>0</difficult>
		<name>&amp;*@HUST_text</name>
		<bndbox>
			<xmin>691</xmin>
			<ymin>370</ymin>
			<xmax>836</xmax>
			<ymax>410</ymax>
		</bndbox>
	</object>
	<object>
		<difficult>0</difficult>
		<name>&amp;*@HUST_text</name>
		<bndbox>
			<xmin>732</xmin>
			<ymin>262</ymin>
			<xmax>828</xmax>
			<ymax>299</ymax>
		</bndbox>
	</object>
	<object>
		<difficult>1</difficult>
		<name>&amp;*@HUST_special</name>
		<bndbox>
			<xmin>644</xmin>
			<ymin>771</ymin>
			<xmax>697</xmax>
			<ymax>806</ymax>
		</bndbox>
	</object>
	<object>
		<difficult>1</difficult>
		<name>&amp;*@HUST_special</name>
		<bndbox>
			<xmin>486</xmin>
			<ymin>752</ymin>
			<xmax>532</xmax>
			<ymax>800</ymax>
		</bndbox>
	</object>
	<object>
		<difficult>1</difficult>
		<name>&amp;*@HUST_special</name>
		<bndbox>
			<xmin>534</xmin>
			<ymin>698</ymin>
			<xmax>554</xmax>
			<ymax>734</ymax>
		</bndbox>
	</object>
	<object>
		<difficult>1</difficult>
		<name>&amp;*@HUST_special</name>
		<bndbox>
			<xmin>584</xmin>
			<ymin>670</ymin>
			<xmax>602</xmax>
			<ymax>683</ymax>
		</bndbox>
	</object>
	<object>
		<difficult>1</difficult>
		<name>&amp;*@HUST_special</name>
		<bndbox>
			<xmin>495</xmin>
			<ymin>635</ymin>
			<xmax>549</xmax>
			<ymax>657</ymax>
		</bndbox>
	</object>
	<object>
		<difficult>1</difficult>
		<name>&amp;*@HUST_special</name>
		<bndbox>
			<xmin>688</xmin>
			<ymin>673</ymin>
			<xmax>705</xmax>
			<ymax>684</ymax>
		</bndbox>
	</object>
	<object>
		<difficult>1</difficult>
		<name>&amp;*@HUST_special</name>
		<bndbox>
			<xmin>688</xmin>
			<ymin>703</ymin>
			<xmax>727</xmax>
			<ymax>762</ymax>
		</bndbox>
	</object>
	<object>
		<difficult>1</difficult>
		<name>&amp;*@HUST_special</name>
		<bndbox>
			<xmin>569</xmin>
			<ymin>700</ymin>
			<xmax>605</xmax>
			<ymax>760</ymax>
		</bndbox>
	</object>
	<object>
		<difficult>1</difficult>
		<name>&amp;*@HUST_special</name>
		<bndbox>
			<xmin>834</xmin>
			<ymin>1</ymin>
			<xmax>969</xmax>
			<ymax>10</ymax>
		</bndbox>
	</object>
	<object>
		<difficult>1</difficult>
		<name>&amp;*@HUST_special</name>
		<bndbox>
			<xmin>399</xmin>
			<ymin>635</ymin>
			<xmax>410</xmax>
			<ymax>649</ymax>
		</bndbox>
	</object>
	<object>
		<difficult>1</difficult>
		<name>&amp;*@HUST_special</name>
		<bndbox>
			<xmin>735</xmin>
			<ymin>698</ymin>
			<xmax>759</xmax>
			<ymax>768</ymax>
		</bndbox>
	</object>
</annotation>