<annotation>
	<filename>图像 5671.png</filename>
	<size>
		<width>893</width>
		<height>485</height>
		<depth>3</depth>
	</size>
	<segmented>0</segmented>
	<object>
		<difficult>0</difficult>
		<name>&amp;*@HUST_text</name>
		<bndbox>
			<xmin>6</xmin>
			<ymin>1</ymin>
			<xmax>129</xmax>
			<ymax>36</ymax>
		</bndbox>
	</object>
	<object>
		<difficult>0</difficult>
		<name>&amp;*@HUST_text</name>
		<bndbox>
			<xmin>6</xmin>
			<ymin>43</ymin>
			<xmax>294</xmax>
			<ymax>64</ymax>
		</bndbox>
	</object>
	<object>
		<difficult>0</difficult>
		<name>&amp;*@HUST_text</name>
		<bndbox>
			<xmin>6</xmin>
			<ymin>65</ymin>
			<xmax>74</xmax>
			<ymax>84</ymax>
		</bndbox>
	</object>
	<object>
		<difficult>1</difficult>
		<name>&amp;*@HUST_special</name>
		<bndbox>
			<xmin>296</xmin>
			<ymin>44</ymin>
			<xmax>359</xmax>
			<ymax>72</ymax>
		</bndbox>
	</object>
	<object>
		<difficult>0</difficult>
		<name>&amp;*@HUST_text</name>
		<bndbox>
			<xmin>360</xmin>
			<ymin>43</ymin>
			<xmax>394</xmax>
			<ymax>72</ymax>
		</bndbox>
	</object>
	<object>
		<difficult>0</difficult>
		<name>&amp;*@HUST_text</name>
		<bndbox>
			<xmin>4</xmin>
			<ymin>87</ymin>
			<xmax>366</xmax>
			<ymax>108</ymax>
		</bndbox>
	</object>
	<object>
		<difficult>1</difficult>
		<name>&amp;*@HUST_special</name>
		<bndbox>
			<xmin>367</xmin>
			<ymin>87</ymin>
			<xmax>398</xmax>
			<ymax>109</ymax>
		</bndbox>
	</object>
	<object>
		<difficult>1</difficult>
		<name>&amp;*@HUST_special</name>
		<bndbox>
			<xmin>11</xmin>
			<ymin>109</ymin>
			<xmax>40</xmax>
			<ymax>128</ymax>
		</bndbox>
	</object>
	<object>
		<difficult>0</difficult>
		<name>&amp;*@HUST_text</name>
		<bndbox>
			<xmin>41</xmin>
			<ymin>108</ymin>
			<xmax>115</xmax>
			<ymax>127</ymax>
		</bndbox>
	</object>
	<object>
		<difficult>0</difficult>
		<name>&amp;*@HUST_text</name>
		<bndbox>
			<xmin>9</xmin>
			<ymin>131</ymin>
			<xmax>274</xmax>
			<ymax>153</ymax>
		</bndbox>
	</object>
	<object>
		<difficult>0</difficult>
		<name>&amp;*@HUST_text</name>
		<bndbox>
			<xmin>9</xmin>
			<ymin>154</ymin>
			<xmax>45</xmax>
			<ymax>171</ymax>
		</bndbox>
	</object>
	<object>
		<difficult>1</difficult>
		<name>&amp;*@HUST_special</name>
		<bndbox>
			<xmin>276</xmin>
			<ymin>131</ymin>
			<xmax>338</xmax>
			<ymax>155</ymax>
		</bndbox>
	</object>
	<object>
		<difficult>0</difficult>
		<name>&amp;*@HUST_text</name>
		<bndbox>
			<xmin>340</xmin>
			<ymin>132</ymin>
			<xmax>400</xmax>
			<ymax>154</ymax>
		</bndbox>
	</object>
	<object>
		<difficult>0</difficult>
		<name>&amp;*@HUST_text</name>
		<bndbox>
			<xmin>8</xmin>
			<ymin>176</ymin>
			<xmax>389</xmax>
			<ymax>195</ymax>
		</bndbox>
	</object>
	<object>
		<difficult>1</difficult>
		<name>&amp;*@HUST_special</name>
		<bndbox>
			<xmin>16</xmin>
			<ymin>196</ymin>
			<xmax>80</xmax>
			<ymax>216</ymax>
		</bndbox>
	</object>
	<object>
		<difficult>0</difficult>
		<name>&amp;*@HUST_text</name>
		<bndbox>
			<xmin>83</xmin>
			<ymin>195</ymin>
			<xmax>163</xmax>
			<ymax>216</ymax>
		</bndbox>
	</object>
	<object>
		<difficult>0</difficult>
		<name>&amp;*@HUST_text</name>
		<bndbox>
			<xmin>6</xmin>
			<ymin>223</ymin>
			<xmax>277</xmax>
			<ymax>257</ymax>
		</bndbox>
	</object>
	<object>
		<difficult>1</difficult>
		<name>&amp;*@HUST_special</name>
		<bndbox>
			<xmin>279</xmin>
			<ymin>223</ymin>
			<xmax>301</xmax>
			<ymax>256</ymax>
		</bndbox>
	</object>
	<object>
		<difficult>0</difficult>
		<name>&amp;*@HUST_text</name>
		<bndbox>
			<xmin>302</xmin>
			<ymin>223</ymin>
			<xmax>370</xmax>
			<ymax>255</ymax>
		</bndbox>
	</object>
	<object>
		<difficult>0</difficult>
		<name>&amp;*@HUST_text</name>
		<bndbox>
			<xmin>7</xmin>
			<ymin>265</ymin>
			<xmax>249</xmax>
			<ymax>302</ymax>
		</bndbox>
	</object>
	<object>
		<difficult>1</difficult>
		<name>&amp;*@HUST_special</name>
		<bndbox>
			<xmin>251</xmin>
			<ymin>266</ymin>
			<xmax>273</xmax>
			<ymax>301</ymax>
		</bndbox>
	</object>
	<object>
		<difficult>0</difficult>
		<name>&amp;*@HUST_text</name>
		<bndbox>
			<xmin>274</xmin>
			<ymin>265</ymin>
			<xmax>360</xmax>
			<ymax>302</ymax>
		</bndbox>
	</object>
	<object>
		<difficult>0</difficult>
		<name>&amp;*@HUST_text</name>
		<bndbox>
			<xmin>7</xmin>
			<ymin>309</ymin>
			<xmax>285</xmax>
			<ymax>347</ymax>
		</bndbox>
	</object>
	<object>
		<difficult>1</difficult>
		<name>&amp;*@HUST_special</name>
		<bndbox>
			<xmin>286</xmin>
			<ymin>309</ymin>
			<xmax>328</xmax>
			<ymax>347</ymax>
		</bndbox>
	</object>
	<object>
		<difficult>0</difficult>
		<name>&amp;*@HUST_text</name>
		<bndbox>
			<xmin>329</xmin>
			<ymin>309</ymin>
			<xmax>399</xmax>
			<ymax>347</ymax>
		</bndbox>
	</object>
	<object>
		<difficult>0</difficult>
		<name>&amp;*@HUST_text</name>
		<bndbox>
			<xmin>7</xmin>
			<ymin>352</ymin>
			<xmax>129</xmax>
			<ymax>391</ymax>
		</bndbox>
	</object>
	<object>
		<difficult>1</difficult>
		<name>&amp;*@HUST_special</name>
		<bndbox>
			<xmin>129</xmin>
			<ymin>352</ymin>
			<xmax>151</xmax>
			<ymax>390</ymax>
		</bndbox>
	</object>
	<object>
		<difficult>0</difficult>
		<name>&amp;*@HUST_text</name>
		<bndbox>
			<xmin>153</xmin>
			<ymin>352</ymin>
			<xmax>236</xmax>
			<ymax>391</ymax>
		</bndbox>
	</object>
	<object>
		<difficult>0</difficult>
		<name>&amp;*@HUST_text</name>
		<bndbox>
			<xmin>7</xmin>
			<ymin>397</ymin>
			<xmax>152</xmax>
			<ymax>435</ymax>
		</bndbox>
	</object>
	<object>
		<difficult>1</difficult>
		<name>&amp;*@HUST_special</name>
		<bndbox>
			<xmin>154</xmin>
			<ymin>397</ymin>
			<xmax>175</xmax>
			<ymax>435</ymax>
		</bndbox>
	</object>
	<object>
		<difficult>0</difficult>
		<name>&amp;*@HUST_text</name>
		<bndbox>
			<xmin>177</xmin>
			<ymin>397</ymin>
			<xmax>257</xmax>
			<ymax>434</ymax>
		</bndbox>
	</object>
	<object>
		<difficult>0</difficult>
		<name>&amp;*@HUST_text</name>
		<bndbox>
			<xmin>449</xmin>
			<ymin>3</ymin>
			<xmax>553</xmax>
			<ymax>38</ymax>
		</bndbox>
	</object>
	<object>
		<difficult>0</difficult>
		<name>&amp;*@HUST_text</name>
		<bndbox>
			<xmin>599</xmin>
			<ymin>1</ymin>
			<xmax>738</xmax>
			<ymax>37</ymax>
		</bndbox>
	</object>
	<object>
		<difficult>0</difficult>
		<name>&amp;*@HUST_text</name>
		<bndbox>
			<xmin>455</xmin>
			<ymin>43</ymin>
			<xmax>551</xmax>
			<ymax>61</ymax>
		</bndbox>
	</object>
	<object>
		<difficult>0</difficult>
		<name>&amp;*@HUST_text</name>
		<bndbox>
			<xmin>455</xmin>
			<ymin>62</ymin>
			<xmax>579</xmax>
			<ymax>83</ymax>
		</bndbox>
	</object>
	<object>
		<difficult>0</difficult>
		<name>&amp;*@HUST_text</name>
		<bndbox>
			<xmin>455</xmin>
			<ymin>88</ymin>
			<xmax>516</xmax>
			<ymax>106</ymax>
		</bndbox>
	</object>
	<object>
		<difficult>0</difficult>
		<name>&amp;*@HUST_text</name>
		<bndbox>
			<xmin>455</xmin>
			<ymin>107</ymin>
			<xmax>572</xmax>
			<ymax>127</ymax>
		</bndbox>
	</object>
	<object>
		<difficult>0</difficult>
		<name>&amp;*@HUST_text</name>
		<bndbox>
			<xmin>630</xmin>
			<ymin>45</ymin>
			<xmax>705</xmax>
			<ymax>82</ymax>
		</bndbox>
	</object>
	<object>
		<difficult>0</difficult>
		<name>&amp;*@HUST_text</name>
		<bndbox>
			<xmin>624</xmin>
			<ymin>89</ymin>
			<xmax>709</xmax>
			<ymax>127</ymax>
		</bndbox>
	</object>
	<object>
		<difficult>0</difficult>
		<name>&amp;*@HUST_text</name>
		<bndbox>
			<xmin>625</xmin>
			<ymin>133</ymin>
			<xmax>711</xmax>
			<ymax>172</ymax>
		</bndbox>
	</object>
	<object>
		<difficult>0</difficult>
		<name>&amp;*@HUST_text</name>
		<bndbox>
			<xmin>453</xmin>
			<ymin>132</ymin>
			<xmax>541</xmax>
			<ymax>150</ymax>
		</bndbox>
	</object>
	<object>
		<difficult>0</difficult>
		<name>&amp;*@HUST_text</name>
		<bndbox>
			<xmin>453</xmin>
			<ymin>151</ymin>
			<xmax>583</xmax>
			<ymax>171</ymax>
		</bndbox>
	</object>
	<object>
		<difficult>0</difficult>
		<name>&amp;*@HUST_text</name>
		<bndbox>
			<xmin>454</xmin>
			<ymin>176</ymin>
			<xmax>528</xmax>
			<ymax>193</ymax>
		</bndbox>
	</object>
	<object>
		<difficult>0</difficult>
		<name>&amp;*@HUST_text</name>
		<bndbox>
			<xmin>455</xmin>
			<ymin>194</ymin>
			<xmax>580</xmax>
			<ymax>215</ymax>
		</bndbox>
	</object>
	<object>
		<difficult>0</difficult>
		<name>&amp;*@HUST_text</name>
		<bndbox>
			<xmin>626</xmin>
			<ymin>175</ymin>
			<xmax>711</xmax>
			<ymax>214</ymax>
		</bndbox>
	</object>
	<object>
		<difficult>0</difficult>
		<name>&amp;*@HUST_text</name>
		<bndbox>
			<xmin>628</xmin>
			<ymin>220</ymin>
			<xmax>713</xmax>
			<ymax>259</ymax>
		</bndbox>
	</object>
	<object>
		<difficult>0</difficult>
		<name>&amp;*@HUST_text</name>
		<bndbox>
			<xmin>455</xmin>
			<ymin>219</ymin>
			<xmax>551</xmax>
			<ymax>239</ymax>
		</bndbox>
	</object>
	<object>
		<difficult>0</difficult>
		<name>&amp;*@HUST_text</name>
		<bndbox>
			<xmin>455</xmin>
			<ymin>240</ymin>
			<xmax>588</xmax>
			<ymax>260</ymax>
		</bndbox>
	</object>
	<object>
		<difficult>0</difficult>
		<name>&amp;*@HUST_text</name>
		<bndbox>
			<xmin>453</xmin>
			<ymin>264</ymin>
			<xmax>544</xmax>
			<ymax>282</ymax>
		</bndbox>
	</object>
	<object>
		<difficult>0</difficult>
		<name>&amp;*@HUST_text</name>
		<bndbox>
			<xmin>454</xmin>
			<ymin>283</ymin>
			<xmax>577</xmax>
			<ymax>304</ymax>
		</bndbox>
	</object>
	<object>
		<difficult>0</difficult>
		<name>&amp;*@HUST_text</name>
		<bndbox>
			<xmin>630</xmin>
			<ymin>264</ymin>
			<xmax>709</xmax>
			<ymax>301</ymax>
		</bndbox>
	</object>
	<object>
		<difficult>0</difficult>
		<name>&amp;*@HUST_text</name>
		<bndbox>
			<xmin>630</xmin>
			<ymin>309</ymin>
			<xmax>710</xmax>
			<ymax>347</ymax>
		</bndbox>
	</object>
	<object>
		<difficult>0</difficult>
		<name>&amp;*@HUST_text</name>
		<bndbox>
			<xmin>451</xmin>
			<ymin>309</ymin>
			<xmax>503</xmax>
			<ymax>326</ymax>
		</bndbox>
	</object>
	<object>
		<difficult>0</difficult>
		<name>&amp;*@HUST_text</name>
		<bndbox>
			<xmin>451</xmin>
			<ymin>327</ymin>
			<xmax>580</xmax>
			<ymax>348</ymax>
		</bndbox>
	</object>
	<object>
		<difficult>0</difficult>
		<name>&amp;*@HUST_text</name>
		<bndbox>
			<xmin>454</xmin>
			<ymin>352</ymin>
			<xmax>562</xmax>
			<ymax>371</ymax>
		</bndbox>
	</object>
	<object>
		<difficult>0</difficult>
		<name>&amp;*@HUST_text</name>
		<bndbox>
			<xmin>455</xmin>
			<ymin>372</ymin>
			<xmax>578</xmax>
			<ymax>391</ymax>
		</bndbox>
	</object>
	<object>
		<difficult>0</difficult>
		<name>&amp;*@HUST_text</name>
		<bndbox>
			<xmin>632</xmin>
			<ymin>352</ymin>
			<xmax>709</xmax>
			<ymax>391</ymax>
		</bndbox>
	</object>
	<object>
		<difficult>0</difficult>
		<name>&amp;*@HUST_text</name>
		<bndbox>
			<xmin>631</xmin>
			<ymin>396</ymin>
			<xmax>709</xmax>
			<ymax>434</ymax>
		</bndbox>
	</object>
	<object>
		<difficult>0</difficult>
		<name>&amp;*@HUST_text</name>
		<bndbox>
			<xmin>452</xmin>
			<ymin>396</ymin>
			<xmax>565</xmax>
			<ymax>414</ymax>
		</bndbox>
	</object>
	<object>
		<difficult>0</difficult>
		<name>&amp;*@HUST_text</name>
		<bndbox>
			<xmin>453</xmin>
			<ymin>415</ymin>
			<xmax>584</xmax>
			<ymax>435</ymax>
		</bndbox>
	</object>
	<object>
		<difficult>0</difficult>
		<name>&amp;*@HUST_text</name>
		<bndbox>
			<xmin>767</xmin>
			<ymin>396</ymin>
			<xmax>874</xmax>
			<ymax>414</ymax>
		</bndbox>
	</object>
	<object>
		<difficult>0</difficult>
		<name>&amp;*@HUST_text</name>
		<bndbox>
			<xmin>762</xmin>
			<ymin>414</ymin>
			<xmax>885</xmax>
			<ymax>436</ymax>
		</bndbox>
	</object>
	<object>
		<difficult>0</difficult>
		<name>&amp;*@HUST_text</name>
		<bndbox>
			<xmin>768</xmin>
			<ymin>352</ymin>
			<xmax>869</xmax>
			<ymax>370</ymax>
		</bndbox>
	</object>
	<object>
		<difficult>0</difficult>
		<name>&amp;*@HUST_text</name>
		<bndbox>
			<xmin>755</xmin>
			<ymin>372</ymin>
			<xmax>881</xmax>
			<ymax>391</ymax>
		</bndbox>
	</object>
	<object>
		<difficult>0</difficult>
		<name>&amp;*@HUST_text</name>
		<bndbox>
			<xmin>835</xmin>
			<ymin>310</ymin>
			<xmax>875</xmax>
			<ymax>324</ymax>
		</bndbox>
	</object>
	<object>
		<difficult>0</difficult>
		<name>&amp;*@HUST_text</name>
		<bndbox>
			<xmin>758</xmin>
			<ymin>326</ymin>
			<xmax>884</xmax>
			<ymax>346</ymax>
		</bndbox>
	</object>
	<object>
		<difficult>0</difficult>
		<name>&amp;*@HUST_text</name>
		<bndbox>
			<xmin>797</xmin>
			<ymin>264</ymin>
			<xmax>873</xmax>
			<ymax>282</ymax>
		</bndbox>
	</object>
	<object>
		<difficult>0</difficult>
		<name>&amp;*@HUST_text</name>
		<bndbox>
			<xmin>747</xmin>
			<ymin>283</ymin>
			<xmax>879</xmax>
			<ymax>303</ymax>
		</bndbox>
	</object>
	<object>
		<difficult>0</difficult>
		<name>&amp;*@HUST_text</name>
		<bndbox>
			<xmin>773</xmin>
			<ymin>220</ymin>
			<xmax>870</xmax>
			<ymax>239</ymax>
		</bndbox>
	</object>
	<object>
		<difficult>0</difficult>
		<name>&amp;*@HUST_text</name>
		<bndbox>
			<xmin>761</xmin>
			<ymin>240</ymin>
			<xmax>879</xmax>
			<ymax>258</ymax>
		</bndbox>
	</object>
	<object>
		<difficult>0</difficult>
		<name>&amp;*@HUST_text</name>
		<bndbox>
			<xmin>811</xmin>
			<ymin>176</ymin>
			<xmax>871</xmax>
			<ymax>195</ymax>
		</bndbox>
	</object>
	<object>
		<difficult>0</difficult>
		<name>&amp;*@HUST_text</name>
		<bndbox>
			<xmin>755</xmin>
			<ymin>196</ymin>
			<xmax>883</xmax>
			<ymax>215</ymax>
		</bndbox>
	</object>
	<object>
		<difficult>0</difficult>
		<name>&amp;*@HUST_text</name>
		<bndbox>
			<xmin>794</xmin>
			<ymin>132</ymin>
			<xmax>877</xmax>
			<ymax>151</ymax>
		</bndbox>
	</object>
	<object>
		<difficult>0</difficult>
		<name>&amp;*@HUST_text</name>
		<bndbox>
			<xmin>758</xmin>
			<ymin>151</ymin>
			<xmax>880</xmax>
			<ymax>171</ymax>
		</bndbox>
	</object>
	<object>
		<difficult>0</difficult>
		<name>&amp;*@HUST_text</name>
		<bndbox>
			<xmin>818</xmin>
			<ymin>88</ymin>
			<xmax>873</xmax>
			<ymax>105</ymax>
		</bndbox>
	</object>
	<object>
		<difficult>0</difficult>
		<name>&amp;*@HUST_text</name>
		<bndbox>
			<xmin>757</xmin>
			<ymin>106</ymin>
			<xmax>876</xmax>
			<ymax>127</ymax>
		</bndbox>
	</object>
	<object>
		<difficult>0</difficult>
		<name>&amp;*@HUST_text</name>
		<bndbox>
			<xmin>799</xmin>
			<ymin>44</ymin>
			<xmax>870</xmax>
			<ymax>62</ymax>
		</bndbox>
	</object>
	<object>
		<difficult>0</difficult>
		<name>&amp;*@HUST_text</name>
		<bndbox>
			<xmin>753</xmin>
			<ymin>63</ymin>
			<xmax>876</xmax>
			<ymax>84</ymax>
		</bndbox>
	</object>
	<object>
		<difficult>0</difficult>
		<name>&amp;*@HUST_text</name>
		<bndbox>
			<xmin>776</xmin>
			<ymin>2</ymin>
			<xmax>858</xmax>
			<ymax>41</ymax>
		</bndbox>
	</object>
	<object>
		<difficult>1</difficult>
		<name>&amp;*@HUST_special</name>
		<bndbox>
			<xmin>859</xmin>
			<ymin>2</ymin>
			<xmax>878</xmax>
			<ymax>39</ymax>
		</bndbox>
	</object>
</annotation>