<annotation>
	<filename>图像 3451.png</filename>
	<size>
		<width>1175</width>
		<height>839</height>
		<depth>3</depth>
	</size>
	<segmented>0</segmented>
	<object>
		<difficult>1</difficult>
		<name>&amp;*@HUST_special</name>
		<bndbox>
			<xmin>17</xmin>
			<ymin>0</ymin>
			<xmax>86</xmax>
			<ymax>44</ymax>
		</bndbox>
	</object>
	<object>
		<difficult>0</difficult>
		<name>&amp;*@HUST_text</name>
		<bndbox>
			<xmin>13</xmin>
			<ymin>44</ymin>
			<xmax>95</xmax>
			<ymax>61</ymax>
		</bndbox>
	</object>
	<object>
		<difficult>0</difficult>
		<name>&amp;*@HUST_text</name>
		<bndbox>
			<xmin>13</xmin>
			<ymin>61</ymin>
			<xmax>95</xmax>
			<ymax>74</ymax>
		</bndbox>
	</object>
	<object>
		<difficult>0</difficult>
		<name>&amp;*@HUST_text</name>
		<bndbox>
			<xmin>90</xmin>
			<ymin>0</ymin>
			<xmax>554</xmax>
			<ymax>43</ymax>
		</bndbox>
	</object>
	<object>
		<difficult>1</difficult>
		<name>&amp;*@HUST_special</name>
		<bndbox>
			<xmin>97</xmin>
			<ymin>44</ymin>
			<xmax>162</xmax>
			<ymax>75</ymax>
		</bndbox>
	</object>
	<object>
		<difficult>0</difficult>
		<name>&amp;*@HUST_text</name>
		<bndbox>
			<xmin>850</xmin>
			<ymin>10</ymin>
			<xmax>903</xmax>
			<ymax>37</ymax>
		</bndbox>
	</object>
	<object>
		<difficult>1</difficult>
		<name>&amp;*@HUST_special</name>
		<bndbox>
			<xmin>904</xmin>
			<ymin>10</ymin>
			<xmax>920</xmax>
			<ymax>37</ymax>
		</bndbox>
	</object>
	<object>
		<difficult>0</difficult>
		<name>&amp;*@HUST_text</name>
		<bndbox>
			<xmin>921</xmin>
			<ymin>10</ymin>
			<xmax>977</xmax>
			<ymax>37</ymax>
		</bndbox>
	</object>
	<object>
		<difficult>1</difficult>
		<name>&amp;*@HUST_special</name>
		<bndbox>
			<xmin>1124</xmin>
			<ymin>10</ymin>
			<xmax>1150</xmax>
			<ymax>37</ymax>
		</bndbox>
	</object>
	<object>
		<difficult>0</difficult>
		<name>&amp;*@HUST_text</name>
		<bndbox>
			<xmin>463</xmin>
			<ymin>68</ymin>
			<xmax>513</xmax>
			<ymax>110</ymax>
		</bndbox>
	</object>
	<object>
		<difficult>0</difficult>
		<name>&amp;*@HUST_text</name>
		<bndbox>
			<xmin>514</xmin>
			<ymin>68</ymin>
			<xmax>614</xmax>
			<ymax>110</ymax>
		</bndbox>
	</object>
	<object>
		<difficult>0</difficult>
		<name>&amp;*@HUST_text</name>
		<bndbox>
			<xmin>614</xmin>
			<ymin>68</ymin>
			<xmax>724</xmax>
			<ymax>110</ymax>
		</bndbox>
	</object>
	<object>
		<difficult>0</difficult>
		<name>&amp;*@HUST_text</name>
		<bndbox>
			<xmin>725</xmin>
			<ymin>67</ymin>
			<xmax>813</xmax>
			<ymax>104</ymax>
		</bndbox>
	</object>
	<object>
		<difficult>0</difficult>
		<name>&amp;*@HUST_text</name>
		<bndbox>
			<xmin>814</xmin>
			<ymin>67</ymin>
			<xmax>912</xmax>
			<ymax>110</ymax>
		</bndbox>
	</object>
	<object>
		<difficult>0</difficult>
		<name>&amp;*@HUST_text</name>
		<bndbox>
			<xmin>913</xmin>
			<ymin>67</ymin>
			<xmax>994</xmax>
			<ymax>110</ymax>
		</bndbox>
	</object>
	<object>
		<difficult>0</difficult>
		<name>&amp;*@HUST_text</name>
		<bndbox>
			<xmin>995</xmin>
			<ymin>67</ymin>
			<xmax>1076</xmax>
			<ymax>110</ymax>
		</bndbox>
	</object>
	<object>
		<difficult>0</difficult>
		<name>&amp;*@HUST_text</name>
		<bndbox>
			<xmin>1077</xmin>
			<ymin>68</ymin>
			<xmax>1175</xmax>
			<ymax>110</ymax>
		</bndbox>
	</object>
	<object>
		<difficult>1</difficult>
		<name>&amp;*@HUST_special</name>
		<bndbox>
			<xmin>729</xmin>
			<ymin>105</ymin>
			<xmax>813</xmax>
			<ymax>112</ymax>
		</bndbox>
	</object>
	<object>
		<difficult>0</difficult>
		<name>&amp;*@HUST_text</name>
		<bndbox>
			<xmin>28</xmin>
			<ymin>113</ymin>
			<xmax>894</xmax>
			<ymax>144</ymax>
		</bndbox>
	</object>
	<object>
		<difficult>0</difficult>
		<name>&amp;*@HUST_text</name>
		<bndbox>
			<xmin>31</xmin>
			<ymin>146</ymin>
			<xmax>616</xmax>
			<ymax>191</ymax>
		</bndbox>
	</object>
	<object>
		<difficult>0</difficult>
		<name>&amp;*@HUST_text</name>
		<bndbox>
			<xmin>715</xmin>
			<ymin>146</ymin>
			<xmax>849</xmax>
			<ymax>191</ymax>
		</bndbox>
	</object>
	<object>
		<difficult>1</difficult>
		<name>&amp;*@HUST_special</name>
		<bndbox>
			<xmin>780</xmin>
			<ymin>194</ymin>
			<xmax>824</xmax>
			<ymax>235</ymax>
		</bndbox>
	</object>
	<object>
		<difficult>0</difficult>
		<name>&amp;*@HUST_text</name>
		<bndbox>
			<xmin>853</xmin>
			<ymin>148</ymin>
			<xmax>944</xmax>
			<ymax>179</ymax>
		</bndbox>
	</object>
	<object>
		<difficult>0</difficult>
		<name>&amp;*@HUST_text</name>
		<bndbox>
			<xmin>648</xmin>
			<ymin>226</ymin>
			<xmax>755</xmax>
			<ymax>253</ymax>
		</bndbox>
	</object>
	<object>
		<difficult>0</difficult>
		<name>&amp;*@HUST_text</name>
		<bndbox>
			<xmin>648</xmin>
			<ymin>254</ymin>
			<xmax>732</xmax>
			<ymax>274</ymax>
		</bndbox>
	</object>
	<object>
		<difficult>0</difficult>
		<name>&amp;*@HUST_text</name>
		<bndbox>
			<xmin>855</xmin>
			<ymin>188</ymin>
			<xmax>972</xmax>
			<ymax>213</ymax>
		</bndbox>
	</object>
	<object>
		<difficult>0</difficult>
		<name>&amp;*@HUST_text</name>
		<bndbox>
			<xmin>855</xmin>
			<ymin>213</ymin>
			<xmax>955</xmax>
			<ymax>235</ymax>
		</bndbox>
	</object>
	<object>
		<difficult>0</difficult>
		<name>&amp;*@HUST_text</name>
		<bndbox>
			<xmin>854</xmin>
			<ymin>235</ymin>
			<xmax>1016</xmax>
			<ymax>257</ymax>
		</bndbox>
	</object>
	<object>
		<difficult>0</difficult>
		<name>&amp;*@HUST_text</name>
		<bndbox>
			<xmin>855</xmin>
			<ymin>258</ymin>
			<xmax>1107</xmax>
			<ymax>285</ymax>
		</bndbox>
	</object>
	<object>
		<difficult>0</difficult>
		<name>&amp;*@HUST_text</name>
		<bndbox>
			<xmin>852</xmin>
			<ymin>294</ymin>
			<xmax>1118</xmax>
			<ymax>321</ymax>
		</bndbox>
	</object>
	<object>
		<difficult>0</difficult>
		<name>&amp;*@HUST_text</name>
		<bndbox>
			<xmin>852</xmin>
			<ymin>321</ymin>
			<xmax>895</xmax>
			<ymax>342</ymax>
		</bndbox>
	</object>
	<object>
		<difficult>0</difficult>
		<name>&amp;*@HUST_text</name>
		<bndbox>
			<xmin>853</xmin>
			<ymin>343</ymin>
			<xmax>1120</xmax>
			<ymax>369</ymax>
		</bndbox>
	</object>
	<object>
		<difficult>0</difficult>
		<name>&amp;*@HUST_text</name>
		<bndbox>
			<xmin>854</xmin>
			<ymin>369</ymin>
			<xmax>1017</xmax>
			<ymax>393</ymax>
		</bndbox>
	</object>
	<object>
		<difficult>0</difficult>
		<name>&amp;*@HUST_text</name>
		<bndbox>
			<xmin>89</xmin>
			<ymin>350</ymin>
			<xmax>532</xmax>
			<ymax>451</ymax>
		</bndbox>
	</object>
	<object>
		<difficult>0</difficult>
		<name>&amp;*@HUST_text</name>
		<bndbox>
			<xmin>645</xmin>
			<ymin>512</ymin>
			<xmax>802</xmax>
			<ymax>574</ymax>
		</bndbox>
	</object>
	<object>
		<difficult>1</difficult>
		<name>&amp;*@HUST_special</name>
		<bndbox>
			<xmin>684</xmin>
			<ymin>656</ymin>
			<xmax>783</xmax>
			<ymax>719</ymax>
		</bndbox>
	</object>
	<object>
		<difficult>0</difficult>
		<name>&amp;*@HUST_text</name>
		<bndbox>
			<xmin>684</xmin>
			<ymin>720</ymin>
			<xmax>783</xmax>
			<ymax>751</ymax>
		</bndbox>
	</object>
	<object>
		<difficult>1</difficult>
		<name>&amp;*@HUST_special</name>
		<bndbox>
			<xmin>774</xmin>
			<ymin>777</ymin>
			<xmax>822</xmax>
			<ymax>822</ymax>
		</bndbox>
	</object>
	<object>
		<difficult>0</difficult>
		<name>&amp;*@HUST_text</name>
		<bndbox>
			<xmin>94</xmin>
			<ymin>655</ymin>
			<xmax>350</xmax>
			<ymax>691</ymax>
		</bndbox>
	</object>
	<object>
		<difficult>0</difficult>
		<name>&amp;*@HUST_text</name>
		<bndbox>
			<xmin>95</xmin>
			<ymin>692</ymin>
			<xmax>351</xmax>
			<ymax>715</ymax>
		</bndbox>
	</object>
	<object>
		<difficult>0</difficult>
		<name>&amp;*@HUST_text</name>
		<bndbox>
			<xmin>94</xmin>
			<ymin>715</ymin>
			<xmax>395</xmax>
			<ymax>745</ymax>
		</bndbox>
	</object>
	<object>
		<difficult>1</difficult>
		<name>&amp;*@HUST_special</name>
		<bndbox>
			<xmin>56</xmin>
			<ymin>763</ymin>
			<xmax>76</xmax>
			<ymax>785</ymax>
		</bndbox>
	</object>
	<object>
		<difficult>1</difficult>
		<name>&amp;*@HUST_special</name>
		<bndbox>
			<xmin>355</xmin>
			<ymin>778</ymin>
			<xmax>388</xmax>
			<ymax>822</ymax>
		</bndbox>
	</object>
	<object>
		<difficult>1</difficult>
		<name>&amp;*@HUST_special</name>
		<bndbox>
			<xmin>462</xmin>
			<ymin>777</ymin>
			<xmax>496</xmax>
			<ymax>823</ymax>
		</bndbox>
	</object>
	<object>
		<difficult>0</difficult>
		<name>&amp;*@HUST_text</name>
		<bndbox>
			<xmin>411</xmin>
			<ymin>791</ymin>
			<xmax>430</xmax>
			<ymax>808</ymax>
		</bndbox>
	</object>
	<object>
		<difficult>0</difficult>
		<name>&amp;*@HUST_text</name>
		<bndbox>
			<xmin>434</xmin>
			<ymin>777</ymin>
			<xmax>461</xmax>
			<ymax>822</ymax>
		</bndbox>
	</object>
</annotation>