<annotation>
	<filename>图像 3651.png</filename>
	<size>
		<width>984</width>
		<height>397</height>
		<depth>3</depth>
	</size>
	<segmented>0</segmented>
	<object>
		<difficult>0</difficult>
		<name>&amp;*@HUST_text</name>
		<bndbox>
			<xmin>2</xmin>
			<ymin>1</ymin>
			<xmax>194</xmax>
			<ymax>23</ymax>
		</bndbox>
	</object>
	<object>
		<difficult>0</difficult>
		<name>&amp;*@HUST_text</name>
		<bndbox>
			<xmin>2</xmin>
			<ymin>24</ymin>
			<xmax>97</xmax>
			<ymax>43</ymax>
		</bndbox>
	</object>
	<object>
		<difficult>1</difficult>
		<name>&amp;*@HUST_special</name>
		<bndbox>
			<xmin>2</xmin>
			<ymin>44</ymin>
			<xmax>971</xmax>
			<ymax>57</ymax>
		</bndbox>
	</object>
	<object>
		<difficult>0</difficult>
		<name>&amp;*@HUST_text</name>
		<bndbox>
			<xmin>16</xmin>
			<ymin>62</ymin>
			<xmax>48</xmax>
			<ymax>84</ymax>
		</bndbox>
	</object>
	<object>
		<difficult>0</difficult>
		<name>&amp;*@HUST_text</name>
		<bndbox>
			<xmin>62</xmin>
			<ymin>63</ymin>
			<xmax>96</xmax>
			<ymax>84</ymax>
		</bndbox>
	</object>
	<object>
		<difficult>0</difficult>
		<name>&amp;*@HUST_text</name>
		<bndbox>
			<xmin>114</xmin>
			<ymin>63</ymin>
			<xmax>148</xmax>
			<ymax>84</ymax>
		</bndbox>
	</object>
	<object>
		<difficult>0</difficult>
		<name>&amp;*@HUST_text</name>
		<bndbox>
			<xmin>164</xmin>
			<ymin>63</ymin>
			<xmax>196</xmax>
			<ymax>85</ymax>
		</bndbox>
	</object>
	<object>
		<difficult>0</difficult>
		<name>&amp;*@HUST_text</name>
		<bndbox>
			<xmin>215</xmin>
			<ymin>62</ymin>
			<xmax>248</xmax>
			<ymax>85</ymax>
		</bndbox>
	</object>
	<object>
		<difficult>0</difficult>
		<name>&amp;*@HUST_text</name>
		<bndbox>
			<xmin>266</xmin>
			<ymin>63</ymin>
			<xmax>298</xmax>
			<ymax>84</ymax>
		</bndbox>
	</object>
	<object>
		<difficult>1</difficult>
		<name>&amp;*@HUST_special</name>
		<bndbox>
			<xmin>49</xmin>
			<ymin>63</ymin>
			<xmax>61</xmax>
			<ymax>84</ymax>
		</bndbox>
	</object>
	<object>
		<difficult>1</difficult>
		<name>&amp;*@HUST_special</name>
		<bndbox>
			<xmin>97</xmin>
			<ymin>64</ymin>
			<xmax>113</xmax>
			<ymax>84</ymax>
		</bndbox>
	</object>
	<object>
		<difficult>1</difficult>
		<name>&amp;*@HUST_special</name>
		<bndbox>
			<xmin>148</xmin>
			<ymin>63</ymin>
			<xmax>162</xmax>
			<ymax>84</ymax>
		</bndbox>
	</object>
	<object>
		<difficult>1</difficult>
		<name>&amp;*@HUST_special</name>
		<bndbox>
			<xmin>197</xmin>
			<ymin>63</ymin>
			<xmax>214</xmax>
			<ymax>85</ymax>
		</bndbox>
	</object>
	<object>
		<difficult>1</difficult>
		<name>&amp;*@HUST_special</name>
		<bndbox>
			<xmin>249</xmin>
			<ymin>63</ymin>
			<xmax>265</xmax>
			<ymax>85</ymax>
		</bndbox>
	</object>
	<object>
		<difficult>0</difficult>
		<name>&amp;*@HUST_text</name>
		<bndbox>
			<xmin>315</xmin>
			<ymin>62</ymin>
			<xmax>354</xmax>
			<ymax>85</ymax>
		</bndbox>
	</object>
	<object>
		<difficult>1</difficult>
		<name>&amp;*@HUST_special</name>
		<bndbox>
			<xmin>299</xmin>
			<ymin>62</ymin>
			<xmax>313</xmax>
			<ymax>84</ymax>
		</bndbox>
	</object>
	<object>
		<difficult>0</difficult>
		<name>&amp;*@HUST_text</name>
		<bndbox>
			<xmin>14</xmin>
			<ymin>94</ymin>
			<xmax>105</xmax>
			<ymax>112</ymax>
		</bndbox>
	</object>
	<object>
		<difficult>0</difficult>
		<name>&amp;*@HUST_text</name>
		<bndbox>
			<xmin>109</xmin>
			<ymin>94</ymin>
			<xmax>171</xmax>
			<ymax>113</ymax>
		</bndbox>
	</object>
	<object>
		<difficult>0</difficult>
		<name>&amp;*@HUST_text</name>
		<bndbox>
			<xmin>14</xmin>
			<ymin>122</ymin>
			<xmax>146</xmax>
			<ymax>139</ymax>
		</bndbox>
	</object>
	<object>
		<difficult>0</difficult>
		<name>&amp;*@HUST_text</name>
		<bndbox>
			<xmin>152</xmin>
			<ymin>122</ymin>
			<xmax>206</xmax>
			<ymax>139</ymax>
		</bndbox>
	</object>
	<object>
		<difficult>0</difficult>
		<name>&amp;*@HUST_text</name>
		<bndbox>
			<xmin>15</xmin>
			<ymin>148</ymin>
			<xmax>71</xmax>
			<ymax>166</ymax>
		</bndbox>
	</object>
	<object>
		<difficult>0</difficult>
		<name>&amp;*@HUST_text</name>
		<bndbox>
			<xmin>75</xmin>
			<ymin>149</ymin>
			<xmax>130</xmax>
			<ymax>166</ymax>
		</bndbox>
	</object>
	<object>
		<difficult>0</difficult>
		<name>&amp;*@HUST_text</name>
		<bndbox>
			<xmin>134</xmin>
			<ymin>148</ymin>
			<xmax>188</xmax>
			<ymax>166</ymax>
		</bndbox>
	</object>
	<object>
		<difficult>0</difficult>
		<name>&amp;*@HUST_text</name>
		<bndbox>
			<xmin>15</xmin>
			<ymin>176</ymin>
			<xmax>82</xmax>
			<ymax>193</ymax>
		</bndbox>
	</object>
	<object>
		<difficult>0</difficult>
		<name>&amp;*@HUST_text</name>
		<bndbox>
			<xmin>89</xmin>
			<ymin>175</ymin>
			<xmax>239</xmax>
			<ymax>193</ymax>
		</bndbox>
	</object>
	<object>
		<difficult>0</difficult>
		<name>&amp;*@HUST_text</name>
		<bndbox>
			<xmin>14</xmin>
			<ymin>203</ymin>
			<xmax>87</xmax>
			<ymax>220</ymax>
		</bndbox>
	</object>
	<object>
		<difficult>0</difficult>
		<name>&amp;*@HUST_text</name>
		<bndbox>
			<xmin>92</xmin>
			<ymin>203</ymin>
			<xmax>159</xmax>
			<ymax>219</ymax>
		</bndbox>
	</object>
	<object>
		<difficult>0</difficult>
		<name>&amp;*@HUST_text</name>
		<bndbox>
			<xmin>164</xmin>
			<ymin>203</ymin>
			<xmax>217</xmax>
			<ymax>220</ymax>
		</bndbox>
	</object>
	<object>
		<difficult>0</difficult>
		<name>&amp;*@HUST_text</name>
		<bndbox>
			<xmin>111</xmin>
			<ymin>230</ymin>
			<xmax>202</xmax>
			<ymax>247</ymax>
		</bndbox>
	</object>
	<object>
		<difficult>0</difficult>
		<name>&amp;*@HUST_text</name>
		<bndbox>
			<xmin>15</xmin>
			<ymin>229</ymin>
			<xmax>106</xmax>
			<ymax>248</ymax>
		</bndbox>
	</object>
	<object>
		<difficult>0</difficult>
		<name>&amp;*@HUST_text</name>
		<bndbox>
			<xmin>15</xmin>
			<ymin>256</ymin>
			<xmax>82</xmax>
			<ymax>275</ymax>
		</bndbox>
	</object>
	<object>
		<difficult>0</difficult>
		<name>&amp;*@HUST_text</name>
		<bndbox>
			<xmin>86</xmin>
			<ymin>256</ymin>
			<xmax>141</xmax>
			<ymax>275</ymax>
		</bndbox>
	</object>
	<object>
		<difficult>0</difficult>
		<name>&amp;*@HUST_text</name>
		<bndbox>
			<xmin>145</xmin>
			<ymin>256</ymin>
			<xmax>201</xmax>
			<ymax>274</ymax>
		</bndbox>
	</object>
	<object>
		<difficult>0</difficult>
		<name>&amp;*@HUST_text</name>
		<bndbox>
			<xmin>134</xmin>
			<ymin>284</ymin>
			<xmax>189</xmax>
			<ymax>301</ymax>
		</bndbox>
	</object>
	<object>
		<difficult>0</difficult>
		<name>&amp;*@HUST_text</name>
		<bndbox>
			<xmin>74</xmin>
			<ymin>283</ymin>
			<xmax>129</xmax>
			<ymax>301</ymax>
		</bndbox>
	</object>
	<object>
		<difficult>0</difficult>
		<name>&amp;*@HUST_text</name>
		<bndbox>
			<xmin>16</xmin>
			<ymin>284</ymin>
			<xmax>70</xmax>
			<ymax>301</ymax>
		</bndbox>
	</object>
	<object>
		<difficult>0</difficult>
		<name>&amp;*@HUST_text</name>
		<bndbox>
			<xmin>196</xmin>
			<ymin>283</ymin>
			<xmax>249</xmax>
			<ymax>300</ymax>
		</bndbox>
	</object>
	<object>
		<difficult>0</difficult>
		<name>&amp;*@HUST_text</name>
		<bndbox>
			<xmin>254</xmin>
			<ymin>284</ymin>
			<xmax>321</xmax>
			<ymax>301</ymax>
		</bndbox>
	</object>
	<object>
		<difficult>0</difficult>
		<name>&amp;*@HUST_text</name>
		<bndbox>
			<xmin>326</xmin>
			<ymin>284</ymin>
			<xmax>375</xmax>
			<ymax>301</ymax>
		</bndbox>
	</object>
	<object>
		<difficult>0</difficult>
		<name>&amp;*@HUST_text</name>
		<bndbox>
			<xmin>380</xmin>
			<ymin>283</ymin>
			<xmax>448</xmax>
			<ymax>301</ymax>
		</bndbox>
	</object>
	<object>
		<difficult>0</difficult>
		<name>&amp;*@HUST_text</name>
		<bndbox>
			<xmin>361</xmin>
			<ymin>257</ymin>
			<xmax>415</xmax>
			<ymax>274</ymax>
		</bndbox>
	</object>
	<object>
		<difficult>0</difficult>
		<name>&amp;*@HUST_text</name>
		<bndbox>
			<xmin>301</xmin>
			<ymin>256</ymin>
			<xmax>356</xmax>
			<ymax>274</ymax>
		</bndbox>
	</object>
	<object>
		<difficult>0</difficult>
		<name>&amp;*@HUST_text</name>
		<bndbox>
			<xmin>267</xmin>
			<ymin>256</ymin>
			<xmax>295</xmax>
			<ymax>274</ymax>
		</bndbox>
	</object>
	<object>
		<difficult>0</difficult>
		<name>&amp;*@HUST_text</name>
		<bndbox>
			<xmin>206</xmin>
			<ymin>256</ymin>
			<xmax>260</xmax>
			<ymax>273</ymax>
		</bndbox>
	</object>
	<object>
		<difficult>0</difficult>
		<name>&amp;*@HUST_text</name>
		<bndbox>
			<xmin>206</xmin>
			<ymin>230</ymin>
			<xmax>268</xmax>
			<ymax>246</ymax>
		</bndbox>
	</object>
	<object>
		<difficult>0</difficult>
		<name>&amp;*@HUST_text</name>
		<bndbox>
			<xmin>272</xmin>
			<ymin>230</ymin>
			<xmax>340</xmax>
			<ymax>247</ymax>
		</bndbox>
	</object>
	<object>
		<difficult>0</difficult>
		<name>&amp;*@HUST_text</name>
		<bndbox>
			<xmin>346</xmin>
			<ymin>230</ymin>
			<xmax>425</xmax>
			<ymax>247</ymax>
		</bndbox>
	</object>
	<object>
		<difficult>0</difficult>
		<name>&amp;*@HUST_text</name>
		<bndbox>
			<xmin>365</xmin>
			<ymin>201</ymin>
			<xmax>418</xmax>
			<ymax>219</ymax>
		</bndbox>
	</object>
	<object>
		<difficult>0</difficult>
		<name>&amp;*@HUST_text</name>
		<bndbox>
			<xmin>293</xmin>
			<ymin>202</ymin>
			<xmax>361</xmax>
			<ymax>220</ymax>
		</bndbox>
	</object>
	<object>
		<difficult>0</difficult>
		<name>&amp;*@HUST_text</name>
		<bndbox>
			<xmin>222</xmin>
			<ymin>203</ymin>
			<xmax>289</xmax>
			<ymax>220</ymax>
		</bndbox>
	</object>
	<object>
		<difficult>0</difficult>
		<name>&amp;*@HUST_text</name>
		<bndbox>
			<xmin>245</xmin>
			<ymin>175</ymin>
			<xmax>297</xmax>
			<ymax>193</ymax>
		</bndbox>
	</object>
	<object>
		<difficult>0</difficult>
		<name>&amp;*@HUST_text</name>
		<bndbox>
			<xmin>303</xmin>
			<ymin>175</ymin>
			<xmax>358</xmax>
			<ymax>193</ymax>
		</bndbox>
	</object>
	<object>
		<difficult>0</difficult>
		<name>&amp;*@HUST_text</name>
		<bndbox>
			<xmin>364</xmin>
			<ymin>175</ymin>
			<xmax>431</xmax>
			<ymax>194</ymax>
		</bndbox>
	</object>
	<object>
		<difficult>0</difficult>
		<name>&amp;*@HUST_text</name>
		<bndbox>
			<xmin>276</xmin>
			<ymin>149</ymin>
			<xmax>385</xmax>
			<ymax>167</ymax>
		</bndbox>
	</object>
	<object>
		<difficult>0</difficult>
		<name>&amp;*@HUST_text</name>
		<bndbox>
			<xmin>389</xmin>
			<ymin>150</ymin>
			<xmax>467</xmax>
			<ymax>166</ymax>
		</bndbox>
	</object>
	<object>
		<difficult>0</difficult>
		<name>&amp;*@HUST_text</name>
		<bndbox>
			<xmin>194</xmin>
			<ymin>150</ymin>
			<xmax>270</xmax>
			<ymax>167</ymax>
		</bndbox>
	</object>
	<object>
		<difficult>0</difficult>
		<name>&amp;*@HUST_text</name>
		<bndbox>
			<xmin>210</xmin>
			<ymin>123</ymin>
			<xmax>282</xmax>
			<ymax>139</ymax>
		</bndbox>
	</object>
	<object>
		<difficult>0</difficult>
		<name>&amp;*@HUST_text</name>
		<bndbox>
			<xmin>288</xmin>
			<ymin>123</ymin>
			<xmax>333</xmax>
			<ymax>139</ymax>
		</bndbox>
	</object>
	<object>
		<difficult>0</difficult>
		<name>&amp;*@HUST_text</name>
		<bndbox>
			<xmin>340</xmin>
			<ymin>122</ymin>
			<xmax>388</xmax>
			<ymax>140</ymax>
		</bndbox>
	</object>
	<object>
		<difficult>0</difficult>
		<name>&amp;*@HUST_text</name>
		<bndbox>
			<xmin>396</xmin>
			<ymin>121</ymin>
			<xmax>449</xmax>
			<ymax>140</ymax>
		</bndbox>
	</object>
	<object>
		<difficult>0</difficult>
		<name>&amp;*@HUST_text</name>
		<bndbox>
			<xmin>176</xmin>
			<ymin>94</ymin>
			<xmax>237</xmax>
			<ymax>112</ymax>
		</bndbox>
	</object>
	<object>
		<difficult>0</difficult>
		<name>&amp;*@HUST_text</name>
		<bndbox>
			<xmin>242</xmin>
			<ymin>95</ymin>
			<xmax>302</xmax>
			<ymax>112</ymax>
		</bndbox>
	</object>
	<object>
		<difficult>0</difficult>
		<name>&amp;*@HUST_text</name>
		<bndbox>
			<xmin>308</xmin>
			<ymin>95</ymin>
			<xmax>419</xmax>
			<ymax>112</ymax>
		</bndbox>
	</object>
	<object>
		<difficult>0</difficult>
		<name>&amp;*@HUST_text</name>
		<bndbox>
			<xmin>424</xmin>
			<ymin>95</ymin>
			<xmax>485</xmax>
			<ymax>112</ymax>
		</bndbox>
	</object>
	<object>
		<difficult>0</difficult>
		<name>&amp;*@HUST_text</name>
		<bndbox>
			<xmin>491</xmin>
			<ymin>95</ymin>
			<xmax>551</xmax>
			<ymax>112</ymax>
		</bndbox>
	</object>
	<object>
		<difficult>0</difficult>
		<name>&amp;*@HUST_text</name>
		<bndbox>
			<xmin>557</xmin>
			<ymin>94</ymin>
			<xmax>617</xmax>
			<ymax>113</ymax>
		</bndbox>
	</object>
	<object>
		<difficult>0</difficult>
		<name>&amp;*@HUST_text</name>
		<bndbox>
			<xmin>623</xmin>
			<ymin>95</ymin>
			<xmax>718</xmax>
			<ymax>111</ymax>
		</bndbox>
	</object>
	<object>
		<difficult>0</difficult>
		<name>&amp;*@HUST_text</name>
		<bndbox>
			<xmin>453</xmin>
			<ymin>121</ymin>
			<xmax>556</xmax>
			<ymax>138</ymax>
		</bndbox>
	</object>
	<object>
		<difficult>0</difficult>
		<name>&amp;*@HUST_text</name>
		<bndbox>
			<xmin>561</xmin>
			<ymin>122</ymin>
			<xmax>613</xmax>
			<ymax>139</ymax>
		</bndbox>
	</object>
	<object>
		<difficult>0</difficult>
		<name>&amp;*@HUST_text</name>
		<bndbox>
			<xmin>620</xmin>
			<ymin>122</ymin>
			<xmax>674</xmax>
			<ymax>139</ymax>
		</bndbox>
	</object>
	<object>
		<difficult>0</difficult>
		<name>&amp;*@HUST_text</name>
		<bndbox>
			<xmin>473</xmin>
			<ymin>148</ymin>
			<xmax>546</xmax>
			<ymax>165</ymax>
		</bndbox>
	</object>
	<object>
		<difficult>0</difficult>
		<name>&amp;*@HUST_text</name>
		<bndbox>
			<xmin>552</xmin>
			<ymin>149</ymin>
			<xmax>598</xmax>
			<ymax>166</ymax>
		</bndbox>
	</object>
	<object>
		<difficult>0</difficult>
		<name>&amp;*@HUST_text</name>
		<bndbox>
			<xmin>604</xmin>
			<ymin>149</ymin>
			<xmax>678</xmax>
			<ymax>166</ymax>
		</bndbox>
	</object>
	<object>
		<difficult>0</difficult>
		<name>&amp;*@HUST_text</name>
		<bndbox>
			<xmin>617</xmin>
			<ymin>176</ymin>
			<xmax>673</xmax>
			<ymax>193</ymax>
		</bndbox>
	</object>
	<object>
		<difficult>0</difficult>
		<name>&amp;*@HUST_text</name>
		<bndbox>
			<xmin>556</xmin>
			<ymin>175</ymin>
			<xmax>611</xmax>
			<ymax>193</ymax>
		</bndbox>
	</object>
	<object>
		<difficult>0</difficult>
		<name>&amp;*@HUST_text</name>
		<bndbox>
			<xmin>497</xmin>
			<ymin>176</ymin>
			<xmax>551</xmax>
			<ymax>193</ymax>
		</bndbox>
	</object>
	<object>
		<difficult>0</difficult>
		<name>&amp;*@HUST_text</name>
		<bndbox>
			<xmin>437</xmin>
			<ymin>176</ymin>
			<xmax>492</xmax>
			<ymax>193</ymax>
		</bndbox>
	</object>
	<object>
		<difficult>0</difficult>
		<name>&amp;*@HUST_text</name>
		<bndbox>
			<xmin>424</xmin>
			<ymin>203</ymin>
			<xmax>498</xmax>
			<ymax>220</ymax>
		</bndbox>
	</object>
	<object>
		<difficult>0</difficult>
		<name>&amp;*@HUST_text</name>
		<bndbox>
			<xmin>503</xmin>
			<ymin>203</ymin>
			<xmax>558</xmax>
			<ymax>220</ymax>
		</bndbox>
	</object>
	<object>
		<difficult>0</difficult>
		<name>&amp;*@HUST_text</name>
		<bndbox>
			<xmin>564</xmin>
			<ymin>203</ymin>
			<xmax>641</xmax>
			<ymax>221</ymax>
		</bndbox>
	</object>
	<object>
		<difficult>0</difficult>
		<name>&amp;*@HUST_text</name>
		<bndbox>
			<xmin>429</xmin>
			<ymin>230</ymin>
			<xmax>483</xmax>
			<ymax>247</ymax>
		</bndbox>
	</object>
	<object>
		<difficult>0</difficult>
		<name>&amp;*@HUST_text</name>
		<bndbox>
			<xmin>488</xmin>
			<ymin>230</ymin>
			<xmax>543</xmax>
			<ymax>246</ymax>
		</bndbox>
	</object>
	<object>
		<difficult>0</difficult>
		<name>&amp;*@HUST_text</name>
		<bndbox>
			<xmin>549</xmin>
			<ymin>229</ymin>
			<xmax>617</xmax>
			<ymax>248</ymax>
		</bndbox>
	</object>
	<object>
		<difficult>0</difficult>
		<name>&amp;*@HUST_text</name>
		<bndbox>
			<xmin>622</xmin>
			<ymin>230</ymin>
			<xmax>677</xmax>
			<ymax>247</ymax>
		</bndbox>
	</object>
	<object>
		<difficult>0</difficult>
		<name>&amp;*@HUST_text</name>
		<bndbox>
			<xmin>598</xmin>
			<ymin>257</ymin>
			<xmax>676</xmax>
			<ymax>274</ymax>
		</bndbox>
	</object>
	<object>
		<difficult>0</difficult>
		<name>&amp;*@HUST_text</name>
		<bndbox>
			<xmin>539</xmin>
			<ymin>257</ymin>
			<xmax>593</xmax>
			<ymax>274</ymax>
		</bndbox>
	</object>
	<object>
		<difficult>0</difficult>
		<name>&amp;*@HUST_text</name>
		<bndbox>
			<xmin>480</xmin>
			<ymin>257</ymin>
			<xmax>535</xmax>
			<ymax>274</ymax>
		</bndbox>
	</object>
	<object>
		<difficult>0</difficult>
		<name>&amp;*@HUST_text</name>
		<bndbox>
			<xmin>421</xmin>
			<ymin>257</ymin>
			<xmax>475</xmax>
			<ymax>274</ymax>
		</bndbox>
	</object>
	<object>
		<difficult>0</difficult>
		<name>&amp;*@HUST_text</name>
		<bndbox>
			<xmin>451</xmin>
			<ymin>284</ymin>
			<xmax>506</xmax>
			<ymax>301</ymax>
		</bndbox>
	</object>
	<object>
		<difficult>0</difficult>
		<name>&amp;*@HUST_text</name>
		<bndbox>
			<xmin>512</xmin>
			<ymin>284</ymin>
			<xmax>566</xmax>
			<ymax>300</ymax>
		</bndbox>
	</object>
	<object>
		<difficult>0</difficult>
		<name>&amp;*@HUST_text</name>
		<bndbox>
			<xmin>682</xmin>
			<ymin>257</ymin>
			<xmax>735</xmax>
			<ymax>274</ymax>
		</bndbox>
	</object>
	<object>
		<difficult>0</difficult>
		<name>&amp;*@HUST_text</name>
		<bndbox>
			<xmin>743</xmin>
			<ymin>257</ymin>
			<xmax>795</xmax>
			<ymax>274</ymax>
		</bndbox>
	</object>
	<object>
		<difficult>0</difficult>
		<name>&amp;*@HUST_text</name>
		<bndbox>
			<xmin>801</xmin>
			<ymin>257</ymin>
			<xmax>857</xmax>
			<ymax>274</ymax>
		</bndbox>
	</object>
	<object>
		<difficult>0</difficult>
		<name>&amp;*@HUST_text</name>
		<bndbox>
			<xmin>813</xmin>
			<ymin>230</ymin>
			<xmax>881</xmax>
			<ymax>248</ymax>
		</bndbox>
	</object>
	<object>
		<difficult>0</difficult>
		<name>&amp;*@HUST_text</name>
		<bndbox>
			<xmin>752</xmin>
			<ymin>230</ymin>
			<xmax>807</xmax>
			<ymax>247</ymax>
		</bndbox>
	</object>
	<object>
		<difficult>0</difficult>
		<name>&amp;*@HUST_text</name>
		<bndbox>
			<xmin>681</xmin>
			<ymin>230</ymin>
			<xmax>745</xmax>
			<ymax>246</ymax>
		</bndbox>
	</object>
	<object>
		<difficult>0</difficult>
		<name>&amp;*@HUST_text</name>
		<bndbox>
			<xmin>646</xmin>
			<ymin>203</ymin>
			<xmax>704</xmax>
			<ymax>220</ymax>
		</bndbox>
	</object>
	<object>
		<difficult>0</difficult>
		<name>&amp;*@HUST_text</name>
		<bndbox>
			<xmin>710</xmin>
			<ymin>203</ymin>
			<xmax>763</xmax>
			<ymax>220</ymax>
		</bndbox>
	</object>
	<object>
		<difficult>0</difficult>
		<name>&amp;*@HUST_text</name>
		<bndbox>
			<xmin>770</xmin>
			<ymin>203</ymin>
			<xmax>822</xmax>
			<ymax>220</ymax>
		</bndbox>
	</object>
	<object>
		<difficult>0</difficult>
		<name>&amp;*@HUST_text</name>
		<bndbox>
			<xmin>829</xmin>
			<ymin>203</ymin>
			<xmax>884</xmax>
			<ymax>220</ymax>
		</bndbox>
	</object>
	<object>
		<difficult>0</difficult>
		<name>&amp;*@HUST_text</name>
		<bndbox>
			<xmin>856</xmin>
			<ymin>175</ymin>
			<xmax>915</xmax>
			<ymax>193</ymax>
		</bndbox>
	</object>
	<object>
		<difficult>0</difficult>
		<name>&amp;*@HUST_text</name>
		<bndbox>
			<xmin>796</xmin>
			<ymin>177</ymin>
			<xmax>851</xmax>
			<ymax>193</ymax>
		</bndbox>
	</object>
	<object>
		<difficult>0</difficult>
		<name>&amp;*@HUST_text</name>
		<bndbox>
			<xmin>737</xmin>
			<ymin>176</ymin>
			<xmax>791</xmax>
			<ymax>193</ymax>
		</bndbox>
	</object>
	<object>
		<difficult>0</difficult>
		<name>&amp;*@HUST_text</name>
		<bndbox>
			<xmin>675</xmin>
			<ymin>175</ymin>
			<xmax>732</xmax>
			<ymax>193</ymax>
		</bndbox>
	</object>
	<object>
		<difficult>0</difficult>
		<name>&amp;*@HUST_text</name>
		<bndbox>
			<xmin>682</xmin>
			<ymin>148</ymin>
			<xmax>762</xmax>
			<ymax>166</ymax>
		</bndbox>
	</object>
	<object>
		<difficult>0</difficult>
		<name>&amp;*@HUST_text</name>
		<bndbox>
			<xmin>767</xmin>
			<ymin>149</ymin>
			<xmax>837</xmax>
			<ymax>166</ymax>
		</bndbox>
	</object>
	<object>
		<difficult>0</difficult>
		<name>&amp;*@HUST_text</name>
		<bndbox>
			<xmin>841</xmin>
			<ymin>149</ymin>
			<xmax>895</xmax>
			<ymax>166</ymax>
		</bndbox>
	</object>
	<object>
		<difficult>0</difficult>
		<name>&amp;*@HUST_text</name>
		<bndbox>
			<xmin>680</xmin>
			<ymin>122</ymin>
			<xmax>745</xmax>
			<ymax>139</ymax>
		</bndbox>
	</object>
	<object>
		<difficult>0</difficult>
		<name>&amp;*@HUST_text</name>
		<bndbox>
			<xmin>751</xmin>
			<ymin>121</ymin>
			<xmax>804</xmax>
			<ymax>139</ymax>
		</bndbox>
	</object>
	<object>
		<difficult>0</difficult>
		<name>&amp;*@HUST_text</name>
		<bndbox>
			<xmin>811</xmin>
			<ymin>122</ymin>
			<xmax>878</xmax>
			<ymax>139</ymax>
		</bndbox>
	</object>
	<object>
		<difficult>0</difficult>
		<name>&amp;*@HUST_text</name>
		<bndbox>
			<xmin>789</xmin>
			<ymin>94</ymin>
			<xmax>844</xmax>
			<ymax>112</ymax>
		</bndbox>
	</object>
	<object>
		<difficult>0</difficult>
		<name>&amp;*@HUST_text</name>
		<bndbox>
			<xmin>723</xmin>
			<ymin>94</ymin>
			<xmax>785</xmax>
			<ymax>112</ymax>
		</bndbox>
	</object>
	<object>
		<difficult>0</difficult>
		<name>&amp;*@HUST_text</name>
		<bndbox>
			<xmin>849</xmin>
			<ymin>95</ymin>
			<xmax>956</xmax>
			<ymax>111</ymax>
		</bndbox>
	</object>
	<object>
		<difficult>0</difficult>
		<name>&amp;*@HUST_text</name>
		<bndbox>
			<xmin>883</xmin>
			<ymin>122</ymin>
			<xmax>948</xmax>
			<ymax>139</ymax>
		</bndbox>
	</object>
	<object>
		<difficult>0</difficult>
		<name>&amp;*@HUST_text</name>
		<bndbox>
			<xmin>887</xmin>
			<ymin>229</ymin>
			<xmax>953</xmax>
			<ymax>247</ymax>
		</bndbox>
	</object>
	<object>
		<difficult>0</difficult>
		<name>&amp;*@HUST_text</name>
		<bndbox>
			<xmin>862</xmin>
			<ymin>256</ymin>
			<xmax>927</xmax>
			<ymax>274</ymax>
		</bndbox>
	</object>
	<object>
		<difficult>0</difficult>
		<name>&amp;*@HUST_text</name>
		<bndbox>
			<xmin>764</xmin>
			<ymin>314</ymin>
			<xmax>780</xmax>
			<ymax>333</ymax>
		</bndbox>
	</object>
	<object>
		<difficult>0</difficult>
		<name>&amp;*@HUST_text</name>
		<bndbox>
			<xmin>787</xmin>
			<ymin>314</ymin>
			<xmax>803</xmax>
			<ymax>332</ymax>
		</bndbox>
	</object>
	<object>
		<difficult>0</difficult>
		<name>&amp;*@HUST_text</name>
		<bndbox>
			<xmin>810</xmin>
			<ymin>314</ymin>
			<xmax>826</xmax>
			<ymax>332</ymax>
		</bndbox>
	</object>
	<object>
		<difficult>0</difficult>
		<name>&amp;*@HUST_text</name>
		<bndbox>
			<xmin>833</xmin>
			<ymin>314</ymin>
			<xmax>849</xmax>
			<ymax>333</ymax>
		</bndbox>
	</object>
	<object>
		<difficult>0</difficult>
		<name>&amp;*@HUST_text</name>
		<bndbox>
			<xmin>856</xmin>
			<ymin>314</ymin>
			<xmax>871</xmax>
			<ymax>332</ymax>
		</bndbox>
	</object>
	<object>
		<difficult>0</difficult>
		<name>&amp;*@HUST_text</name>
		<bndbox>
			<xmin>880</xmin>
			<ymin>314</ymin>
			<xmax>901</xmax>
			<ymax>333</ymax>
		</bndbox>
	</object>
	<object>
		<difficult>0</difficult>
		<name>&amp;*@HUST_text</name>
		<bndbox>
			<xmin>909</xmin>
			<ymin>314</ymin>
			<xmax>954</xmax>
			<ymax>333</ymax>
		</bndbox>
	</object>
</annotation>