<annotation>
	<filename>图像 3841.png</filename>
	<size>
		<width>910</width>
		<height>796</height>
		<depth>3</depth>
	</size>
	<segmented>0</segmented>
	<object>
		<difficult>1</difficult>
		<name>&amp;*@HUST_special</name>
		<bndbox>
			<xmin>885</xmin>
			<ymin>5</ymin>
			<xmax>909</xmax>
			<ymax>43</ymax>
		</bndbox>
	</object>
	<object>
		<difficult>0</difficult>
		<name>&amp;*@HUST_text</name>
		<bndbox>
			<xmin>0</xmin>
			<ymin>5</ymin>
			<xmax>129</xmax>
			<ymax>55</ymax>
		</bndbox>
	</object>
	<object>
		<difficult>0</difficult>
		<name>&amp;*@HUST_text</name>
		<bndbox>
			<xmin>7</xmin>
			<ymin>76</ymin>
			<xmax>90</xmax>
			<ymax>110</ymax>
		</bndbox>
	</object>
	<object>
		<difficult>0</difficult>
		<name>&amp;*@HUST_text</name>
		<bndbox>
			<xmin>106</xmin>
			<ymin>75</ymin>
			<xmax>187</xmax>
			<ymax>110</ymax>
		</bndbox>
	</object>
	<object>
		<difficult>0</difficult>
		<name>&amp;*@HUST_text</name>
		<bndbox>
			<xmin>64</xmin>
			<ymin>120</ymin>
			<xmax>116</xmax>
			<ymax>164</ymax>
		</bndbox>
	</object>
	<object>
		<difficult>1</difficult>
		<name>&amp;*@HUST_special</name>
		<bndbox>
			<xmin>46</xmin>
			<ymin>120</ymin>
			<xmax>63</xmax>
			<ymax>165</ymax>
		</bndbox>
	</object>
	<object>
		<difficult>0</difficult>
		<name>&amp;*@HUST_text</name>
		<bndbox>
			<xmin>36</xmin>
			<ymin>170</ymin>
			<xmax>114</xmax>
			<ymax>210</ymax>
		</bndbox>
	</object>
	<object>
		<difficult>1</difficult>
		<name>&amp;*@HUST_special</name>
		<bndbox>
			<xmin>17</xmin>
			<ymin>170</ymin>
			<xmax>35</xmax>
			<ymax>211</ymax>
		</bndbox>
	</object>
	<object>
		<difficult>0</difficult>
		<name>&amp;*@HUST_text</name>
		<bndbox>
			<xmin>26</xmin>
			<ymin>216</ymin>
			<xmax>110</xmax>
			<ymax>259</ymax>
		</bndbox>
	</object>
	<object>
		<difficult>0</difficult>
		<name>&amp;*@HUST_text</name>
		<bndbox>
			<xmin>36</xmin>
			<ymin>263</ymin>
			<xmax>112</xmax>
			<ymax>306</ymax>
		</bndbox>
	</object>
	<object>
		<difficult>1</difficult>
		<name>&amp;*@HUST_special</name>
		<bndbox>
			<xmin>18</xmin>
			<ymin>262</ymin>
			<xmax>35</xmax>
			<ymax>306</ymax>
		</bndbox>
	</object>
	<object>
		<difficult>0</difficult>
		<name>&amp;*@HUST_text</name>
		<bndbox>
			<xmin>64</xmin>
			<ymin>310</ymin>
			<xmax>115</xmax>
			<ymax>352</ymax>
		</bndbox>
	</object>
	<object>
		<difficult>1</difficult>
		<name>&amp;*@HUST_special</name>
		<bndbox>
			<xmin>48</xmin>
			<ymin>311</ymin>
			<xmax>63</xmax>
			<ymax>352</ymax>
		</bndbox>
	</object>
	<object>
		<difficult>0</difficult>
		<name>&amp;*@HUST_text</name>
		<bndbox>
			<xmin>22</xmin>
			<ymin>357</ymin>
			<xmax>110</xmax>
			<ymax>402</ymax>
		</bndbox>
	</object>
	<object>
		<difficult>1</difficult>
		<name>&amp;*@HUST_special</name>
		<bndbox>
			<xmin>6</xmin>
			<ymin>357</ymin>
			<xmax>22</xmax>
			<ymax>401</ymax>
		</bndbox>
	</object>
	<object>
		<difficult>0</difficult>
		<name>&amp;*@HUST_text</name>
		<bndbox>
			<xmin>22</xmin>
			<ymin>404</ymin>
			<xmax>109</xmax>
			<ymax>450</ymax>
		</bndbox>
	</object>
	<object>
		<difficult>1</difficult>
		<name>&amp;*@HUST_special</name>
		<bndbox>
			<xmin>5</xmin>
			<ymin>404</ymin>
			<xmax>21</xmax>
			<ymax>450</ymax>
		</bndbox>
	</object>
	<object>
		<difficult>0</difficult>
		<name>&amp;*@HUST_text</name>
		<bndbox>
			<xmin>27</xmin>
			<ymin>452</ymin>
			<xmax>110</xmax>
			<ymax>498</ymax>
		</bndbox>
	</object>
	<object>
		<difficult>0</difficult>
		<name>&amp;*@HUST_text</name>
		<bndbox>
			<xmin>29</xmin>
			<ymin>513</ymin>
			<xmax>108</xmax>
			<ymax>563</ymax>
		</bndbox>
	</object>
	<object>
		<difficult>0</difficult>
		<name>&amp;*@HUST_text</name>
		<bndbox>
			<xmin>124</xmin>
			<ymin>131</ymin>
			<xmax>387</xmax>
			<ymax>154</ymax>
		</bndbox>
	</object>
	<object>
		<difficult>0</difficult>
		<name>&amp;*@HUST_text</name>
		<bndbox>
			<xmin>126</xmin>
			<ymin>179</ymin>
			<xmax>294</xmax>
			<ymax>202</ymax>
		</bndbox>
	</object>
	<object>
		<difficult>0</difficult>
		<name>&amp;*@HUST_text</name>
		<bndbox>
			<xmin>128</xmin>
			<ymin>225</ymin>
			<xmax>292</xmax>
			<ymax>249</ymax>
		</bndbox>
	</object>
	<object>
		<difficult>0</difficult>
		<name>&amp;*@HUST_text</name>
		<bndbox>
			<xmin>125</xmin>
			<ymin>272</ymin>
			<xmax>413</xmax>
			<ymax>296</ymax>
		</bndbox>
	</object>
	<object>
		<difficult>0</difficult>
		<name>&amp;*@HUST_text</name>
		<bndbox>
			<xmin>126</xmin>
			<ymin>319</ymin>
			<xmax>177</xmax>
			<ymax>343</ymax>
		</bndbox>
	</object>
	<object>
		<difficult>1</difficult>
		<name>&amp;*@HUST_special</name>
		<bndbox>
			<xmin>272</xmin>
			<ymin>320</ymin>
			<xmax>308</xmax>
			<ymax>342</ymax>
		</bndbox>
	</object>
	<object>
		<difficult>0</difficult>
		<name>&amp;*@HUST_text</name>
		<bndbox>
			<xmin>126</xmin>
			<ymin>367</ymin>
			<xmax>224</xmax>
			<ymax>390</ymax>
		</bndbox>
	</object>
	<object>
		<difficult>0</difficult>
		<name>&amp;*@HUST_text</name>
		<bndbox>
			<xmin>173</xmin>
			<ymin>413</ymin>
			<xmax>255</xmax>
			<ymax>437</ymax>
		</bndbox>
	</object>
	<object>
		<difficult>1</difficult>
		<name>&amp;*@HUST_special</name>
		<bndbox>
			<xmin>125</xmin>
			<ymin>413</ymin>
			<xmax>154</xmax>
			<ymax>436</ymax>
		</bndbox>
	</object>
	<object>
		<difficult>0</difficult>
		<name>&amp;*@HUST_text</name>
		<bndbox>
			<xmin>277</xmin>
			<ymin>413</ymin>
			<xmax>308</xmax>
			<ymax>436</ymax>
		</bndbox>
	</object>
	<object>
		<difficult>0</difficult>
		<name>&amp;*@HUST_text</name>
		<bndbox>
			<xmin>328</xmin>
			<ymin>412</ymin>
			<xmax>417</xmax>
			<ymax>437</ymax>
		</bndbox>
	</object>
	<object>
		<difficult>0</difficult>
		<name>&amp;*@HUST_text</name>
		<bndbox>
			<xmin>126</xmin>
			<ymin>459</ymin>
			<xmax>415</xmax>
			<ymax>496</ymax>
		</bndbox>
	</object>
	<object>
		<difficult>0</difficult>
		<name>&amp;*@HUST_text</name>
		<bndbox>
			<xmin>323</xmin>
			<ymin>171</ymin>
			<xmax>387</xmax>
			<ymax>211</ymax>
		</bndbox>
	</object>
	<object>
		<difficult>1</difficult>
		<name>&amp;*@HUST_special</name>
		<bndbox>
			<xmin>307</xmin>
			<ymin>171</ymin>
			<xmax>321</xmax>
			<ymax>210</ymax>
		</bndbox>
	</object>
	<object>
		<difficult>0</difficult>
		<name>&amp;*@HUST_text</name>
		<bndbox>
			<xmin>313</xmin>
			<ymin>217</ymin>
			<xmax>384</xmax>
			<ymax>259</ymax>
		</bndbox>
	</object>
	<object>
		<difficult>0</difficult>
		<name>&amp;*@HUST_text</name>
		<bndbox>
			<xmin>399</xmin>
			<ymin>178</ymin>
			<xmax>465</xmax>
			<ymax>202</ymax>
		</bndbox>
	</object>
	<object>
		<difficult>0</difficult>
		<name>&amp;*@HUST_text</name>
		<bndbox>
			<xmin>399</xmin>
			<ymin>225</ymin>
			<xmax>476</xmax>
			<ymax>249</ymax>
		</bndbox>
	</object>
	<object>
		<difficult>0</difficult>
		<name>&amp;*@HUST_text</name>
		<bndbox>
			<xmin>606</xmin>
			<ymin>173</ymin>
			<xmax>661</xmax>
			<ymax>212</ymax>
		</bndbox>
	</object>
	<object>
		<difficult>1</difficult>
		<name>&amp;*@HUST_special</name>
		<bndbox>
			<xmin>586</xmin>
			<ymin>172</ymin>
			<xmax>605</xmax>
			<ymax>212</ymax>
		</bndbox>
	</object>
	<object>
		<difficult>0</difficult>
		<name>&amp;*@HUST_text</name>
		<bndbox>
			<xmin>673</xmin>
			<ymin>178</ymin>
			<xmax>778</xmax>
			<ymax>201</ymax>
		</bndbox>
	</object>
	<object>
		<difficult>0</difficult>
		<name>&amp;*@HUST_text</name>
		<bndbox>
			<xmin>595</xmin>
			<ymin>217</ymin>
			<xmax>658</xmax>
			<ymax>260</ymax>
		</bndbox>
	</object>
	<object>
		<difficult>1</difficult>
		<name>&amp;*@HUST_special</name>
		<bndbox>
			<xmin>867</xmin>
			<ymin>131</ymin>
			<xmax>907</xmax>
			<ymax>155</ymax>
		</bndbox>
	</object>
	<object>
		<difficult>0</difficult>
		<name>&amp;*@HUST_text</name>
		<bndbox>
			<xmin>323</xmin>
			<ymin>355</ymin>
			<xmax>413</xmax>
			<ymax>402</ymax>
		</bndbox>
	</object>
	<object>
		<difficult>1</difficult>
		<name>&amp;*@HUST_special</name>
		<bndbox>
			<xmin>306</xmin>
			<ymin>355</ymin>
			<xmax>322</xmax>
			<ymax>402</ymax>
		</bndbox>
	</object>
	<object>
		<difficult>0</difficult>
		<name>&amp;*@HUST_text</name>
		<bndbox>
			<xmin>429</xmin>
			<ymin>366</ymin>
			<xmax>527</xmax>
			<ymax>390</ymax>
		</bndbox>
	</object>
	<object>
		<difficult>0</difficult>
		<name>&amp;*@HUST_text</name>
		<bndbox>
			<xmin>124</xmin>
			<ymin>565</ymin>
			<xmax>471</xmax>
			<ymax>607</ymax>
		</bndbox>
	</object>
	<object>
		<difficult>0</difficult>
		<name>&amp;*@HUST_text</name>
		<bndbox>
			<xmin>125</xmin>
			<ymin>525</ymin>
			<xmax>160</xmax>
			<ymax>560</ymax>
		</bndbox>
	</object>
	<object>
		<difficult>0</difficult>
		<name>&amp;*@HUST_text</name>
		<bndbox>
			<xmin>162</xmin>
			<ymin>525</ymin>
			<xmax>191</xmax>
			<ymax>559</ymax>
		</bndbox>
	</object>
	<object>
		<difficult>1</difficult>
		<name>&amp;*@HUST_special</name>
		<bndbox>
			<xmin>213</xmin>
			<ymin>524</ymin>
			<xmax>222</xmax>
			<ymax>559</ymax>
		</bndbox>
	</object>
	<object>
		<difficult>0</difficult>
		<name>&amp;*@HUST_text</name>
		<bndbox>
			<xmin>197</xmin>
			<ymin>524</ymin>
			<xmax>212</xmax>
			<ymax>560</ymax>
		</bndbox>
	</object>
	<object>
		<difficult>0</difficult>
		<name>&amp;*@HUST_text</name>
		<bndbox>
			<xmin>229</xmin>
			<ymin>525</ymin>
			<xmax>256</xmax>
			<ymax>559</ymax>
		</bndbox>
	</object>
	<object>
		<difficult>0</difficult>
		<name>&amp;*@HUST_text</name>
		<bndbox>
			<xmin>265</xmin>
			<ymin>524</ymin>
			<xmax>288</xmax>
			<ymax>560</ymax>
		</bndbox>
	</object>
	<object>
		<difficult>0</difficult>
		<name>&amp;*@HUST_text</name>
		<bndbox>
			<xmin>302</xmin>
			<ymin>524</ymin>
			<xmax>326</xmax>
			<ymax>558</ymax>
		</bndbox>
	</object>
	<object>
		<difficult>1</difficult>
		<name>&amp;*@HUST_special</name>
		<bndbox>
			<xmin>334</xmin>
			<ymin>524</ymin>
			<xmax>532</xmax>
			<ymax>559</ymax>
		</bndbox>
	</object>
	<object>
		<difficult>0</difficult>
		<name>&amp;*@HUST_text</name>
		<bndbox>
			<xmin>535</xmin>
			<ymin>524</ymin>
			<xmax>567</xmax>
			<ymax>559</ymax>
		</bndbox>
	</object>
	<object>
		<difficult>1</difficult>
		<name>&amp;*@HUST_special</name>
		<bndbox>
			<xmin>573</xmin>
			<ymin>525</ymin>
			<xmax>820</xmax>
			<ymax>560</ymax>
		</bndbox>
	</object>
	<object>
		<difficult>1</difficult>
		<name>&amp;*@HUST_special</name>
		<bndbox>
			<xmin>894</xmin>
			<ymin>563</ymin>
			<xmax>909</xmax>
			<ymax>581</ymax>
		</bndbox>
	</object>
</annotation>