<annotation>
	<filename>图像 3691.png</filename>
	<size>
		<width>952</width>
		<height>249</height>
		<depth>3</depth>
	</size>
	<segmented>0</segmented>
	<object>
		<difficult>0</difficult>
		<name>&amp;*@HUST_text</name>
		<bndbox>
			<xmin>8</xmin>
			<ymin>5</ymin>
			<xmax>101</xmax>
			<ymax>26</ymax>
		</bndbox>
	</object>
	<object>
		<difficult>0</difficult>
		<name>&amp;*@HUST_text</name>
		<bndbox>
			<xmin>9</xmin>
			<ymin>31</ymin>
			<xmax>81</xmax>
			<ymax>52</ymax>
		</bndbox>
	</object>
	<object>
		<difficult>0</difficult>
		<name>&amp;*@HUST_text</name>
		<bndbox>
			<xmin>103</xmin>
			<ymin>6</ymin>
			<xmax>161</xmax>
			<ymax>25</ymax>
		</bndbox>
	</object>
	<object>
		<difficult>0</difficult>
		<name>&amp;*@HUST_text</name>
		<bndbox>
			<xmin>163</xmin>
			<ymin>6</ymin>
			<xmax>222</xmax>
			<ymax>25</ymax>
		</bndbox>
	</object>
	<object>
		<difficult>0</difficult>
		<name>&amp;*@HUST_text</name>
		<bndbox>
			<xmin>223</xmin>
			<ymin>6</ymin>
			<xmax>279</xmax>
			<ymax>26</ymax>
		</bndbox>
	</object>
	<object>
		<difficult>0</difficult>
		<name>&amp;*@HUST_text</name>
		<bndbox>
			<xmin>282</xmin>
			<ymin>5</ymin>
			<xmax>340</xmax>
			<ymax>25</ymax>
		</bndbox>
	</object>
	<object>
		<difficult>0</difficult>
		<name>&amp;*@HUST_text</name>
		<bndbox>
			<xmin>342</xmin>
			<ymin>6</ymin>
			<xmax>400</xmax>
			<ymax>25</ymax>
		</bndbox>
	</object>
	<object>
		<difficult>0</difficult>
		<name>&amp;*@HUST_text</name>
		<bndbox>
			<xmin>402</xmin>
			<ymin>6</ymin>
			<xmax>512</xmax>
			<ymax>25</ymax>
		</bndbox>
	</object>
	<object>
		<difficult>0</difficult>
		<name>&amp;*@HUST_text</name>
		<bndbox>
			<xmin>514</xmin>
			<ymin>6</ymin>
			<xmax>572</xmax>
			<ymax>25</ymax>
		</bndbox>
	</object>
	<object>
		<difficult>0</difficult>
		<name>&amp;*@HUST_text</name>
		<bndbox>
			<xmin>573</xmin>
			<ymin>5</ymin>
			<xmax>678</xmax>
			<ymax>26</ymax>
		</bndbox>
	</object>
	<object>
		<difficult>0</difficult>
		<name>&amp;*@HUST_text</name>
		<bndbox>
			<xmin>681</xmin>
			<ymin>5</ymin>
			<xmax>739</xmax>
			<ymax>26</ymax>
		</bndbox>
	</object>
	<object>
		<difficult>0</difficult>
		<name>&amp;*@HUST_text</name>
		<bndbox>
			<xmin>741</xmin>
			<ymin>5</ymin>
			<xmax>820</xmax>
			<ymax>25</ymax>
		</bndbox>
	</object>
	<object>
		<difficult>0</difficult>
		<name>&amp;*@HUST_text</name>
		<bndbox>
			<xmin>823</xmin>
			<ymin>6</ymin>
			<xmax>881</xmax>
			<ymax>25</ymax>
		</bndbox>
	</object>
	<object>
		<difficult>0</difficult>
		<name>&amp;*@HUST_text</name>
		<bndbox>
			<xmin>883</xmin>
			<ymin>6</ymin>
			<xmax>941</xmax>
			<ymax>26</ymax>
		</bndbox>
	</object>
	<object>
		<difficult>0</difficult>
		<name>&amp;*@HUST_text</name>
		<bndbox>
			<xmin>83</xmin>
			<ymin>32</ymin>
			<xmax>164</xmax>
			<ymax>54</ymax>
		</bndbox>
	</object>
	<object>
		<difficult>0</difficult>
		<name>&amp;*@HUST_text</name>
		<bndbox>
			<xmin>166</xmin>
			<ymin>33</ymin>
			<xmax>225</xmax>
			<ymax>52</ymax>
		</bndbox>
	</object>
	<object>
		<difficult>0</difficult>
		<name>&amp;*@HUST_text</name>
		<bndbox>
			<xmin>227</xmin>
			<ymin>32</ymin>
			<xmax>284</xmax>
			<ymax>52</ymax>
		</bndbox>
	</object>
	<object>
		<difficult>0</difficult>
		<name>&amp;*@HUST_text</name>
		<bndbox>
			<xmin>286</xmin>
			<ymin>33</ymin>
			<xmax>344</xmax>
			<ymax>52</ymax>
		</bndbox>
	</object>
	<object>
		<difficult>0</difficult>
		<name>&amp;*@HUST_text</name>
		<bndbox>
			<xmin>346</xmin>
			<ymin>33</ymin>
			<xmax>450</xmax>
			<ymax>52</ymax>
		</bndbox>
	</object>
	<object>
		<difficult>0</difficult>
		<name>&amp;*@HUST_text</name>
		<bndbox>
			<xmin>452</xmin>
			<ymin>33</ymin>
			<xmax>548</xmax>
			<ymax>52</ymax>
		</bndbox>
	</object>
	<object>
		<difficult>0</difficult>
		<name>&amp;*@HUST_text</name>
		<bndbox>
			<xmin>551</xmin>
			<ymin>32</ymin>
			<xmax>609</xmax>
			<ymax>52</ymax>
		</bndbox>
	</object>
	<object>
		<difficult>0</difficult>
		<name>&amp;*@HUST_text</name>
		<bndbox>
			<xmin>611</xmin>
			<ymin>33</ymin>
			<xmax>684</xmax>
			<ymax>52</ymax>
		</bndbox>
	</object>
	<object>
		<difficult>0</difficult>
		<name>&amp;*@HUST_text</name>
		<bndbox>
			<xmin>686</xmin>
			<ymin>33</ymin>
			<xmax>839</xmax>
			<ymax>53</ymax>
		</bndbox>
	</object>
	<object>
		<difficult>0</difficult>
		<name>&amp;*@HUST_text</name>
		<bndbox>
			<xmin>842</xmin>
			<ymin>32</ymin>
			<xmax>952</xmax>
			<ymax>52</ymax>
		</bndbox>
	</object>
	<object>
		<difficult>0</difficult>
		<name>&amp;*@HUST_text</name>
		<bndbox>
			<xmin>8</xmin>
			<ymin>60</ymin>
			<xmax>67</xmax>
			<ymax>79</ymax>
		</bndbox>
	</object>
	<object>
		<difficult>0</difficult>
		<name>&amp;*@HUST_text</name>
		<bndbox>
			<xmin>69</xmin>
			<ymin>60</ymin>
			<xmax>118</xmax>
			<ymax>79</ymax>
		</bndbox>
	</object>
	<object>
		<difficult>0</difficult>
		<name>&amp;*@HUST_text</name>
		<bndbox>
			<xmin>8</xmin>
			<ymin>87</ymin>
			<xmax>81</xmax>
			<ymax>107</ymax>
		</bndbox>
	</object>
	<object>
		<difficult>0</difficult>
		<name>&amp;*@HUST_text</name>
		<bndbox>
			<xmin>83</xmin>
			<ymin>87</ymin>
			<xmax>153</xmax>
			<ymax>106</ymax>
		</bndbox>
	</object>
	<object>
		<difficult>0</difficult>
		<name>&amp;*@HUST_text</name>
		<bndbox>
			<xmin>9</xmin>
			<ymin>114</ymin>
			<xmax>66</xmax>
			<ymax>133</ymax>
		</bndbox>
	</object>
	<object>
		<difficult>0</difficult>
		<name>&amp;*@HUST_text</name>
		<bndbox>
			<xmin>69</xmin>
			<ymin>115</ymin>
			<xmax>126</xmax>
			<ymax>134</ymax>
		</bndbox>
	</object>
	<object>
		<difficult>0</difficult>
		<name>&amp;*@HUST_text</name>
		<bndbox>
			<xmin>128</xmin>
			<ymin>113</ymin>
			<xmax>210</xmax>
			<ymax>134</ymax>
		</bndbox>
	</object>
	<object>
		<difficult>0</difficult>
		<name>&amp;*@HUST_text</name>
		<bndbox>
			<xmin>9</xmin>
			<ymin>140</ymin>
			<xmax>67</xmax>
			<ymax>160</ymax>
		</bndbox>
	</object>
	<object>
		<difficult>0</difficult>
		<name>&amp;*@HUST_text</name>
		<bndbox>
			<xmin>69</xmin>
			<ymin>141</ymin>
			<xmax>128</xmax>
			<ymax>159</ymax>
		</bndbox>
	</object>
	<object>
		<difficult>0</difficult>
		<name>&amp;*@HUST_text</name>
		<bndbox>
			<xmin>131</xmin>
			<ymin>140</ymin>
			<xmax>187</xmax>
			<ymax>161</ymax>
		</bndbox>
	</object>
	<object>
		<difficult>0</difficult>
		<name>&amp;*@HUST_text</name>
		<bndbox>
			<xmin>189</xmin>
			<ymin>141</ymin>
			<xmax>248</xmax>
			<ymax>160</ymax>
		</bndbox>
	</object>
	<object>
		<difficult>0</difficult>
		<name>&amp;*@HUST_text</name>
		<bndbox>
			<xmin>10</xmin>
			<ymin>168</ymin>
			<xmax>115</xmax>
			<ymax>187</ymax>
		</bndbox>
	</object>
	<object>
		<difficult>0</difficult>
		<name>&amp;*@HUST_text</name>
		<bndbox>
			<xmin>117</xmin>
			<ymin>167</ymin>
			<xmax>189</xmax>
			<ymax>187</ymax>
		</bndbox>
	</object>
	<object>
		<difficult>0</difficult>
		<name>&amp;*@HUST_text</name>
		<bndbox>
			<xmin>192</xmin>
			<ymin>167</ymin>
			<xmax>252</xmax>
			<ymax>189</ymax>
		</bndbox>
	</object>
	<object>
		<difficult>0</difficult>
		<name>&amp;*@HUST_text</name>
		<bndbox>
			<xmin>9</xmin>
			<ymin>195</ymin>
			<xmax>78</xmax>
			<ymax>214</ymax>
		</bndbox>
	</object>
	<object>
		<difficult>0</difficult>
		<name>&amp;*@HUST_text</name>
		<bndbox>
			<xmin>81</xmin>
			<ymin>195</ymin>
			<xmax>156</xmax>
			<ymax>215</ymax>
		</bndbox>
	</object>
	<object>
		<difficult>0</difficult>
		<name>&amp;*@HUST_text</name>
		<bndbox>
			<xmin>9</xmin>
			<ymin>222</ymin>
			<xmax>79</xmax>
			<ymax>242</ymax>
		</bndbox>
	</object>
	<object>
		<difficult>0</difficult>
		<name>&amp;*@HUST_text</name>
		<bndbox>
			<xmin>81</xmin>
			<ymin>221</ymin>
			<xmax>161</xmax>
			<ymax>242</ymax>
		</bndbox>
	</object>
	<object>
		<difficult>0</difficult>
		<name>&amp;*@HUST_text</name>
		<bndbox>
			<xmin>158</xmin>
			<ymin>194</ymin>
			<xmax>309</xmax>
			<ymax>214</ymax>
		</bndbox>
	</object>
	<object>
		<difficult>0</difficult>
		<name>&amp;*@HUST_text</name>
		<bndbox>
			<xmin>164</xmin>
			<ymin>222</ymin>
			<xmax>246</xmax>
			<ymax>244</ymax>
		</bndbox>
	</object>
	<object>
		<difficult>0</difficult>
		<name>&amp;*@HUST_text</name>
		<bndbox>
			<xmin>248</xmin>
			<ymin>222</ymin>
			<xmax>342</xmax>
			<ymax>241</ymax>
		</bndbox>
	</object>
	<object>
		<difficult>0</difficult>
		<name>&amp;*@HUST_text</name>
		<bndbox>
			<xmin>120</xmin>
			<ymin>59</ymin>
			<xmax>177</xmax>
			<ymax>79</ymax>
		</bndbox>
	</object>
	<object>
		<difficult>0</difficult>
		<name>&amp;*@HUST_text</name>
		<bndbox>
			<xmin>179</xmin>
			<ymin>60</ymin>
			<xmax>247</xmax>
			<ymax>79</ymax>
		</bndbox>
	</object>
	<object>
		<difficult>0</difficult>
		<name>&amp;*@HUST_text</name>
		<bndbox>
			<xmin>249</xmin>
			<ymin>60</ymin>
			<xmax>314</xmax>
			<ymax>79</ymax>
		</bndbox>
	</object>
	<object>
		<difficult>0</difficult>
		<name>&amp;*@HUST_text</name>
		<bndbox>
			<xmin>317</xmin>
			<ymin>60</ymin>
			<xmax>379</xmax>
			<ymax>79</ymax>
		</bndbox>
	</object>
	<object>
		<difficult>0</difficult>
		<name>&amp;*@HUST_text</name>
		<bndbox>
			<xmin>382</xmin>
			<ymin>59</ymin>
			<xmax>442</xmax>
			<ymax>78</ymax>
		</bndbox>
	</object>
	<object>
		<difficult>0</difficult>
		<name>&amp;*@HUST_text</name>
		<bndbox>
			<xmin>445</xmin>
			<ymin>59</ymin>
			<xmax>502</xmax>
			<ymax>79</ymax>
		</bndbox>
	</object>
	<object>
		<difficult>0</difficult>
		<name>&amp;*@HUST_text</name>
		<bndbox>
			<xmin>504</xmin>
			<ymin>59</ymin>
			<xmax>622</xmax>
			<ymax>79</ymax>
		</bndbox>
	</object>
	<object>
		<difficult>0</difficult>
		<name>&amp;*@HUST_text</name>
		<bndbox>
			<xmin>624</xmin>
			<ymin>59</ymin>
			<xmax>713</xmax>
			<ymax>80</ymax>
		</bndbox>
	</object>
	<object>
		<difficult>0</difficult>
		<name>&amp;*@HUST_text</name>
		<bndbox>
			<xmin>716</xmin>
			<ymin>60</ymin>
			<xmax>876</xmax>
			<ymax>79</ymax>
		</bndbox>
	</object>
	<object>
		<difficult>0</difficult>
		<name>&amp;*@HUST_text</name>
		<bndbox>
			<xmin>878</xmin>
			<ymin>60</ymin>
			<xmax>945</xmax>
			<ymax>79</ymax>
		</bndbox>
	</object>
	<object>
		<difficult>0</difficult>
		<name>&amp;*@HUST_text</name>
		<bndbox>
			<xmin>860</xmin>
			<ymin>87</ymin>
			<xmax>918</xmax>
			<ymax>107</ymax>
		</bndbox>
	</object>
	<object>
		<difficult>0</difficult>
		<name>&amp;*@HUST_text</name>
		<bndbox>
			<xmin>807</xmin>
			<ymin>114</ymin>
			<xmax>864</xmax>
			<ymax>133</ymax>
		</bndbox>
	</object>
	<object>
		<difficult>0</difficult>
		<name>&amp;*@HUST_text</name>
		<bndbox>
			<xmin>762</xmin>
			<ymin>87</ymin>
			<xmax>859</xmax>
			<ymax>106</ymax>
		</bndbox>
	</object>
	<object>
		<difficult>0</difficult>
		<name>&amp;*@HUST_text</name>
		<bndbox>
			<xmin>692</xmin>
			<ymin>87</ymin>
			<xmax>759</xmax>
			<ymax>106</ymax>
		</bndbox>
	</object>
	<object>
		<difficult>0</difficult>
		<name>&amp;*@HUST_text</name>
		<bndbox>
			<xmin>731</xmin>
			<ymin>113</ymin>
			<xmax>805</xmax>
			<ymax>134</ymax>
		</bndbox>
	</object>
	<object>
		<difficult>0</difficult>
		<name>&amp;*@HUST_text</name>
		<bndbox>
			<xmin>866</xmin>
			<ymin>113</ymin>
			<xmax>916</xmax>
			<ymax>133</ymax>
		</bndbox>
	</object>
	<object>
		<difficult>0</difficult>
		<name>&amp;*@HUST_text</name>
		<bndbox>
			<xmin>561</xmin>
			<ymin>87</ymin>
			<xmax>688</xmax>
			<ymax>107</ymax>
		</bndbox>
	</object>
	<object>
		<difficult>0</difficult>
		<name>&amp;*@HUST_text</name>
		<bndbox>
			<xmin>564</xmin>
			<ymin>112</ymin>
			<xmax>644</xmax>
			<ymax>134</ymax>
		</bndbox>
	</object>
	<object>
		<difficult>0</difficult>
		<name>&amp;*@HUST_text</name>
		<bndbox>
			<xmin>646</xmin>
			<ymin>113</ymin>
			<xmax>729</xmax>
			<ymax>134</ymax>
		</bndbox>
	</object>
	<object>
		<difficult>0</difficult>
		<name>&amp;*@HUST_text</name>
		<bndbox>
			<xmin>501</xmin>
			<ymin>87</ymin>
			<xmax>559</xmax>
			<ymax>106</ymax>
		</bndbox>
	</object>
	<object>
		<difficult>0</difficult>
		<name>&amp;*@HUST_text</name>
		<bndbox>
			<xmin>503</xmin>
			<ymin>114</ymin>
			<xmax>561</xmax>
			<ymax>134</ymax>
		</bndbox>
	</object>
	<object>
		<difficult>0</difficult>
		<name>&amp;*@HUST_text</name>
		<bndbox>
			<xmin>396</xmin>
			<ymin>87</ymin>
			<xmax>498</xmax>
			<ymax>106</ymax>
		</bndbox>
	</object>
	<object>
		<difficult>0</difficult>
		<name>&amp;*@HUST_text</name>
		<bndbox>
			<xmin>427</xmin>
			<ymin>114</ymin>
			<xmax>502</xmax>
			<ymax>133</ymax>
		</bndbox>
	</object>
	<object>
		<difficult>0</difficult>
		<name>&amp;*@HUST_text</name>
		<bndbox>
			<xmin>489</xmin>
			<ymin>141</ymin>
			<xmax>541</xmax>
			<ymax>161</ymax>
		</bndbox>
	</object>
	<object>
		<difficult>0</difficult>
		<name>&amp;*@HUST_text</name>
		<bndbox>
			<xmin>544</xmin>
			<ymin>140</ymin>
			<xmax>600</xmax>
			<ymax>160</ymax>
		</bndbox>
	</object>
	<object>
		<difficult>0</difficult>
		<name>&amp;*@HUST_text</name>
		<bndbox>
			<xmin>603</xmin>
			<ymin>140</ymin>
			<xmax>672</xmax>
			<ymax>161</ymax>
		</bndbox>
	</object>
	<object>
		<difficult>0</difficult>
		<name>&amp;*@HUST_text</name>
		<bndbox>
			<xmin>675</xmin>
			<ymin>141</ymin>
			<xmax>724</xmax>
			<ymax>161</ymax>
		</bndbox>
	</object>
	<object>
		<difficult>0</difficult>
		<name>&amp;*@HUST_text</name>
		<bndbox>
			<xmin>725</xmin>
			<ymin>141</ymin>
			<xmax>783</xmax>
			<ymax>159</ymax>
		</bndbox>
	</object>
	<object>
		<difficult>0</difficult>
		<name>&amp;*@HUST_text</name>
		<bndbox>
			<xmin>786</xmin>
			<ymin>141</ymin>
			<xmax>897</xmax>
			<ymax>160</ymax>
		</bndbox>
	</object>
	<object>
		<difficult>0</difficult>
		<name>&amp;*@HUST_text</name>
		<bndbox>
			<xmin>154</xmin>
			<ymin>86</ymin>
			<xmax>310</xmax>
			<ymax>107</ymax>
		</bndbox>
	</object>
	<object>
		<difficult>0</difficult>
		<name>&amp;*@HUST_text</name>
		<bndbox>
			<xmin>311</xmin>
			<ymin>87</ymin>
			<xmax>394</xmax>
			<ymax>105</ymax>
		</bndbox>
	</object>
	<object>
		<difficult>0</difficult>
		<name>&amp;*@HUST_text</name>
		<bndbox>
			<xmin>212</xmin>
			<ymin>113</ymin>
			<xmax>304</xmax>
			<ymax>134</ymax>
		</bndbox>
	</object>
	<object>
		<difficult>0</difficult>
		<name>&amp;*@HUST_text</name>
		<bndbox>
			<xmin>250</xmin>
			<ymin>141</ymin>
			<xmax>306</xmax>
			<ymax>160</ymax>
		</bndbox>
	</object>
	<object>
		<difficult>0</difficult>
		<name>&amp;*@HUST_text</name>
		<bndbox>
			<xmin>306</xmin>
			<ymin>113</ymin>
			<xmax>364</xmax>
			<ymax>133</ymax>
		</bndbox>
	</object>
	<object>
		<difficult>0</difficult>
		<name>&amp;*@HUST_text</name>
		<bndbox>
			<xmin>366</xmin>
			<ymin>113</ymin>
			<xmax>424</xmax>
			<ymax>133</ymax>
		</bndbox>
	</object>
	<object>
		<difficult>0</difficult>
		<name>&amp;*@HUST_text</name>
		<bndbox>
			<xmin>308</xmin>
			<ymin>141</ymin>
			<xmax>390</xmax>
			<ymax>161</ymax>
		</bndbox>
	</object>
	<object>
		<difficult>0</difficult>
		<name>&amp;*@HUST_text</name>
		<bndbox>
			<xmin>393</xmin>
			<ymin>140</ymin>
			<xmax>487</xmax>
			<ymax>161</ymax>
		</bndbox>
	</object>
	<object>
		<difficult>0</difficult>
		<name>&amp;*@HUST_text</name>
		<bndbox>
			<xmin>254</xmin>
			<ymin>168</ymin>
			<xmax>324</xmax>
			<ymax>187</ymax>
		</bndbox>
	</object>
	<object>
		<difficult>0</difficult>
		<name>&amp;*@HUST_text</name>
		<bndbox>
			<xmin>326</xmin>
			<ymin>168</ymin>
			<xmax>480</xmax>
			<ymax>187</ymax>
		</bndbox>
	</object>
	<object>
		<difficult>0</difficult>
		<name>&amp;*@HUST_text</name>
		<bndbox>
			<xmin>483</xmin>
			<ymin>167</ymin>
			<xmax>565</xmax>
			<ymax>187</ymax>
		</bndbox>
	</object>
	<object>
		<difficult>0</difficult>
		<name>&amp;*@HUST_text</name>
		<bndbox>
			<xmin>566</xmin>
			<ymin>167</ymin>
			<xmax>639</xmax>
			<ymax>188</ymax>
		</bndbox>
	</object>
	<object>
		<difficult>0</difficult>
		<name>&amp;*@HUST_text</name>
		<bndbox>
			<xmin>641</xmin>
			<ymin>167</ymin>
			<xmax>740</xmax>
			<ymax>187</ymax>
		</bndbox>
	</object>
	<object>
		<difficult>0</difficult>
		<name>&amp;*@HUST_text</name>
		<bndbox>
			<xmin>742</xmin>
			<ymin>167</ymin>
			<xmax>847</xmax>
			<ymax>187</ymax>
		</bndbox>
	</object>
	<object>
		<difficult>0</difficult>
		<name>&amp;*@HUST_text</name>
		<bndbox>
			<xmin>849</xmin>
			<ymin>168</ymin>
			<xmax>918</xmax>
			<ymax>188</ymax>
		</bndbox>
	</object>
	<object>
		<difficult>0</difficult>
		<name>&amp;*@HUST_text</name>
		<bndbox>
			<xmin>816</xmin>
			<ymin>194</ymin>
			<xmax>931</xmax>
			<ymax>215</ymax>
		</bndbox>
	</object>
	<object>
		<difficult>0</difficult>
		<name>&amp;*@HUST_text</name>
		<bndbox>
			<xmin>732</xmin>
			<ymin>195</ymin>
			<xmax>814</xmax>
			<ymax>215</ymax>
		</bndbox>
	</object>
	<object>
		<difficult>0</difficult>
		<name>&amp;*@HUST_text</name>
		<bndbox>
			<xmin>669</xmin>
			<ymin>194</ymin>
			<xmax>730</xmax>
			<ymax>214</ymax>
		</bndbox>
	</object>
	<object>
		<difficult>0</difficult>
		<name>&amp;*@HUST_text</name>
		<bndbox>
			<xmin>585</xmin>
			<ymin>195</ymin>
			<xmax>667</xmax>
			<ymax>215</ymax>
		</bndbox>
	</object>
	<object>
		<difficult>0</difficult>
		<name>&amp;*@HUST_text</name>
		<bndbox>
			<xmin>502</xmin>
			<ymin>194</ymin>
			<xmax>583</xmax>
			<ymax>214</ymax>
		</bndbox>
	</object>
	<object>
		<difficult>0</difficult>
		<name>&amp;*@HUST_text</name>
		<bndbox>
			<xmin>559</xmin>
			<ymin>221</ymin>
			<xmax>620</xmax>
			<ymax>241</ymax>
		</bndbox>
	</object>
	<object>
		<difficult>0</difficult>
		<name>&amp;*@HUST_text</name>
		<bndbox>
			<xmin>499</xmin>
			<ymin>222</ymin>
			<xmax>557</xmax>
			<ymax>241</ymax>
		</bndbox>
	</object>
	<object>
		<difficult>0</difficult>
		<name>&amp;*@HUST_text</name>
		<bndbox>
			<xmin>394</xmin>
			<ymin>195</ymin>
			<xmax>500</xmax>
			<ymax>215</ymax>
		</bndbox>
	</object>
	<object>
		<difficult>0</difficult>
		<name>&amp;*@HUST_text</name>
		<bndbox>
			<xmin>415</xmin>
			<ymin>221</ymin>
			<xmax>497</xmax>
			<ymax>241</ymax>
		</bndbox>
	</object>
	<object>
		<difficult>0</difficult>
		<name>&amp;*@HUST_text</name>
		<bndbox>
			<xmin>343</xmin>
			<ymin>221</ymin>
			<xmax>413</xmax>
			<ymax>242</ymax>
		</bndbox>
	</object>
	<object>
		<difficult>0</difficult>
		<name>&amp;*@HUST_text</name>
		<bndbox>
			<xmin>310</xmin>
			<ymin>194</ymin>
			<xmax>392</xmax>
			<ymax>214</ymax>
		</bndbox>
	</object>
</annotation>