<annotation>
	<filename>图像 3711.png</filename>
	<size>
		<width>194</width>
		<height>123</height>
		<depth>3</depth>
	</size>
	<segmented>0</segmented>
	<object>
		<difficult>0</difficult>
		<name>&amp;*@HUST_text</name>
		<bndbox>
			<xmin>22</xmin>
			<ymin>2</ymin>
			<xmax>184</xmax>
			<ymax>37</ymax>
		</bndbox>
	</object>
	<object>
		<difficult>0</difficult>
		<name>&amp;*@HUST_text</name>
		<bndbox>
			<xmin>17</xmin>
			<ymin>50</ymin>
			<xmax>161</xmax>
			<ymax>81</ymax>
		</bndbox>
	</object>
	<object>
		<difficult>0</difficult>
		<name>&amp;*@HUST_text</name>
		<bndbox>
			<xmin>17</xmin>
			<ymin>84</ymin>
			<xmax>157</xmax>
			<ymax>115</ymax>
		</bndbox>
	</object>
	<object>
		<difficult>1</difficult>
		<name>&amp;*@HUST_shelter</name>
		<bndbox>
			<xmin>0</xmin>
			<ymin>4</ymin>
			<xmax>5</xmax>
			<ymax>29</ymax>
		</bndbox>
	</object>
</annotation>