<annotation>
	<filename>图像 3781.png</filename>
	<size>
		<width>1217</width>
		<height>477</height>
		<depth>3</depth>
	</size>
	<segmented>0</segmented>
	<object>
		<difficult>0</difficult>
		<name>&amp;*@HUST_text</name>
		<bndbox>
			<xmin>642</xmin>
			<ymin>222</ymin>
			<xmax>1215</xmax>
			<ymax>296</ymax>
		</bndbox>
	</object>
	<object>
		<difficult>0</difficult>
		<name>&amp;*@HUST_text</name>
		<bndbox>
			<xmin>642</xmin>
			<ymin>116</ymin>
			<xmax>990</xmax>
			<ymax>220</ymax>
		</bndbox>
	</object>
	<object>
		<difficult>1</difficult>
		<name>&amp;*@HUST_special</name>
		<bndbox>
			<xmin>222</xmin>
			<ymin>123</ymin>
			<xmax>630</xmax>
			<ymax>465</ymax>
		</bndbox>
	</object>
</annotation>