<annotation>
	<filename>Image 042.png</filename>
	<size>
		<width>1036</width>
		<height>79</height>
		<depth>3</depth>
	</size>
	<segmented>0</segmented>
	<object>
		<difficult>1</difficult>
		<name>&amp;*@HUST_special</name>
		<bndbox>
			<xmin>2</xmin>
			<ymin>0</ymin>
			<xmax>16</xmax>
			<ymax>21</ymax>
		</bndbox>
	</object>
	<object>
		<difficult>0</difficult>
		<name>&amp;*@HUST_text</name>
		<bndbox>
			<xmin>17</xmin>
			<ymin>0</ymin>
			<xmax>103</xmax>
			<ymax>21</ymax>
		</bndbox>
	</object>
	<object>
		<difficult>0</difficult>
		<name>&amp;*@HUST_text</name>
		<bndbox>
			<xmin>2</xmin>
			<ymin>24</ymin>
			<xmax>83</xmax>
			<ymax>43</ymax>
		</bndbox>
	</object>
	<object>
		<difficult>0</difficult>
		<name>&amp;*@HUST_text</name>
		<bndbox>
			<xmin>2</xmin>
			<ymin>44</ymin>
			<xmax>83</xmax>
			<ymax>64</ymax>
		</bndbox>
	</object>
	<object>
		<difficult>0</difficult>
		<name>&amp;*@HUST_text</name>
		<bndbox>
			<xmin>218</xmin>
			<ymin>24</ymin>
			<xmax>284</xmax>
			<ymax>43</ymax>
		</bndbox>
	</object>
	<object>
		<difficult>0</difficult>
		<name>&amp;*@HUST_text</name>
		<bndbox>
			<xmin>217</xmin>
			<ymin>45</ymin>
			<xmax>284</xmax>
			<ymax>64</ymax>
		</bndbox>
	</object>
	<object>
		<difficult>0</difficult>
		<name>&amp;*@HUST_text</name>
		<bndbox>
			<xmin>440</xmin>
			<ymin>24</ymin>
			<xmax>481</xmax>
			<ymax>43</ymax>
		</bndbox>
	</object>
	<object>
		<difficult>0</difficult>
		<name>&amp;*@HUST_text</name>
		<bndbox>
			<xmin>440</xmin>
			<ymin>45</ymin>
			<xmax>482</xmax>
			<ymax>64</ymax>
		</bndbox>
	</object>
	<object>
		<difficult>0</difficult>
		<name>&amp;*@HUST_text</name>
		<bndbox>
			<xmin>663</xmin>
			<ymin>24</ymin>
			<xmax>727</xmax>
			<ymax>43</ymax>
		</bndbox>
	</object>
	<object>
		<difficult>0</difficult>
		<name>&amp;*@HUST_text</name>
		<bndbox>
			<xmin>663</xmin>
			<ymin>44</ymin>
			<xmax>714</xmax>
			<ymax>64</ymax>
		</bndbox>
	</object>
	<object>
		<difficult>0</difficult>
		<name>&amp;*@HUST_text</name>
		<bndbox>
			<xmin>887</xmin>
			<ymin>24</ymin>
			<xmax>1035</xmax>
			<ymax>43</ymax>
		</bndbox>
	</object>
	<object>
		<difficult>0</difficult>
		<name>&amp;*@HUST_text</name>
		<bndbox>
			<xmin>887</xmin>
			<ymin>44</ymin>
			<xmax>1024</xmax>
			<ymax>63</ymax>
		</bndbox>
	</object>
</annotation>