<annotation>
	<filename>Image 122.png</filename>
	<size>
		<width>1903</width>
		<height>850</height>
		<depth>3</depth>
	</size>
	<segmented>0</segmented>
	<object>
		<difficult>0</difficult>
		<name>&amp;*@HUST_text</name>
		<bndbox>
			<xmin>8</xmin>
			<ymin>6</ymin>
			<xmax>107</xmax>
			<ymax>25</ymax>
		</bndbox>
	</object>
	<object>
		<difficult>1</difficult>
		<name>&amp;*@HUST_special</name>
		<bndbox>
			<xmin>111</xmin>
			<ymin>8</ymin>
			<xmax>119</xmax>
			<ymax>16</ymax>
		</bndbox>
	</object>
	<object>
		<difficult>0</difficult>
		<name>&amp;*@HUST_text</name>
		<bndbox>
			<xmin>131</xmin>
			<ymin>6</ymin>
			<xmax>228</xmax>
			<ymax>24</ymax>
		</bndbox>
	</object>
	<object>
		<difficult>1</difficult>
		<name>&amp;*@HUST_special</name>
		<bndbox>
			<xmin>234</xmin>
			<ymin>8</ymin>
			<xmax>241</xmax>
			<ymax>16</ymax>
		</bndbox>
	</object>
	<object>
		<difficult>0</difficult>
		<name>&amp;*@HUST_text</name>
		<bndbox>
			<xmin>254</xmin>
			<ymin>5</ymin>
			<xmax>351</xmax>
			<ymax>28</ymax>
		</bndbox>
	</object>
	<object>
		<difficult>1</difficult>
		<name>&amp;*@HUST_special</name>
		<bndbox>
			<xmin>356</xmin>
			<ymin>8</ymin>
			<xmax>363</xmax>
			<ymax>15</ymax>
		</bndbox>
	</object>
	<object>
		<difficult>1</difficult>
		<name>&amp;*@HUST_special</name>
		<bndbox>
			<xmin>3</xmin>
			<ymin>31</ymin>
			<xmax>23</xmax>
			<ymax>54</ymax>
		</bndbox>
	</object>
	<object>
		<difficult>0</difficult>
		<name>&amp;*@HUST_text</name>
		<bndbox>
			<xmin>24</xmin>
			<ymin>31</ymin>
			<xmax>48</xmax>
			<ymax>53</ymax>
		</bndbox>
	</object>
	<object>
		<difficult>0</difficult>
		<name>&amp;*@HUST_text</name>
		<bndbox>
			<xmin>79</xmin>
			<ymin>31</ymin>
			<xmax>116</xmax>
			<ymax>55</ymax>
		</bndbox>
	</object>
	<object>
		<difficult>1</difficult>
		<name>&amp;*@HUST_special</name>
		<bndbox>
			<xmin>50</xmin>
			<ymin>30</ymin>
			<xmax>77</xmax>
			<ymax>55</ymax>
		</bndbox>
	</object>
	<object>
		<difficult>1</difficult>
		<name>&amp;*@HUST_special</name>
		<bndbox>
			<xmin>117</xmin>
			<ymin>30</ymin>
			<xmax>144</xmax>
			<ymax>54</ymax>
		</bndbox>
	</object>
	<object>
		<difficult>0</difficult>
		<name>&amp;*@HUST_text</name>
		<bndbox>
			<xmin>145</xmin>
			<ymin>31</ymin>
			<xmax>205</xmax>
			<ymax>55</ymax>
		</bndbox>
	</object>
	<object>
		<difficult>0</difficult>
		<name>&amp;*@HUST_text</name>
		<bndbox>
			<xmin>27</xmin>
			<ymin>58</ymin>
			<xmax>108</xmax>
			<ymax>78</ymax>
		</bndbox>
	</object>
	<object>
		<difficult>1</difficult>
		<name>&amp;*@HUST_special</name>
		<bndbox>
			<xmin>3</xmin>
			<ymin>82</ymin>
			<xmax>22</xmax>
			<ymax>99</ymax>
		</bndbox>
	</object>
	<object>
		<difficult>0</difficult>
		<name>&amp;*@HUST_text</name>
		<bndbox>
			<xmin>26</xmin>
			<ymin>81</ymin>
			<xmax>193</xmax>
			<ymax>100</ymax>
		</bndbox>
	</object>
	<object>
		<difficult>1</difficult>
		<name>&amp;*@HUST_special</name>
		<bndbox>
			<xmin>3</xmin>
			<ymin>103</ymin>
			<xmax>22</xmax>
			<ymax>120</ymax>
		</bndbox>
	</object>
	<object>
		<difficult>0</difficult>
		<name>&amp;*@HUST_text</name>
		<bndbox>
			<xmin>27</xmin>
			<ymin>102</ymin>
			<xmax>222</xmax>
			<ymax>121</ymax>
		</bndbox>
	</object>
	<object>
		<difficult>0</difficult>
		<name>&amp;*@HUST_text</name>
		<bndbox>
			<xmin>27</xmin>
			<ymin>124</ymin>
			<xmax>119</xmax>
			<ymax>141</ymax>
		</bndbox>
	</object>
	<object>
		<difficult>1</difficult>
		<name>&amp;*@HUST_special</name>
		<bndbox>
			<xmin>3</xmin>
			<ymin>124</ymin>
			<xmax>22</xmax>
			<ymax>141</ymax>
		</bndbox>
	</object>
	<object>
		<difficult>1</difficult>
		<name>&amp;*@HUST_special</name>
		<bndbox>
			<xmin>3</xmin>
			<ymin>145</ymin>
			<xmax>23</xmax>
			<ymax>163</ymax>
		</bndbox>
	</object>
	<object>
		<difficult>0</difficult>
		<name>&amp;*@HUST_text</name>
		<bndbox>
			<xmin>26</xmin>
			<ymin>144</ymin>
			<xmax>104</xmax>
			<ymax>162</ymax>
		</bndbox>
	</object>
	<object>
		<difficult>1</difficult>
		<name>&amp;*@HUST_special</name>
		<bndbox>
			<xmin>2</xmin>
			<ymin>166</ymin>
			<xmax>22</xmax>
			<ymax>183</ymax>
		</bndbox>
	</object>
	<object>
		<difficult>0</difficult>
		<name>&amp;*@HUST_text</name>
		<bndbox>
			<xmin>27</xmin>
			<ymin>165</ymin>
			<xmax>125</xmax>
			<ymax>183</ymax>
		</bndbox>
	</object>
	<object>
		<difficult>0</difficult>
		<name>&amp;*@HUST_text</name>
		<bndbox>
			<xmin>27</xmin>
			<ymin>186</ymin>
			<xmax>94</xmax>
			<ymax>204</ymax>
		</bndbox>
	</object>
	<object>
		<difficult>1</difficult>
		<name>&amp;*@HUST_special</name>
		<bndbox>
			<xmin>3</xmin>
			<ymin>187</ymin>
			<xmax>22</xmax>
			<ymax>204</ymax>
		</bndbox>
	</object>
	<object>
		<difficult>1</difficult>
		<name>&amp;*@HUST_special</name>
		<bndbox>
			<xmin>4</xmin>
			<ymin>208</ymin>
			<xmax>22</xmax>
			<ymax>226</ymax>
		</bndbox>
	</object>
	<object>
		<difficult>0</difficult>
		<name>&amp;*@HUST_text</name>
		<bndbox>
			<xmin>26</xmin>
			<ymin>207</ymin>
			<xmax>89</xmax>
			<ymax>226</ymax>
		</bndbox>
	</object>
	<object>
		<difficult>0</difficult>
		<name>&amp;*@HUST_text</name>
		<bndbox>
			<xmin>27</xmin>
			<ymin>228</ymin>
			<xmax>81</xmax>
			<ymax>246</ymax>
		</bndbox>
	</object>
	<object>
		<difficult>1</difficult>
		<name>&amp;*@HUST_special</name>
		<bndbox>
			<xmin>3</xmin>
			<ymin>229</ymin>
			<xmax>23</xmax>
			<ymax>247</ymax>
		</bndbox>
	</object>
	<object>
		<difficult>1</difficult>
		<name>&amp;*@HUST_special</name>
		<bndbox>
			<xmin>3</xmin>
			<ymin>250</ymin>
			<xmax>23</xmax>
			<ymax>268</ymax>
		</bndbox>
	</object>
	<object>
		<difficult>0</difficult>
		<name>&amp;*@HUST_text</name>
		<bndbox>
			<xmin>27</xmin>
			<ymin>249</ymin>
			<xmax>86</xmax>
			<ymax>268</ymax>
		</bndbox>
	</object>
	<object>
		<difficult>0</difficult>
		<name>&amp;*@HUST_text</name>
		<bndbox>
			<xmin>27</xmin>
			<ymin>271</ymin>
			<xmax>92</xmax>
			<ymax>289</ymax>
		</bndbox>
	</object>
	<object>
		<difficult>1</difficult>
		<name>&amp;*@HUST_special</name>
		<bndbox>
			<xmin>3</xmin>
			<ymin>271</ymin>
			<xmax>22</xmax>
			<ymax>289</ymax>
		</bndbox>
	</object>
	<object>
		<difficult>0</difficult>
		<name>&amp;*@HUST_text</name>
		<bndbox>
			<xmin>27</xmin>
			<ymin>291</ymin>
			<xmax>90</xmax>
			<ymax>310</ymax>
		</bndbox>
	</object>
	<object>
		<difficult>1</difficult>
		<name>&amp;*@HUST_special</name>
		<bndbox>
			<xmin>3</xmin>
			<ymin>292</ymin>
			<xmax>22</xmax>
			<ymax>310</ymax>
		</bndbox>
	</object>
	<object>
		<difficult>1</difficult>
		<name>&amp;*@HUST_special</name>
		<bndbox>
			<xmin>3</xmin>
			<ymin>313</ymin>
			<xmax>22</xmax>
			<ymax>330</ymax>
		</bndbox>
	</object>
	<object>
		<difficult>0</difficult>
		<name>&amp;*@HUST_text</name>
		<bndbox>
			<xmin>27</xmin>
			<ymin>312</ymin>
			<xmax>121</xmax>
			<ymax>330</ymax>
		</bndbox>
	</object>
	<object>
		<difficult>0</difficult>
		<name>&amp;*@HUST_text</name>
		<bndbox>
			<xmin>27</xmin>
			<ymin>333</ymin>
			<xmax>78</xmax>
			<ymax>352</ymax>
		</bndbox>
	</object>
	<object>
		<difficult>1</difficult>
		<name>&amp;*@HUST_special</name>
		<bndbox>
			<xmin>3</xmin>
			<ymin>334</ymin>
			<xmax>22</xmax>
			<ymax>352</ymax>
		</bndbox>
	</object>
	<object>
		<difficult>1</difficult>
		<name>&amp;*@HUST_special</name>
		<bndbox>
			<xmin>3</xmin>
			<ymin>355</ymin>
			<xmax>22</xmax>
			<ymax>372</ymax>
		</bndbox>
	</object>
	<object>
		<difficult>0</difficult>
		<name>&amp;*@HUST_text</name>
		<bndbox>
			<xmin>27</xmin>
			<ymin>354</ymin>
			<xmax>93</xmax>
			<ymax>373</ymax>
		</bndbox>
	</object>
	<object>
		<difficult>0</difficult>
		<name>&amp;*@HUST_text</name>
		<bndbox>
			<xmin>27</xmin>
			<ymin>375</ymin>
			<xmax>92</xmax>
			<ymax>394</ymax>
		</bndbox>
	</object>
	<object>
		<difficult>1</difficult>
		<name>&amp;*@HUST_special</name>
		<bndbox>
			<xmin>3</xmin>
			<ymin>376</ymin>
			<xmax>22</xmax>
			<ymax>394</ymax>
		</bndbox>
	</object>
	<object>
		<difficult>1</difficult>
		<name>&amp;*@HUST_special</name>
		<bndbox>
			<xmin>3</xmin>
			<ymin>397</ymin>
			<xmax>22</xmax>
			<ymax>414</ymax>
		</bndbox>
	</object>
	<object>
		<difficult>0</difficult>
		<name>&amp;*@HUST_text</name>
		<bndbox>
			<xmin>27</xmin>
			<ymin>397</ymin>
			<xmax>78</xmax>
			<ymax>414</ymax>
		</bndbox>
	</object>
	<object>
		<difficult>0</difficult>
		<name>&amp;*@HUST_text</name>
		<bndbox>
			<xmin>27</xmin>
			<ymin>418</ymin>
			<xmax>94</xmax>
			<ymax>436</ymax>
		</bndbox>
	</object>
	<object>
		<difficult>1</difficult>
		<name>&amp;*@HUST_special</name>
		<bndbox>
			<xmin>3</xmin>
			<ymin>418</ymin>
			<xmax>23</xmax>
			<ymax>436</ymax>
		</bndbox>
	</object>
	<object>
		<difficult>1</difficult>
		<name>&amp;*@HUST_special</name>
		<bndbox>
			<xmin>3</xmin>
			<ymin>439</ymin>
			<xmax>22</xmax>
			<ymax>457</ymax>
		</bndbox>
	</object>
	<object>
		<difficult>0</difficult>
		<name>&amp;*@HUST_text</name>
		<bndbox>
			<xmin>27</xmin>
			<ymin>438</ymin>
			<xmax>84</xmax>
			<ymax>457</ymax>
		</bndbox>
	</object>
	<object>
		<difficult>0</difficult>
		<name>&amp;*@HUST_text</name>
		<bndbox>
			<xmin>27</xmin>
			<ymin>459</ymin>
			<xmax>132</xmax>
			<ymax>477</ymax>
		</bndbox>
	</object>
	<object>
		<difficult>1</difficult>
		<name>&amp;*@HUST_special</name>
		<bndbox>
			<xmin>3</xmin>
			<ymin>460</ymin>
			<xmax>22</xmax>
			<ymax>477</ymax>
		</bndbox>
	</object>
	<object>
		<difficult>1</difficult>
		<name>&amp;*@HUST_special</name>
		<bndbox>
			<xmin>4</xmin>
			<ymin>481</ymin>
			<xmax>22</xmax>
			<ymax>499</ymax>
		</bndbox>
	</object>
	<object>
		<difficult>0</difficult>
		<name>&amp;*@HUST_text</name>
		<bndbox>
			<xmin>27</xmin>
			<ymin>480</ymin>
			<xmax>93</xmax>
			<ymax>498</ymax>
		</bndbox>
	</object>
	<object>
		<difficult>0</difficult>
		<name>&amp;*@HUST_text</name>
		<bndbox>
			<xmin>27</xmin>
			<ymin>501</ymin>
			<xmax>84</xmax>
			<ymax>519</ymax>
		</bndbox>
	</object>
	<object>
		<difficult>1</difficult>
		<name>&amp;*@HUST_special</name>
		<bndbox>
			<xmin>3</xmin>
			<ymin>502</ymin>
			<xmax>22</xmax>
			<ymax>520</ymax>
		</bndbox>
	</object>
	<object>
		<difficult>1</difficult>
		<name>&amp;*@HUST_special</name>
		<bndbox>
			<xmin>4</xmin>
			<ymin>523</ymin>
			<xmax>22</xmax>
			<ymax>541</ymax>
		</bndbox>
	</object>
	<object>
		<difficult>0</difficult>
		<name>&amp;*@HUST_text</name>
		<bndbox>
			<xmin>27</xmin>
			<ymin>522</ymin>
			<xmax>84</xmax>
			<ymax>541</ymax>
		</bndbox>
	</object>
	<object>
		<difficult>0</difficult>
		<name>&amp;*@HUST_text</name>
		<bndbox>
			<xmin>27</xmin>
			<ymin>543</ymin>
			<xmax>85</xmax>
			<ymax>561</ymax>
		</bndbox>
	</object>
	<object>
		<difficult>1</difficult>
		<name>&amp;*@HUST_special</name>
		<bndbox>
			<xmin>4</xmin>
			<ymin>545</ymin>
			<xmax>23</xmax>
			<ymax>561</ymax>
		</bndbox>
	</object>
	<object>
		<difficult>1</difficult>
		<name>&amp;*@HUST_special</name>
		<bndbox>
			<xmin>4</xmin>
			<ymin>565</ymin>
			<xmax>22</xmax>
			<ymax>583</ymax>
		</bndbox>
	</object>
	<object>
		<difficult>0</difficult>
		<name>&amp;*@HUST_text</name>
		<bndbox>
			<xmin>28</xmin>
			<ymin>565</ymin>
			<xmax>90</xmax>
			<ymax>582</ymax>
		</bndbox>
	</object>
	<object>
		<difficult>0</difficult>
		<name>&amp;*@HUST_text</name>
		<bndbox>
			<xmin>26</xmin>
			<ymin>585</ymin>
			<xmax>81</xmax>
			<ymax>604</ymax>
		</bndbox>
	</object>
	<object>
		<difficult>1</difficult>
		<name>&amp;*@HUST_special</name>
		<bndbox>
			<xmin>4</xmin>
			<ymin>586</ymin>
			<xmax>22</xmax>
			<ymax>604</ymax>
		</bndbox>
	</object>
	<object>
		<difficult>1</difficult>
		<name>&amp;*@HUST_special</name>
		<bndbox>
			<xmin>4</xmin>
			<ymin>607</ymin>
			<xmax>23</xmax>
			<ymax>625</ymax>
		</bndbox>
	</object>
	<object>
		<difficult>0</difficult>
		<name>&amp;*@HUST_text</name>
		<bndbox>
			<xmin>26</xmin>
			<ymin>607</ymin>
			<xmax>90</xmax>
			<ymax>625</ymax>
		</bndbox>
	</object>
	<object>
		<difficult>0</difficult>
		<name>&amp;*@HUST_text</name>
		<bndbox>
			<xmin>26</xmin>
			<ymin>627</ymin>
			<xmax>100</xmax>
			<ymax>645</ymax>
		</bndbox>
	</object>
	<object>
		<difficult>1</difficult>
		<name>&amp;*@HUST_special</name>
		<bndbox>
			<xmin>3</xmin>
			<ymin>628</ymin>
			<xmax>22</xmax>
			<ymax>646</ymax>
		</bndbox>
	</object>
	<object>
		<difficult>1</difficult>
		<name>&amp;*@HUST_special</name>
		<bndbox>
			<xmin>3</xmin>
			<ymin>649</ymin>
			<xmax>22</xmax>
			<ymax>666</ymax>
		</bndbox>
	</object>
	<object>
		<difficult>0</difficult>
		<name>&amp;*@HUST_text</name>
		<bndbox>
			<xmin>27</xmin>
			<ymin>648</ymin>
			<xmax>110</xmax>
			<ymax>667</ymax>
		</bndbox>
	</object>
	<object>
		<difficult>0</difficult>
		<name>&amp;*@HUST_text</name>
		<bndbox>
			<xmin>27</xmin>
			<ymin>669</ymin>
			<xmax>92</xmax>
			<ymax>688</ymax>
		</bndbox>
	</object>
	<object>
		<difficult>1</difficult>
		<name>&amp;*@HUST_special</name>
		<bndbox>
			<xmin>3</xmin>
			<ymin>670</ymin>
			<xmax>22</xmax>
			<ymax>688</ymax>
		</bndbox>
	</object>
	<object>
		<difficult>1</difficult>
		<name>&amp;*@HUST_special</name>
		<bndbox>
			<xmin>3</xmin>
			<ymin>691</ymin>
			<xmax>21</xmax>
			<ymax>709</ymax>
		</bndbox>
	</object>
	<object>
		<difficult>0</difficult>
		<name>&amp;*@HUST_text</name>
		<bndbox>
			<xmin>27</xmin>
			<ymin>691</ymin>
			<xmax>94</xmax>
			<ymax>709</ymax>
		</bndbox>
	</object>
	<object>
		<difficult>1</difficult>
		<name>&amp;*@HUST_special</name>
		<bndbox>
			<xmin>3</xmin>
			<ymin>713</ymin>
			<xmax>22</xmax>
			<ymax>730</ymax>
		</bndbox>
	</object>
	<object>
		<difficult>0</difficult>
		<name>&amp;*@HUST_text</name>
		<bndbox>
			<xmin>27</xmin>
			<ymin>711</ymin>
			<xmax>91</xmax>
			<ymax>731</ymax>
		</bndbox>
	</object>
	<object>
		<difficult>0</difficult>
		<name>&amp;*@HUST_text</name>
		<bndbox>
			<xmin>27</xmin>
			<ymin>733</ymin>
			<xmax>88</xmax>
			<ymax>751</ymax>
		</bndbox>
	</object>
	<object>
		<difficult>1</difficult>
		<name>&amp;*@HUST_special</name>
		<bndbox>
			<xmin>3</xmin>
			<ymin>733</ymin>
			<xmax>23</xmax>
			<ymax>751</ymax>
		</bndbox>
	</object>
	<object>
		<difficult>1</difficult>
		<name>&amp;*@HUST_special</name>
		<bndbox>
			<xmin>3</xmin>
			<ymin>754</ymin>
			<xmax>23</xmax>
			<ymax>772</ymax>
		</bndbox>
	</object>
	<object>
		<difficult>0</difficult>
		<name>&amp;*@HUST_text</name>
		<bndbox>
			<xmin>26</xmin>
			<ymin>753</ymin>
			<xmax>104</xmax>
			<ymax>772</ymax>
		</bndbox>
	</object>
	<object>
		<difficult>0</difficult>
		<name>&amp;*@HUST_text</name>
		<bndbox>
			<xmin>27</xmin>
			<ymin>775</ymin>
			<xmax>68</xmax>
			<ymax>793</ymax>
		</bndbox>
	</object>
	<object>
		<difficult>1</difficult>
		<name>&amp;*@HUST_special</name>
		<bndbox>
			<xmin>3</xmin>
			<ymin>775</ymin>
			<xmax>21</xmax>
			<ymax>792</ymax>
		</bndbox>
	</object>
	<object>
		<difficult>1</difficult>
		<name>&amp;*@HUST_special</name>
		<bndbox>
			<xmin>3</xmin>
			<ymin>796</ymin>
			<xmax>22</xmax>
			<ymax>814</ymax>
		</bndbox>
	</object>
	<object>
		<difficult>0</difficult>
		<name>&amp;*@HUST_text</name>
		<bndbox>
			<xmin>27</xmin>
			<ymin>795</ymin>
			<xmax>98</xmax>
			<ymax>814</ymax>
		</bndbox>
	</object>
	<object>
		<difficult>0</difficult>
		<name>&amp;*@HUST_text</name>
		<bndbox>
			<xmin>27</xmin>
			<ymin>817</ymin>
			<xmax>105</xmax>
			<ymax>835</ymax>
		</bndbox>
	</object>
	<object>
		<difficult>1</difficult>
		<name>&amp;*@HUST_special</name>
		<bndbox>
			<xmin>2</xmin>
			<ymin>817</ymin>
			<xmax>24</xmax>
			<ymax>835</ymax>
		</bndbox>
	</object>
	<object>
		<difficult>1</difficult>
		<name>&amp;*@HUST_shelter</name>
		<bndbox>
			<xmin>1205</xmin>
			<ymin>837</ymin>
			<xmax>1318</xmax>
			<ymax>844</ymax>
		</bndbox>
	</object>
	<object>
		<difficult>0</difficult>
		<name>&amp;*@HUST_text</name>
		<bndbox>
			<xmin>280</xmin>
			<ymin>816</ymin>
			<xmax>414</xmax>
			<ymax>835</ymax>
		</bndbox>
	</object>
	<object>
		<difficult>0</difficult>
		<name>&amp;*@HUST_text</name>
		<bndbox>
			<xmin>280</xmin>
			<ymin>795</ymin>
			<xmax>417</xmax>
			<ymax>813</ymax>
		</bndbox>
	</object>
	<object>
		<difficult>0</difficult>
		<name>&amp;*@HUST_text</name>
		<bndbox>
			<xmin>281</xmin>
			<ymin>775</ymin>
			<xmax>445</xmax>
			<ymax>792</ymax>
		</bndbox>
	</object>
	<object>
		<difficult>0</difficult>
		<name>&amp;*@HUST_text</name>
		<bndbox>
			<xmin>275</xmin>
			<ymin>753</ymin>
			<xmax>528</xmax>
			<ymax>771</ymax>
		</bndbox>
	</object>
	<object>
		<difficult>0</difficult>
		<name>&amp;*@HUST_text</name>
		<bndbox>
			<xmin>273</xmin>
			<ymin>732</ymin>
			<xmax>353</xmax>
			<ymax>750</ymax>
		</bndbox>
	</object>
	<object>
		<difficult>0</difficult>
		<name>&amp;*@HUST_text</name>
		<bndbox>
			<xmin>276</xmin>
			<ymin>712</ymin>
			<xmax>374</xmax>
			<ymax>730</ymax>
		</bndbox>
	</object>
	<object>
		<difficult>0</difficult>
		<name>&amp;*@HUST_text</name>
		<bndbox>
			<xmin>276</xmin>
			<ymin>691</ymin>
			<xmax>371</xmax>
			<ymax>708</ymax>
		</bndbox>
	</object>
	<object>
		<difficult>0</difficult>
		<name>&amp;*@HUST_text</name>
		<bndbox>
			<xmin>275</xmin>
			<ymin>669</ymin>
			<xmax>490</xmax>
			<ymax>688</ymax>
		</bndbox>
	</object>
	<object>
		<difficult>0</difficult>
		<name>&amp;*@HUST_text</name>
		<bndbox>
			<xmin>275</xmin>
			<ymin>648</ymin>
			<xmax>515</xmax>
			<ymax>666</ymax>
		</bndbox>
	</object>
	<object>
		<difficult>0</difficult>
		<name>&amp;*@HUST_text</name>
		<bndbox>
			<xmin>271</xmin>
			<ymin>628</ymin>
			<xmax>384</xmax>
			<ymax>645</ymax>
		</bndbox>
	</object>
	<object>
		<difficult>0</difficult>
		<name>&amp;*@HUST_text</name>
		<bndbox>
			<xmin>275</xmin>
			<ymin>606</ymin>
			<xmax>365</xmax>
			<ymax>624</ymax>
		</bndbox>
	</object>
	<object>
		<difficult>0</difficult>
		<name>&amp;*@HUST_text</name>
		<bndbox>
			<xmin>278</xmin>
			<ymin>585</ymin>
			<xmax>414</xmax>
			<ymax>603</ymax>
		</bndbox>
	</object>
	<object>
		<difficult>0</difficult>
		<name>&amp;*@HUST_text</name>
		<bndbox>
			<xmin>277</xmin>
			<ymin>564</ymin>
			<xmax>457</xmax>
			<ymax>582</ymax>
		</bndbox>
	</object>
	<object>
		<difficult>0</difficult>
		<name>&amp;*@HUST_text</name>
		<bndbox>
			<xmin>276</xmin>
			<ymin>544</ymin>
			<xmax>452</xmax>
			<ymax>561</ymax>
		</bndbox>
	</object>
	<object>
		<difficult>0</difficult>
		<name>&amp;*@HUST_text</name>
		<bndbox>
			<xmin>276</xmin>
			<ymin>522</ymin>
			<xmax>449</xmax>
			<ymax>540</ymax>
		</bndbox>
	</object>
	<object>
		<difficult>0</difficult>
		<name>&amp;*@HUST_text</name>
		<bndbox>
			<xmin>276</xmin>
			<ymin>502</ymin>
			<xmax>402</xmax>
			<ymax>520</ymax>
		</bndbox>
	</object>
	<object>
		<difficult>0</difficult>
		<name>&amp;*@HUST_text</name>
		<bndbox>
			<xmin>276</xmin>
			<ymin>480</ymin>
			<xmax>503</xmax>
			<ymax>498</ymax>
		</bndbox>
	</object>
	<object>
		<difficult>0</difficult>
		<name>&amp;*@HUST_text</name>
		<bndbox>
			<xmin>276</xmin>
			<ymin>460</ymin>
			<xmax>503</xmax>
			<ymax>477</ymax>
		</bndbox>
	</object>
	<object>
		<difficult>0</difficult>
		<name>&amp;*@HUST_text</name>
		<bndbox>
			<xmin>277</xmin>
			<ymin>438</ymin>
			<xmax>485</xmax>
			<ymax>456</ymax>
		</bndbox>
	</object>
	<object>
		<difficult>0</difficult>
		<name>&amp;*@HUST_text</name>
		<bndbox>
			<xmin>276</xmin>
			<ymin>417</ymin>
			<xmax>368</xmax>
			<ymax>436</ymax>
		</bndbox>
	</object>
	<object>
		<difficult>0</difficult>
		<name>&amp;*@HUST_text</name>
		<bndbox>
			<xmin>277</xmin>
			<ymin>396</ymin>
			<xmax>363</xmax>
			<ymax>413</ymax>
		</bndbox>
	</object>
	<object>
		<difficult>0</difficult>
		<name>&amp;*@HUST_text</name>
		<bndbox>
			<xmin>278</xmin>
			<ymin>375</ymin>
			<xmax>364</xmax>
			<ymax>393</ymax>
		</bndbox>
	</object>
	<object>
		<difficult>0</difficult>
		<name>&amp;*@HUST_text</name>
		<bndbox>
			<xmin>279</xmin>
			<ymin>355</ymin>
			<xmax>509</xmax>
			<ymax>372</ymax>
		</bndbox>
	</object>
	<object>
		<difficult>0</difficult>
		<name>&amp;*@HUST_text</name>
		<bndbox>
			<xmin>277</xmin>
			<ymin>333</ymin>
			<xmax>346</xmax>
			<ymax>352</ymax>
		</bndbox>
	</object>
	<object>
		<difficult>0</difficult>
		<name>&amp;*@HUST_text</name>
		<bndbox>
			<xmin>276</xmin>
			<ymin>312</ymin>
			<xmax>351</xmax>
			<ymax>330</ymax>
		</bndbox>
	</object>
	<object>
		<difficult>0</difficult>
		<name>&amp;*@HUST_text</name>
		<bndbox>
			<xmin>275</xmin>
			<ymin>291</ymin>
			<xmax>352</xmax>
			<ymax>308</ymax>
		</bndbox>
	</object>
	<object>
		<difficult>0</difficult>
		<name>&amp;*@HUST_text</name>
		<bndbox>
			<xmin>275</xmin>
			<ymin>271</ymin>
			<xmax>346</xmax>
			<ymax>288</ymax>
		</bndbox>
	</object>
	<object>
		<difficult>0</difficult>
		<name>&amp;*@HUST_text</name>
		<bndbox>
			<xmin>275</xmin>
			<ymin>250</ymin>
			<xmax>346</xmax>
			<ymax>268</ymax>
		</bndbox>
	</object>
	<object>
		<difficult>0</difficult>
		<name>&amp;*@HUST_text</name>
		<bndbox>
			<xmin>276</xmin>
			<ymin>228</ymin>
			<xmax>348</xmax>
			<ymax>247</ymax>
		</bndbox>
	</object>
	<object>
		<difficult>0</difficult>
		<name>&amp;*@HUST_text</name>
		<bndbox>
			<xmin>276</xmin>
			<ymin>208</ymin>
			<xmax>350</xmax>
			<ymax>225</ymax>
		</bndbox>
	</object>
	<object>
		<difficult>0</difficult>
		<name>&amp;*@HUST_text</name>
		<bndbox>
			<xmin>276</xmin>
			<ymin>187</ymin>
			<xmax>350</xmax>
			<ymax>205</ymax>
		</bndbox>
	</object>
	<object>
		<difficult>0</difficult>
		<name>&amp;*@HUST_text</name>
		<bndbox>
			<xmin>277</xmin>
			<ymin>166</ymin>
			<xmax>448</xmax>
			<ymax>183</ymax>
		</bndbox>
	</object>
	<object>
		<difficult>0</difficult>
		<name>&amp;*@HUST_text</name>
		<bndbox>
			<xmin>277</xmin>
			<ymin>145</ymin>
			<xmax>356</xmax>
			<ymax>163</ymax>
		</bndbox>
	</object>
	<object>
		<difficult>0</difficult>
		<name>&amp;*@HUST_text</name>
		<bndbox>
			<xmin>278</xmin>
			<ymin>123</ymin>
			<xmax>484</xmax>
			<ymax>141</ymax>
		</bndbox>
	</object>
	<object>
		<difficult>0</difficult>
		<name>&amp;*@HUST_text</name>
		<bndbox>
			<xmin>277</xmin>
			<ymin>102</ymin>
			<xmax>508</xmax>
			<ymax>120</ymax>
		</bndbox>
	</object>
	<object>
		<difficult>0</difficult>
		<name>&amp;*@HUST_text</name>
		<bndbox>
			<xmin>280</xmin>
			<ymin>82</ymin>
			<xmax>489</xmax>
			<ymax>100</ymax>
		</bndbox>
	</object>
	<object>
		<difficult>0</difficult>
		<name>&amp;*@HUST_text</name>
		<bndbox>
			<xmin>286</xmin>
			<ymin>58</ymin>
			<xmax>365</xmax>
			<ymax>79</ymax>
		</bndbox>
	</object>
	<object>
		<difficult>0</difficult>
		<name>&amp;*@HUST_text</name>
		<bndbox>
			<xmin>521</xmin>
			<ymin>58</ymin>
			<xmax>597</xmax>
			<ymax>78</ymax>
		</bndbox>
	</object>
	<object>
		<difficult>0</difficult>
		<name>&amp;*@HUST_text</name>
		<bndbox>
			<xmin>515</xmin>
			<ymin>81</ymin>
			<xmax>746</xmax>
			<ymax>99</ymax>
		</bndbox>
	</object>
	<object>
		<difficult>0</difficult>
		<name>&amp;*@HUST_text</name>
		<bndbox>
			<xmin>514</xmin>
			<ymin>102</ymin>
			<xmax>748</xmax>
			<ymax>121</ymax>
		</bndbox>
	</object>
	<object>
		<difficult>0</difficult>
		<name>&amp;*@HUST_text</name>
		<bndbox>
			<xmin>514</xmin>
			<ymin>123</ymin>
			<xmax>750</xmax>
			<ymax>141</ymax>
		</bndbox>
	</object>
	<object>
		<difficult>0</difficult>
		<name>&amp;*@HUST_text</name>
		<bndbox>
			<xmin>514</xmin>
			<ymin>144</ymin>
			<xmax>750</xmax>
			<ymax>162</ymax>
		</bndbox>
	</object>
	<object>
		<difficult>0</difficult>
		<name>&amp;*@HUST_text</name>
		<bndbox>
			<xmin>514</xmin>
			<ymin>165</ymin>
			<xmax>748</xmax>
			<ymax>183</ymax>
		</bndbox>
	</object>
	<object>
		<difficult>0</difficult>
		<name>&amp;*@HUST_text</name>
		<bndbox>
			<xmin>515</xmin>
			<ymin>187</ymin>
			<xmax>751</xmax>
			<ymax>204</ymax>
		</bndbox>
	</object>
	<object>
		<difficult>0</difficult>
		<name>&amp;*@HUST_text</name>
		<bndbox>
			<xmin>516</xmin>
			<ymin>207</ymin>
			<xmax>748</xmax>
			<ymax>225</ymax>
		</bndbox>
	</object>
	<object>
		<difficult>0</difficult>
		<name>&amp;*@HUST_text</name>
		<bndbox>
			<xmin>515</xmin>
			<ymin>228</ymin>
			<xmax>749</xmax>
			<ymax>246</ymax>
		</bndbox>
	</object>
	<object>
		<difficult>0</difficult>
		<name>&amp;*@HUST_text</name>
		<bndbox>
			<xmin>515</xmin>
			<ymin>249</ymin>
			<xmax>747</xmax>
			<ymax>267</ymax>
		</bndbox>
	</object>
	<object>
		<difficult>0</difficult>
		<name>&amp;*@HUST_text</name>
		<bndbox>
			<xmin>515</xmin>
			<ymin>270</ymin>
			<xmax>747</xmax>
			<ymax>288</ymax>
		</bndbox>
	</object>
	<object>
		<difficult>0</difficult>
		<name>&amp;*@HUST_text</name>
		<bndbox>
			<xmin>515</xmin>
			<ymin>291</ymin>
			<xmax>748</xmax>
			<ymax>309</ymax>
		</bndbox>
	</object>
	<object>
		<difficult>0</difficult>
		<name>&amp;*@HUST_text</name>
		<bndbox>
			<xmin>515</xmin>
			<ymin>313</ymin>
			<xmax>749</xmax>
			<ymax>330</ymax>
		</bndbox>
	</object>
	<object>
		<difficult>0</difficult>
		<name>&amp;*@HUST_text</name>
		<bndbox>
			<xmin>515</xmin>
			<ymin>334</ymin>
			<xmax>747</xmax>
			<ymax>352</ymax>
		</bndbox>
	</object>
	<object>
		<difficult>0</difficult>
		<name>&amp;*@HUST_text</name>
		<bndbox>
			<xmin>515</xmin>
			<ymin>355</ymin>
			<xmax>749</xmax>
			<ymax>372</ymax>
		</bndbox>
	</object>
	<object>
		<difficult>0</difficult>
		<name>&amp;*@HUST_text</name>
		<bndbox>
			<xmin>514</xmin>
			<ymin>376</ymin>
			<xmax>728</xmax>
			<ymax>393</ymax>
		</bndbox>
	</object>
	<object>
		<difficult>0</difficult>
		<name>&amp;*@HUST_text</name>
		<bndbox>
			<xmin>514</xmin>
			<ymin>396</ymin>
			<xmax>735</xmax>
			<ymax>414</ymax>
		</bndbox>
	</object>
	<object>
		<difficult>0</difficult>
		<name>&amp;*@HUST_text</name>
		<bndbox>
			<xmin>513</xmin>
			<ymin>417</ymin>
			<xmax>735</xmax>
			<ymax>435</ymax>
		</bndbox>
	</object>
	<object>
		<difficult>0</difficult>
		<name>&amp;*@HUST_text</name>
		<bndbox>
			<xmin>513</xmin>
			<ymin>438</ymin>
			<xmax>748</xmax>
			<ymax>456</ymax>
		</bndbox>
	</object>
	<object>
		<difficult>0</difficult>
		<name>&amp;*@HUST_text</name>
		<bndbox>
			<xmin>513</xmin>
			<ymin>460</ymin>
			<xmax>747</xmax>
			<ymax>477</ymax>
		</bndbox>
	</object>
	<object>
		<difficult>0</difficult>
		<name>&amp;*@HUST_text</name>
		<bndbox>
			<xmin>513</xmin>
			<ymin>481</ymin>
			<xmax>748</xmax>
			<ymax>498</ymax>
		</bndbox>
	</object>
	<object>
		<difficult>0</difficult>
		<name>&amp;*@HUST_text</name>
		<bndbox>
			<xmin>513</xmin>
			<ymin>502</ymin>
			<xmax>746</xmax>
			<ymax>519</ymax>
		</bndbox>
	</object>
	<object>
		<difficult>0</difficult>
		<name>&amp;*@HUST_text</name>
		<bndbox>
			<xmin>512</xmin>
			<ymin>523</ymin>
			<xmax>744</xmax>
			<ymax>540</ymax>
		</bndbox>
	</object>
	<object>
		<difficult>0</difficult>
		<name>&amp;*@HUST_text</name>
		<bndbox>
			<xmin>513</xmin>
			<ymin>544</ymin>
			<xmax>745</xmax>
			<ymax>561</ymax>
		</bndbox>
	</object>
	<object>
		<difficult>0</difficult>
		<name>&amp;*@HUST_text</name>
		<bndbox>
			<xmin>514</xmin>
			<ymin>564</ymin>
			<xmax>745</xmax>
			<ymax>582</ymax>
		</bndbox>
	</object>
	<object>
		<difficult>0</difficult>
		<name>&amp;*@HUST_text</name>
		<bndbox>
			<xmin>514</xmin>
			<ymin>585</ymin>
			<xmax>687</xmax>
			<ymax>604</ymax>
		</bndbox>
	</object>
	<object>
		<difficult>0</difficult>
		<name>&amp;*@HUST_text</name>
		<bndbox>
			<xmin>514</xmin>
			<ymin>606</ymin>
			<xmax>747</xmax>
			<ymax>624</ymax>
		</bndbox>
	</object>
	<object>
		<difficult>0</difficult>
		<name>&amp;*@HUST_text</name>
		<bndbox>
			<xmin>515</xmin>
			<ymin>627</ymin>
			<xmax>750</xmax>
			<ymax>645</ymax>
		</bndbox>
	</object>
	<object>
		<difficult>0</difficult>
		<name>&amp;*@HUST_text</name>
		<bndbox>
			<xmin>517</xmin>
			<ymin>648</ymin>
			<xmax>747</xmax>
			<ymax>666</ymax>
		</bndbox>
	</object>
	<object>
		<difficult>0</difficult>
		<name>&amp;*@HUST_text</name>
		<bndbox>
			<xmin>507</xmin>
			<ymin>669</ymin>
			<xmax>751</xmax>
			<ymax>688</ymax>
		</bndbox>
	</object>
	<object>
		<difficult>0</difficult>
		<name>&amp;*@HUST_text</name>
		<bndbox>
			<xmin>507</xmin>
			<ymin>691</ymin>
			<xmax>750</xmax>
			<ymax>708</ymax>
		</bndbox>
	</object>
	<object>
		<difficult>0</difficult>
		<name>&amp;*@HUST_text</name>
		<bndbox>
			<xmin>507</xmin>
			<ymin>712</ymin>
			<xmax>749</xmax>
			<ymax>729</ymax>
		</bndbox>
	</object>
	<object>
		<difficult>0</difficult>
		<name>&amp;*@HUST_text</name>
		<bndbox>
			<xmin>742</xmin>
			<ymin>817</ymin>
			<xmax>991</xmax>
			<ymax>834</ymax>
		</bndbox>
	</object>
	<object>
		<difficult>0</difficult>
		<name>&amp;*@HUST_text</name>
		<bndbox>
			<xmin>741</xmin>
			<ymin>795</ymin>
			<xmax>988</xmax>
			<ymax>813</ymax>
		</bndbox>
	</object>
	<object>
		<difficult>0</difficult>
		<name>&amp;*@HUST_text</name>
		<bndbox>
			<xmin>740</xmin>
			<ymin>775</ymin>
			<xmax>823</xmax>
			<ymax>792</ymax>
		</bndbox>
	</object>
	<object>
		<difficult>0</difficult>
		<name>&amp;*@HUST_text</name>
		<bndbox>
			<xmin>741</xmin>
			<ymin>753</ymin>
			<xmax>981</xmax>
			<ymax>772</ymax>
		</bndbox>
	</object>
	<object>
		<difficult>0</difficult>
		<name>&amp;*@HUST_text</name>
		<bndbox>
			<xmin>744</xmin>
			<ymin>732</ymin>
			<xmax>868</xmax>
			<ymax>750</ymax>
		</bndbox>
	</object>
	<object>
		<difficult>0</difficult>
		<name>&amp;*@HUST_text</name>
		<bndbox>
			<xmin>752</xmin>
			<ymin>711</ymin>
			<xmax>980</xmax>
			<ymax>730</ymax>
		</bndbox>
	</object>
	<object>
		<difficult>0</difficult>
		<name>&amp;*@HUST_text</name>
		<bndbox>
			<xmin>753</xmin>
			<ymin>691</ymin>
			<xmax>981</xmax>
			<ymax>709</ymax>
		</bndbox>
	</object>
	<object>
		<difficult>0</difficult>
		<name>&amp;*@HUST_text</name>
		<bndbox>
			<xmin>754</xmin>
			<ymin>669</ymin>
			<xmax>981</xmax>
			<ymax>687</ymax>
		</bndbox>
	</object>
	<object>
		<difficult>0</difficult>
		<name>&amp;*@HUST_text</name>
		<bndbox>
			<xmin>751</xmin>
			<ymin>649</ymin>
			<xmax>981</xmax>
			<ymax>666</ymax>
		</bndbox>
	</object>
	<object>
		<difficult>0</difficult>
		<name>&amp;*@HUST_text</name>
		<bndbox>
			<xmin>754</xmin>
			<ymin>628</ymin>
			<xmax>971</xmax>
			<ymax>645</ymax>
		</bndbox>
	</object>
	<object>
		<difficult>0</difficult>
		<name>&amp;*@HUST_text</name>
		<bndbox>
			<xmin>751</xmin>
			<ymin>607</ymin>
			<xmax>983</xmax>
			<ymax>624</ymax>
		</bndbox>
	</object>
	<object>
		<difficult>0</difficult>
		<name>&amp;*@HUST_text</name>
		<bndbox>
			<xmin>747</xmin>
			<ymin>585</ymin>
			<xmax>981</xmax>
			<ymax>603</ymax>
		</bndbox>
	</object>
	<object>
		<difficult>0</difficult>
		<name>&amp;*@HUST_text</name>
		<bndbox>
			<xmin>749</xmin>
			<ymin>564</ymin>
			<xmax>982</xmax>
			<ymax>583</ymax>
		</bndbox>
	</object>
	<object>
		<difficult>0</difficult>
		<name>&amp;*@HUST_text</name>
		<bndbox>
			<xmin>750</xmin>
			<ymin>544</ymin>
			<xmax>979</xmax>
			<ymax>561</ymax>
		</bndbox>
	</object>
	<object>
		<difficult>0</difficult>
		<name>&amp;*@HUST_text</name>
		<bndbox>
			<xmin>749</xmin>
			<ymin>522</ymin>
			<xmax>977</xmax>
			<ymax>540</ymax>
		</bndbox>
	</object>
	<object>
		<difficult>0</difficult>
		<name>&amp;*@HUST_text</name>
		<bndbox>
			<xmin>751</xmin>
			<ymin>501</ymin>
			<xmax>994</xmax>
			<ymax>519</ymax>
		</bndbox>
	</object>
	<object>
		<difficult>0</difficult>
		<name>&amp;*@HUST_text</name>
		<bndbox>
			<xmin>751</xmin>
			<ymin>480</ymin>
			<xmax>973</xmax>
			<ymax>498</ymax>
		</bndbox>
	</object>
	<object>
		<difficult>0</difficult>
		<name>&amp;*@HUST_text</name>
		<bndbox>
			<xmin>751</xmin>
			<ymin>460</ymin>
			<xmax>961</xmax>
			<ymax>477</ymax>
		</bndbox>
	</object>
	<object>
		<difficult>0</difficult>
		<name>&amp;*@HUST_text</name>
		<bndbox>
			<xmin>751</xmin>
			<ymin>439</ymin>
			<xmax>908</xmax>
			<ymax>456</ymax>
		</bndbox>
	</object>
	<object>
		<difficult>0</difficult>
		<name>&amp;*@HUST_text</name>
		<bndbox>
			<xmin>747</xmin>
			<ymin>417</ymin>
			<xmax>948</xmax>
			<ymax>435</ymax>
		</bndbox>
	</object>
	<object>
		<difficult>0</difficult>
		<name>&amp;*@HUST_text</name>
		<bndbox>
			<xmin>747</xmin>
			<ymin>397</ymin>
			<xmax>951</xmax>
			<ymax>415</ymax>
		</bndbox>
	</object>
	<object>
		<difficult>0</difficult>
		<name>&amp;*@HUST_text</name>
		<bndbox>
			<xmin>745</xmin>
			<ymin>375</ymin>
			<xmax>951</xmax>
			<ymax>393</ymax>
		</bndbox>
	</object>
	<object>
		<difficult>0</difficult>
		<name>&amp;*@HUST_text</name>
		<bndbox>
			<xmin>751</xmin>
			<ymin>354</ymin>
			<xmax>982</xmax>
			<ymax>372</ymax>
		</bndbox>
	</object>
	<object>
		<difficult>0</difficult>
		<name>&amp;*@HUST_text</name>
		<bndbox>
			<xmin>751</xmin>
			<ymin>334</ymin>
			<xmax>874</xmax>
			<ymax>352</ymax>
		</bndbox>
	</object>
	<object>
		<difficult>0</difficult>
		<name>&amp;*@HUST_text</name>
		<bndbox>
			<xmin>752</xmin>
			<ymin>312</ymin>
			<xmax>880</xmax>
			<ymax>331</ymax>
		</bndbox>
	</object>
	<object>
		<difficult>0</difficult>
		<name>&amp;*@HUST_text</name>
		<bndbox>
			<xmin>752</xmin>
			<ymin>291</ymin>
			<xmax>879</xmax>
			<ymax>309</ymax>
		</bndbox>
	</object>
	<object>
		<difficult>0</difficult>
		<name>&amp;*@HUST_text</name>
		<bndbox>
			<xmin>751</xmin>
			<ymin>271</ymin>
			<xmax>979</xmax>
			<ymax>288</ymax>
		</bndbox>
	</object>
	<object>
		<difficult>0</difficult>
		<name>&amp;*@HUST_text</name>
		<bndbox>
			<xmin>751</xmin>
			<ymin>249</ymin>
			<xmax>980</xmax>
			<ymax>268</ymax>
		</bndbox>
	</object>
	<object>
		<difficult>0</difficult>
		<name>&amp;*@HUST_text</name>
		<bndbox>
			<xmin>752</xmin>
			<ymin>228</ymin>
			<xmax>978</xmax>
			<ymax>247</ymax>
		</bndbox>
	</object>
	<object>
		<difficult>0</difficult>
		<name>&amp;*@HUST_text</name>
		<bndbox>
			<xmin>751</xmin>
			<ymin>207</ymin>
			<xmax>982</xmax>
			<ymax>225</ymax>
		</bndbox>
	</object>
	<object>
		<difficult>0</difficult>
		<name>&amp;*@HUST_text</name>
		<bndbox>
			<xmin>753</xmin>
			<ymin>186</ymin>
			<xmax>978</xmax>
			<ymax>204</ymax>
		</bndbox>
	</object>
	<object>
		<difficult>0</difficult>
		<name>&amp;*@HUST_text</name>
		<bndbox>
			<xmin>751</xmin>
			<ymin>165</ymin>
			<xmax>992</xmax>
			<ymax>183</ymax>
		</bndbox>
	</object>
	<object>
		<difficult>0</difficult>
		<name>&amp;*@HUST_text</name>
		<bndbox>
			<xmin>752</xmin>
			<ymin>144</ymin>
			<xmax>875</xmax>
			<ymax>162</ymax>
		</bndbox>
	</object>
	<object>
		<difficult>0</difficult>
		<name>&amp;*@HUST_text</name>
		<bndbox>
			<xmin>752</xmin>
			<ymin>123</ymin>
			<xmax>910</xmax>
			<ymax>141</ymax>
		</bndbox>
	</object>
	<object>
		<difficult>0</difficult>
		<name>&amp;*@HUST_text</name>
		<bndbox>
			<xmin>752</xmin>
			<ymin>102</ymin>
			<xmax>982</xmax>
			<ymax>121</ymax>
		</bndbox>
	</object>
	<object>
		<difficult>0</difficult>
		<name>&amp;*@HUST_text</name>
		<bndbox>
			<xmin>752</xmin>
			<ymin>81</ymin>
			<xmax>981</xmax>
			<ymax>99</ymax>
		</bndbox>
	</object>
	<object>
		<difficult>0</difficult>
		<name>&amp;*@HUST_text</name>
		<bndbox>
			<xmin>752</xmin>
			<ymin>57</ymin>
			<xmax>828</xmax>
			<ymax>78</ymax>
		</bndbox>
	</object>
	<object>
		<difficult>0</difficult>
		<name>&amp;*@HUST_text</name>
		<bndbox>
			<xmin>985</xmin>
			<ymin>58</ymin>
			<xmax>1080</xmax>
			<ymax>78</ymax>
		</bndbox>
	</object>
	<object>
		<difficult>0</difficult>
		<name>&amp;*@HUST_text</name>
		<bndbox>
			<xmin>985</xmin>
			<ymin>81</ymin>
			<xmax>1183</xmax>
			<ymax>99</ymax>
		</bndbox>
	</object>
	<object>
		<difficult>0</difficult>
		<name>&amp;*@HUST_text</name>
		<bndbox>
			<xmin>985</xmin>
			<ymin>102</ymin>
			<xmax>1085</xmax>
			<ymax>121</ymax>
		</bndbox>
	</object>
	<object>
		<difficult>0</difficult>
		<name>&amp;*@HUST_text</name>
		<bndbox>
			<xmin>978</xmin>
			<ymin>145</ymin>
			<xmax>1119</xmax>
			<ymax>162</ymax>
		</bndbox>
	</object>
	<object>
		<difficult>0</difficult>
		<name>&amp;*@HUST_text</name>
		<bndbox>
			<xmin>983</xmin>
			<ymin>187</ymin>
			<xmax>1209</xmax>
			<ymax>204</ymax>
		</bndbox>
	</object>
	<object>
		<difficult>0</difficult>
		<name>&amp;*@HUST_text</name>
		<bndbox>
			<xmin>984</xmin>
			<ymin>208</ymin>
			<xmax>1110</xmax>
			<ymax>225</ymax>
		</bndbox>
	</object>
	<object>
		<difficult>0</difficult>
		<name>&amp;*@HUST_text</name>
		<bndbox>
			<xmin>984</xmin>
			<ymin>229</ymin>
			<xmax>1154</xmax>
			<ymax>247</ymax>
		</bndbox>
	</object>
	<object>
		<difficult>0</difficult>
		<name>&amp;*@HUST_text</name>
		<bndbox>
			<xmin>982</xmin>
			<ymin>250</ymin>
			<xmax>1113</xmax>
			<ymax>267</ymax>
		</bndbox>
	</object>
	<object>
		<difficult>0</difficult>
		<name>&amp;*@HUST_text</name>
		<bndbox>
			<xmin>981</xmin>
			<ymin>271</ymin>
			<xmax>1114</xmax>
			<ymax>289</ymax>
		</bndbox>
	</object>
	<object>
		<difficult>0</difficult>
		<name>&amp;*@HUST_text</name>
		<bndbox>
			<xmin>981</xmin>
			<ymin>291</ymin>
			<xmax>1116</xmax>
			<ymax>310</ymax>
		</bndbox>
	</object>
	<object>
		<difficult>0</difficult>
		<name>&amp;*@HUST_text</name>
		<bndbox>
			<xmin>981</xmin>
			<ymin>313</ymin>
			<xmax>1116</xmax>
			<ymax>331</ymax>
		</bndbox>
	</object>
	<object>
		<difficult>0</difficult>
		<name>&amp;*@HUST_text</name>
		<bndbox>
			<xmin>981</xmin>
			<ymin>333</ymin>
			<xmax>1111</xmax>
			<ymax>351</ymax>
		</bndbox>
	</object>
	<object>
		<difficult>0</difficult>
		<name>&amp;*@HUST_text</name>
		<bndbox>
			<xmin>984</xmin>
			<ymin>354</ymin>
			<xmax>1095</xmax>
			<ymax>373</ymax>
		</bndbox>
	</object>
	<object>
		<difficult>0</difficult>
		<name>&amp;*@HUST_text</name>
		<bndbox>
			<xmin>979</xmin>
			<ymin>375</ymin>
			<xmax>1057</xmax>
			<ymax>394</ymax>
		</bndbox>
	</object>
	<object>
		<difficult>0</difficult>
		<name>&amp;*@HUST_text</name>
		<bndbox>
			<xmin>978</xmin>
			<ymin>396</ymin>
			<xmax>1056</xmax>
			<ymax>414</ymax>
		</bndbox>
	</object>
	<object>
		<difficult>0</difficult>
		<name>&amp;*@HUST_text</name>
		<bndbox>
			<xmin>977</xmin>
			<ymin>417</ymin>
			<xmax>1056</xmax>
			<ymax>435</ymax>
		</bndbox>
	</object>
	<object>
		<difficult>0</difficult>
		<name>&amp;*@HUST_text</name>
		<bndbox>
			<xmin>981</xmin>
			<ymin>522</ymin>
			<xmax>1083</xmax>
			<ymax>541</ymax>
		</bndbox>
	</object>
	<object>
		<difficult>0</difficult>
		<name>&amp;*@HUST_text</name>
		<bndbox>
			<xmin>982</xmin>
			<ymin>542</ymin>
			<xmax>1082</xmax>
			<ymax>561</ymax>
		</bndbox>
	</object>
	<object>
		<difficult>0</difficult>
		<name>&amp;*@HUST_text</name>
		<bndbox>
			<xmin>984</xmin>
			<ymin>585</ymin>
			<xmax>1041</xmax>
			<ymax>604</ymax>
		</bndbox>
	</object>
	<object>
		<difficult>0</difficult>
		<name>&amp;*@HUST_text</name>
		<bndbox>
			<xmin>981</xmin>
			<ymin>628</ymin>
			<xmax>1067</xmax>
			<ymax>645</ymax>
		</bndbox>
	</object>
	<object>
		<difficult>0</difficult>
		<name>&amp;*@HUST_text</name>
		<bndbox>
			<xmin>984</xmin>
			<ymin>648</ymin>
			<xmax>1087</xmax>
			<ymax>667</ymax>
		</bndbox>
	</object>
	<object>
		<difficult>0</difficult>
		<name>&amp;*@HUST_text</name>
		<bndbox>
			<xmin>985</xmin>
			<ymin>669</ymin>
			<xmax>1087</xmax>
			<ymax>688</ymax>
		</bndbox>
	</object>
	<object>
		<difficult>0</difficult>
		<name>&amp;*@HUST_text</name>
		<bndbox>
			<xmin>984</xmin>
			<ymin>690</ymin>
			<xmax>1089</xmax>
			<ymax>708</ymax>
		</bndbox>
	</object>
	<object>
		<difficult>0</difficult>
		<name>&amp;*@HUST_text</name>
		<bndbox>
			<xmin>985</xmin>
			<ymin>711</ymin>
			<xmax>1086</xmax>
			<ymax>729</ymax>
		</bndbox>
	</object>
	<object>
		<difficult>0</difficult>
		<name>&amp;*@HUST_text</name>
		<bndbox>
			<xmin>980</xmin>
			<ymin>732</ymin>
			<xmax>1189</xmax>
			<ymax>750</ymax>
		</bndbox>
	</object>
	<object>
		<difficult>0</difficult>
		<name>&amp;*@HUST_text</name>
		<bndbox>
			<xmin>983</xmin>
			<ymin>753</ymin>
			<xmax>1211</xmax>
			<ymax>772</ymax>
		</bndbox>
	</object>
	<object>
		<difficult>0</difficult>
		<name>&amp;*@HUST_text</name>
		<bndbox>
			<xmin>980</xmin>
			<ymin>774</ymin>
			<xmax>1161</xmax>
			<ymax>792</ymax>
		</bndbox>
	</object>
	<object>
		<difficult>0</difficult>
		<name>&amp;*@HUST_text</name>
		<bndbox>
			<xmin>1211</xmin>
			<ymin>817</ymin>
			<xmax>1300</xmax>
			<ymax>834</ymax>
		</bndbox>
	</object>
	<object>
		<difficult>0</difficult>
		<name>&amp;*@HUST_text</name>
		<bndbox>
			<xmin>1211</xmin>
			<ymin>795</ymin>
			<xmax>1431</xmax>
			<ymax>813</ymax>
		</bndbox>
	</object>
	<object>
		<difficult>0</difficult>
		<name>&amp;*@HUST_text</name>
		<bndbox>
			<xmin>1211</xmin>
			<ymin>774</ymin>
			<xmax>1369</xmax>
			<ymax>793</ymax>
		</bndbox>
	</object>
	<object>
		<difficult>0</difficult>
		<name>&amp;*@HUST_text</name>
		<bndbox>
			<xmin>1215</xmin>
			<ymin>753</ymin>
			<xmax>1463</xmax>
			<ymax>772</ymax>
		</bndbox>
	</object>
	<object>
		<difficult>0</difficult>
		<name>&amp;*@HUST_text</name>
		<bndbox>
			<xmin>1211</xmin>
			<ymin>732</ymin>
			<xmax>1395</xmax>
			<ymax>750</ymax>
		</bndbox>
	</object>
	<object>
		<difficult>0</difficult>
		<name>&amp;*@HUST_text</name>
		<bndbox>
			<xmin>1205</xmin>
			<ymin>690</ymin>
			<xmax>1303</xmax>
			<ymax>709</ymax>
		</bndbox>
	</object>
	<object>
		<difficult>0</difficult>
		<name>&amp;*@HUST_text</name>
		<bndbox>
			<xmin>1210</xmin>
			<ymin>669</ymin>
			<xmax>1322</xmax>
			<ymax>688</ymax>
		</bndbox>
	</object>
	<object>
		<difficult>0</difficult>
		<name>&amp;*@HUST_text</name>
		<bndbox>
			<xmin>1212</xmin>
			<ymin>543</ymin>
			<xmax>1307</xmax>
			<ymax>562</ymax>
		</bndbox>
	</object>
	<object>
		<difficult>0</difficult>
		<name>&amp;*@HUST_text</name>
		<bndbox>
			<xmin>1211</xmin>
			<ymin>522</ymin>
			<xmax>1312</xmax>
			<ymax>539</ymax>
		</bndbox>
	</object>
	<object>
		<difficult>0</difficult>
		<name>&amp;*@HUST_text</name>
		<bndbox>
			<xmin>1208</xmin>
			<ymin>501</ymin>
			<xmax>1318</xmax>
			<ymax>519</ymax>
		</bndbox>
	</object>
	<object>
		<difficult>0</difficult>
		<name>&amp;*@HUST_text</name>
		<bndbox>
			<xmin>1203</xmin>
			<ymin>418</ymin>
			<xmax>1290</xmax>
			<ymax>435</ymax>
		</bndbox>
	</object>
	<object>
		<difficult>0</difficult>
		<name>&amp;*@HUST_text</name>
		<bndbox>
			<xmin>1203</xmin>
			<ymin>397</ymin>
			<xmax>1292</xmax>
			<ymax>414</ymax>
		</bndbox>
	</object>
	<object>
		<difficult>0</difficult>
		<name>&amp;*@HUST_text</name>
		<bndbox>
			<xmin>1204</xmin>
			<ymin>375</ymin>
			<xmax>1292</xmax>
			<ymax>393</ymax>
		</bndbox>
	</object>
	<object>
		<difficult>0</difficult>
		<name>&amp;*@HUST_text</name>
		<bndbox>
			<xmin>1203</xmin>
			<ymin>354</ymin>
			<xmax>1368</xmax>
			<ymax>373</ymax>
		</bndbox>
	</object>
	<object>
		<difficult>0</difficult>
		<name>&amp;*@HUST_text</name>
		<bndbox>
			<xmin>1206</xmin>
			<ymin>333</ymin>
			<xmax>1447</xmax>
			<ymax>351</ymax>
		</bndbox>
	</object>
	<object>
		<difficult>0</difficult>
		<name>&amp;*@HUST_text</name>
		<bndbox>
			<xmin>1207</xmin>
			<ymin>312</ymin>
			<xmax>1447</xmax>
			<ymax>331</ymax>
		</bndbox>
	</object>
	<object>
		<difficult>0</difficult>
		<name>&amp;*@HUST_text</name>
		<bndbox>
			<xmin>1207</xmin>
			<ymin>291</ymin>
			<xmax>1448</xmax>
			<ymax>309</ymax>
		</bndbox>
	</object>
	<object>
		<difficult>0</difficult>
		<name>&amp;*@HUST_text</name>
		<bndbox>
			<xmin>1204</xmin>
			<ymin>270</ymin>
			<xmax>1445</xmax>
			<ymax>289</ymax>
		</bndbox>
	</object>
	<object>
		<difficult>0</difficult>
		<name>&amp;*@HUST_text</name>
		<bndbox>
			<xmin>1204</xmin>
			<ymin>249</ymin>
			<xmax>1444</xmax>
			<ymax>267</ymax>
		</bndbox>
	</object>
	<object>
		<difficult>0</difficult>
		<name>&amp;*@HUST_text</name>
		<bndbox>
			<xmin>1204</xmin>
			<ymin>229</ymin>
			<xmax>1445</xmax>
			<ymax>247</ymax>
		</bndbox>
	</object>
	<object>
		<difficult>0</difficult>
		<name>&amp;*@HUST_text</name>
		<bndbox>
			<xmin>1204</xmin>
			<ymin>208</ymin>
			<xmax>1447</xmax>
			<ymax>226</ymax>
		</bndbox>
	</object>
	<object>
		<difficult>0</difficult>
		<name>&amp;*@HUST_text</name>
		<bndbox>
			<xmin>1213</xmin>
			<ymin>186</ymin>
			<xmax>1447</xmax>
			<ymax>204</ymax>
		</bndbox>
	</object>
	<object>
		<difficult>0</difficult>
		<name>&amp;*@HUST_text</name>
		<bndbox>
			<xmin>1212</xmin>
			<ymin>144</ymin>
			<xmax>1446</xmax>
			<ymax>163</ymax>
		</bndbox>
	</object>
	<object>
		<difficult>0</difficult>
		<name>&amp;*@HUST_text</name>
		<bndbox>
			<xmin>1216</xmin>
			<ymin>102</ymin>
			<xmax>1302</xmax>
			<ymax>121</ymax>
		</bndbox>
	</object>
	<object>
		<difficult>0</difficult>
		<name>&amp;*@HUST_text</name>
		<bndbox>
			<xmin>1217</xmin>
			<ymin>82</ymin>
			<xmax>1455</xmax>
			<ymax>99</ymax>
		</bndbox>
	</object>
	<object>
		<difficult>0</difficult>
		<name>&amp;*@HUST_text</name>
		<bndbox>
			<xmin>1218</xmin>
			<ymin>57</ymin>
			<xmax>1289</xmax>
			<ymax>78</ymax>
		</bndbox>
	</object>
	<object>
		<difficult>0</difficult>
		<name>&amp;*@HUST_text</name>
		<bndbox>
			<xmin>1449</xmin>
			<ymin>57</ymin>
			<xmax>1529</xmax>
			<ymax>78</ymax>
		</bndbox>
	</object>
	<object>
		<difficult>0</difficult>
		<name>&amp;*@HUST_text</name>
		<bndbox>
			<xmin>1450</xmin>
			<ymin>144</ymin>
			<xmax>1510</xmax>
			<ymax>162</ymax>
		</bndbox>
	</object>
	<object>
		<difficult>0</difficult>
		<name>&amp;*@HUST_text</name>
		<bndbox>
			<xmin>1451</xmin>
			<ymin>186</ymin>
			<xmax>1505</xmax>
			<ymax>204</ymax>
		</bndbox>
	</object>
	<object>
		<difficult>0</difficult>
		<name>&amp;*@HUST_text</name>
		<bndbox>
			<xmin>1451</xmin>
			<ymin>207</ymin>
			<xmax>1508</xmax>
			<ymax>225</ymax>
		</bndbox>
	</object>
	<object>
		<difficult>0</difficult>
		<name>&amp;*@HUST_text</name>
		<bndbox>
			<xmin>1450</xmin>
			<ymin>228</ymin>
			<xmax>1508</xmax>
			<ymax>246</ymax>
		</bndbox>
	</object>
	<object>
		<difficult>0</difficult>
		<name>&amp;*@HUST_text</name>
		<bndbox>
			<xmin>1451</xmin>
			<ymin>249</ymin>
			<xmax>1510</xmax>
			<ymax>268</ymax>
		</bndbox>
	</object>
	<object>
		<difficult>0</difficult>
		<name>&amp;*@HUST_text</name>
		<bndbox>
			<xmin>1451</xmin>
			<ymin>270</ymin>
			<xmax>1511</xmax>
			<ymax>289</ymax>
		</bndbox>
	</object>
	<object>
		<difficult>0</difficult>
		<name>&amp;*@HUST_text</name>
		<bndbox>
			<xmin>1451</xmin>
			<ymin>291</ymin>
			<xmax>1510</xmax>
			<ymax>309</ymax>
		</bndbox>
	</object>
	<object>
		<difficult>0</difficult>
		<name>&amp;*@HUST_text</name>
		<bndbox>
			<xmin>1452</xmin>
			<ymin>312</ymin>
			<xmax>1512</xmax>
			<ymax>331</ymax>
		</bndbox>
	</object>
	<object>
		<difficult>0</difficult>
		<name>&amp;*@HUST_text</name>
		<bndbox>
			<xmin>1452</xmin>
			<ymin>333</ymin>
			<xmax>1514</xmax>
			<ymax>352</ymax>
		</bndbox>
	</object>
	<object>
		<difficult>0</difficult>
		<name>&amp;*@HUST_text</name>
		<bndbox>
			<xmin>1441</xmin>
			<ymin>502</ymin>
			<xmax>1506</xmax>
			<ymax>519</ymax>
		</bndbox>
	</object>
	<object>
		<difficult>0</difficult>
		<name>&amp;*@HUST_text</name>
		<bndbox>
			<xmin>1442</xmin>
			<ymin>543</ymin>
			<xmax>1510</xmax>
			<ymax>562</ymax>
		</bndbox>
	</object>
	<object>
		<difficult>0</difficult>
		<name>&amp;*@HUST_text</name>
		<bndbox>
			<xmin>1442</xmin>
			<ymin>564</ymin>
			<xmax>1509</xmax>
			<ymax>582</ymax>
		</bndbox>
	</object>
	<object>
		<difficult>0</difficult>
		<name>&amp;*@HUST_text</name>
		<bndbox>
			<xmin>1442</xmin>
			<ymin>607</ymin>
			<xmax>1508</xmax>
			<ymax>624</ymax>
		</bndbox>
	</object>
	<object>
		<difficult>0</difficult>
		<name>&amp;*@HUST_text</name>
		<bndbox>
			<xmin>1676</xmin>
			<ymin>691</ymin>
			<xmax>1858</xmax>
			<ymax>709</ymax>
		</bndbox>
	</object>
	<object>
		<difficult>0</difficult>
		<name>&amp;*@HUST_text</name>
		<bndbox>
			<xmin>1680</xmin>
			<ymin>669</ymin>
			<xmax>1896</xmax>
			<ymax>688</ymax>
		</bndbox>
	</object>
	<object>
		<difficult>1</difficult>
		<name>&amp;*@HUST_shelter</name>
		<bndbox>
			<xmin>1898</xmin>
			<ymin>669</ymin>
			<xmax>1900</xmax>
			<ymax>689</ymax>
		</bndbox>
	</object>
	<object>
		<difficult>0</difficult>
		<name>&amp;*@HUST_text</name>
		<bndbox>
			<xmin>1678</xmin>
			<ymin>606</ymin>
			<xmax>1853</xmax>
			<ymax>624</ymax>
		</bndbox>
	</object>
	<object>
		<difficult>0</difficult>
		<name>&amp;*@HUST_text</name>
		<bndbox>
			<xmin>1676</xmin>
			<ymin>502</ymin>
			<xmax>1861</xmax>
			<ymax>519</ymax>
		</bndbox>
	</object>
	<object>
		<difficult>0</difficult>
		<name>&amp;*@HUST_text</name>
		<bndbox>
			<xmin>1684</xmin>
			<ymin>81</ymin>
			<xmax>1897</xmax>
			<ymax>99</ymax>
		</bndbox>
	</object>
	<object>
		<difficult>0</difficult>
		<name>&amp;*@HUST_text</name>
		<bndbox>
			<xmin>1684</xmin>
			<ymin>58</ymin>
			<xmax>1774</xmax>
			<ymax>78</ymax>
		</bndbox>
	</object>
	<object>
		<difficult>1</difficult>
		<name>&amp;*@HUST_shelter</name>
		<bndbox>
			<xmin>1898</xmin>
			<ymin>82</ymin>
			<xmax>1900</xmax>
			<ymax>99</ymax>
		</bndbox>
	</object>
	<object>
		<difficult>1</difficult>
		<name>&amp;*@HUST_shelter</name>
		<bndbox>
			<xmin>2</xmin>
			<ymin>837</ymin>
			<xmax>99</xmax>
			<ymax>845</ymax>
		</bndbox>
	</object>
	<object>
		<difficult>1</difficult>
		<name>&amp;*@HUST_shelter</name>
		<bndbox>
			<xmin>278</xmin>
			<ymin>837</ymin>
			<xmax>407</xmax>
			<ymax>844</ymax>
		</bndbox>
	</object>
	<object>
		<difficult>1</difficult>
		<name>&amp;*@HUST_shelter</name>
		<bndbox>
			<xmin>735</xmin>
			<ymin>836</ymin>
			<xmax>974</xmax>
			<ymax>845</ymax>
		</bndbox>
	</object>
</annotation>