<annotation>
	<filename>Image 086.png</filename>
	<size>
		<width>1130</width>
		<height>46</height>
		<depth>3</depth>
	</size>
	<segmented>0</segmented>
	<object>
		<difficult>0</difficult>
		<name>&amp;*@HUST_text</name>
		<bndbox>
			<xmin>443</xmin>
			<ymin>20</ymin>
			<xmax>508</xmax>
			<ymax>38</ymax>
		</bndbox>
	</object>
	<object>
		<difficult>0</difficult>
		<name>&amp;*@HUST_text</name>
		<bndbox>
			<xmin>881</xmin>
			<ymin>20</ymin>
			<xmax>1065</xmax>
			<ymax>39</ymax>
		</bndbox>
	</object>
	<object>
		<difficult>0</difficult>
		<name>&amp;*@HUST_text</name>
		<bndbox>
			<xmin>214</xmin>
			<ymin>20</ymin>
			<xmax>320</xmax>
			<ymax>39</ymax>
		</bndbox>
	</object>
	<object>
		<difficult>0</difficult>
		<name>&amp;*@HUST_text</name>
		<bndbox>
			<xmin>18</xmin>
			<ymin>0</ymin>
			<xmax>146</xmax>
			<ymax>16</ymax>
		</bndbox>
	</object>
	<object>
		<difficult>0</difficult>
		<name>&amp;*@HUST_text</name>
		<bndbox>
			<xmin>1</xmin>
			<ymin>19</ymin>
			<xmax>136</xmax>
			<ymax>38</ymax>
		</bndbox>
	</object>
	<object>
		<difficult>1</difficult>
		<name>&amp;*@HUST_special</name>
		<bndbox>
			<xmin>2</xmin>
			<ymin>0</ymin>
			<xmax>17</xmax>
			<ymax>17</ymax>
		</bndbox>
	</object>
</annotation>