<annotation>
	<filename>Image 142.png</filename>
	<size>
		<width>1874</width>
		<height>783</height>
		<depth>3</depth>
	</size>
	<segmented>0</segmented>
	<object>
		<difficult>1</difficult>
		<name>&amp;*@HUST_special</name>
		<bndbox>
			<xmin>37</xmin>
			<ymin>2</ymin>
			<xmax>56</xmax>
			<ymax>22</ymax>
		</bndbox>
	</object>
	<object>
		<difficult>0</difficult>
		<name>&amp;*@HUST_text</name>
		<bndbox>
			<xmin>60</xmin>
			<ymin>2</ymin>
			<xmax>112</xmax>
			<ymax>22</ymax>
		</bndbox>
	</object>
	<object>
		<difficult>0</difficult>
		<name>&amp;*@HUST_text</name>
		<bndbox>
			<xmin>265</xmin>
			<ymin>2</ymin>
			<xmax>379</xmax>
			<ymax>22</ymax>
		</bndbox>
	</object>
	<object>
		<difficult>1</difficult>
		<name>&amp;*@HUST_special</name>
		<bndbox>
			<xmin>266</xmin>
			<ymin>29</ymin>
			<xmax>294</xmax>
			<ymax>46</ymax>
		</bndbox>
	</object>
	<object>
		<difficult>0</difficult>
		<name>&amp;*@HUST_text</name>
		<bndbox>
			<xmin>674</xmin>
			<ymin>2</ymin>
			<xmax>742</xmax>
			<ymax>22</ymax>
		</bndbox>
	</object>
	<object>
		<difficult>1</difficult>
		<name>&amp;*@HUST_special</name>
		<bndbox>
			<xmin>674</xmin>
			<ymin>29</ymin>
			<xmax>707</xmax>
			<ymax>45</ymax>
		</bndbox>
	</object>
	<object>
		<difficult>0</difficult>
		<name>&amp;*@HUST_text</name>
		<bndbox>
			<xmin>1084</xmin>
			<ymin>3</ymin>
			<xmax>1208</xmax>
			<ymax>22</ymax>
		</bndbox>
	</object>
	<object>
		<difficult>1</difficult>
		<name>&amp;*@HUST_special</name>
		<bndbox>
			<xmin>1083</xmin>
			<ymin>29</ymin>
			<xmax>1113</xmax>
			<ymax>45</ymax>
		</bndbox>
	</object>
	<object>
		<difficult>0</difficult>
		<name>&amp;*@HUST_text</name>
		<bndbox>
			<xmin>1492</xmin>
			<ymin>2</ymin>
			<xmax>1557</xmax>
			<ymax>22</ymax>
		</bndbox>
	</object>
	<object>
		<difficult>0</difficult>
		<name>&amp;*@HUST_text</name>
		<bndbox>
			<xmin>14</xmin>
			<ymin>51</ymin>
			<xmax>34</xmax>
			<ymax>68</ymax>
		</bndbox>
	</object>
	<object>
		<difficult>0</difficult>
		<name>&amp;*@HUST_text</name>
		<bndbox>
			<xmin>14</xmin>
			<ymin>71</ymin>
			<xmax>34</xmax>
			<ymax>87</ymax>
		</bndbox>
	</object>
	<object>
		<difficult>0</difficult>
		<name>&amp;*@HUST_text</name>
		<bndbox>
			<xmin>13</xmin>
			<ymin>92</ymin>
			<xmax>34</xmax>
			<ymax>109</ymax>
		</bndbox>
	</object>
	<object>
		<difficult>0</difficult>
		<name>&amp;*@HUST_text</name>
		<bndbox>
			<xmin>13</xmin>
			<ymin>113</ymin>
			<xmax>34</xmax>
			<ymax>129</ymax>
		</bndbox>
	</object>
	<object>
		<difficult>0</difficult>
		<name>&amp;*@HUST_text</name>
		<bndbox>
			<xmin>13</xmin>
			<ymin>134</ymin>
			<xmax>34</xmax>
			<ymax>150</ymax>
		</bndbox>
	</object>
	<object>
		<difficult>0</difficult>
		<name>&amp;*@HUST_text</name>
		<bndbox>
			<xmin>14</xmin>
			<ymin>155</ymin>
			<xmax>34</xmax>
			<ymax>171</ymax>
		</bndbox>
	</object>
	<object>
		<difficult>0</difficult>
		<name>&amp;*@HUST_text</name>
		<bndbox>
			<xmin>14</xmin>
			<ymin>176</ymin>
			<xmax>34</xmax>
			<ymax>193</ymax>
		</bndbox>
	</object>
	<object>
		<difficult>0</difficult>
		<name>&amp;*@HUST_text</name>
		<bndbox>
			<xmin>13</xmin>
			<ymin>197</ymin>
			<xmax>35</xmax>
			<ymax>214</ymax>
		</bndbox>
	</object>
	<object>
		<difficult>0</difficult>
		<name>&amp;*@HUST_text</name>
		<bndbox>
			<xmin>14</xmin>
			<ymin>218</ymin>
			<xmax>35</xmax>
			<ymax>234</ymax>
		</bndbox>
	</object>
	<object>
		<difficult>0</difficult>
		<name>&amp;*@HUST_text</name>
		<bndbox>
			<xmin>13</xmin>
			<ymin>239</ymin>
			<xmax>34</xmax>
			<ymax>255</ymax>
		</bndbox>
	</object>
	<object>
		<difficult>0</difficult>
		<name>&amp;*@HUST_text</name>
		<bndbox>
			<xmin>14</xmin>
			<ymin>260</ymin>
			<xmax>34</xmax>
			<ymax>276</ymax>
		</bndbox>
	</object>
	<object>
		<difficult>0</difficult>
		<name>&amp;*@HUST_text</name>
		<bndbox>
			<xmin>13</xmin>
			<ymin>281</ymin>
			<xmax>34</xmax>
			<ymax>298</ymax>
		</bndbox>
	</object>
	<object>
		<difficult>0</difficult>
		<name>&amp;*@HUST_text</name>
		<bndbox>
			<xmin>13</xmin>
			<ymin>302</ymin>
			<xmax>34</xmax>
			<ymax>319</ymax>
		</bndbox>
	</object>
	<object>
		<difficult>0</difficult>
		<name>&amp;*@HUST_text</name>
		<bndbox>
			<xmin>13</xmin>
			<ymin>324</ymin>
			<xmax>35</xmax>
			<ymax>340</ymax>
		</bndbox>
	</object>
	<object>
		<difficult>0</difficult>
		<name>&amp;*@HUST_text</name>
		<bndbox>
			<xmin>14</xmin>
			<ymin>344</ymin>
			<xmax>34</xmax>
			<ymax>361</ymax>
		</bndbox>
	</object>
	<object>
		<difficult>0</difficult>
		<name>&amp;*@HUST_text</name>
		<bndbox>
			<xmin>13</xmin>
			<ymin>366</ymin>
			<xmax>34</xmax>
			<ymax>382</ymax>
		</bndbox>
	</object>
	<object>
		<difficult>0</difficult>
		<name>&amp;*@HUST_text</name>
		<bndbox>
			<xmin>13</xmin>
			<ymin>387</ymin>
			<xmax>34</xmax>
			<ymax>402</ymax>
		</bndbox>
	</object>
	<object>
		<difficult>0</difficult>
		<name>&amp;*@HUST_text</name>
		<bndbox>
			<xmin>14</xmin>
			<ymin>407</ymin>
			<xmax>34</xmax>
			<ymax>423</ymax>
		</bndbox>
	</object>
	<object>
		<difficult>0</difficult>
		<name>&amp;*@HUST_text</name>
		<bndbox>
			<xmin>14</xmin>
			<ymin>428</ymin>
			<xmax>34</xmax>
			<ymax>445</ymax>
		</bndbox>
	</object>
	<object>
		<difficult>0</difficult>
		<name>&amp;*@HUST_text</name>
		<bndbox>
			<xmin>15</xmin>
			<ymin>449</ymin>
			<xmax>34</xmax>
			<ymax>465</ymax>
		</bndbox>
	</object>
	<object>
		<difficult>0</difficult>
		<name>&amp;*@HUST_text</name>
		<bndbox>
			<xmin>13</xmin>
			<ymin>470</ymin>
			<xmax>34</xmax>
			<ymax>487</ymax>
		</bndbox>
	</object>
	<object>
		<difficult>0</difficult>
		<name>&amp;*@HUST_text</name>
		<bndbox>
			<xmin>14</xmin>
			<ymin>491</ymin>
			<xmax>34</xmax>
			<ymax>508</ymax>
		</bndbox>
	</object>
	<object>
		<difficult>0</difficult>
		<name>&amp;*@HUST_text</name>
		<bndbox>
			<xmin>14</xmin>
			<ymin>512</ymin>
			<xmax>34</xmax>
			<ymax>528</ymax>
		</bndbox>
	</object>
	<object>
		<difficult>0</difficult>
		<name>&amp;*@HUST_text</name>
		<bndbox>
			<xmin>14</xmin>
			<ymin>534</ymin>
			<xmax>34</xmax>
			<ymax>549</ymax>
		</bndbox>
	</object>
	<object>
		<difficult>0</difficult>
		<name>&amp;*@HUST_text</name>
		<bndbox>
			<xmin>14</xmin>
			<ymin>554</ymin>
			<xmax>34</xmax>
			<ymax>570</ymax>
		</bndbox>
	</object>
	<object>
		<difficult>0</difficult>
		<name>&amp;*@HUST_text</name>
		<bndbox>
			<xmin>14</xmin>
			<ymin>575</ymin>
			<xmax>35</xmax>
			<ymax>591</ymax>
		</bndbox>
	</object>
	<object>
		<difficult>0</difficult>
		<name>&amp;*@HUST_text</name>
		<bndbox>
			<xmin>13</xmin>
			<ymin>597</ymin>
			<xmax>35</xmax>
			<ymax>613</ymax>
		</bndbox>
	</object>
	<object>
		<difficult>0</difficult>
		<name>&amp;*@HUST_text</name>
		<bndbox>
			<xmin>13</xmin>
			<ymin>618</ymin>
			<xmax>35</xmax>
			<ymax>634</ymax>
		</bndbox>
	</object>
	<object>
		<difficult>0</difficult>
		<name>&amp;*@HUST_text</name>
		<bndbox>
			<xmin>15</xmin>
			<ymin>638</ymin>
			<xmax>35</xmax>
			<ymax>655</ymax>
		</bndbox>
	</object>
	<object>
		<difficult>0</difficult>
		<name>&amp;*@HUST_text</name>
		<bndbox>
			<xmin>15</xmin>
			<ymin>660</ymin>
			<xmax>34</xmax>
			<ymax>676</ymax>
		</bndbox>
	</object>
	<object>
		<difficult>0</difficult>
		<name>&amp;*@HUST_text</name>
		<bndbox>
			<xmin>14</xmin>
			<ymin>681</ymin>
			<xmax>35</xmax>
			<ymax>697</ymax>
		</bndbox>
	</object>
	<object>
		<difficult>0</difficult>
		<name>&amp;*@HUST_text</name>
		<bndbox>
			<xmin>13</xmin>
			<ymin>702</ymin>
			<xmax>35</xmax>
			<ymax>718</ymax>
		</bndbox>
	</object>
	<object>
		<difficult>0</difficult>
		<name>&amp;*@HUST_text</name>
		<bndbox>
			<xmin>13</xmin>
			<ymin>722</ymin>
			<xmax>35</xmax>
			<ymax>740</ymax>
		</bndbox>
	</object>
	<object>
		<difficult>0</difficult>
		<name>&amp;*@HUST_text</name>
		<bndbox>
			<xmin>14</xmin>
			<ymin>744</ymin>
			<xmax>34</xmax>
			<ymax>760</ymax>
		</bndbox>
	</object>
	<object>
		<difficult>0</difficult>
		<name>&amp;*@HUST_text</name>
		<bndbox>
			<xmin>14</xmin>
			<ymin>764</ymin>
			<xmax>34</xmax>
			<ymax>780</ymax>
		</bndbox>
	</object>
	<object>
		<difficult>1</difficult>
		<name>&amp;*@HUST_special</name>
		<bndbox>
			<xmin>37</xmin>
			<ymin>51</ymin>
			<xmax>57</xmax>
			<ymax>68</ymax>
		</bndbox>
	</object>
	<object>
		<difficult>1</difficult>
		<name>&amp;*@HUST_special</name>
		<bndbox>
			<xmin>38</xmin>
			<ymin>71</ymin>
			<xmax>56</xmax>
			<ymax>89</ymax>
		</bndbox>
	</object>
	<object>
		<difficult>1</difficult>
		<name>&amp;*@HUST_special</name>
		<bndbox>
			<xmin>37</xmin>
			<ymin>92</ymin>
			<xmax>57</xmax>
			<ymax>110</ymax>
		</bndbox>
	</object>
	<object>
		<difficult>1</difficult>
		<name>&amp;*@HUST_special</name>
		<bndbox>
			<xmin>37</xmin>
			<ymin>113</ymin>
			<xmax>56</xmax>
			<ymax>131</ymax>
		</bndbox>
	</object>
	<object>
		<difficult>1</difficult>
		<name>&amp;*@HUST_special</name>
		<bndbox>
			<xmin>38</xmin>
			<ymin>134</ymin>
			<xmax>56</xmax>
			<ymax>151</ymax>
		</bndbox>
	</object>
	<object>
		<difficult>1</difficult>
		<name>&amp;*@HUST_special</name>
		<bndbox>
			<xmin>37</xmin>
			<ymin>155</ymin>
			<xmax>56</xmax>
			<ymax>172</ymax>
		</bndbox>
	</object>
	<object>
		<difficult>1</difficult>
		<name>&amp;*@HUST_special</name>
		<bndbox>
			<xmin>37</xmin>
			<ymin>176</ymin>
			<xmax>56</xmax>
			<ymax>194</ymax>
		</bndbox>
	</object>
	<object>
		<difficult>1</difficult>
		<name>&amp;*@HUST_special</name>
		<bndbox>
			<xmin>38</xmin>
			<ymin>197</ymin>
			<xmax>56</xmax>
			<ymax>214</ymax>
		</bndbox>
	</object>
	<object>
		<difficult>1</difficult>
		<name>&amp;*@HUST_special</name>
		<bndbox>
			<xmin>38</xmin>
			<ymin>218</ymin>
			<xmax>57</xmax>
			<ymax>236</ymax>
		</bndbox>
	</object>
	<object>
		<difficult>1</difficult>
		<name>&amp;*@HUST_special</name>
		<bndbox>
			<xmin>37</xmin>
			<ymin>239</ymin>
			<xmax>56</xmax>
			<ymax>256</ymax>
		</bndbox>
	</object>
	<object>
		<difficult>1</difficult>
		<name>&amp;*@HUST_special</name>
		<bndbox>
			<xmin>37</xmin>
			<ymin>261</ymin>
			<xmax>55</xmax>
			<ymax>277</ymax>
		</bndbox>
	</object>
	<object>
		<difficult>1</difficult>
		<name>&amp;*@HUST_special</name>
		<bndbox>
			<xmin>38</xmin>
			<ymin>281</ymin>
			<xmax>56</xmax>
			<ymax>299</ymax>
		</bndbox>
	</object>
	<object>
		<difficult>1</difficult>
		<name>&amp;*@HUST_special</name>
		<bndbox>
			<xmin>38</xmin>
			<ymin>302</ymin>
			<xmax>56</xmax>
			<ymax>319</ymax>
		</bndbox>
	</object>
	<object>
		<difficult>1</difficult>
		<name>&amp;*@HUST_special</name>
		<bndbox>
			<xmin>38</xmin>
			<ymin>323</ymin>
			<xmax>56</xmax>
			<ymax>340</ymax>
		</bndbox>
	</object>
	<object>
		<difficult>1</difficult>
		<name>&amp;*@HUST_special</name>
		<bndbox>
			<xmin>37</xmin>
			<ymin>344</ymin>
			<xmax>57</xmax>
			<ymax>362</ymax>
		</bndbox>
	</object>
	<object>
		<difficult>1</difficult>
		<name>&amp;*@HUST_special</name>
		<bndbox>
			<xmin>38</xmin>
			<ymin>365</ymin>
			<xmax>56</xmax>
			<ymax>383</ymax>
		</bndbox>
	</object>
	<object>
		<difficult>1</difficult>
		<name>&amp;*@HUST_special</name>
		<bndbox>
			<xmin>38</xmin>
			<ymin>386</ymin>
			<xmax>56</xmax>
			<ymax>404</ymax>
		</bndbox>
	</object>
	<object>
		<difficult>1</difficult>
		<name>&amp;*@HUST_special</name>
		<bndbox>
			<xmin>38</xmin>
			<ymin>407</ymin>
			<xmax>55</xmax>
			<ymax>425</ymax>
		</bndbox>
	</object>
	<object>
		<difficult>1</difficult>
		<name>&amp;*@HUST_special</name>
		<bndbox>
			<xmin>38</xmin>
			<ymin>428</ymin>
			<xmax>55</xmax>
			<ymax>445</ymax>
		</bndbox>
	</object>
	<object>
		<difficult>1</difficult>
		<name>&amp;*@HUST_special</name>
		<bndbox>
			<xmin>38</xmin>
			<ymin>450</ymin>
			<xmax>55</xmax>
			<ymax>466</ymax>
		</bndbox>
	</object>
	<object>
		<difficult>1</difficult>
		<name>&amp;*@HUST_special</name>
		<bndbox>
			<xmin>38</xmin>
			<ymin>470</ymin>
			<xmax>54</xmax>
			<ymax>487</ymax>
		</bndbox>
	</object>
	<object>
		<difficult>1</difficult>
		<name>&amp;*@HUST_special</name>
		<bndbox>
			<xmin>37</xmin>
			<ymin>491</ymin>
			<xmax>55</xmax>
			<ymax>508</ymax>
		</bndbox>
	</object>
	<object>
		<difficult>1</difficult>
		<name>&amp;*@HUST_special</name>
		<bndbox>
			<xmin>38</xmin>
			<ymin>512</ymin>
			<xmax>56</xmax>
			<ymax>530</ymax>
		</bndbox>
	</object>
	<object>
		<difficult>1</difficult>
		<name>&amp;*@HUST_special</name>
		<bndbox>
			<xmin>38</xmin>
			<ymin>533</ymin>
			<xmax>56</xmax>
			<ymax>550</ymax>
		</bndbox>
	</object>
	<object>
		<difficult>1</difficult>
		<name>&amp;*@HUST_special</name>
		<bndbox>
			<xmin>38</xmin>
			<ymin>554</ymin>
			<xmax>55</xmax>
			<ymax>571</ymax>
		</bndbox>
	</object>
	<object>
		<difficult>1</difficult>
		<name>&amp;*@HUST_special</name>
		<bndbox>
			<xmin>38</xmin>
			<ymin>575</ymin>
			<xmax>54</xmax>
			<ymax>592</ymax>
		</bndbox>
	</object>
	<object>
		<difficult>1</difficult>
		<name>&amp;*@HUST_special</name>
		<bndbox>
			<xmin>38</xmin>
			<ymin>596</ymin>
			<xmax>54</xmax>
			<ymax>613</ymax>
		</bndbox>
	</object>
	<object>
		<difficult>1</difficult>
		<name>&amp;*@HUST_special</name>
		<bndbox>
			<xmin>38</xmin>
			<ymin>617</ymin>
			<xmax>55</xmax>
			<ymax>634</ymax>
		</bndbox>
	</object>
	<object>
		<difficult>1</difficult>
		<name>&amp;*@HUST_special</name>
		<bndbox>
			<xmin>38</xmin>
			<ymin>638</ymin>
			<xmax>55</xmax>
			<ymax>655</ymax>
		</bndbox>
	</object>
	<object>
		<difficult>1</difficult>
		<name>&amp;*@HUST_special</name>
		<bndbox>
			<xmin>38</xmin>
			<ymin>659</ymin>
			<xmax>55</xmax>
			<ymax>676</ymax>
		</bndbox>
	</object>
	<object>
		<difficult>1</difficult>
		<name>&amp;*@HUST_special</name>
		<bndbox>
			<xmin>38</xmin>
			<ymin>680</ymin>
			<xmax>55</xmax>
			<ymax>697</ymax>
		</bndbox>
	</object>
	<object>
		<difficult>1</difficult>
		<name>&amp;*@HUST_special</name>
		<bndbox>
			<xmin>38</xmin>
			<ymin>702</ymin>
			<xmax>56</xmax>
			<ymax>719</ymax>
		</bndbox>
	</object>
	<object>
		<difficult>1</difficult>
		<name>&amp;*@HUST_special</name>
		<bndbox>
			<xmin>38</xmin>
			<ymin>722</ymin>
			<xmax>55</xmax>
			<ymax>739</ymax>
		</bndbox>
	</object>
	<object>
		<difficult>1</difficult>
		<name>&amp;*@HUST_special</name>
		<bndbox>
			<xmin>38</xmin>
			<ymin>743</ymin>
			<xmax>54</xmax>
			<ymax>761</ymax>
		</bndbox>
	</object>
	<object>
		<difficult>1</difficult>
		<name>&amp;*@HUST_special</name>
		<bndbox>
			<xmin>38</xmin>
			<ymin>764</ymin>
			<xmax>55</xmax>
			<ymax>781</ymax>
		</bndbox>
	</object>
	<object>
		<difficult>0</difficult>
		<name>&amp;*@HUST_text</name>
		<bndbox>
			<xmin>60</xmin>
			<ymin>50</ymin>
			<xmax>98</xmax>
			<ymax>67</ymax>
		</bndbox>
	</object>
	<object>
		<difficult>0</difficult>
		<name>&amp;*@HUST_text</name>
		<bndbox>
			<xmin>60</xmin>
			<ymin>71</ymin>
			<xmax>98</xmax>
			<ymax>88</ymax>
		</bndbox>
	</object>
	<object>
		<difficult>0</difficult>
		<name>&amp;*@HUST_text</name>
		<bndbox>
			<xmin>60</xmin>
			<ymin>92</ymin>
			<xmax>99</xmax>
			<ymax>109</ymax>
		</bndbox>
	</object>
	<object>
		<difficult>0</difficult>
		<name>&amp;*@HUST_text</name>
		<bndbox>
			<xmin>61</xmin>
			<ymin>113</ymin>
			<xmax>99</xmax>
			<ymax>130</ymax>
		</bndbox>
	</object>
	<object>
		<difficult>0</difficult>
		<name>&amp;*@HUST_text</name>
		<bndbox>
			<xmin>61</xmin>
			<ymin>134</ymin>
			<xmax>100</xmax>
			<ymax>151</ymax>
		</bndbox>
	</object>
	<object>
		<difficult>0</difficult>
		<name>&amp;*@HUST_text</name>
		<bndbox>
			<xmin>61</xmin>
			<ymin>155</ymin>
			<xmax>100</xmax>
			<ymax>172</ymax>
		</bndbox>
	</object>
	<object>
		<difficult>0</difficult>
		<name>&amp;*@HUST_text</name>
		<bndbox>
			<xmin>61</xmin>
			<ymin>177</ymin>
			<xmax>100</xmax>
			<ymax>193</ymax>
		</bndbox>
	</object>
	<object>
		<difficult>0</difficult>
		<name>&amp;*@HUST_text</name>
		<bndbox>
			<xmin>61</xmin>
			<ymin>197</ymin>
			<xmax>101</xmax>
			<ymax>214</ymax>
		</bndbox>
	</object>
	<object>
		<difficult>0</difficult>
		<name>&amp;*@HUST_text</name>
		<bndbox>
			<xmin>61</xmin>
			<ymin>219</ymin>
			<xmax>101</xmax>
			<ymax>235</ymax>
		</bndbox>
	</object>
	<object>
		<difficult>0</difficult>
		<name>&amp;*@HUST_text</name>
		<bndbox>
			<xmin>61</xmin>
			<ymin>239</ymin>
			<xmax>101</xmax>
			<ymax>256</ymax>
		</bndbox>
	</object>
	<object>
		<difficult>0</difficult>
		<name>&amp;*@HUST_text</name>
		<bndbox>
			<xmin>61</xmin>
			<ymin>259</ymin>
			<xmax>101</xmax>
			<ymax>277</ymax>
		</bndbox>
	</object>
	<object>
		<difficult>0</difficult>
		<name>&amp;*@HUST_text</name>
		<bndbox>
			<xmin>61</xmin>
			<ymin>281</ymin>
			<xmax>101</xmax>
			<ymax>298</ymax>
		</bndbox>
	</object>
	<object>
		<difficult>0</difficult>
		<name>&amp;*@HUST_text</name>
		<bndbox>
			<xmin>61</xmin>
			<ymin>302</ymin>
			<xmax>101</xmax>
			<ymax>319</ymax>
		</bndbox>
	</object>
	<object>
		<difficult>0</difficult>
		<name>&amp;*@HUST_text</name>
		<bndbox>
			<xmin>61</xmin>
			<ymin>323</ymin>
			<xmax>101</xmax>
			<ymax>340</ymax>
		</bndbox>
	</object>
	<object>
		<difficult>0</difficult>
		<name>&amp;*@HUST_text</name>
		<bndbox>
			<xmin>61</xmin>
			<ymin>345</ymin>
			<xmax>102</xmax>
			<ymax>361</ymax>
		</bndbox>
	</object>
	<object>
		<difficult>0</difficult>
		<name>&amp;*@HUST_text</name>
		<bndbox>
			<xmin>61</xmin>
			<ymin>364</ymin>
			<xmax>102</xmax>
			<ymax>382</ymax>
		</bndbox>
	</object>
	<object>
		<difficult>0</difficult>
		<name>&amp;*@HUST_text</name>
		<bndbox>
			<xmin>61</xmin>
			<ymin>387</ymin>
			<xmax>102</xmax>
			<ymax>403</ymax>
		</bndbox>
	</object>
	<object>
		<difficult>0</difficult>
		<name>&amp;*@HUST_text</name>
		<bndbox>
			<xmin>61</xmin>
			<ymin>407</ymin>
			<xmax>102</xmax>
			<ymax>424</ymax>
		</bndbox>
	</object>
	<object>
		<difficult>0</difficult>
		<name>&amp;*@HUST_text</name>
		<bndbox>
			<xmin>61</xmin>
			<ymin>428</ymin>
			<xmax>102</xmax>
			<ymax>445</ymax>
		</bndbox>
	</object>
	<object>
		<difficult>0</difficult>
		<name>&amp;*@HUST_text</name>
		<bndbox>
			<xmin>61</xmin>
			<ymin>449</ymin>
			<xmax>102</xmax>
			<ymax>466</ymax>
		</bndbox>
	</object>
	<object>
		<difficult>0</difficult>
		<name>&amp;*@HUST_text</name>
		<bndbox>
			<xmin>61</xmin>
			<ymin>470</ymin>
			<xmax>102</xmax>
			<ymax>487</ymax>
		</bndbox>
	</object>
	<object>
		<difficult>0</difficult>
		<name>&amp;*@HUST_text</name>
		<bndbox>
			<xmin>61</xmin>
			<ymin>491</ymin>
			<xmax>102</xmax>
			<ymax>508</ymax>
		</bndbox>
	</object>
	<object>
		<difficult>0</difficult>
		<name>&amp;*@HUST_text</name>
		<bndbox>
			<xmin>61</xmin>
			<ymin>512</ymin>
			<xmax>102</xmax>
			<ymax>529</ymax>
		</bndbox>
	</object>
	<object>
		<difficult>0</difficult>
		<name>&amp;*@HUST_text</name>
		<bndbox>
			<xmin>61</xmin>
			<ymin>533</ymin>
			<xmax>102</xmax>
			<ymax>550</ymax>
		</bndbox>
	</object>
	<object>
		<difficult>0</difficult>
		<name>&amp;*@HUST_text</name>
		<bndbox>
			<xmin>61</xmin>
			<ymin>554</ymin>
			<xmax>103</xmax>
			<ymax>571</ymax>
		</bndbox>
	</object>
	<object>
		<difficult>0</difficult>
		<name>&amp;*@HUST_text</name>
		<bndbox>
			<xmin>61</xmin>
			<ymin>575</ymin>
			<xmax>103</xmax>
			<ymax>592</ymax>
		</bndbox>
	</object>
	<object>
		<difficult>0</difficult>
		<name>&amp;*@HUST_text</name>
		<bndbox>
			<xmin>61</xmin>
			<ymin>596</ymin>
			<xmax>103</xmax>
			<ymax>613</ymax>
		</bndbox>
	</object>
	<object>
		<difficult>0</difficult>
		<name>&amp;*@HUST_text</name>
		<bndbox>
			<xmin>61</xmin>
			<ymin>616</ymin>
			<xmax>103</xmax>
			<ymax>634</ymax>
		</bndbox>
	</object>
	<object>
		<difficult>0</difficult>
		<name>&amp;*@HUST_text</name>
		<bndbox>
			<xmin>61</xmin>
			<ymin>638</ymin>
			<xmax>104</xmax>
			<ymax>655</ymax>
		</bndbox>
	</object>
	<object>
		<difficult>0</difficult>
		<name>&amp;*@HUST_text</name>
		<bndbox>
			<xmin>61</xmin>
			<ymin>659</ymin>
			<xmax>104</xmax>
			<ymax>677</ymax>
		</bndbox>
	</object>
	<object>
		<difficult>0</difficult>
		<name>&amp;*@HUST_text</name>
		<bndbox>
			<xmin>61</xmin>
			<ymin>680</ymin>
			<xmax>105</xmax>
			<ymax>697</ymax>
		</bndbox>
	</object>
	<object>
		<difficult>0</difficult>
		<name>&amp;*@HUST_text</name>
		<bndbox>
			<xmin>61</xmin>
			<ymin>701</ymin>
			<xmax>105</xmax>
			<ymax>718</ymax>
		</bndbox>
	</object>
	<object>
		<difficult>0</difficult>
		<name>&amp;*@HUST_text</name>
		<bndbox>
			<xmin>61</xmin>
			<ymin>722</ymin>
			<xmax>105</xmax>
			<ymax>739</ymax>
		</bndbox>
	</object>
	<object>
		<difficult>0</difficult>
		<name>&amp;*@HUST_text</name>
		<bndbox>
			<xmin>61</xmin>
			<ymin>743</ymin>
			<xmax>105</xmax>
			<ymax>760</ymax>
		</bndbox>
	</object>
	<object>
		<difficult>0</difficult>
		<name>&amp;*@HUST_text</name>
		<bndbox>
			<xmin>61</xmin>
			<ymin>764</ymin>
			<xmax>105</xmax>
			<ymax>781</ymax>
		</bndbox>
	</object>
	<object>
		<difficult>0</difficult>
		<name>&amp;*@HUST_text</name>
		<bndbox>
			<xmin>259</xmin>
			<ymin>50</ymin>
			<xmax>337</xmax>
			<ymax>67</ymax>
		</bndbox>
	</object>
	<object>
		<difficult>0</difficult>
		<name>&amp;*@HUST_text</name>
		<bndbox>
			<xmin>259</xmin>
			<ymin>71</ymin>
			<xmax>360</xmax>
			<ymax>88</ymax>
		</bndbox>
	</object>
	<object>
		<difficult>0</difficult>
		<name>&amp;*@HUST_text</name>
		<bndbox>
			<xmin>259</xmin>
			<ymin>92</ymin>
			<xmax>361</xmax>
			<ymax>109</ymax>
		</bndbox>
	</object>
	<object>
		<difficult>0</difficult>
		<name>&amp;*@HUST_text</name>
		<bndbox>
			<xmin>259</xmin>
			<ymin>113</ymin>
			<xmax>384</xmax>
			<ymax>130</ymax>
		</bndbox>
	</object>
	<object>
		<difficult>0</difficult>
		<name>&amp;*@HUST_text</name>
		<bndbox>
			<xmin>259</xmin>
			<ymin>133</ymin>
			<xmax>385</xmax>
			<ymax>151</ymax>
		</bndbox>
	</object>
	<object>
		<difficult>0</difficult>
		<name>&amp;*@HUST_text</name>
		<bndbox>
			<xmin>259</xmin>
			<ymin>155</ymin>
			<xmax>386</xmax>
			<ymax>172</ymax>
		</bndbox>
	</object>
	<object>
		<difficult>0</difficult>
		<name>&amp;*@HUST_text</name>
		<bndbox>
			<xmin>259</xmin>
			<ymin>175</ymin>
			<xmax>388</xmax>
			<ymax>193</ymax>
		</bndbox>
	</object>
	<object>
		<difficult>0</difficult>
		<name>&amp;*@HUST_text</name>
		<bndbox>
			<xmin>259</xmin>
			<ymin>197</ymin>
			<xmax>388</xmax>
			<ymax>214</ymax>
		</bndbox>
	</object>
	<object>
		<difficult>0</difficult>
		<name>&amp;*@HUST_text</name>
		<bndbox>
			<xmin>259</xmin>
			<ymin>217</ymin>
			<xmax>388</xmax>
			<ymax>235</ymax>
		</bndbox>
	</object>
	<object>
		<difficult>0</difficult>
		<name>&amp;*@HUST_text</name>
		<bndbox>
			<xmin>258</xmin>
			<ymin>238</ymin>
			<xmax>445</xmax>
			<ymax>256</ymax>
		</bndbox>
	</object>
	<object>
		<difficult>0</difficult>
		<name>&amp;*@HUST_text</name>
		<bndbox>
			<xmin>259</xmin>
			<ymin>260</ymin>
			<xmax>324</xmax>
			<ymax>277</ymax>
		</bndbox>
	</object>
	<object>
		<difficult>0</difficult>
		<name>&amp;*@HUST_text</name>
		<bndbox>
			<xmin>259</xmin>
			<ymin>280</ymin>
			<xmax>344</xmax>
			<ymax>298</ymax>
		</bndbox>
	</object>
	<object>
		<difficult>0</difficult>
		<name>&amp;*@HUST_text</name>
		<bndbox>
			<xmin>259</xmin>
			<ymin>302</ymin>
			<xmax>402</xmax>
			<ymax>319</ymax>
		</bndbox>
	</object>
	<object>
		<difficult>0</difficult>
		<name>&amp;*@HUST_text</name>
		<bndbox>
			<xmin>259</xmin>
			<ymin>323</ymin>
			<xmax>419</xmax>
			<ymax>340</ymax>
		</bndbox>
	</object>
	<object>
		<difficult>0</difficult>
		<name>&amp;*@HUST_text</name>
		<bndbox>
			<xmin>259</xmin>
			<ymin>344</ymin>
			<xmax>420</xmax>
			<ymax>361</ymax>
		</bndbox>
	</object>
	<object>
		<difficult>0</difficult>
		<name>&amp;*@HUST_text</name>
		<bndbox>
			<xmin>259</xmin>
			<ymin>365</ymin>
			<xmax>330</xmax>
			<ymax>382</ymax>
		</bndbox>
	</object>
	<object>
		<difficult>0</difficult>
		<name>&amp;*@HUST_text</name>
		<bndbox>
			<xmin>259</xmin>
			<ymin>386</ymin>
			<xmax>484</xmax>
			<ymax>403</ymax>
		</bndbox>
	</object>
	<object>
		<difficult>0</difficult>
		<name>&amp;*@HUST_text</name>
		<bndbox>
			<xmin>259</xmin>
			<ymin>406</ymin>
			<xmax>485</xmax>
			<ymax>424</ymax>
		</bndbox>
	</object>
	<object>
		<difficult>0</difficult>
		<name>&amp;*@HUST_text</name>
		<bndbox>
			<xmin>259</xmin>
			<ymin>428</ymin>
			<xmax>486</xmax>
			<ymax>445</ymax>
		</bndbox>
	</object>
	<object>
		<difficult>0</difficult>
		<name>&amp;*@HUST_text</name>
		<bndbox>
			<xmin>259</xmin>
			<ymin>448</ymin>
			<xmax>484</xmax>
			<ymax>466</ymax>
		</bndbox>
	</object>
	<object>
		<difficult>0</difficult>
		<name>&amp;*@HUST_text</name>
		<bndbox>
			<xmin>259</xmin>
			<ymin>469</ymin>
			<xmax>485</xmax>
			<ymax>487</ymax>
		</bndbox>
	</object>
	<object>
		<difficult>0</difficult>
		<name>&amp;*@HUST_text</name>
		<bndbox>
			<xmin>259</xmin>
			<ymin>490</ymin>
			<xmax>485</xmax>
			<ymax>508</ymax>
		</bndbox>
	</object>
	<object>
		<difficult>0</difficult>
		<name>&amp;*@HUST_text</name>
		<bndbox>
			<xmin>259</xmin>
			<ymin>511</ymin>
			<xmax>484</xmax>
			<ymax>529</ymax>
		</bndbox>
	</object>
	<object>
		<difficult>0</difficult>
		<name>&amp;*@HUST_text</name>
		<bndbox>
			<xmin>259</xmin>
			<ymin>532</ymin>
			<xmax>483</xmax>
			<ymax>550</ymax>
		</bndbox>
	</object>
	<object>
		<difficult>0</difficult>
		<name>&amp;*@HUST_text</name>
		<bndbox>
			<xmin>259</xmin>
			<ymin>554</ymin>
			<xmax>482</xmax>
			<ymax>571</ymax>
		</bndbox>
	</object>
	<object>
		<difficult>0</difficult>
		<name>&amp;*@HUST_text</name>
		<bndbox>
			<xmin>259</xmin>
			<ymin>574</ymin>
			<xmax>482</xmax>
			<ymax>592</ymax>
		</bndbox>
	</object>
	<object>
		<difficult>0</difficult>
		<name>&amp;*@HUST_text</name>
		<bndbox>
			<xmin>259</xmin>
			<ymin>595</ymin>
			<xmax>482</xmax>
			<ymax>613</ymax>
		</bndbox>
	</object>
	<object>
		<difficult>0</difficult>
		<name>&amp;*@HUST_text</name>
		<bndbox>
			<xmin>259</xmin>
			<ymin>617</ymin>
			<xmax>482</xmax>
			<ymax>634</ymax>
		</bndbox>
	</object>
	<object>
		<difficult>0</difficult>
		<name>&amp;*@HUST_text</name>
		<bndbox>
			<xmin>259</xmin>
			<ymin>637</ymin>
			<xmax>481</xmax>
			<ymax>655</ymax>
		</bndbox>
	</object>
	<object>
		<difficult>0</difficult>
		<name>&amp;*@HUST_text</name>
		<bndbox>
			<xmin>259</xmin>
			<ymin>658</ymin>
			<xmax>329</xmax>
			<ymax>676</ymax>
		</bndbox>
	</object>
	<object>
		<difficult>0</difficult>
		<name>&amp;*@HUST_text</name>
		<bndbox>
			<xmin>259</xmin>
			<ymin>679</ymin>
			<xmax>354</xmax>
			<ymax>697</ymax>
		</bndbox>
	</object>
	<object>
		<difficult>0</difficult>
		<name>&amp;*@HUST_text</name>
		<bndbox>
			<xmin>259</xmin>
			<ymin>701</ymin>
			<xmax>365</xmax>
			<ymax>718</ymax>
		</bndbox>
	</object>
	<object>
		<difficult>0</difficult>
		<name>&amp;*@HUST_text</name>
		<bndbox>
			<xmin>259</xmin>
			<ymin>721</ymin>
			<xmax>387</xmax>
			<ymax>739</ymax>
		</bndbox>
	</object>
	<object>
		<difficult>0</difficult>
		<name>&amp;*@HUST_text</name>
		<bndbox>
			<xmin>259</xmin>
			<ymin>742</ymin>
			<xmax>476</xmax>
			<ymax>760</ymax>
		</bndbox>
	</object>
	<object>
		<difficult>0</difficult>
		<name>&amp;*@HUST_text</name>
		<bndbox>
			<xmin>259</xmin>
			<ymin>763</ymin>
			<xmax>474</xmax>
			<ymax>781</ymax>
		</bndbox>
	</object>
	<object>
		<difficult>0</difficult>
		<name>&amp;*@HUST_text</name>
		<bndbox>
			<xmin>666</xmin>
			<ymin>50</ymin>
			<xmax>753</xmax>
			<ymax>67</ymax>
		</bndbox>
	</object>
	<object>
		<difficult>0</difficult>
		<name>&amp;*@HUST_text</name>
		<bndbox>
			<xmin>666</xmin>
			<ymin>70</ymin>
			<xmax>754</xmax>
			<ymax>88</ymax>
		</bndbox>
	</object>
	<object>
		<difficult>0</difficult>
		<name>&amp;*@HUST_text</name>
		<bndbox>
			<xmin>666</xmin>
			<ymin>92</ymin>
			<xmax>756</xmax>
			<ymax>109</ymax>
		</bndbox>
	</object>
	<object>
		<difficult>0</difficult>
		<name>&amp;*@HUST_text</name>
		<bndbox>
			<xmin>666</xmin>
			<ymin>112</ymin>
			<xmax>757</xmax>
			<ymax>130</ymax>
		</bndbox>
	</object>
	<object>
		<difficult>0</difficult>
		<name>&amp;*@HUST_text</name>
		<bndbox>
			<xmin>667</xmin>
			<ymin>133</ymin>
			<xmax>758</xmax>
			<ymax>151</ymax>
		</bndbox>
	</object>
	<object>
		<difficult>0</difficult>
		<name>&amp;*@HUST_text</name>
		<bndbox>
			<xmin>667</xmin>
			<ymin>155</ymin>
			<xmax>758</xmax>
			<ymax>172</ymax>
		</bndbox>
	</object>
	<object>
		<difficult>0</difficult>
		<name>&amp;*@HUST_text</name>
		<bndbox>
			<xmin>667</xmin>
			<ymin>175</ymin>
			<xmax>759</xmax>
			<ymax>192</ymax>
		</bndbox>
	</object>
	<object>
		<difficult>0</difficult>
		<name>&amp;*@HUST_text</name>
		<bndbox>
			<xmin>667</xmin>
			<ymin>197</ymin>
			<xmax>718</xmax>
			<ymax>214</ymax>
		</bndbox>
	</object>
	<object>
		<difficult>0</difficult>
		<name>&amp;*@HUST_text</name>
		<bndbox>
			<xmin>667</xmin>
			<ymin>218</ymin>
			<xmax>737</xmax>
			<ymax>235</ymax>
		</bndbox>
	</object>
	<object>
		<difficult>0</difficult>
		<name>&amp;*@HUST_text</name>
		<bndbox>
			<xmin>667</xmin>
			<ymin>239</ymin>
			<xmax>755</xmax>
			<ymax>256</ymax>
		</bndbox>
	</object>
	<object>
		<difficult>0</difficult>
		<name>&amp;*@HUST_text</name>
		<bndbox>
			<xmin>667</xmin>
			<ymin>260</ymin>
			<xmax>740</xmax>
			<ymax>277</ymax>
		</bndbox>
	</object>
	<object>
		<difficult>0</difficult>
		<name>&amp;*@HUST_text</name>
		<bndbox>
			<xmin>667</xmin>
			<ymin>281</ymin>
			<xmax>749</xmax>
			<ymax>298</ymax>
		</bndbox>
	</object>
	<object>
		<difficult>0</difficult>
		<name>&amp;*@HUST_text</name>
		<bndbox>
			<xmin>667</xmin>
			<ymin>302</ymin>
			<xmax>750</xmax>
			<ymax>319</ymax>
		</bndbox>
	</object>
	<object>
		<difficult>0</difficult>
		<name>&amp;*@HUST_text</name>
		<bndbox>
			<xmin>667</xmin>
			<ymin>323</ymin>
			<xmax>750</xmax>
			<ymax>340</ymax>
		</bndbox>
	</object>
	<object>
		<difficult>0</difficult>
		<name>&amp;*@HUST_text</name>
		<bndbox>
			<xmin>668</xmin>
			<ymin>343</ymin>
			<xmax>751</xmax>
			<ymax>361</ymax>
		</bndbox>
	</object>
	<object>
		<difficult>0</difficult>
		<name>&amp;*@HUST_text</name>
		<bndbox>
			<xmin>668</xmin>
			<ymin>365</ymin>
			<xmax>716</xmax>
			<ymax>382</ymax>
		</bndbox>
	</object>
	<object>
		<difficult>0</difficult>
		<name>&amp;*@HUST_text</name>
		<bndbox>
			<xmin>667</xmin>
			<ymin>386</ymin>
			<xmax>716</xmax>
			<ymax>403</ymax>
		</bndbox>
	</object>
	<object>
		<difficult>0</difficult>
		<name>&amp;*@HUST_text</name>
		<bndbox>
			<xmin>667</xmin>
			<ymin>407</ymin>
			<xmax>716</xmax>
			<ymax>424</ymax>
		</bndbox>
	</object>
	<object>
		<difficult>0</difficult>
		<name>&amp;*@HUST_text</name>
		<bndbox>
			<xmin>667</xmin>
			<ymin>428</ymin>
			<xmax>717</xmax>
			<ymax>445</ymax>
		</bndbox>
	</object>
	<object>
		<difficult>0</difficult>
		<name>&amp;*@HUST_text</name>
		<bndbox>
			<xmin>667</xmin>
			<ymin>449</ymin>
			<xmax>717</xmax>
			<ymax>466</ymax>
		</bndbox>
	</object>
	<object>
		<difficult>0</difficult>
		<name>&amp;*@HUST_text</name>
		<bndbox>
			<xmin>667</xmin>
			<ymin>470</ymin>
			<xmax>717</xmax>
			<ymax>487</ymax>
		</bndbox>
	</object>
	<object>
		<difficult>0</difficult>
		<name>&amp;*@HUST_text</name>
		<bndbox>
			<xmin>667</xmin>
			<ymin>490</ymin>
			<xmax>718</xmax>
			<ymax>508</ymax>
		</bndbox>
	</object>
	<object>
		<difficult>0</difficult>
		<name>&amp;*@HUST_text</name>
		<bndbox>
			<xmin>667</xmin>
			<ymin>512</ymin>
			<xmax>718</xmax>
			<ymax>529</ymax>
		</bndbox>
	</object>
	<object>
		<difficult>0</difficult>
		<name>&amp;*@HUST_text</name>
		<bndbox>
			<xmin>667</xmin>
			<ymin>532</ymin>
			<xmax>718</xmax>
			<ymax>550</ymax>
		</bndbox>
	</object>
	<object>
		<difficult>0</difficult>
		<name>&amp;*@HUST_text</name>
		<bndbox>
			<xmin>667</xmin>
			<ymin>554</ymin>
			<xmax>718</xmax>
			<ymax>571</ymax>
		</bndbox>
	</object>
	<object>
		<difficult>0</difficult>
		<name>&amp;*@HUST_text</name>
		<bndbox>
			<xmin>667</xmin>
			<ymin>574</ymin>
			<xmax>719</xmax>
			<ymax>592</ymax>
		</bndbox>
	</object>
	<object>
		<difficult>0</difficult>
		<name>&amp;*@HUST_text</name>
		<bndbox>
			<xmin>668</xmin>
			<ymin>596</ymin>
			<xmax>719</xmax>
			<ymax>613</ymax>
		</bndbox>
	</object>
	<object>
		<difficult>0</difficult>
		<name>&amp;*@HUST_text</name>
		<bndbox>
			<xmin>668</xmin>
			<ymin>617</ymin>
			<xmax>720</xmax>
			<ymax>634</ymax>
		</bndbox>
	</object>
	<object>
		<difficult>0</difficult>
		<name>&amp;*@HUST_text</name>
		<bndbox>
			<xmin>668</xmin>
			<ymin>637</ymin>
			<xmax>721</xmax>
			<ymax>655</ymax>
		</bndbox>
	</object>
	<object>
		<difficult>0</difficult>
		<name>&amp;*@HUST_text</name>
		<bndbox>
			<xmin>668</xmin>
			<ymin>659</ymin>
			<xmax>748</xmax>
			<ymax>676</ymax>
		</bndbox>
	</object>
	<object>
		<difficult>0</difficult>
		<name>&amp;*@HUST_text</name>
		<bndbox>
			<xmin>668</xmin>
			<ymin>680</ymin>
			<xmax>749</xmax>
			<ymax>697</ymax>
		</bndbox>
	</object>
	<object>
		<difficult>0</difficult>
		<name>&amp;*@HUST_text</name>
		<bndbox>
			<xmin>668</xmin>
			<ymin>701</ymin>
			<xmax>742</xmax>
			<ymax>718</ymax>
		</bndbox>
	</object>
	<object>
		<difficult>0</difficult>
		<name>&amp;*@HUST_text</name>
		<bndbox>
			<xmin>668</xmin>
			<ymin>721</ymin>
			<xmax>742</xmax>
			<ymax>739</ymax>
		</bndbox>
	</object>
	<object>
		<difficult>0</difficult>
		<name>&amp;*@HUST_text</name>
		<bndbox>
			<xmin>668</xmin>
			<ymin>743</ymin>
			<xmax>723</xmax>
			<ymax>761</ymax>
		</bndbox>
	</object>
	<object>
		<difficult>0</difficult>
		<name>&amp;*@HUST_text</name>
		<bndbox>
			<xmin>668</xmin>
			<ymin>763</ymin>
			<xmax>724</xmax>
			<ymax>781</ymax>
		</bndbox>
	</object>
	<object>
		<difficult>0</difficult>
		<name>&amp;*@HUST_text</name>
		<bndbox>
			<xmin>1067</xmin>
			<ymin>196</ymin>
			<xmax>1179</xmax>
			<ymax>214</ymax>
		</bndbox>
	</object>
	<object>
		<difficult>0</difficult>
		<name>&amp;*@HUST_text</name>
		<bndbox>
			<xmin>1062</xmin>
			<ymin>238</ymin>
			<xmax>1138</xmax>
			<ymax>256</ymax>
		</bndbox>
	</object>
	<object>
		<difficult>0</difficult>
		<name>&amp;*@HUST_text</name>
		<bndbox>
			<xmin>1063</xmin>
			<ymin>742</ymin>
			<xmax>1159</xmax>
			<ymax>760</ymax>
		</bndbox>
	</object>
	<object>
		<difficult>0</difficult>
		<name>&amp;*@HUST_text</name>
		<bndbox>
			<xmin>1063</xmin>
			<ymin>764</ymin>
			<xmax>1159</xmax>
			<ymax>781</ymax>
		</bndbox>
	</object>
	<object>
		<difficult>0</difficult>
		<name>&amp;*@HUST_text</name>
		<bndbox>
			<xmin>1469</xmin>
			<ymin>742</ymin>
			<xmax>1585</xmax>
			<ymax>760</ymax>
		</bndbox>
	</object>
	<object>
		<difficult>0</difficult>
		<name>&amp;*@HUST_text</name>
		<bndbox>
			<xmin>1469</xmin>
			<ymin>764</ymin>
			<xmax>1585</xmax>
			<ymax>781</ymax>
		</bndbox>
	</object>
	<object>
		<difficult>0</difficult>
		<name>&amp;*@HUST_text</name>
		<bndbox>
			<xmin>1475</xmin>
			<ymin>385</ymin>
			<xmax>1919</xmax>
			<ymax>403</ymax>
		</bndbox>
	</object>
	<object>
		<difficult>0</difficult>
		<name>&amp;*@HUST_text</name>
		<bndbox>
			<xmin>1475</xmin>
			<ymin>407</ymin>
			<xmax>1956</xmax>
			<ymax>424</ymax>
		</bndbox>
	</object>
	<object>
		<difficult>0</difficult>
		<name>&amp;*@HUST_text</name>
		<bndbox>
			<xmin>1475</xmin>
			<ymin>427</ymin>
			<xmax>1915</xmax>
			<ymax>445</ymax>
		</bndbox>
	</object>
	<object>
		<difficult>0</difficult>
		<name>&amp;*@HUST_text</name>
		<bndbox>
			<xmin>1475</xmin>
			<ymin>449</ymin>
			<xmax>1895</xmax>
			<ymax>466</ymax>
		</bndbox>
	</object>
	<object>
		<difficult>0</difficult>
		<name>&amp;*@HUST_text</name>
		<bndbox>
			<xmin>1475</xmin>
			<ymin>469</ymin>
			<xmax>1899</xmax>
			<ymax>487</ymax>
		</bndbox>
	</object>
	<object>
		<difficult>0</difficult>
		<name>&amp;*@HUST_text</name>
		<bndbox>
			<xmin>1475</xmin>
			<ymin>491</ymin>
			<xmax>1896</xmax>
			<ymax>508</ymax>
		</bndbox>
	</object>
	<object>
		<difficult>0</difficult>
		<name>&amp;*@HUST_text</name>
		<bndbox>
			<xmin>1475</xmin>
			<ymin>511</ymin>
			<xmax>1881</xmax>
			<ymax>529</ymax>
		</bndbox>
	</object>
	<object>
		<difficult>0</difficult>
		<name>&amp;*@HUST_text</name>
		<bndbox>
			<xmin>1476</xmin>
			<ymin>532</ymin>
			<xmax>1887</xmax>
			<ymax>550</ymax>
		</bndbox>
	</object>
	<object>
		<difficult>0</difficult>
		<name>&amp;*@HUST_text</name>
		<bndbox>
			<xmin>1476</xmin>
			<ymin>554</ymin>
			<xmax>1889</xmax>
			<ymax>571</ymax>
		</bndbox>
	</object>
	<object>
		<difficult>0</difficult>
		<name>&amp;*@HUST_text</name>
		<bndbox>
			<xmin>1476</xmin>
			<ymin>574</ymin>
			<xmax>1898</xmax>
			<ymax>592</ymax>
		</bndbox>
	</object>
	<object>
		<difficult>0</difficult>
		<name>&amp;*@HUST_text</name>
		<bndbox>
			<xmin>1476</xmin>
			<ymin>596</ymin>
			<xmax>1893</xmax>
			<ymax>613</ymax>
		</bndbox>
	</object>
	<object>
		<difficult>0</difficult>
		<name>&amp;*@HUST_text</name>
		<bndbox>
			<xmin>1476</xmin>
			<ymin>617</ymin>
			<xmax>1891</xmax>
			<ymax>634</ymax>
		</bndbox>
	</object>
	<object>
		<difficult>0</difficult>
		<name>&amp;*@HUST_text</name>
		<bndbox>
			<xmin>1476</xmin>
			<ymin>638</ymin>
			<xmax>1892</xmax>
			<ymax>655</ymax>
		</bndbox>
	</object>
</annotation>