<annotation>
	<filename>Image 047.png</filename>
	<size>
		<width>1304</width>
		<height>604</height>
		<depth>3</depth>
	</size>
	<segmented>0</segmented>
	<object>
		<difficult>0</difficult>
		<name>&amp;*@HUST_text</name>
		<bndbox>
			<xmin>17</xmin>
			<ymin>1</ymin>
			<xmax>90</xmax>
			<ymax>21</ymax>
		</bndbox>
	</object>
	<object>
		<difficult>1</difficult>
		<name>&amp;*@HUST_special</name>
		<bndbox>
			<xmin>3</xmin>
			<ymin>0</ymin>
			<xmax>16</xmax>
			<ymax>21</ymax>
		</bndbox>
	</object>
	<object>
		<difficult>0</difficult>
		<name>&amp;*@HUST_text</name>
		<bndbox>
			<xmin>4</xmin>
			<ymin>25</ymin>
			<xmax>78</xmax>
			<ymax>43</ymax>
		</bndbox>
	</object>
	<object>
		<difficult>0</difficult>
		<name>&amp;*@HUST_text</name>
		<bndbox>
			<xmin>4</xmin>
			<ymin>45</ymin>
			<xmax>78</xmax>
			<ymax>63</ymax>
		</bndbox>
	</object>
	<object>
		<difficult>0</difficult>
		<name>&amp;*@HUST_text</name>
		<bndbox>
			<xmin>4</xmin>
			<ymin>66</ymin>
			<xmax>80</xmax>
			<ymax>85</ymax>
		</bndbox>
	</object>
	<object>
		<difficult>0</difficult>
		<name>&amp;*@HUST_text</name>
		<bndbox>
			<xmin>3</xmin>
			<ymin>87</ymin>
			<xmax>78</xmax>
			<ymax>105</ymax>
		</bndbox>
	</object>
	<object>
		<difficult>0</difficult>
		<name>&amp;*@HUST_text</name>
		<bndbox>
			<xmin>3</xmin>
			<ymin>108</ymin>
			<xmax>77</xmax>
			<ymax>126</ymax>
		</bndbox>
	</object>
	<object>
		<difficult>0</difficult>
		<name>&amp;*@HUST_text</name>
		<bndbox>
			<xmin>4</xmin>
			<ymin>129</ymin>
			<xmax>78</xmax>
			<ymax>147</ymax>
		</bndbox>
	</object>
	<object>
		<difficult>0</difficult>
		<name>&amp;*@HUST_text</name>
		<bndbox>
			<xmin>4</xmin>
			<ymin>150</ymin>
			<xmax>79</xmax>
			<ymax>169</ymax>
		</bndbox>
	</object>
	<object>
		<difficult>0</difficult>
		<name>&amp;*@HUST_text</name>
		<bndbox>
			<xmin>5</xmin>
			<ymin>172</ymin>
			<xmax>79</xmax>
			<ymax>189</ymax>
		</bndbox>
	</object>
	<object>
		<difficult>0</difficult>
		<name>&amp;*@HUST_text</name>
		<bndbox>
			<xmin>5</xmin>
			<ymin>192</ymin>
			<xmax>81</xmax>
			<ymax>211</ymax>
		</bndbox>
	</object>
	<object>
		<difficult>0</difficult>
		<name>&amp;*@HUST_text</name>
		<bndbox>
			<xmin>5</xmin>
			<ymin>213</ymin>
			<xmax>81</xmax>
			<ymax>231</ymax>
		</bndbox>
	</object>
	<object>
		<difficult>0</difficult>
		<name>&amp;*@HUST_text</name>
		<bndbox>
			<xmin>4</xmin>
			<ymin>234</ymin>
			<xmax>80</xmax>
			<ymax>252</ymax>
		</bndbox>
	</object>
	<object>
		<difficult>0</difficult>
		<name>&amp;*@HUST_text</name>
		<bndbox>
			<xmin>4</xmin>
			<ymin>255</ymin>
			<xmax>81</xmax>
			<ymax>273</ymax>
		</bndbox>
	</object>
	<object>
		<difficult>0</difficult>
		<name>&amp;*@HUST_text</name>
		<bndbox>
			<xmin>5</xmin>
			<ymin>276</ymin>
			<xmax>82</xmax>
			<ymax>295</ymax>
		</bndbox>
	</object>
	<object>
		<difficult>0</difficult>
		<name>&amp;*@HUST_text</name>
		<bndbox>
			<xmin>5</xmin>
			<ymin>297</ymin>
			<xmax>82</xmax>
			<ymax>315</ymax>
		</bndbox>
	</object>
	<object>
		<difficult>0</difficult>
		<name>&amp;*@HUST_text</name>
		<bndbox>
			<xmin>5</xmin>
			<ymin>318</ymin>
			<xmax>82</xmax>
			<ymax>336</ymax>
		</bndbox>
	</object>
	<object>
		<difficult>0</difficult>
		<name>&amp;*@HUST_text</name>
		<bndbox>
			<xmin>5</xmin>
			<ymin>339</ymin>
			<xmax>82</xmax>
			<ymax>357</ymax>
		</bndbox>
	</object>
	<object>
		<difficult>0</difficult>
		<name>&amp;*@HUST_text</name>
		<bndbox>
			<xmin>5</xmin>
			<ymin>360</ymin>
			<xmax>82</xmax>
			<ymax>378</ymax>
		</bndbox>
	</object>
	<object>
		<difficult>0</difficult>
		<name>&amp;*@HUST_text</name>
		<bndbox>
			<xmin>6</xmin>
			<ymin>381</ymin>
			<xmax>83</xmax>
			<ymax>400</ymax>
		</bndbox>
	</object>
	<object>
		<difficult>0</difficult>
		<name>&amp;*@HUST_text</name>
		<bndbox>
			<xmin>4</xmin>
			<ymin>402</ymin>
			<xmax>82</xmax>
			<ymax>420</ymax>
		</bndbox>
	</object>
	<object>
		<difficult>0</difficult>
		<name>&amp;*@HUST_text</name>
		<bndbox>
			<xmin>4</xmin>
			<ymin>424</ymin>
			<xmax>83</xmax>
			<ymax>442</ymax>
		</bndbox>
	</object>
	<object>
		<difficult>0</difficult>
		<name>&amp;*@HUST_text</name>
		<bndbox>
			<xmin>4</xmin>
			<ymin>444</ymin>
			<xmax>81</xmax>
			<ymax>462</ymax>
		</bndbox>
	</object>
	<object>
		<difficult>0</difficult>
		<name>&amp;*@HUST_text</name>
		<bndbox>
			<xmin>4</xmin>
			<ymin>465</ymin>
			<xmax>81</xmax>
			<ymax>484</ymax>
		</bndbox>
	</object>
	<object>
		<difficult>0</difficult>
		<name>&amp;*@HUST_text</name>
		<bndbox>
			<xmin>4</xmin>
			<ymin>486</ymin>
			<xmax>80</xmax>
			<ymax>504</ymax>
		</bndbox>
	</object>
	<object>
		<difficult>0</difficult>
		<name>&amp;*@HUST_text</name>
		<bndbox>
			<xmin>5</xmin>
			<ymin>507</ymin>
			<xmax>79</xmax>
			<ymax>526</ymax>
		</bndbox>
	</object>
	<object>
		<difficult>0</difficult>
		<name>&amp;*@HUST_text</name>
		<bndbox>
			<xmin>5</xmin>
			<ymin>528</ymin>
			<xmax>80</xmax>
			<ymax>547</ymax>
		</bndbox>
	</object>
	<object>
		<difficult>0</difficult>
		<name>&amp;*@HUST_text</name>
		<bndbox>
			<xmin>5</xmin>
			<ymin>550</ymin>
			<xmax>78</xmax>
			<ymax>568</ymax>
		</bndbox>
	</object>
	<object>
		<difficult>0</difficult>
		<name>&amp;*@HUST_text</name>
		<bndbox>
			<xmin>5</xmin>
			<ymin>571</ymin>
			<xmax>80</xmax>
			<ymax>589</ymax>
		</bndbox>
	</object>
	<object>
		<difficult>1</difficult>
		<name>&amp;*@HUST_shelter</name>
		<bndbox>
			<xmin>3</xmin>
			<ymin>592</ymin>
			<xmax>42</xmax>
			<ymax>603</ymax>
		</bndbox>
	</object>
	<object>
		<difficult>0</difficult>
		<name>&amp;*@HUST_text</name>
		<bndbox>
			<xmin>215</xmin>
			<ymin>571</ymin>
			<xmax>342</xmax>
			<ymax>588</ymax>
		</bndbox>
	</object>
	<object>
		<difficult>0</difficult>
		<name>&amp;*@HUST_text</name>
		<bndbox>
			<xmin>215</xmin>
			<ymin>549</ymin>
			<xmax>343</xmax>
			<ymax>568</ymax>
		</bndbox>
	</object>
	<object>
		<difficult>0</difficult>
		<name>&amp;*@HUST_text</name>
		<bndbox>
			<xmin>216</xmin>
			<ymin>528</ymin>
			<xmax>305</xmax>
			<ymax>547</ymax>
		</bndbox>
	</object>
	<object>
		<difficult>0</difficult>
		<name>&amp;*@HUST_text</name>
		<bndbox>
			<xmin>216</xmin>
			<ymin>507</ymin>
			<xmax>344</xmax>
			<ymax>526</ymax>
		</bndbox>
	</object>
	<object>
		<difficult>0</difficult>
		<name>&amp;*@HUST_text</name>
		<bndbox>
			<xmin>215</xmin>
			<ymin>486</ymin>
			<xmax>301</xmax>
			<ymax>505</ymax>
		</bndbox>
	</object>
	<object>
		<difficult>0</difficult>
		<name>&amp;*@HUST_text</name>
		<bndbox>
			<xmin>217</xmin>
			<ymin>465</ymin>
			<xmax>343</xmax>
			<ymax>484</ymax>
		</bndbox>
	</object>
	<object>
		<difficult>0</difficult>
		<name>&amp;*@HUST_text</name>
		<bndbox>
			<xmin>217</xmin>
			<ymin>444</ymin>
			<xmax>300</xmax>
			<ymax>462</ymax>
		</bndbox>
	</object>
	<object>
		<difficult>0</difficult>
		<name>&amp;*@HUST_text</name>
		<bndbox>
			<xmin>217</xmin>
			<ymin>423</ymin>
			<xmax>345</xmax>
			<ymax>442</ymax>
		</bndbox>
	</object>
	<object>
		<difficult>0</difficult>
		<name>&amp;*@HUST_text</name>
		<bndbox>
			<xmin>217</xmin>
			<ymin>403</ymin>
			<xmax>299</xmax>
			<ymax>421</ymax>
		</bndbox>
	</object>
	<object>
		<difficult>0</difficult>
		<name>&amp;*@HUST_text</name>
		<bndbox>
			<xmin>218</xmin>
			<ymin>381</ymin>
			<xmax>351</xmax>
			<ymax>400</ymax>
		</bndbox>
	</object>
	<object>
		<difficult>0</difficult>
		<name>&amp;*@HUST_text</name>
		<bndbox>
			<xmin>217</xmin>
			<ymin>360</ymin>
			<xmax>349</xmax>
			<ymax>379</ymax>
		</bndbox>
	</object>
	<object>
		<difficult>0</difficult>
		<name>&amp;*@HUST_text</name>
		<bndbox>
			<xmin>218</xmin>
			<ymin>339</ymin>
			<xmax>346</xmax>
			<ymax>357</ymax>
		</bndbox>
	</object>
	<object>
		<difficult>0</difficult>
		<name>&amp;*@HUST_text</name>
		<bndbox>
			<xmin>218</xmin>
			<ymin>318</ymin>
			<xmax>343</xmax>
			<ymax>337</ymax>
		</bndbox>
	</object>
	<object>
		<difficult>0</difficult>
		<name>&amp;*@HUST_text</name>
		<bndbox>
			<xmin>219</xmin>
			<ymin>297</ymin>
			<xmax>344</xmax>
			<ymax>316</ymax>
		</bndbox>
	</object>
	<object>
		<difficult>0</difficult>
		<name>&amp;*@HUST_text</name>
		<bndbox>
			<xmin>220</xmin>
			<ymin>276</ymin>
			<xmax>342</xmax>
			<ymax>294</ymax>
		</bndbox>
	</object>
	<object>
		<difficult>0</difficult>
		<name>&amp;*@HUST_text</name>
		<bndbox>
			<xmin>220</xmin>
			<ymin>255</ymin>
			<xmax>342</xmax>
			<ymax>274</ymax>
		</bndbox>
	</object>
	<object>
		<difficult>0</difficult>
		<name>&amp;*@HUST_text</name>
		<bndbox>
			<xmin>220</xmin>
			<ymin>234</ymin>
			<xmax>318</xmax>
			<ymax>253</ymax>
		</bndbox>
	</object>
	<object>
		<difficult>0</difficult>
		<name>&amp;*@HUST_text</name>
		<bndbox>
			<xmin>221</xmin>
			<ymin>213</ymin>
			<xmax>319</xmax>
			<ymax>232</ymax>
		</bndbox>
	</object>
	<object>
		<difficult>0</difficult>
		<name>&amp;*@HUST_text</name>
		<bndbox>
			<xmin>220</xmin>
			<ymin>192</ymin>
			<xmax>343</xmax>
			<ymax>210</ymax>
		</bndbox>
	</object>
	<object>
		<difficult>0</difficult>
		<name>&amp;*@HUST_text</name>
		<bndbox>
			<xmin>219</xmin>
			<ymin>171</ymin>
			<xmax>342</xmax>
			<ymax>190</ymax>
		</bndbox>
	</object>
	<object>
		<difficult>0</difficult>
		<name>&amp;*@HUST_text</name>
		<bndbox>
			<xmin>219</xmin>
			<ymin>151</ymin>
			<xmax>340</xmax>
			<ymax>168</ymax>
		</bndbox>
	</object>
	<object>
		<difficult>0</difficult>
		<name>&amp;*@HUST_text</name>
		<bndbox>
			<xmin>218</xmin>
			<ymin>130</ymin>
			<xmax>340</xmax>
			<ymax>147</ymax>
		</bndbox>
	</object>
	<object>
		<difficult>0</difficult>
		<name>&amp;*@HUST_text</name>
		<bndbox>
			<xmin>219</xmin>
			<ymin>109</ymin>
			<xmax>337</xmax>
			<ymax>126</ymax>
		</bndbox>
	</object>
	<object>
		<difficult>0</difficult>
		<name>&amp;*@HUST_text</name>
		<bndbox>
			<xmin>218</xmin>
			<ymin>87</ymin>
			<xmax>335</xmax>
			<ymax>105</ymax>
		</bndbox>
	</object>
	<object>
		<difficult>0</difficult>
		<name>&amp;*@HUST_text</name>
		<bndbox>
			<xmin>218</xmin>
			<ymin>66</ymin>
			<xmax>328</xmax>
			<ymax>84</ymax>
		</bndbox>
	</object>
	<object>
		<difficult>0</difficult>
		<name>&amp;*@HUST_text</name>
		<bndbox>
			<xmin>218</xmin>
			<ymin>46</ymin>
			<xmax>330</xmax>
			<ymax>63</ymax>
		</bndbox>
	</object>
	<object>
		<difficult>0</difficult>
		<name>&amp;*@HUST_text</name>
		<bndbox>
			<xmin>219</xmin>
			<ymin>25</ymin>
			<xmax>330</xmax>
			<ymax>43</ymax>
		</bndbox>
	</object>
	<object>
		<difficult>0</difficult>
		<name>&amp;*@HUST_text</name>
		<bndbox>
			<xmin>436</xmin>
			<ymin>25</ymin>
			<xmax>492</xmax>
			<ymax>43</ymax>
		</bndbox>
	</object>
	<object>
		<difficult>0</difficult>
		<name>&amp;*@HUST_text</name>
		<bndbox>
			<xmin>436</xmin>
			<ymin>45</ymin>
			<xmax>491</xmax>
			<ymax>63</ymax>
		</bndbox>
	</object>
	<object>
		<difficult>0</difficult>
		<name>&amp;*@HUST_text</name>
		<bndbox>
			<xmin>437</xmin>
			<ymin>66</ymin>
			<xmax>492</xmax>
			<ymax>84</ymax>
		</bndbox>
	</object>
	<object>
		<difficult>0</difficult>
		<name>&amp;*@HUST_text</name>
		<bndbox>
			<xmin>437</xmin>
			<ymin>87</ymin>
			<xmax>495</xmax>
			<ymax>105</ymax>
		</bndbox>
	</object>
	<object>
		<difficult>0</difficult>
		<name>&amp;*@HUST_text</name>
		<bndbox>
			<xmin>436</xmin>
			<ymin>109</ymin>
			<xmax>533</xmax>
			<ymax>125</ymax>
		</bndbox>
	</object>
	<object>
		<difficult>0</difficult>
		<name>&amp;*@HUST_text</name>
		<bndbox>
			<xmin>437</xmin>
			<ymin>129</ymin>
			<xmax>553</xmax>
			<ymax>147</ymax>
		</bndbox>
	</object>
	<object>
		<difficult>0</difficult>
		<name>&amp;*@HUST_text</name>
		<bndbox>
			<xmin>438</xmin>
			<ymin>150</ymin>
			<xmax>681</xmax>
			<ymax>168</ymax>
		</bndbox>
	</object>
	<object>
		<difficult>0</difficult>
		<name>&amp;*@HUST_text</name>
		<bndbox>
			<xmin>438</xmin>
			<ymin>171</ymin>
			<xmax>628</xmax>
			<ymax>189</ymax>
		</bndbox>
	</object>
	<object>
		<difficult>0</difficult>
		<name>&amp;*@HUST_text</name>
		<bndbox>
			<xmin>437</xmin>
			<ymin>193</ymin>
			<xmax>668</xmax>
			<ymax>210</ymax>
		</bndbox>
	</object>
	<object>
		<difficult>0</difficult>
		<name>&amp;*@HUST_text</name>
		<bndbox>
			<xmin>439</xmin>
			<ymin>214</ymin>
			<xmax>475</xmax>
			<ymax>231</ymax>
		</bndbox>
	</object>
	<object>
		<difficult>0</difficult>
		<name>&amp;*@HUST_text</name>
		<bndbox>
			<xmin>439</xmin>
			<ymin>235</ymin>
			<xmax>475</xmax>
			<ymax>252</ymax>
		</bndbox>
	</object>
	<object>
		<difficult>0</difficult>
		<name>&amp;*@HUST_text</name>
		<bndbox>
			<xmin>438</xmin>
			<ymin>255</ymin>
			<xmax>669</xmax>
			<ymax>273</ymax>
		</bndbox>
	</object>
	<object>
		<difficult>0</difficult>
		<name>&amp;*@HUST_text</name>
		<bndbox>
			<xmin>439</xmin>
			<ymin>277</ymin>
			<xmax>612</xmax>
			<ymax>295</ymax>
		</bndbox>
	</object>
	<object>
		<difficult>0</difficult>
		<name>&amp;*@HUST_text</name>
		<bndbox>
			<xmin>439</xmin>
			<ymin>298</ymin>
			<xmax>676</xmax>
			<ymax>315</ymax>
		</bndbox>
	</object>
	<object>
		<difficult>0</difficult>
		<name>&amp;*@HUST_text</name>
		<bndbox>
			<xmin>439</xmin>
			<ymin>318</ymin>
			<xmax>673</xmax>
			<ymax>336</ymax>
		</bndbox>
	</object>
	<object>
		<difficult>0</difficult>
		<name>&amp;*@HUST_text</name>
		<bndbox>
			<xmin>439</xmin>
			<ymin>340</ymin>
			<xmax>614</xmax>
			<ymax>357</ymax>
		</bndbox>
	</object>
	<object>
		<difficult>0</difficult>
		<name>&amp;*@HUST_text</name>
		<bndbox>
			<xmin>439</xmin>
			<ymin>360</ymin>
			<xmax>675</xmax>
			<ymax>379</ymax>
		</bndbox>
	</object>
	<object>
		<difficult>0</difficult>
		<name>&amp;*@HUST_text</name>
		<bndbox>
			<xmin>439</xmin>
			<ymin>381</ymin>
			<xmax>667</xmax>
			<ymax>399</ymax>
		</bndbox>
	</object>
	<object>
		<difficult>0</difficult>
		<name>&amp;*@HUST_text</name>
		<bndbox>
			<xmin>440</xmin>
			<ymin>403</ymin>
			<xmax>550</xmax>
			<ymax>421</ymax>
		</bndbox>
	</object>
	<object>
		<difficult>0</difficult>
		<name>&amp;*@HUST_text</name>
		<bndbox>
			<xmin>440</xmin>
			<ymin>423</ymin>
			<xmax>486</xmax>
			<ymax>441</ymax>
		</bndbox>
	</object>
	<object>
		<difficult>0</difficult>
		<name>&amp;*@HUST_text</name>
		<bndbox>
			<xmin>441</xmin>
			<ymin>444</ymin>
			<xmax>571</xmax>
			<ymax>462</ymax>
		</bndbox>
	</object>
	<object>
		<difficult>0</difficult>
		<name>&amp;*@HUST_text</name>
		<bndbox>
			<xmin>441</xmin>
			<ymin>466</ymin>
			<xmax>491</xmax>
			<ymax>483</ymax>
		</bndbox>
	</object>
	<object>
		<difficult>0</difficult>
		<name>&amp;*@HUST_text</name>
		<bndbox>
			<xmin>441</xmin>
			<ymin>487</ymin>
			<xmax>641</xmax>
			<ymax>504</ymax>
		</bndbox>
	</object>
	<object>
		<difficult>0</difficult>
		<name>&amp;*@HUST_text</name>
		<bndbox>
			<xmin>442</xmin>
			<ymin>508</ymin>
			<xmax>485</xmax>
			<ymax>526</ymax>
		</bndbox>
	</object>
	<object>
		<difficult>0</difficult>
		<name>&amp;*@HUST_text</name>
		<bndbox>
			<xmin>441</xmin>
			<ymin>528</ymin>
			<xmax>566</xmax>
			<ymax>546</ymax>
		</bndbox>
	</object>
	<object>
		<difficult>0</difficult>
		<name>&amp;*@HUST_text</name>
		<bndbox>
			<xmin>441</xmin>
			<ymin>549</ymin>
			<xmax>491</xmax>
			<ymax>568</ymax>
		</bndbox>
	</object>
	<object>
		<difficult>0</difficult>
		<name>&amp;*@HUST_text</name>
		<bndbox>
			<xmin>441</xmin>
			<ymin>569</ymin>
			<xmax>489</xmax>
			<ymax>588</ymax>
		</bndbox>
	</object>
	<object>
		<difficult>0</difficult>
		<name>&amp;*@HUST_text</name>
		<bndbox>
			<xmin>667</xmin>
			<ymin>570</ymin>
			<xmax>692</xmax>
			<ymax>587</ymax>
		</bndbox>
	</object>
	<object>
		<difficult>0</difficult>
		<name>&amp;*@HUST_text</name>
		<bndbox>
			<xmin>668</xmin>
			<ymin>550</ymin>
			<xmax>691</xmax>
			<ymax>567</ymax>
		</bndbox>
	</object>
	<object>
		<difficult>0</difficult>
		<name>&amp;*@HUST_text</name>
		<bndbox>
			<xmin>668</xmin>
			<ymin>507</ymin>
			<xmax>691</xmax>
			<ymax>526</ymax>
		</bndbox>
	</object>
	<object>
		<difficult>0</difficult>
		<name>&amp;*@HUST_text</name>
		<bndbox>
			<xmin>667</xmin>
			<ymin>465</ymin>
			<xmax>694</xmax>
			<ymax>482</ymax>
		</bndbox>
	</object>
	<object>
		<difficult>0</difficult>
		<name>&amp;*@HUST_text</name>
		<bndbox>
			<xmin>666</xmin>
			<ymin>424</ymin>
			<xmax>694</xmax>
			<ymax>441</ymax>
		</bndbox>
	</object>
	<object>
		<difficult>0</difficult>
		<name>&amp;*@HUST_text</name>
		<bndbox>
			<xmin>666</xmin>
			<ymin>235</ymin>
			<xmax>696</xmax>
			<ymax>252</ymax>
		</bndbox>
	</object>
	<object>
		<difficult>0</difficult>
		<name>&amp;*@HUST_text</name>
		<bndbox>
			<xmin>665</xmin>
			<ymin>213</ymin>
			<xmax>694</xmax>
			<ymax>231</ymax>
		</bndbox>
	</object>
	<object>
		<difficult>0</difficult>
		<name>&amp;*@HUST_text</name>
		<bndbox>
			<xmin>660</xmin>
			<ymin>87</ymin>
			<xmax>716</xmax>
			<ymax>105</ymax>
		</bndbox>
	</object>
	<object>
		<difficult>0</difficult>
		<name>&amp;*@HUST_text</name>
		<bndbox>
			<xmin>661</xmin>
			<ymin>67</ymin>
			<xmax>701</xmax>
			<ymax>84</ymax>
		</bndbox>
	</object>
	<object>
		<difficult>0</difficult>
		<name>&amp;*@HUST_text</name>
		<bndbox>
			<xmin>661</xmin>
			<ymin>46</ymin>
			<xmax>698</xmax>
			<ymax>63</ymax>
		</bndbox>
	</object>
	<object>
		<difficult>0</difficult>
		<name>&amp;*@HUST_text</name>
		<bndbox>
			<xmin>662</xmin>
			<ymin>25</ymin>
			<xmax>699</xmax>
			<ymax>42</ymax>
		</bndbox>
	</object>
	<object>
		<difficult>0</difficult>
		<name>&amp;*@HUST_text</name>
		<bndbox>
			<xmin>883</xmin>
			<ymin>25</ymin>
			<xmax>1023</xmax>
			<ymax>43</ymax>
		</bndbox>
	</object>
	<object>
		<difficult>0</difficult>
		<name>&amp;*@HUST_text</name>
		<bndbox>
			<xmin>884</xmin>
			<ymin>46</ymin>
			<xmax>1165</xmax>
			<ymax>63</ymax>
		</bndbox>
	</object>
	<object>
		<difficult>0</difficult>
		<name>&amp;*@HUST_text</name>
		<bndbox>
			<xmin>884</xmin>
			<ymin>67</ymin>
			<xmax>1294</xmax>
			<ymax>85</ymax>
		</bndbox>
	</object>
	<object>
		<difficult>0</difficult>
		<name>&amp;*@HUST_text</name>
		<bndbox>
			<xmin>884</xmin>
			<ymin>87</ymin>
			<xmax>998</xmax>
			<ymax>105</ymax>
		</bndbox>
	</object>
	<object>
		<difficult>0</difficult>
		<name>&amp;*@HUST_text</name>
		<bndbox>
			<xmin>885</xmin>
			<ymin>108</ymin>
			<xmax>1165</xmax>
			<ymax>126</ymax>
		</bndbox>
	</object>
	<object>
		<difficult>0</difficult>
		<name>&amp;*@HUST_text</name>
		<bndbox>
			<xmin>884</xmin>
			<ymin>130</ymin>
			<xmax>1071</xmax>
			<ymax>147</ymax>
		</bndbox>
	</object>
	<object>
		<difficult>0</difficult>
		<name>&amp;*@HUST_text</name>
		<bndbox>
			<xmin>881</xmin>
			<ymin>172</ymin>
			<xmax>1087</xmax>
			<ymax>189</ymax>
		</bndbox>
	</object>
	<object>
		<difficult>0</difficult>
		<name>&amp;*@HUST_text</name>
		<bndbox>
			<xmin>882</xmin>
			<ymin>192</ymin>
			<xmax>1087</xmax>
			<ymax>210</ymax>
		</bndbox>
	</object>
	<object>
		<difficult>0</difficult>
		<name>&amp;*@HUST_text</name>
		<bndbox>
			<xmin>881</xmin>
			<ymin>213</ymin>
			<xmax>1303</xmax>
			<ymax>230</ymax>
		</bndbox>
	</object>
	<object>
		<difficult>0</difficult>
		<name>&amp;*@HUST_text</name>
		<bndbox>
			<xmin>881</xmin>
			<ymin>234</ymin>
			<xmax>1105</xmax>
			<ymax>251</ymax>
		</bndbox>
	</object>
	<object>
		<difficult>0</difficult>
		<name>&amp;*@HUST_text</name>
		<bndbox>
			<xmin>880</xmin>
			<ymin>255</ymin>
			<xmax>1089</xmax>
			<ymax>273</ymax>
		</bndbox>
	</object>
	<object>
		<difficult>0</difficult>
		<name>&amp;*@HUST_text</name>
		<bndbox>
			<xmin>878</xmin>
			<ymin>402</ymin>
			<xmax>1101</xmax>
			<ymax>420</ymax>
		</bndbox>
	</object>
	<object>
		<difficult>0</difficult>
		<name>&amp;*@HUST_text</name>
		<bndbox>
			<xmin>879</xmin>
			<ymin>424</ymin>
			<xmax>1042</xmax>
			<ymax>441</ymax>
		</bndbox>
	</object>
	<object>
		<difficult>0</difficult>
		<name>&amp;*@HUST_text</name>
		<bndbox>
			<xmin>879</xmin>
			<ymin>444</ymin>
			<xmax>1042</xmax>
			<ymax>462</ymax>
		</bndbox>
	</object>
	<object>
		<difficult>0</difficult>
		<name>&amp;*@HUST_text</name>
		<bndbox>
			<xmin>878</xmin>
			<ymin>465</ymin>
			<xmax>1043</xmax>
			<ymax>483</ymax>
		</bndbox>
	</object>
	<object>
		<difficult>0</difficult>
		<name>&amp;*@HUST_text</name>
		<bndbox>
			<xmin>878</xmin>
			<ymin>487</ymin>
			<xmax>1043</xmax>
			<ymax>504</ymax>
		</bndbox>
	</object>
	<object>
		<difficult>0</difficult>
		<name>&amp;*@HUST_text</name>
		<bndbox>
			<xmin>879</xmin>
			<ymin>507</ymin>
			<xmax>1043</xmax>
			<ymax>525</ymax>
		</bndbox>
	</object>
	<object>
		<difficult>0</difficult>
		<name>&amp;*@HUST_text</name>
		<bndbox>
			<xmin>879</xmin>
			<ymin>528</ymin>
			<xmax>1042</xmax>
			<ymax>547</ymax>
		</bndbox>
	</object>
	<object>
		<difficult>0</difficult>
		<name>&amp;*@HUST_text</name>
		<bndbox>
			<xmin>880</xmin>
			<ymin>550</ymin>
			<xmax>1042</xmax>
			<ymax>567</ymax>
		</bndbox>
	</object>
	<object>
		<difficult>0</difficult>
		<name>&amp;*@HUST_text</name>
		<bndbox>
			<xmin>879</xmin>
			<ymin>570</ymin>
			<xmax>1265</xmax>
			<ymax>589</ymax>
		</bndbox>
	</object>
</annotation>