<annotation>
	<filename>Image 141.png</filename>
	<size>
		<width>1575</width>
		<height>845</height>
		<depth>3</depth>
	</size>
	<segmented>0</segmented>
	<object>
		<difficult>0</difficult>
		<name>&amp;*@HUST_text</name>
		<bndbox>
			<xmin>8</xmin>
			<ymin>8</ymin>
			<xmax>106</xmax>
			<ymax>28</ymax>
		</bndbox>
	</object>
	<object>
		<difficult>1</difficult>
		<name>&amp;*@HUST_special</name>
		<bndbox>
			<xmin>110</xmin>
			<ymin>11</ymin>
			<xmax>118</xmax>
			<ymax>19</ymax>
		</bndbox>
	</object>
	<object>
		<difficult>0</difficult>
		<name>&amp;*@HUST_text</name>
		<bndbox>
			<xmin>130</xmin>
			<ymin>9</ymin>
			<xmax>226</xmax>
			<ymax>28</ymax>
		</bndbox>
	</object>
	<object>
		<difficult>1</difficult>
		<name>&amp;*@HUST_special</name>
		<bndbox>
			<xmin>232</xmin>
			<ymin>11</ymin>
			<xmax>240</xmax>
			<ymax>18</ymax>
		</bndbox>
	</object>
	<object>
		<difficult>0</difficult>
		<name>&amp;*@HUST_text</name>
		<bndbox>
			<xmin>252</xmin>
			<ymin>9</ymin>
			<xmax>350</xmax>
			<ymax>28</ymax>
		</bndbox>
	</object>
	<object>
		<difficult>1</difficult>
		<name>&amp;*@HUST_special</name>
		<bndbox>
			<xmin>355</xmin>
			<ymin>11</ymin>
			<xmax>362</xmax>
			<ymax>19</ymax>
		</bndbox>
	</object>
	<object>
		<difficult>0</difficult>
		<name>&amp;*@HUST_text</name>
		<bndbox>
			<xmin>372</xmin>
			<ymin>8</ymin>
			<xmax>468</xmax>
			<ymax>28</ymax>
		</bndbox>
	</object>
	<object>
		<difficult>1</difficult>
		<name>&amp;*@HUST_special</name>
		<bndbox>
			<xmin>476</xmin>
			<ymin>11</ymin>
			<xmax>484</xmax>
			<ymax>19</ymax>
		</bndbox>
	</object>
	<object>
		<difficult>0</difficult>
		<name>&amp;*@HUST_text</name>
		<bndbox>
			<xmin>495</xmin>
			<ymin>8</ymin>
			<xmax>594</xmax>
			<ymax>30</ymax>
		</bndbox>
	</object>
	<object>
		<difficult>1</difficult>
		<name>&amp;*@HUST_special</name>
		<bndbox>
			<xmin>598</xmin>
			<ymin>11</ymin>
			<xmax>606</xmax>
			<ymax>19</ymax>
		</bndbox>
	</object>
	<object>
		<difficult>1</difficult>
		<name>&amp;*@HUST_special</name>
		<bndbox>
			<xmin>3</xmin>
			<ymin>35</ymin>
			<xmax>23</xmax>
			<ymax>59</ymax>
		</bndbox>
	</object>
	<object>
		<difficult>0</difficult>
		<name>&amp;*@HUST_text</name>
		<bndbox>
			<xmin>24</xmin>
			<ymin>35</ymin>
			<xmax>49</xmax>
			<ymax>58</ymax>
		</bndbox>
	</object>
	<object>
		<difficult>1</difficult>
		<name>&amp;*@HUST_special</name>
		<bndbox>
			<xmin>50</xmin>
			<ymin>35</ymin>
			<xmax>77</xmax>
			<ymax>58</ymax>
		</bndbox>
	</object>
	<object>
		<difficult>0</difficult>
		<name>&amp;*@HUST_text</name>
		<bndbox>
			<xmin>78</xmin>
			<ymin>35</ymin>
			<xmax>110</xmax>
			<ymax>58</ymax>
		</bndbox>
	</object>
	<object>
		<difficult>1</difficult>
		<name>&amp;*@HUST_special</name>
		<bndbox>
			<xmin>111</xmin>
			<ymin>35</ymin>
			<xmax>138</xmax>
			<ymax>58</ymax>
		</bndbox>
	</object>
	<object>
		<difficult>0</difficult>
		<name>&amp;*@HUST_text</name>
		<bndbox>
			<xmin>139</xmin>
			<ymin>35</ymin>
			<xmax>175</xmax>
			<ymax>58</ymax>
		</bndbox>
	</object>
	<object>
		<difficult>1</difficult>
		<name>&amp;*@HUST_special</name>
		<bndbox>
			<xmin>176</xmin>
			<ymin>35</ymin>
			<xmax>204</xmax>
			<ymax>59</ymax>
		</bndbox>
	</object>
	<object>
		<difficult>0</difficult>
		<name>&amp;*@HUST_text</name>
		<bndbox>
			<xmin>205</xmin>
			<ymin>35</ymin>
			<xmax>243</xmax>
			<ymax>59</ymax>
		</bndbox>
	</object>
	<object>
		<difficult>1</difficult>
		<name>&amp;*@HUST_special</name>
		<bndbox>
			<xmin>244</xmin>
			<ymin>35</ymin>
			<xmax>272</xmax>
			<ymax>58</ymax>
		</bndbox>
	</object>
	<object>
		<difficult>0</difficult>
		<name>&amp;*@HUST_text</name>
		<bndbox>
			<xmin>272</xmin>
			<ymin>35</ymin>
			<xmax>320</xmax>
			<ymax>58</ymax>
		</bndbox>
	</object>
	<object>
		<difficult>1</difficult>
		<name>&amp;*@HUST_special</name>
		<bndbox>
			<xmin>45</xmin>
			<ymin>62</ymin>
			<xmax>64</xmax>
			<ymax>82</ymax>
		</bndbox>
	</object>
	<object>
		<difficult>0</difficult>
		<name>&amp;*@HUST_text</name>
		<bndbox>
			<xmin>69</xmin>
			<ymin>61</ymin>
			<xmax>103</xmax>
			<ymax>82</ymax>
		</bndbox>
	</object>
	<object>
		<difficult>0</difficult>
		<name>&amp;*@HUST_text</name>
		<bndbox>
			<xmin>274</xmin>
			<ymin>61</ymin>
			<xmax>394</xmax>
			<ymax>82</ymax>
		</bndbox>
	</object>
	<object>
		<difficult>1</difficult>
		<name>&amp;*@HUST_special</name>
		<bndbox>
			<xmin>274</xmin>
			<ymin>89</ymin>
			<xmax>300</xmax>
			<ymax>106</ymax>
		</bndbox>
	</object>
	<object>
		<difficult>0</difficult>
		<name>&amp;*@HUST_text</name>
		<bndbox>
			<xmin>683</xmin>
			<ymin>61</ymin>
			<xmax>731</xmax>
			<ymax>82</ymax>
		</bndbox>
	</object>
	<object>
		<difficult>1</difficult>
		<name>&amp;*@HUST_special</name>
		<bndbox>
			<xmin>683</xmin>
			<ymin>89</ymin>
			<xmax>707</xmax>
			<ymax>106</ymax>
		</bndbox>
	</object>
	<object>
		<difficult>0</difficult>
		<name>&amp;*@HUST_text</name>
		<bndbox>
			<xmin>677</xmin>
			<ymin>109</ymin>
			<xmax>722</xmax>
			<ymax>129</ymax>
		</bndbox>
	</object>
	<object>
		<difficult>0</difficult>
		<name>&amp;*@HUST_text</name>
		<bndbox>
			<xmin>1092</xmin>
			<ymin>61</ymin>
			<xmax>1215</xmax>
			<ymax>81</ymax>
		</bndbox>
	</object>
	<object>
		<difficult>1</difficult>
		<name>&amp;*@HUST_special</name>
		<bndbox>
			<xmin>1091</xmin>
			<ymin>89</ymin>
			<xmax>1117</xmax>
			<ymax>106</ymax>
		</bndbox>
	</object>
	<object>
		<difficult>0</difficult>
		<name>&amp;*@HUST_text</name>
		<bndbox>
			<xmin>1500</xmin>
			<ymin>61</ymin>
			<xmax>1564</xmax>
			<ymax>82</ymax>
		</bndbox>
	</object>
	<object>
		<difficult>0</difficult>
		<name>&amp;*@HUST_text</name>
		<bndbox>
			<xmin>22</xmin>
			<ymin>112</ymin>
			<xmax>43</xmax>
			<ymax>130</ymax>
		</bndbox>
	</object>
	<object>
		<difficult>0</difficult>
		<name>&amp;*@HUST_text</name>
		<bndbox>
			<xmin>22</xmin>
			<ymin>133</ymin>
			<xmax>43</xmax>
			<ymax>151</ymax>
		</bndbox>
	</object>
	<object>
		<difficult>0</difficult>
		<name>&amp;*@HUST_text</name>
		<bndbox>
			<xmin>22</xmin>
			<ymin>153</ymin>
			<xmax>43</xmax>
			<ymax>171</ymax>
		</bndbox>
	</object>
	<object>
		<difficult>0</difficult>
		<name>&amp;*@HUST_text</name>
		<bndbox>
			<xmin>22</xmin>
			<ymin>175</ymin>
			<xmax>43</xmax>
			<ymax>193</ymax>
		</bndbox>
	</object>
	<object>
		<difficult>0</difficult>
		<name>&amp;*@HUST_text</name>
		<bndbox>
			<xmin>22</xmin>
			<ymin>196</ymin>
			<xmax>43</xmax>
			<ymax>214</ymax>
		</bndbox>
	</object>
	<object>
		<difficult>0</difficult>
		<name>&amp;*@HUST_text</name>
		<bndbox>
			<xmin>22</xmin>
			<ymin>216</ymin>
			<xmax>43</xmax>
			<ymax>234</ymax>
		</bndbox>
	</object>
	<object>
		<difficult>0</difficult>
		<name>&amp;*@HUST_text</name>
		<bndbox>
			<xmin>22</xmin>
			<ymin>237</ymin>
			<xmax>43</xmax>
			<ymax>255</ymax>
		</bndbox>
	</object>
	<object>
		<difficult>0</difficult>
		<name>&amp;*@HUST_text</name>
		<bndbox>
			<xmin>22</xmin>
			<ymin>258</ymin>
			<xmax>43</xmax>
			<ymax>277</ymax>
		</bndbox>
	</object>
	<object>
		<difficult>0</difficult>
		<name>&amp;*@HUST_text</name>
		<bndbox>
			<xmin>22</xmin>
			<ymin>279</ymin>
			<xmax>43</xmax>
			<ymax>298</ymax>
		</bndbox>
	</object>
	<object>
		<difficult>0</difficult>
		<name>&amp;*@HUST_text</name>
		<bndbox>
			<xmin>21</xmin>
			<ymin>300</ymin>
			<xmax>42</xmax>
			<ymax>319</ymax>
		</bndbox>
	</object>
	<object>
		<difficult>0</difficult>
		<name>&amp;*@HUST_text</name>
		<bndbox>
			<xmin>21</xmin>
			<ymin>322</ymin>
			<xmax>43</xmax>
			<ymax>340</ymax>
		</bndbox>
	</object>
	<object>
		<difficult>0</difficult>
		<name>&amp;*@HUST_text</name>
		<bndbox>
			<xmin>22</xmin>
			<ymin>343</ymin>
			<xmax>42</xmax>
			<ymax>361</ymax>
		</bndbox>
	</object>
	<object>
		<difficult>0</difficult>
		<name>&amp;*@HUST_text</name>
		<bndbox>
			<xmin>22</xmin>
			<ymin>364</ymin>
			<xmax>42</xmax>
			<ymax>382</ymax>
		</bndbox>
	</object>
	<object>
		<difficult>0</difficult>
		<name>&amp;*@HUST_text</name>
		<bndbox>
			<xmin>22</xmin>
			<ymin>385</ymin>
			<xmax>42</xmax>
			<ymax>403</ymax>
		</bndbox>
	</object>
	<object>
		<difficult>0</difficult>
		<name>&amp;*@HUST_text</name>
		<bndbox>
			<xmin>22</xmin>
			<ymin>406</ymin>
			<xmax>42</xmax>
			<ymax>424</ymax>
		</bndbox>
	</object>
	<object>
		<difficult>0</difficult>
		<name>&amp;*@HUST_text</name>
		<bndbox>
			<xmin>22</xmin>
			<ymin>427</ymin>
			<xmax>42</xmax>
			<ymax>444</ymax>
		</bndbox>
	</object>
	<object>
		<difficult>0</difficult>
		<name>&amp;*@HUST_text</name>
		<bndbox>
			<xmin>22</xmin>
			<ymin>447</ymin>
			<xmax>43</xmax>
			<ymax>466</ymax>
		</bndbox>
	</object>
	<object>
		<difficult>0</difficult>
		<name>&amp;*@HUST_text</name>
		<bndbox>
			<xmin>22</xmin>
			<ymin>468</ymin>
			<xmax>42</xmax>
			<ymax>487</ymax>
		</bndbox>
	</object>
	<object>
		<difficult>0</difficult>
		<name>&amp;*@HUST_text</name>
		<bndbox>
			<xmin>22</xmin>
			<ymin>489</ymin>
			<xmax>43</xmax>
			<ymax>508</ymax>
		</bndbox>
	</object>
	<object>
		<difficult>0</difficult>
		<name>&amp;*@HUST_text</name>
		<bndbox>
			<xmin>22</xmin>
			<ymin>510</ymin>
			<xmax>42</xmax>
			<ymax>529</ymax>
		</bndbox>
	</object>
	<object>
		<difficult>0</difficult>
		<name>&amp;*@HUST_text</name>
		<bndbox>
			<xmin>22</xmin>
			<ymin>531</ymin>
			<xmax>43</xmax>
			<ymax>550</ymax>
		</bndbox>
	</object>
	<object>
		<difficult>0</difficult>
		<name>&amp;*@HUST_text</name>
		<bndbox>
			<xmin>22</xmin>
			<ymin>552</ymin>
			<xmax>43</xmax>
			<ymax>571</ymax>
		</bndbox>
	</object>
	<object>
		<difficult>0</difficult>
		<name>&amp;*@HUST_text</name>
		<bndbox>
			<xmin>21</xmin>
			<ymin>574</ymin>
			<xmax>42</xmax>
			<ymax>592</ymax>
		</bndbox>
	</object>
	<object>
		<difficult>0</difficult>
		<name>&amp;*@HUST_text</name>
		<bndbox>
			<xmin>22</xmin>
			<ymin>595</ymin>
			<xmax>42</xmax>
			<ymax>613</ymax>
		</bndbox>
	</object>
	<object>
		<difficult>0</difficult>
		<name>&amp;*@HUST_text</name>
		<bndbox>
			<xmin>22</xmin>
			<ymin>616</ymin>
			<xmax>42</xmax>
			<ymax>634</ymax>
		</bndbox>
	</object>
	<object>
		<difficult>0</difficult>
		<name>&amp;*@HUST_text</name>
		<bndbox>
			<xmin>22</xmin>
			<ymin>637</ymin>
			<xmax>43</xmax>
			<ymax>654</ymax>
		</bndbox>
	</object>
	<object>
		<difficult>0</difficult>
		<name>&amp;*@HUST_text</name>
		<bndbox>
			<xmin>22</xmin>
			<ymin>657</ymin>
			<xmax>42</xmax>
			<ymax>676</ymax>
		</bndbox>
	</object>
	<object>
		<difficult>0</difficult>
		<name>&amp;*@HUST_text</name>
		<bndbox>
			<xmin>22</xmin>
			<ymin>679</ymin>
			<xmax>43</xmax>
			<ymax>696</ymax>
		</bndbox>
	</object>
	<object>
		<difficult>0</difficult>
		<name>&amp;*@HUST_text</name>
		<bndbox>
			<xmin>22</xmin>
			<ymin>699</ymin>
			<xmax>42</xmax>
			<ymax>717</ymax>
		</bndbox>
	</object>
	<object>
		<difficult>0</difficult>
		<name>&amp;*@HUST_text</name>
		<bndbox>
			<xmin>22</xmin>
			<ymin>721</ymin>
			<xmax>42</xmax>
			<ymax>738</ymax>
		</bndbox>
	</object>
	<object>
		<difficult>0</difficult>
		<name>&amp;*@HUST_text</name>
		<bndbox>
			<xmin>22</xmin>
			<ymin>741</ymin>
			<xmax>42</xmax>
			<ymax>760</ymax>
		</bndbox>
	</object>
	<object>
		<difficult>0</difficult>
		<name>&amp;*@HUST_text</name>
		<bndbox>
			<xmin>21</xmin>
			<ymin>762</ymin>
			<xmax>43</xmax>
			<ymax>781</ymax>
		</bndbox>
	</object>
	<object>
		<difficult>0</difficult>
		<name>&amp;*@HUST_text</name>
		<bndbox>
			<xmin>22</xmin>
			<ymin>784</ymin>
			<xmax>42</xmax>
			<ymax>802</ymax>
		</bndbox>
	</object>
	<object>
		<difficult>0</difficult>
		<name>&amp;*@HUST_text</name>
		<bndbox>
			<xmin>22</xmin>
			<ymin>805</ymin>
			<xmax>42</xmax>
			<ymax>822</ymax>
		</bndbox>
	</object>
	<object>
		<difficult>0</difficult>
		<name>&amp;*@HUST_text</name>
		<bndbox>
			<xmin>22</xmin>
			<ymin>826</ymin>
			<xmax>42</xmax>
			<ymax>844</ymax>
		</bndbox>
	</object>
	<object>
		<difficult>1</difficult>
		<name>&amp;*@HUST_special</name>
		<bndbox>
			<xmin>45</xmin>
			<ymin>826</ymin>
			<xmax>64</xmax>
			<ymax>844</ymax>
		</bndbox>
	</object>
	<object>
		<difficult>0</difficult>
		<name>&amp;*@HUST_text</name>
		<bndbox>
			<xmin>68</xmin>
			<ymin>825</ymin>
			<xmax>110</xmax>
			<ymax>844</ymax>
		</bndbox>
	</object>
	<object>
		<difficult>1</difficult>
		<name>&amp;*@HUST_special</name>
		<bndbox>
			<xmin>45</xmin>
			<ymin>805</ymin>
			<xmax>64</xmax>
			<ymax>823</ymax>
		</bndbox>
	</object>
	<object>
		<difficult>0</difficult>
		<name>&amp;*@HUST_text</name>
		<bndbox>
			<xmin>68</xmin>
			<ymin>804</ymin>
			<xmax>109</xmax>
			<ymax>822</ymax>
		</bndbox>
	</object>
	<object>
		<difficult>1</difficult>
		<name>&amp;*@HUST_special</name>
		<bndbox>
			<xmin>45</xmin>
			<ymin>784</ymin>
			<xmax>64</xmax>
			<ymax>801</ymax>
		</bndbox>
	</object>
	<object>
		<difficult>1</difficult>
		<name>&amp;*@HUST_special</name>
		<bndbox>
			<xmin>45</xmin>
			<ymin>763</ymin>
			<xmax>64</xmax>
			<ymax>780</ymax>
		</bndbox>
	</object>
	<object>
		<difficult>0</difficult>
		<name>&amp;*@HUST_text</name>
		<bndbox>
			<xmin>69</xmin>
			<ymin>784</ymin>
			<xmax>111</xmax>
			<ymax>802</ymax>
		</bndbox>
	</object>
	<object>
		<difficult>0</difficult>
		<name>&amp;*@HUST_text</name>
		<bndbox>
			<xmin>68</xmin>
			<ymin>762</ymin>
			<xmax>112</xmax>
			<ymax>780</ymax>
		</bndbox>
	</object>
	<object>
		<difficult>1</difficult>
		<name>&amp;*@HUST_special</name>
		<bndbox>
			<xmin>45</xmin>
			<ymin>742</ymin>
			<xmax>64</xmax>
			<ymax>760</ymax>
		</bndbox>
	</object>
	<object>
		<difficult>0</difficult>
		<name>&amp;*@HUST_text</name>
		<bndbox>
			<xmin>69</xmin>
			<ymin>741</ymin>
			<xmax>111</xmax>
			<ymax>759</ymax>
		</bndbox>
	</object>
	<object>
		<difficult>1</difficult>
		<name>&amp;*@HUST_special</name>
		<bndbox>
			<xmin>46</xmin>
			<ymin>721</ymin>
			<xmax>63</xmax>
			<ymax>738</ymax>
		</bndbox>
	</object>
	<object>
		<difficult>0</difficult>
		<name>&amp;*@HUST_text</name>
		<bndbox>
			<xmin>68</xmin>
			<ymin>720</ymin>
			<xmax>111</xmax>
			<ymax>738</ymax>
		</bndbox>
	</object>
	<object>
		<difficult>1</difficult>
		<name>&amp;*@HUST_special</name>
		<bndbox>
			<xmin>45</xmin>
			<ymin>700</ymin>
			<xmax>64</xmax>
			<ymax>717</ymax>
		</bndbox>
	</object>
	<object>
		<difficult>0</difficult>
		<name>&amp;*@HUST_text</name>
		<bndbox>
			<xmin>69</xmin>
			<ymin>699</ymin>
			<xmax>111</xmax>
			<ymax>717</ymax>
		</bndbox>
	</object>
	<object>
		<difficult>0</difficult>
		<name>&amp;*@HUST_text</name>
		<bndbox>
			<xmin>69</xmin>
			<ymin>678</ymin>
			<xmax>111</xmax>
			<ymax>697</ymax>
		</bndbox>
	</object>
	<object>
		<difficult>1</difficult>
		<name>&amp;*@HUST_special</name>
		<bndbox>
			<xmin>46</xmin>
			<ymin>679</ymin>
			<xmax>64</xmax>
			<ymax>697</ymax>
		</bndbox>
	</object>
	<object>
		<difficult>1</difficult>
		<name>&amp;*@HUST_special</name>
		<bndbox>
			<xmin>46</xmin>
			<ymin>658</ymin>
			<xmax>64</xmax>
			<ymax>676</ymax>
		</bndbox>
	</object>
	<object>
		<difficult>0</difficult>
		<name>&amp;*@HUST_text</name>
		<bndbox>
			<xmin>68</xmin>
			<ymin>658</ymin>
			<xmax>111</xmax>
			<ymax>675</ymax>
		</bndbox>
	</object>
	<object>
		<difficult>1</difficult>
		<name>&amp;*@HUST_special</name>
		<bndbox>
			<xmin>46</xmin>
			<ymin>637</ymin>
			<xmax>64</xmax>
			<ymax>655</ymax>
		</bndbox>
	</object>
	<object>
		<difficult>0</difficult>
		<name>&amp;*@HUST_text</name>
		<bndbox>
			<xmin>68</xmin>
			<ymin>636</ymin>
			<xmax>114</xmax>
			<ymax>655</ymax>
		</bndbox>
	</object>
	<object>
		<difficult>0</difficult>
		<name>&amp;*@HUST_text</name>
		<bndbox>
			<xmin>68</xmin>
			<ymin>615</ymin>
			<xmax>117</xmax>
			<ymax>634</ymax>
		</bndbox>
	</object>
	<object>
		<difficult>1</difficult>
		<name>&amp;*@HUST_special</name>
		<bndbox>
			<xmin>46</xmin>
			<ymin>616</ymin>
			<xmax>65</xmax>
			<ymax>634</ymax>
		</bndbox>
	</object>
	<object>
		<difficult>1</difficult>
		<name>&amp;*@HUST_special</name>
		<bndbox>
			<xmin>45</xmin>
			<ymin>595</ymin>
			<xmax>64</xmax>
			<ymax>613</ymax>
		</bndbox>
	</object>
	<object>
		<difficult>0</difficult>
		<name>&amp;*@HUST_text</name>
		<bndbox>
			<xmin>69</xmin>
			<ymin>594</ymin>
			<xmax>116</xmax>
			<ymax>612</ymax>
		</bndbox>
	</object>
	<object>
		<difficult>1</difficult>
		<name>&amp;*@HUST_special</name>
		<bndbox>
			<xmin>46</xmin>
			<ymin>574</ymin>
			<xmax>64</xmax>
			<ymax>591</ymax>
		</bndbox>
	</object>
	<object>
		<difficult>0</difficult>
		<name>&amp;*@HUST_text</name>
		<bndbox>
			<xmin>68</xmin>
			<ymin>573</ymin>
			<xmax>117</xmax>
			<ymax>591</ymax>
		</bndbox>
	</object>
	<object>
		<difficult>1</difficult>
		<name>&amp;*@HUST_special</name>
		<bndbox>
			<xmin>46</xmin>
			<ymin>553</ymin>
			<xmax>64</xmax>
			<ymax>571</ymax>
		</bndbox>
	</object>
	<object>
		<difficult>0</difficult>
		<name>&amp;*@HUST_text</name>
		<bndbox>
			<xmin>68</xmin>
			<ymin>553</ymin>
			<xmax>113</xmax>
			<ymax>570</ymax>
		</bndbox>
	</object>
	<object>
		<difficult>1</difficult>
		<name>&amp;*@HUST_special</name>
		<bndbox>
			<xmin>46</xmin>
			<ymin>532</ymin>
			<xmax>64</xmax>
			<ymax>550</ymax>
		</bndbox>
	</object>
	<object>
		<difficult>0</difficult>
		<name>&amp;*@HUST_text</name>
		<bndbox>
			<xmin>70</xmin>
			<ymin>531</ymin>
			<xmax>113</xmax>
			<ymax>550</ymax>
		</bndbox>
	</object>
	<object>
		<difficult>1</difficult>
		<name>&amp;*@HUST_special</name>
		<bndbox>
			<xmin>45</xmin>
			<ymin>511</ymin>
			<xmax>64</xmax>
			<ymax>529</ymax>
		</bndbox>
	</object>
	<object>
		<difficult>0</difficult>
		<name>&amp;*@HUST_text</name>
		<bndbox>
			<xmin>69</xmin>
			<ymin>510</ymin>
			<xmax>113</xmax>
			<ymax>528</ymax>
		</bndbox>
	</object>
	<object>
		<difficult>1</difficult>
		<name>&amp;*@HUST_special</name>
		<bndbox>
			<xmin>46</xmin>
			<ymin>490</ymin>
			<xmax>64</xmax>
			<ymax>508</ymax>
		</bndbox>
	</object>
	<object>
		<difficult>0</difficult>
		<name>&amp;*@HUST_text</name>
		<bndbox>
			<xmin>69</xmin>
			<ymin>489</ymin>
			<xmax>114</xmax>
			<ymax>507</ymax>
		</bndbox>
	</object>
	<object>
		<difficult>1</difficult>
		<name>&amp;*@HUST_special</name>
		<bndbox>
			<xmin>45</xmin>
			<ymin>469</ymin>
			<xmax>64</xmax>
			<ymax>487</ymax>
		</bndbox>
	</object>
	<object>
		<difficult>0</difficult>
		<name>&amp;*@HUST_text</name>
		<bndbox>
			<xmin>68</xmin>
			<ymin>468</ymin>
			<xmax>114</xmax>
			<ymax>487</ymax>
		</bndbox>
	</object>
	<object>
		<difficult>1</difficult>
		<name>&amp;*@HUST_special</name>
		<bndbox>
			<xmin>45</xmin>
			<ymin>448</ymin>
			<xmax>65</xmax>
			<ymax>466</ymax>
		</bndbox>
	</object>
	<object>
		<difficult>0</difficult>
		<name>&amp;*@HUST_text</name>
		<bndbox>
			<xmin>70</xmin>
			<ymin>448</ymin>
			<xmax>113</xmax>
			<ymax>466</ymax>
		</bndbox>
	</object>
	<object>
		<difficult>1</difficult>
		<name>&amp;*@HUST_special</name>
		<bndbox>
			<xmin>46</xmin>
			<ymin>427</ymin>
			<xmax>65</xmax>
			<ymax>445</ymax>
		</bndbox>
	</object>
	<object>
		<difficult>0</difficult>
		<name>&amp;*@HUST_text</name>
		<bndbox>
			<xmin>68</xmin>
			<ymin>426</ymin>
			<xmax>113</xmax>
			<ymax>445</ymax>
		</bndbox>
	</object>
	<object>
		<difficult>1</difficult>
		<name>&amp;*@HUST_special</name>
		<bndbox>
			<xmin>45</xmin>
			<ymin>406</ymin>
			<xmax>64</xmax>
			<ymax>424</ymax>
		</bndbox>
	</object>
	<object>
		<difficult>0</difficult>
		<name>&amp;*@HUST_text</name>
		<bndbox>
			<xmin>68</xmin>
			<ymin>405</ymin>
			<xmax>116</xmax>
			<ymax>423</ymax>
		</bndbox>
	</object>
	<object>
		<difficult>1</difficult>
		<name>&amp;*@HUST_special</name>
		<bndbox>
			<xmin>45</xmin>
			<ymin>385</ymin>
			<xmax>64</xmax>
			<ymax>402</ymax>
		</bndbox>
	</object>
	<object>
		<difficult>0</difficult>
		<name>&amp;*@HUST_text</name>
		<bndbox>
			<xmin>69</xmin>
			<ymin>384</ymin>
			<xmax>116</xmax>
			<ymax>402</ymax>
		</bndbox>
	</object>
	<object>
		<difficult>1</difficult>
		<name>&amp;*@HUST_special</name>
		<bndbox>
			<xmin>46</xmin>
			<ymin>364</ymin>
			<xmax>64</xmax>
			<ymax>382</ymax>
		</bndbox>
	</object>
	<object>
		<difficult>0</difficult>
		<name>&amp;*@HUST_text</name>
		<bndbox>
			<xmin>68</xmin>
			<ymin>364</ymin>
			<xmax>115</xmax>
			<ymax>381</ymax>
		</bndbox>
	</object>
	<object>
		<difficult>1</difficult>
		<name>&amp;*@HUST_special</name>
		<bndbox>
			<xmin>45</xmin>
			<ymin>343</ymin>
			<xmax>64</xmax>
			<ymax>361</ymax>
		</bndbox>
	</object>
	<object>
		<difficult>0</difficult>
		<name>&amp;*@HUST_text</name>
		<bndbox>
			<xmin>68</xmin>
			<ymin>342</ymin>
			<xmax>115</xmax>
			<ymax>360</ymax>
		</bndbox>
	</object>
	<object>
		<difficult>1</difficult>
		<name>&amp;*@HUST_special</name>
		<bndbox>
			<xmin>45</xmin>
			<ymin>322</ymin>
			<xmax>65</xmax>
			<ymax>340</ymax>
		</bndbox>
	</object>
	<object>
		<difficult>0</difficult>
		<name>&amp;*@HUST_text</name>
		<bndbox>
			<xmin>69</xmin>
			<ymin>321</ymin>
			<xmax>114</xmax>
			<ymax>339</ymax>
		</bndbox>
	</object>
	<object>
		<difficult>0</difficult>
		<name>&amp;*@HUST_text</name>
		<bndbox>
			<xmin>69</xmin>
			<ymin>300</ymin>
			<xmax>115</xmax>
			<ymax>319</ymax>
		</bndbox>
	</object>
	<object>
		<difficult>1</difficult>
		<name>&amp;*@HUST_special</name>
		<bndbox>
			<xmin>45</xmin>
			<ymin>301</ymin>
			<xmax>65</xmax>
			<ymax>319</ymax>
		</bndbox>
	</object>
	<object>
		<difficult>1</difficult>
		<name>&amp;*@HUST_special</name>
		<bndbox>
			<xmin>45</xmin>
			<ymin>280</ymin>
			<xmax>64</xmax>
			<ymax>298</ymax>
		</bndbox>
	</object>
	<object>
		<difficult>0</difficult>
		<name>&amp;*@HUST_text</name>
		<bndbox>
			<xmin>69</xmin>
			<ymin>279</ymin>
			<xmax>114</xmax>
			<ymax>298</ymax>
		</bndbox>
	</object>
	<object>
		<difficult>0</difficult>
		<name>&amp;*@HUST_text</name>
		<bndbox>
			<xmin>68</xmin>
			<ymin>258</ymin>
			<xmax>114</xmax>
			<ymax>276</ymax>
		</bndbox>
	</object>
	<object>
		<difficult>1</difficult>
		<name>&amp;*@HUST_special</name>
		<bndbox>
			<xmin>46</xmin>
			<ymin>259</ymin>
			<xmax>65</xmax>
			<ymax>277</ymax>
		</bndbox>
	</object>
	<object>
		<difficult>1</difficult>
		<name>&amp;*@HUST_special</name>
		<bndbox>
			<xmin>46</xmin>
			<ymin>238</ymin>
			<xmax>65</xmax>
			<ymax>256</ymax>
		</bndbox>
	</object>
	<object>
		<difficult>0</difficult>
		<name>&amp;*@HUST_text</name>
		<bndbox>
			<xmin>69</xmin>
			<ymin>237</ymin>
			<xmax>114</xmax>
			<ymax>256</ymax>
		</bndbox>
	</object>
	<object>
		<difficult>0</difficult>
		<name>&amp;*@HUST_text</name>
		<bndbox>
			<xmin>69</xmin>
			<ymin>216</ymin>
			<xmax>113</xmax>
			<ymax>235</ymax>
		</bndbox>
	</object>
	<object>
		<difficult>1</difficult>
		<name>&amp;*@HUST_special</name>
		<bndbox>
			<xmin>46</xmin>
			<ymin>217</ymin>
			<xmax>64</xmax>
			<ymax>235</ymax>
		</bndbox>
	</object>
	<object>
		<difficult>1</difficult>
		<name>&amp;*@HUST_special</name>
		<bndbox>
			<xmin>46</xmin>
			<ymin>196</ymin>
			<xmax>64</xmax>
			<ymax>214</ymax>
		</bndbox>
	</object>
	<object>
		<difficult>0</difficult>
		<name>&amp;*@HUST_text</name>
		<bndbox>
			<xmin>68</xmin>
			<ymin>195</ymin>
			<xmax>114</xmax>
			<ymax>213</ymax>
		</bndbox>
	</object>
	<object>
		<difficult>0</difficult>
		<name>&amp;*@HUST_text</name>
		<bndbox>
			<xmin>68</xmin>
			<ymin>174</ymin>
			<xmax>114</xmax>
			<ymax>193</ymax>
		</bndbox>
	</object>
	<object>
		<difficult>1</difficult>
		<name>&amp;*@HUST_special</name>
		<bndbox>
			<xmin>45</xmin>
			<ymin>175</ymin>
			<xmax>64</xmax>
			<ymax>193</ymax>
		</bndbox>
	</object>
	<object>
		<difficult>1</difficult>
		<name>&amp;*@HUST_special</name>
		<bndbox>
			<xmin>46</xmin>
			<ymin>154</ymin>
			<xmax>64</xmax>
			<ymax>172</ymax>
		</bndbox>
	</object>
	<object>
		<difficult>0</difficult>
		<name>&amp;*@HUST_text</name>
		<bndbox>
			<xmin>69</xmin>
			<ymin>154</ymin>
			<xmax>113</xmax>
			<ymax>171</ymax>
		</bndbox>
	</object>
	<object>
		<difficult>0</difficult>
		<name>&amp;*@HUST_text</name>
		<bndbox>
			<xmin>69</xmin>
			<ymin>132</ymin>
			<xmax>114</xmax>
			<ymax>150</ymax>
		</bndbox>
	</object>
	<object>
		<difficult>1</difficult>
		<name>&amp;*@HUST_special</name>
		<bndbox>
			<xmin>46</xmin>
			<ymin>134</ymin>
			<xmax>64</xmax>
			<ymax>151</ymax>
		</bndbox>
	</object>
	<object>
		<difficult>1</difficult>
		<name>&amp;*@HUST_special</name>
		<bndbox>
			<xmin>46</xmin>
			<ymin>113</ymin>
			<xmax>63</xmax>
			<ymax>130</ymax>
		</bndbox>
	</object>
	<object>
		<difficult>0</difficult>
		<name>&amp;*@HUST_text</name>
		<bndbox>
			<xmin>69</xmin>
			<ymin>112</ymin>
			<xmax>114</xmax>
			<ymax>129</ymax>
		</bndbox>
	</object>
	<object>
		<difficult>0</difficult>
		<name>&amp;*@HUST_text</name>
		<bndbox>
			<xmin>264</xmin>
			<ymin>111</ymin>
			<xmax>350</xmax>
			<ymax>129</ymax>
		</bndbox>
	</object>
	<object>
		<difficult>0</difficult>
		<name>&amp;*@HUST_text</name>
		<bndbox>
			<xmin>265</xmin>
			<ymin>132</ymin>
			<xmax>351</xmax>
			<ymax>149</ymax>
		</bndbox>
	</object>
	<object>
		<difficult>0</difficult>
		<name>&amp;*@HUST_text</name>
		<bndbox>
			<xmin>267</xmin>
			<ymin>153</ymin>
			<xmax>438</xmax>
			<ymax>171</ymax>
		</bndbox>
	</object>
	<object>
		<difficult>0</difficult>
		<name>&amp;*@HUST_text</name>
		<bndbox>
			<xmin>267</xmin>
			<ymin>174</ymin>
			<xmax>438</xmax>
			<ymax>192</ymax>
		</bndbox>
	</object>
	<object>
		<difficult>0</difficult>
		<name>&amp;*@HUST_text</name>
		<bndbox>
			<xmin>267</xmin>
			<ymin>195</ymin>
			<xmax>439</xmax>
			<ymax>213</ymax>
		</bndbox>
	</object>
	<object>
		<difficult>0</difficult>
		<name>&amp;*@HUST_text</name>
		<bndbox>
			<xmin>267</xmin>
			<ymin>216</ymin>
			<xmax>356</xmax>
			<ymax>234</ymax>
		</bndbox>
	</object>
	<object>
		<difficult>0</difficult>
		<name>&amp;*@HUST_text</name>
		<bndbox>
			<xmin>267</xmin>
			<ymin>237</ymin>
			<xmax>357</xmax>
			<ymax>256</ymax>
		</bndbox>
	</object>
	<object>
		<difficult>0</difficult>
		<name>&amp;*@HUST_text</name>
		<bndbox>
			<xmin>268</xmin>
			<ymin>258</ymin>
			<xmax>424</xmax>
			<ymax>276</ymax>
		</bndbox>
	</object>
	<object>
		<difficult>0</difficult>
		<name>&amp;*@HUST_text</name>
		<bndbox>
			<xmin>269</xmin>
			<ymin>279</ymin>
			<xmax>440</xmax>
			<ymax>298</ymax>
		</bndbox>
	</object>
	<object>
		<difficult>0</difficult>
		<name>&amp;*@HUST_text</name>
		<bndbox>
			<xmin>269</xmin>
			<ymin>300</ymin>
			<xmax>461</xmax>
			<ymax>319</ymax>
		</bndbox>
	</object>
	<object>
		<difficult>0</difficult>
		<name>&amp;*@HUST_text</name>
		<bndbox>
			<xmin>269</xmin>
			<ymin>321</ymin>
			<xmax>464</xmax>
			<ymax>339</ymax>
		</bndbox>
	</object>
	<object>
		<difficult>0</difficult>
		<name>&amp;*@HUST_text</name>
		<bndbox>
			<xmin>269</xmin>
			<ymin>342</ymin>
			<xmax>377</xmax>
			<ymax>360</ymax>
		</bndbox>
	</object>
	<object>
		<difficult>0</difficult>
		<name>&amp;*@HUST_text</name>
		<bndbox>
			<xmin>268</xmin>
			<ymin>363</ymin>
			<xmax>378</xmax>
			<ymax>382</ymax>
		</bndbox>
	</object>
	<object>
		<difficult>0</difficult>
		<name>&amp;*@HUST_text</name>
		<bndbox>
			<xmin>268</xmin>
			<ymin>384</ymin>
			<xmax>378</xmax>
			<ymax>402</ymax>
		</bndbox>
	</object>
	<object>
		<difficult>0</difficult>
		<name>&amp;*@HUST_text</name>
		<bndbox>
			<xmin>269</xmin>
			<ymin>405</ymin>
			<xmax>404</xmax>
			<ymax>424</ymax>
		</bndbox>
	</object>
	<object>
		<difficult>0</difficult>
		<name>&amp;*@HUST_text</name>
		<bndbox>
			<xmin>269</xmin>
			<ymin>426</ymin>
			<xmax>405</xmax>
			<ymax>444</ymax>
		</bndbox>
	</object>
	<object>
		<difficult>0</difficult>
		<name>&amp;*@HUST_text</name>
		<bndbox>
			<xmin>269</xmin>
			<ymin>447</ymin>
			<xmax>396</xmax>
			<ymax>465</ymax>
		</bndbox>
	</object>
	<object>
		<difficult>0</difficult>
		<name>&amp;*@HUST_text</name>
		<bndbox>
			<xmin>269</xmin>
			<ymin>468</ymin>
			<xmax>433</xmax>
			<ymax>486</ymax>
		</bndbox>
	</object>
	<object>
		<difficult>0</difficult>
		<name>&amp;*@HUST_text</name>
		<bndbox>
			<xmin>269</xmin>
			<ymin>489</ymin>
			<xmax>452</xmax>
			<ymax>507</ymax>
		</bndbox>
	</object>
	<object>
		<difficult>0</difficult>
		<name>&amp;*@HUST_text</name>
		<bndbox>
			<xmin>269</xmin>
			<ymin>510</ymin>
			<xmax>452</xmax>
			<ymax>528</ymax>
		</bndbox>
	</object>
	<object>
		<difficult>0</difficult>
		<name>&amp;*@HUST_text</name>
		<bndbox>
			<xmin>269</xmin>
			<ymin>531</ymin>
			<xmax>452</xmax>
			<ymax>550</ymax>
		</bndbox>
	</object>
	<object>
		<difficult>0</difficult>
		<name>&amp;*@HUST_text</name>
		<bndbox>
			<xmin>269</xmin>
			<ymin>552</ymin>
			<xmax>347</xmax>
			<ymax>571</ymax>
		</bndbox>
	</object>
	<object>
		<difficult>0</difficult>
		<name>&amp;*@HUST_text</name>
		<bndbox>
			<xmin>269</xmin>
			<ymin>573</ymin>
			<xmax>396</xmax>
			<ymax>591</ymax>
		</bndbox>
	</object>
	<object>
		<difficult>0</difficult>
		<name>&amp;*@HUST_text</name>
		<bndbox>
			<xmin>269</xmin>
			<ymin>594</ymin>
			<xmax>440</xmax>
			<ymax>612</ymax>
		</bndbox>
	</object>
	<object>
		<difficult>0</difficult>
		<name>&amp;*@HUST_text</name>
		<bndbox>
			<xmin>268</xmin>
			<ymin>615</ymin>
			<xmax>441</xmax>
			<ymax>633</ymax>
		</bndbox>
	</object>
	<object>
		<difficult>0</difficult>
		<name>&amp;*@HUST_text</name>
		<bndbox>
			<xmin>267</xmin>
			<ymin>636</ymin>
			<xmax>415</xmax>
			<ymax>654</ymax>
		</bndbox>
	</object>
	<object>
		<difficult>0</difficult>
		<name>&amp;*@HUST_text</name>
		<bndbox>
			<xmin>267</xmin>
			<ymin>657</ymin>
			<xmax>396</xmax>
			<ymax>675</ymax>
		</bndbox>
	</object>
	<object>
		<difficult>0</difficult>
		<name>&amp;*@HUST_text</name>
		<bndbox>
			<xmin>267</xmin>
			<ymin>678</ymin>
			<xmax>395</xmax>
			<ymax>696</ymax>
		</bndbox>
	</object>
	<object>
		<difficult>0</difficult>
		<name>&amp;*@HUST_text</name>
		<bndbox>
			<xmin>267</xmin>
			<ymin>699</ymin>
			<xmax>395</xmax>
			<ymax>718</ymax>
		</bndbox>
	</object>
	<object>
		<difficult>0</difficult>
		<name>&amp;*@HUST_text</name>
		<bndbox>
			<xmin>266</xmin>
			<ymin>720</ymin>
			<xmax>376</xmax>
			<ymax>738</ymax>
		</bndbox>
	</object>
	<object>
		<difficult>0</difficult>
		<name>&amp;*@HUST_text</name>
		<bndbox>
			<xmin>267</xmin>
			<ymin>741</ymin>
			<xmax>391</xmax>
			<ymax>759</ymax>
		</bndbox>
	</object>
	<object>
		<difficult>0</difficult>
		<name>&amp;*@HUST_text</name>
		<bndbox>
			<xmin>266</xmin>
			<ymin>762</ymin>
			<xmax>393</xmax>
			<ymax>780</ymax>
		</bndbox>
	</object>
	<object>
		<difficult>0</difficult>
		<name>&amp;*@HUST_text</name>
		<bndbox>
			<xmin>266</xmin>
			<ymin>783</ymin>
			<xmax>394</xmax>
			<ymax>801</ymax>
		</bndbox>
	</object>
	<object>
		<difficult>0</difficult>
		<name>&amp;*@HUST_text</name>
		<bndbox>
			<xmin>266</xmin>
			<ymin>804</ymin>
			<xmax>395</xmax>
			<ymax>823</ymax>
		</bndbox>
	</object>
	<object>
		<difficult>0</difficult>
		<name>&amp;*@HUST_text</name>
		<bndbox>
			<xmin>266</xmin>
			<ymin>825</ymin>
			<xmax>396</xmax>
			<ymax>844</ymax>
		</bndbox>
	</object>
	<object>
		<difficult>0</difficult>
		<name>&amp;*@HUST_text</name>
		<bndbox>
			<xmin>674</xmin>
			<ymin>132</ymin>
			<xmax>729</xmax>
			<ymax>151</ymax>
		</bndbox>
	</object>
	<object>
		<difficult>0</difficult>
		<name>&amp;*@HUST_text</name>
		<bndbox>
			<xmin>673</xmin>
			<ymin>153</ymin>
			<xmax>749</xmax>
			<ymax>172</ymax>
		</bndbox>
	</object>
	<object>
		<difficult>0</difficult>
		<name>&amp;*@HUST_text</name>
		<bndbox>
			<xmin>673</xmin>
			<ymin>174</ymin>
			<xmax>751</xmax>
			<ymax>192</ymax>
		</bndbox>
	</object>
	<object>
		<difficult>0</difficult>
		<name>&amp;*@HUST_text</name>
		<bndbox>
			<xmin>674</xmin>
			<ymin>195</ymin>
			<xmax>756</xmax>
			<ymax>213</ymax>
		</bndbox>
	</object>
	<object>
		<difficult>0</difficult>
		<name>&amp;*@HUST_text</name>
		<bndbox>
			<xmin>674</xmin>
			<ymin>215</ymin>
			<xmax>760</xmax>
			<ymax>234</ymax>
		</bndbox>
	</object>
	<object>
		<difficult>0</difficult>
		<name>&amp;*@HUST_text</name>
		<bndbox>
			<xmin>674</xmin>
			<ymin>237</ymin>
			<xmax>742</xmax>
			<ymax>256</ymax>
		</bndbox>
	</object>
	<object>
		<difficult>0</difficult>
		<name>&amp;*@HUST_text</name>
		<bndbox>
			<xmin>675</xmin>
			<ymin>258</ymin>
			<xmax>744</xmax>
			<ymax>276</ymax>
		</bndbox>
	</object>
	<object>
		<difficult>0</difficult>
		<name>&amp;*@HUST_text</name>
		<bndbox>
			<xmin>674</xmin>
			<ymin>279</ymin>
			<xmax>744</xmax>
			<ymax>298</ymax>
		</bndbox>
	</object>
	<object>
		<difficult>0</difficult>
		<name>&amp;*@HUST_text</name>
		<bndbox>
			<xmin>674</xmin>
			<ymin>300</ymin>
			<xmax>744</xmax>
			<ymax>318</ymax>
		</bndbox>
	</object>
	<object>
		<difficult>0</difficult>
		<name>&amp;*@HUST_text</name>
		<bndbox>
			<xmin>674</xmin>
			<ymin>320</ymin>
			<xmax>748</xmax>
			<ymax>340</ymax>
		</bndbox>
	</object>
	<object>
		<difficult>0</difficult>
		<name>&amp;*@HUST_text</name>
		<bndbox>
			<xmin>674</xmin>
			<ymin>341</ymin>
			<xmax>721</xmax>
			<ymax>360</ymax>
		</bndbox>
	</object>
	<object>
		<difficult>0</difficult>
		<name>&amp;*@HUST_text</name>
		<bndbox>
			<xmin>674</xmin>
			<ymin>362</ymin>
			<xmax>734</xmax>
			<ymax>381</ymax>
		</bndbox>
	</object>
	<object>
		<difficult>0</difficult>
		<name>&amp;*@HUST_text</name>
		<bndbox>
			<xmin>676</xmin>
			<ymin>384</ymin>
			<xmax>806</xmax>
			<ymax>402</ymax>
		</bndbox>
	</object>
	<object>
		<difficult>0</difficult>
		<name>&amp;*@HUST_text</name>
		<bndbox>
			<xmin>675</xmin>
			<ymin>404</ymin>
			<xmax>759</xmax>
			<ymax>423</ymax>
		</bndbox>
	</object>
	<object>
		<difficult>0</difficult>
		<name>&amp;*@HUST_text</name>
		<bndbox>
			<xmin>675</xmin>
			<ymin>426</ymin>
			<xmax>761</xmax>
			<ymax>445</ymax>
		</bndbox>
	</object>
	<object>
		<difficult>0</difficult>
		<name>&amp;*@HUST_text</name>
		<bndbox>
			<xmin>675</xmin>
			<ymin>447</ymin>
			<xmax>765</xmax>
			<ymax>465</ymax>
		</bndbox>
	</object>
	<object>
		<difficult>0</difficult>
		<name>&amp;*@HUST_text</name>
		<bndbox>
			<xmin>673</xmin>
			<ymin>467</ymin>
			<xmax>744</xmax>
			<ymax>487</ymax>
		</bndbox>
	</object>
	<object>
		<difficult>0</difficult>
		<name>&amp;*@HUST_text</name>
		<bndbox>
			<xmin>673</xmin>
			<ymin>489</ymin>
			<xmax>747</xmax>
			<ymax>507</ymax>
		</bndbox>
	</object>
	<object>
		<difficult>0</difficult>
		<name>&amp;*@HUST_text</name>
		<bndbox>
			<xmin>673</xmin>
			<ymin>510</ymin>
			<xmax>748</xmax>
			<ymax>529</ymax>
		</bndbox>
	</object>
	<object>
		<difficult>0</difficult>
		<name>&amp;*@HUST_text</name>
		<bndbox>
			<xmin>673</xmin>
			<ymin>530</ymin>
			<xmax>747</xmax>
			<ymax>549</ymax>
		</bndbox>
	</object>
	<object>
		<difficult>0</difficult>
		<name>&amp;*@HUST_text</name>
		<bndbox>
			<xmin>673</xmin>
			<ymin>552</ymin>
			<xmax>749</xmax>
			<ymax>570</ymax>
		</bndbox>
	</object>
	<object>
		<difficult>0</difficult>
		<name>&amp;*@HUST_text</name>
		<bndbox>
			<xmin>673</xmin>
			<ymin>573</ymin>
			<xmax>750</xmax>
			<ymax>591</ymax>
		</bndbox>
	</object>
	<object>
		<difficult>0</difficult>
		<name>&amp;*@HUST_text</name>
		<bndbox>
			<xmin>672</xmin>
			<ymin>594</ymin>
			<xmax>750</xmax>
			<ymax>612</ymax>
		</bndbox>
	</object>
	<object>
		<difficult>0</difficult>
		<name>&amp;*@HUST_text</name>
		<bndbox>
			<xmin>672</xmin>
			<ymin>615</ymin>
			<xmax>750</xmax>
			<ymax>633</ymax>
		</bndbox>
	</object>
	<object>
		<difficult>0</difficult>
		<name>&amp;*@HUST_text</name>
		<bndbox>
			<xmin>671</xmin>
			<ymin>635</ymin>
			<xmax>750</xmax>
			<ymax>654</ymax>
		</bndbox>
	</object>
	<object>
		<difficult>0</difficult>
		<name>&amp;*@HUST_text</name>
		<bndbox>
			<xmin>671</xmin>
			<ymin>656</ymin>
			<xmax>752</xmax>
			<ymax>676</ymax>
		</bndbox>
	</object>
	<object>
		<difficult>0</difficult>
		<name>&amp;*@HUST_text</name>
		<bndbox>
			<xmin>672</xmin>
			<ymin>678</ymin>
			<xmax>742</xmax>
			<ymax>697</ymax>
		</bndbox>
	</object>
	<object>
		<difficult>0</difficult>
		<name>&amp;*@HUST_text</name>
		<bndbox>
			<xmin>672</xmin>
			<ymin>699</ymin>
			<xmax>716</xmax>
			<ymax>718</ymax>
		</bndbox>
	</object>
	<object>
		<difficult>0</difficult>
		<name>&amp;*@HUST_text</name>
		<bndbox>
			<xmin>678</xmin>
			<ymin>720</ymin>
			<xmax>754</xmax>
			<ymax>739</ymax>
		</bndbox>
	</object>
	<object>
		<difficult>0</difficult>
		<name>&amp;*@HUST_text</name>
		<bndbox>
			<xmin>678</xmin>
			<ymin>740</ymin>
			<xmax>755</xmax>
			<ymax>760</ymax>
		</bndbox>
	</object>
	<object>
		<difficult>0</difficult>
		<name>&amp;*@HUST_text</name>
		<bndbox>
			<xmin>678</xmin>
			<ymin>761</ymin>
			<xmax>754</xmax>
			<ymax>780</ymax>
		</bndbox>
	</object>
	<object>
		<difficult>0</difficult>
		<name>&amp;*@HUST_text</name>
		<bndbox>
			<xmin>678</xmin>
			<ymin>783</ymin>
			<xmax>753</xmax>
			<ymax>801</ymax>
		</bndbox>
	</object>
	<object>
		<difficult>0</difficult>
		<name>&amp;*@HUST_text</name>
		<bndbox>
			<xmin>678</xmin>
			<ymin>804</ymin>
			<xmax>751</xmax>
			<ymax>822</ymax>
		</bndbox>
	</object>
	<object>
		<difficult>0</difficult>
		<name>&amp;*@HUST_text</name>
		<bndbox>
			<xmin>677</xmin>
			<ymin>824</ymin>
			<xmax>753</xmax>
			<ymax>844</ymax>
		</bndbox>
	</object>
	<object>
		<difficult>0</difficult>
		<name>&amp;*@HUST_text</name>
		<bndbox>
			<xmin>1085</xmin>
			<ymin>447</ymin>
			<xmax>1141</xmax>
			<ymax>465</ymax>
		</bndbox>
	</object>
	<object>
		<difficult>0</difficult>
		<name>&amp;*@HUST_text</name>
		<bndbox>
			<xmin>1086</xmin>
			<ymin>426</ymin>
			<xmax>1141</xmax>
			<ymax>444</ymax>
		</bndbox>
	</object>
</annotation>