<annotation>
	<filename>Image 120.png</filename>
	<size>
		<width>469</width>
		<height>53</height>
		<depth>3</depth>
	</size>
	<segmented>0</segmented>
	<object>
		<difficult>0</difficult>
		<name>&amp;*@HUST_text</name>
		<bndbox>
			<xmin>0</xmin>
			<ymin>23</ymin>
			<xmax>62</xmax>
			<ymax>41</ymax>
		</bndbox>
	</object>
	<object>
		<difficult>0</difficult>
		<name>&amp;*@HUST_text</name>
		<bndbox>
			<xmin>206</xmin>
			<ymin>23</ymin>
			<xmax>317</xmax>
			<ymax>42</ymax>
		</bndbox>
	</object>
	<object>
		<difficult>0</difficult>
		<name>&amp;*@HUST_text</name>
		<bndbox>
			<xmin>433</xmin>
			<ymin>23</ymin>
			<xmax>465</xmax>
			<ymax>41</ymax>
		</bndbox>
	</object>
	<object>
		<difficult>0</difficult>
		<name>&amp;*@HUST_text</name>
		<bndbox>
			<xmin>3</xmin>
			<ymin>0</ymin>
			<xmax>74</xmax>
			<ymax>19</ymax>
		</bndbox>
	</object>
</annotation>