<annotation>
	<filename>Image 144.png</filename>
	<size>
		<width>1572</width>
		<height>713</height>
		<depth>3</depth>
	</size>
	<segmented>0</segmented>
	<object>
		<difficult>0</difficult>
		<name>&amp;*@HUST_text</name>
		<bndbox>
			<xmin>9</xmin>
			<ymin>0</ymin>
			<xmax>37</xmax>
			<ymax>15</ymax>
		</bndbox>
	</object>
	<object>
		<difficult>0</difficult>
		<name>&amp;*@HUST_text</name>
		<bndbox>
			<xmin>61</xmin>
			<ymin>0</ymin>
			<xmax>101</xmax>
			<ymax>16</ymax>
		</bndbox>
	</object>
	<object>
		<difficult>0</difficult>
		<name>&amp;*@HUST_text</name>
		<bndbox>
			<xmin>8</xmin>
			<ymin>19</ymin>
			<xmax>37</xmax>
			<ymax>37</ymax>
		</bndbox>
	</object>
	<object>
		<difficult>0</difficult>
		<name>&amp;*@HUST_text</name>
		<bndbox>
			<xmin>62</xmin>
			<ymin>19</ymin>
			<xmax>100</xmax>
			<ymax>37</ymax>
		</bndbox>
	</object>
	<object>
		<difficult>0</difficult>
		<name>&amp;*@HUST_text</name>
		<bndbox>
			<xmin>62</xmin>
			<ymin>40</ymin>
			<xmax>100</xmax>
			<ymax>58</ymax>
		</bndbox>
	</object>
	<object>
		<difficult>0</difficult>
		<name>&amp;*@HUST_text</name>
		<bndbox>
			<xmin>8</xmin>
			<ymin>39</ymin>
			<xmax>36</xmax>
			<ymax>57</ymax>
		</bndbox>
	</object>
	<object>
		<difficult>0</difficult>
		<name>&amp;*@HUST_text</name>
		<bndbox>
			<xmin>7</xmin>
			<ymin>61</ymin>
			<xmax>36</xmax>
			<ymax>79</ymax>
		</bndbox>
	</object>
	<object>
		<difficult>0</difficult>
		<name>&amp;*@HUST_text</name>
		<bndbox>
			<xmin>63</xmin>
			<ymin>61</ymin>
			<xmax>99</xmax>
			<ymax>79</ymax>
		</bndbox>
	</object>
	<object>
		<difficult>0</difficult>
		<name>&amp;*@HUST_text</name>
		<bndbox>
			<xmin>7</xmin>
			<ymin>82</ymin>
			<xmax>37</xmax>
			<ymax>100</ymax>
		</bndbox>
	</object>
	<object>
		<difficult>0</difficult>
		<name>&amp;*@HUST_text</name>
		<bndbox>
			<xmin>61</xmin>
			<ymin>82</ymin>
			<xmax>99</xmax>
			<ymax>100</ymax>
		</bndbox>
	</object>
	<object>
		<difficult>0</difficult>
		<name>&amp;*@HUST_text</name>
		<bndbox>
			<xmin>62</xmin>
			<ymin>103</ymin>
			<xmax>103</xmax>
			<ymax>120</ymax>
		</bndbox>
	</object>
	<object>
		<difficult>0</difficult>
		<name>&amp;*@HUST_text</name>
		<bndbox>
			<xmin>7</xmin>
			<ymin>104</ymin>
			<xmax>35</xmax>
			<ymax>120</ymax>
		</bndbox>
	</object>
	<object>
		<difficult>0</difficult>
		<name>&amp;*@HUST_text</name>
		<bndbox>
			<xmin>62</xmin>
			<ymin>124</ymin>
			<xmax>104</xmax>
			<ymax>142</ymax>
		</bndbox>
	</object>
	<object>
		<difficult>0</difficult>
		<name>&amp;*@HUST_text</name>
		<bndbox>
			<xmin>8</xmin>
			<ymin>124</ymin>
			<xmax>36</xmax>
			<ymax>141</ymax>
		</bndbox>
	</object>
	<object>
		<difficult>0</difficult>
		<name>&amp;*@HUST_text</name>
		<bndbox>
			<xmin>63</xmin>
			<ymin>145</ymin>
			<xmax>104</xmax>
			<ymax>162</ymax>
		</bndbox>
	</object>
	<object>
		<difficult>0</difficult>
		<name>&amp;*@HUST_text</name>
		<bndbox>
			<xmin>8</xmin>
			<ymin>146</ymin>
			<xmax>37</xmax>
			<ymax>164</ymax>
		</bndbox>
	</object>
	<object>
		<difficult>0</difficult>
		<name>&amp;*@HUST_text</name>
		<bndbox>
			<xmin>63</xmin>
			<ymin>166</ymin>
			<xmax>102</xmax>
			<ymax>183</ymax>
		</bndbox>
	</object>
	<object>
		<difficult>0</difficult>
		<name>&amp;*@HUST_text</name>
		<bndbox>
			<xmin>8</xmin>
			<ymin>167</ymin>
			<xmax>37</xmax>
			<ymax>184</ymax>
		</bndbox>
	</object>
	<object>
		<difficult>0</difficult>
		<name>&amp;*@HUST_text</name>
		<bndbox>
			<xmin>8</xmin>
			<ymin>187</ymin>
			<xmax>36</xmax>
			<ymax>205</ymax>
		</bndbox>
	</object>
	<object>
		<difficult>0</difficult>
		<name>&amp;*@HUST_text</name>
		<bndbox>
			<xmin>8</xmin>
			<ymin>209</ymin>
			<xmax>35</xmax>
			<ymax>225</ymax>
		</bndbox>
	</object>
	<object>
		<difficult>0</difficult>
		<name>&amp;*@HUST_text</name>
		<bndbox>
			<xmin>8</xmin>
			<ymin>229</ymin>
			<xmax>37</xmax>
			<ymax>246</ymax>
		</bndbox>
	</object>
	<object>
		<difficult>0</difficult>
		<name>&amp;*@HUST_text</name>
		<bndbox>
			<xmin>7</xmin>
			<ymin>250</ymin>
			<xmax>36</xmax>
			<ymax>268</ymax>
		</bndbox>
	</object>
	<object>
		<difficult>0</difficult>
		<name>&amp;*@HUST_text</name>
		<bndbox>
			<xmin>8</xmin>
			<ymin>271</ymin>
			<xmax>35</xmax>
			<ymax>289</ymax>
		</bndbox>
	</object>
	<object>
		<difficult>0</difficult>
		<name>&amp;*@HUST_text</name>
		<bndbox>
			<xmin>8</xmin>
			<ymin>292</ymin>
			<xmax>37</xmax>
			<ymax>310</ymax>
		</bndbox>
	</object>
	<object>
		<difficult>0</difficult>
		<name>&amp;*@HUST_text</name>
		<bndbox>
			<xmin>62</xmin>
			<ymin>187</ymin>
			<xmax>101</xmax>
			<ymax>204</ymax>
		</bndbox>
	</object>
	<object>
		<difficult>0</difficult>
		<name>&amp;*@HUST_text</name>
		<bndbox>
			<xmin>62</xmin>
			<ymin>207</ymin>
			<xmax>100</xmax>
			<ymax>226</ymax>
		</bndbox>
	</object>
	<object>
		<difficult>0</difficult>
		<name>&amp;*@HUST_text</name>
		<bndbox>
			<xmin>63</xmin>
			<ymin>229</ymin>
			<xmax>101</xmax>
			<ymax>247</ymax>
		</bndbox>
	</object>
	<object>
		<difficult>0</difficult>
		<name>&amp;*@HUST_text</name>
		<bndbox>
			<xmin>62</xmin>
			<ymin>251</ymin>
			<xmax>100</xmax>
			<ymax>268</ymax>
		</bndbox>
	</object>
	<object>
		<difficult>0</difficult>
		<name>&amp;*@HUST_text</name>
		<bndbox>
			<xmin>62</xmin>
			<ymin>271</ymin>
			<xmax>100</xmax>
			<ymax>289</ymax>
		</bndbox>
	</object>
	<object>
		<difficult>0</difficult>
		<name>&amp;*@HUST_text</name>
		<bndbox>
			<xmin>62</xmin>
			<ymin>292</ymin>
			<xmax>99</xmax>
			<ymax>309</ymax>
		</bndbox>
	</object>
	<object>
		<difficult>0</difficult>
		<name>&amp;*@HUST_text</name>
		<bndbox>
			<xmin>63</xmin>
			<ymin>313</ymin>
			<xmax>96</xmax>
			<ymax>331</ymax>
		</bndbox>
	</object>
	<object>
		<difficult>0</difficult>
		<name>&amp;*@HUST_text</name>
		<bndbox>
			<xmin>62</xmin>
			<ymin>333</ymin>
			<xmax>97</xmax>
			<ymax>352</ymax>
		</bndbox>
	</object>
	<object>
		<difficult>0</difficult>
		<name>&amp;*@HUST_text</name>
		<bndbox>
			<xmin>7</xmin>
			<ymin>312</ymin>
			<xmax>36</xmax>
			<ymax>331</ymax>
		</bndbox>
	</object>
	<object>
		<difficult>0</difficult>
		<name>&amp;*@HUST_text</name>
		<bndbox>
			<xmin>7</xmin>
			<ymin>334</ymin>
			<xmax>36</xmax>
			<ymax>352</ymax>
		</bndbox>
	</object>
	<object>
		<difficult>0</difficult>
		<name>&amp;*@HUST_text</name>
		<bndbox>
			<xmin>7</xmin>
			<ymin>355</ymin>
			<xmax>37</xmax>
			<ymax>372</ymax>
		</bndbox>
	</object>
	<object>
		<difficult>0</difficult>
		<name>&amp;*@HUST_text</name>
		<bndbox>
			<xmin>62</xmin>
			<ymin>355</ymin>
			<xmax>95</xmax>
			<ymax>372</ymax>
		</bndbox>
	</object>
	<object>
		<difficult>0</difficult>
		<name>&amp;*@HUST_text</name>
		<bndbox>
			<xmin>7</xmin>
			<ymin>376</ymin>
			<xmax>36</xmax>
			<ymax>394</ymax>
		</bndbox>
	</object>
	<object>
		<difficult>0</difficult>
		<name>&amp;*@HUST_text</name>
		<bndbox>
			<xmin>62</xmin>
			<ymin>376</ymin>
			<xmax>97</xmax>
			<ymax>394</ymax>
		</bndbox>
	</object>
	<object>
		<difficult>0</difficult>
		<name>&amp;*@HUST_text</name>
		<bndbox>
			<xmin>62</xmin>
			<ymin>397</ymin>
			<xmax>99</xmax>
			<ymax>414</ymax>
		</bndbox>
	</object>
	<object>
		<difficult>0</difficult>
		<name>&amp;*@HUST_text</name>
		<bndbox>
			<xmin>6</xmin>
			<ymin>397</ymin>
			<xmax>37</xmax>
			<ymax>414</ymax>
		</bndbox>
	</object>
	<object>
		<difficult>0</difficult>
		<name>&amp;*@HUST_text</name>
		<bndbox>
			<xmin>7</xmin>
			<ymin>418</ymin>
			<xmax>36</xmax>
			<ymax>435</ymax>
		</bndbox>
	</object>
	<object>
		<difficult>0</difficult>
		<name>&amp;*@HUST_text</name>
		<bndbox>
			<xmin>8</xmin>
			<ymin>439</ymin>
			<xmax>36</xmax>
			<ymax>457</ymax>
		</bndbox>
	</object>
	<object>
		<difficult>0</difficult>
		<name>&amp;*@HUST_text</name>
		<bndbox>
			<xmin>8</xmin>
			<ymin>460</ymin>
			<xmax>36</xmax>
			<ymax>478</ymax>
		</bndbox>
	</object>
	<object>
		<difficult>0</difficult>
		<name>&amp;*@HUST_text</name>
		<bndbox>
			<xmin>62</xmin>
			<ymin>418</ymin>
			<xmax>98</xmax>
			<ymax>435</ymax>
		</bndbox>
	</object>
	<object>
		<difficult>0</difficult>
		<name>&amp;*@HUST_text</name>
		<bndbox>
			<xmin>62</xmin>
			<ymin>439</ymin>
			<xmax>97</xmax>
			<ymax>457</ymax>
		</bndbox>
	</object>
	<object>
		<difficult>0</difficult>
		<name>&amp;*@HUST_text</name>
		<bndbox>
			<xmin>62</xmin>
			<ymin>460</ymin>
			<xmax>98</xmax>
			<ymax>478</ymax>
		</bndbox>
	</object>
	<object>
		<difficult>0</difficult>
		<name>&amp;*@HUST_text</name>
		<bndbox>
			<xmin>62</xmin>
			<ymin>481</ymin>
			<xmax>97</xmax>
			<ymax>499</ymax>
		</bndbox>
	</object>
	<object>
		<difficult>0</difficult>
		<name>&amp;*@HUST_text</name>
		<bndbox>
			<xmin>7</xmin>
			<ymin>481</ymin>
			<xmax>37</xmax>
			<ymax>499</ymax>
		</bndbox>
	</object>
	<object>
		<difficult>0</difficult>
		<name>&amp;*@HUST_text</name>
		<bndbox>
			<xmin>8</xmin>
			<ymin>502</ymin>
			<xmax>37</xmax>
			<ymax>519</ymax>
		</bndbox>
	</object>
	<object>
		<difficult>0</difficult>
		<name>&amp;*@HUST_text</name>
		<bndbox>
			<xmin>63</xmin>
			<ymin>503</ymin>
			<xmax>94</xmax>
			<ymax>519</ymax>
		</bndbox>
	</object>
	<object>
		<difficult>0</difficult>
		<name>&amp;*@HUST_text</name>
		<bndbox>
			<xmin>63</xmin>
			<ymin>524</ymin>
			<xmax>95</xmax>
			<ymax>541</ymax>
		</bndbox>
	</object>
	<object>
		<difficult>0</difficult>
		<name>&amp;*@HUST_text</name>
		<bndbox>
			<xmin>63</xmin>
			<ymin>545</ymin>
			<xmax>94</xmax>
			<ymax>562</ymax>
		</bndbox>
	</object>
	<object>
		<difficult>0</difficult>
		<name>&amp;*@HUST_text</name>
		<bndbox>
			<xmin>63</xmin>
			<ymin>567</ymin>
			<xmax>94</xmax>
			<ymax>582</ymax>
		</bndbox>
	</object>
	<object>
		<difficult>0</difficult>
		<name>&amp;*@HUST_text</name>
		<bndbox>
			<xmin>62</xmin>
			<ymin>587</ymin>
			<xmax>94</xmax>
			<ymax>603</ymax>
		</bndbox>
	</object>
	<object>
		<difficult>0</difficult>
		<name>&amp;*@HUST_text</name>
		<bndbox>
			<xmin>62</xmin>
			<ymin>607</ymin>
			<xmax>95</xmax>
			<ymax>625</ymax>
		</bndbox>
	</object>
	<object>
		<difficult>0</difficult>
		<name>&amp;*@HUST_text</name>
		<bndbox>
			<xmin>63</xmin>
			<ymin>628</ymin>
			<xmax>96</xmax>
			<ymax>646</ymax>
		</bndbox>
	</object>
	<object>
		<difficult>0</difficult>
		<name>&amp;*@HUST_text</name>
		<bndbox>
			<xmin>7</xmin>
			<ymin>523</ymin>
			<xmax>36</xmax>
			<ymax>541</ymax>
		</bndbox>
	</object>
	<object>
		<difficult>0</difficult>
		<name>&amp;*@HUST_text</name>
		<bndbox>
			<xmin>8</xmin>
			<ymin>544</ymin>
			<xmax>36</xmax>
			<ymax>562</ymax>
		</bndbox>
	</object>
	<object>
		<difficult>0</difficult>
		<name>&amp;*@HUST_text</name>
		<bndbox>
			<xmin>8</xmin>
			<ymin>566</ymin>
			<xmax>37</xmax>
			<ymax>583</ymax>
		</bndbox>
	</object>
	<object>
		<difficult>0</difficult>
		<name>&amp;*@HUST_text</name>
		<bndbox>
			<xmin>8</xmin>
			<ymin>586</ymin>
			<xmax>37</xmax>
			<ymax>603</ymax>
		</bndbox>
	</object>
	<object>
		<difficult>0</difficult>
		<name>&amp;*@HUST_text</name>
		<bndbox>
			<xmin>8</xmin>
			<ymin>607</ymin>
			<xmax>37</xmax>
			<ymax>624</ymax>
		</bndbox>
	</object>
	<object>
		<difficult>0</difficult>
		<name>&amp;*@HUST_text</name>
		<bndbox>
			<xmin>7</xmin>
			<ymin>628</ymin>
			<xmax>36</xmax>
			<ymax>646</ymax>
		</bndbox>
	</object>
	<object>
		<difficult>0</difficult>
		<name>&amp;*@HUST_text</name>
		<bndbox>
			<xmin>7</xmin>
			<ymin>649</ymin>
			<xmax>36</xmax>
			<ymax>667</ymax>
		</bndbox>
	</object>
	<object>
		<difficult>0</difficult>
		<name>&amp;*@HUST_text</name>
		<bndbox>
			<xmin>8</xmin>
			<ymin>670</ymin>
			<xmax>36</xmax>
			<ymax>688</ymax>
		</bndbox>
	</object>
	<object>
		<difficult>0</difficult>
		<name>&amp;*@HUST_text</name>
		<bndbox>
			<xmin>7</xmin>
			<ymin>692</ymin>
			<xmax>35</xmax>
			<ymax>709</ymax>
		</bndbox>
	</object>
	<object>
		<difficult>0</difficult>
		<name>&amp;*@HUST_text</name>
		<bndbox>
			<xmin>63</xmin>
			<ymin>650</ymin>
			<xmax>99</xmax>
			<ymax>667</ymax>
		</bndbox>
	</object>
	<object>
		<difficult>0</difficult>
		<name>&amp;*@HUST_text</name>
		<bndbox>
			<xmin>63</xmin>
			<ymin>671</ymin>
			<xmax>99</xmax>
			<ymax>688</ymax>
		</bndbox>
	</object>
	<object>
		<difficult>0</difficult>
		<name>&amp;*@HUST_text</name>
		<bndbox>
			<xmin>62</xmin>
			<ymin>691</ymin>
			<xmax>99</xmax>
			<ymax>709</ymax>
		</bndbox>
	</object>
	<object>
		<difficult>1</difficult>
		<name>&amp;*@HUST_special</name>
		<bndbox>
			<xmin>40</xmin>
			<ymin>691</ymin>
			<xmax>58</xmax>
			<ymax>709</ymax>
		</bndbox>
	</object>
	<object>
		<difficult>1</difficult>
		<name>&amp;*@HUST_special</name>
		<bndbox>
			<xmin>39</xmin>
			<ymin>670</ymin>
			<xmax>57</xmax>
			<ymax>688</ymax>
		</bndbox>
	</object>
	<object>
		<difficult>1</difficult>
		<name>&amp;*@HUST_special</name>
		<bndbox>
			<xmin>40</xmin>
			<ymin>650</ymin>
			<xmax>58</xmax>
			<ymax>667</ymax>
		</bndbox>
	</object>
	<object>
		<difficult>1</difficult>
		<name>&amp;*@HUST_special</name>
		<bndbox>
			<xmin>40</xmin>
			<ymin>628</ymin>
			<xmax>58</xmax>
			<ymax>646</ymax>
		</bndbox>
	</object>
	<object>
		<difficult>1</difficult>
		<name>&amp;*@HUST_special</name>
		<bndbox>
			<xmin>40</xmin>
			<ymin>608</ymin>
			<xmax>57</xmax>
			<ymax>624</ymax>
		</bndbox>
	</object>
	<object>
		<difficult>1</difficult>
		<name>&amp;*@HUST_special</name>
		<bndbox>
			<xmin>40</xmin>
			<ymin>587</ymin>
			<xmax>59</xmax>
			<ymax>603</ymax>
		</bndbox>
	</object>
	<object>
		<difficult>1</difficult>
		<name>&amp;*@HUST_special</name>
		<bndbox>
			<xmin>40</xmin>
			<ymin>566</ymin>
			<xmax>59</xmax>
			<ymax>583</ymax>
		</bndbox>
	</object>
	<object>
		<difficult>1</difficult>
		<name>&amp;*@HUST_special</name>
		<bndbox>
			<xmin>40</xmin>
			<ymin>544</ymin>
			<xmax>58</xmax>
			<ymax>562</ymax>
		</bndbox>
	</object>
	<object>
		<difficult>1</difficult>
		<name>&amp;*@HUST_special</name>
		<bndbox>
			<xmin>40</xmin>
			<ymin>523</ymin>
			<xmax>58</xmax>
			<ymax>541</ymax>
		</bndbox>
	</object>
	<object>
		<difficult>1</difficult>
		<name>&amp;*@HUST_special</name>
		<bndbox>
			<xmin>39</xmin>
			<ymin>502</ymin>
			<xmax>57</xmax>
			<ymax>519</ymax>
		</bndbox>
	</object>
	<object>
		<difficult>1</difficult>
		<name>&amp;*@HUST_special</name>
		<bndbox>
			<xmin>40</xmin>
			<ymin>481</ymin>
			<xmax>57</xmax>
			<ymax>499</ymax>
		</bndbox>
	</object>
	<object>
		<difficult>1</difficult>
		<name>&amp;*@HUST_special</name>
		<bndbox>
			<xmin>40</xmin>
			<ymin>461</ymin>
			<xmax>58</xmax>
			<ymax>479</ymax>
		</bndbox>
	</object>
	<object>
		<difficult>1</difficult>
		<name>&amp;*@HUST_special</name>
		<bndbox>
			<xmin>40</xmin>
			<ymin>440</ymin>
			<xmax>58</xmax>
			<ymax>456</ymax>
		</bndbox>
	</object>
	<object>
		<difficult>1</difficult>
		<name>&amp;*@HUST_special</name>
		<bndbox>
			<xmin>39</xmin>
			<ymin>418</ymin>
			<xmax>58</xmax>
			<ymax>436</ymax>
		</bndbox>
	</object>
	<object>
		<difficult>1</difficult>
		<name>&amp;*@HUST_special</name>
		<bndbox>
			<xmin>40</xmin>
			<ymin>397</ymin>
			<xmax>58</xmax>
			<ymax>415</ymax>
		</bndbox>
	</object>
	<object>
		<difficult>1</difficult>
		<name>&amp;*@HUST_special</name>
		<bndbox>
			<xmin>40</xmin>
			<ymin>377</ymin>
			<xmax>59</xmax>
			<ymax>394</ymax>
		</bndbox>
	</object>
	<object>
		<difficult>1</difficult>
		<name>&amp;*@HUST_special</name>
		<bndbox>
			<xmin>40</xmin>
			<ymin>356</ymin>
			<xmax>57</xmax>
			<ymax>372</ymax>
		</bndbox>
	</object>
	<object>
		<difficult>1</difficult>
		<name>&amp;*@HUST_special</name>
		<bndbox>
			<xmin>40</xmin>
			<ymin>334</ymin>
			<xmax>58</xmax>
			<ymax>352</ymax>
		</bndbox>
	</object>
	<object>
		<difficult>1</difficult>
		<name>&amp;*@HUST_special</name>
		<bndbox>
			<xmin>39</xmin>
			<ymin>313</ymin>
			<xmax>58</xmax>
			<ymax>330</ymax>
		</bndbox>
	</object>
	<object>
		<difficult>1</difficult>
		<name>&amp;*@HUST_special</name>
		<bndbox>
			<xmin>39</xmin>
			<ymin>292</ymin>
			<xmax>57</xmax>
			<ymax>309</ymax>
		</bndbox>
	</object>
	<object>
		<difficult>1</difficult>
		<name>&amp;*@HUST_special</name>
		<bndbox>
			<xmin>40</xmin>
			<ymin>271</ymin>
			<xmax>58</xmax>
			<ymax>289</ymax>
		</bndbox>
	</object>
	<object>
		<difficult>1</difficult>
		<name>&amp;*@HUST_special</name>
		<bndbox>
			<xmin>40</xmin>
			<ymin>250</ymin>
			<xmax>58</xmax>
			<ymax>267</ymax>
		</bndbox>
	</object>
	<object>
		<difficult>1</difficult>
		<name>&amp;*@HUST_special</name>
		<bndbox>
			<xmin>40</xmin>
			<ymin>229</ymin>
			<xmax>58</xmax>
			<ymax>247</ymax>
		</bndbox>
	</object>
	<object>
		<difficult>1</difficult>
		<name>&amp;*@HUST_special</name>
		<bndbox>
			<xmin>39</xmin>
			<ymin>208</ymin>
			<xmax>58</xmax>
			<ymax>226</ymax>
		</bndbox>
	</object>
	<object>
		<difficult>1</difficult>
		<name>&amp;*@HUST_special</name>
		<bndbox>
			<xmin>40</xmin>
			<ymin>188</ymin>
			<xmax>58</xmax>
			<ymax>205</ymax>
		</bndbox>
	</object>
	<object>
		<difficult>1</difficult>
		<name>&amp;*@HUST_special</name>
		<bndbox>
			<xmin>39</xmin>
			<ymin>167</ymin>
			<xmax>58</xmax>
			<ymax>184</ymax>
		</bndbox>
	</object>
	<object>
		<difficult>1</difficult>
		<name>&amp;*@HUST_special</name>
		<bndbox>
			<xmin>40</xmin>
			<ymin>145</ymin>
			<xmax>58</xmax>
			<ymax>163</ymax>
		</bndbox>
	</object>
	<object>
		<difficult>1</difficult>
		<name>&amp;*@HUST_special</name>
		<bndbox>
			<xmin>40</xmin>
			<ymin>124</ymin>
			<xmax>58</xmax>
			<ymax>143</ymax>
		</bndbox>
	</object>
	<object>
		<difficult>1</difficult>
		<name>&amp;*@HUST_special</name>
		<bndbox>
			<xmin>40</xmin>
			<ymin>104</ymin>
			<xmax>57</xmax>
			<ymax>121</ymax>
		</bndbox>
	</object>
	<object>
		<difficult>1</difficult>
		<name>&amp;*@HUST_special</name>
		<bndbox>
			<xmin>39</xmin>
			<ymin>83</ymin>
			<xmax>58</xmax>
			<ymax>100</ymax>
		</bndbox>
	</object>
	<object>
		<difficult>1</difficult>
		<name>&amp;*@HUST_special</name>
		<bndbox>
			<xmin>40</xmin>
			<ymin>62</ymin>
			<xmax>58</xmax>
			<ymax>79</ymax>
		</bndbox>
	</object>
	<object>
		<difficult>1</difficult>
		<name>&amp;*@HUST_special</name>
		<bndbox>
			<xmin>40</xmin>
			<ymin>40</ymin>
			<xmax>58</xmax>
			<ymax>58</ymax>
		</bndbox>
	</object>
	<object>
		<difficult>1</difficult>
		<name>&amp;*@HUST_special</name>
		<bndbox>
			<xmin>40</xmin>
			<ymin>19</ymin>
			<xmax>58</xmax>
			<ymax>37</ymax>
		</bndbox>
	</object>
	<object>
		<difficult>1</difficult>
		<name>&amp;*@HUST_special</name>
		<bndbox>
			<xmin>40</xmin>
			<ymin>0</ymin>
			<xmax>58</xmax>
			<ymax>16</ymax>
		</bndbox>
	</object>
	<object>
		<difficult>0</difficult>
		<name>&amp;*@HUST_text</name>
		<bndbox>
			<xmin>257</xmin>
			<ymin>0</ymin>
			<xmax>530</xmax>
			<ymax>16</ymax>
		</bndbox>
	</object>
	<object>
		<difficult>0</difficult>
		<name>&amp;*@HUST_text</name>
		<bndbox>
			<xmin>257</xmin>
			<ymin>18</ymin>
			<xmax>511</xmax>
			<ymax>36</ymax>
		</bndbox>
	</object>
	<object>
		<difficult>0</difficult>
		<name>&amp;*@HUST_text</name>
		<bndbox>
			<xmin>259</xmin>
			<ymin>40</ymin>
			<xmax>527</xmax>
			<ymax>58</ymax>
		</bndbox>
	</object>
	<object>
		<difficult>0</difficult>
		<name>&amp;*@HUST_text</name>
		<bndbox>
			<xmin>259</xmin>
			<ymin>61</ymin>
			<xmax>516</xmax>
			<ymax>78</ymax>
		</bndbox>
	</object>
	<object>
		<difficult>0</difficult>
		<name>&amp;*@HUST_text</name>
		<bndbox>
			<xmin>259</xmin>
			<ymin>81</ymin>
			<xmax>516</xmax>
			<ymax>99</ymax>
		</bndbox>
	</object>
	<object>
		<difficult>0</difficult>
		<name>&amp;*@HUST_text</name>
		<bndbox>
			<xmin>259</xmin>
			<ymin>102</ymin>
			<xmax>498</xmax>
			<ymax>120</ymax>
		</bndbox>
	</object>
	<object>
		<difficult>0</difficult>
		<name>&amp;*@HUST_text</name>
		<bndbox>
			<xmin>259</xmin>
			<ymin>123</ymin>
			<xmax>523</xmax>
			<ymax>141</ymax>
		</bndbox>
	</object>
	<object>
		<difficult>0</difficult>
		<name>&amp;*@HUST_text</name>
		<bndbox>
			<xmin>259</xmin>
			<ymin>145</ymin>
			<xmax>507</xmax>
			<ymax>162</ymax>
		</bndbox>
	</object>
	<object>
		<difficult>0</difficult>
		<name>&amp;*@HUST_text</name>
		<bndbox>
			<xmin>259</xmin>
			<ymin>166</ymin>
			<xmax>509</xmax>
			<ymax>183</ymax>
		</bndbox>
	</object>
	<object>
		<difficult>0</difficult>
		<name>&amp;*@HUST_text</name>
		<bndbox>
			<xmin>261</xmin>
			<ymin>186</ymin>
			<xmax>510</xmax>
			<ymax>205</ymax>
		</bndbox>
	</object>
	<object>
		<difficult>0</difficult>
		<name>&amp;*@HUST_text</name>
		<bndbox>
			<xmin>258</xmin>
			<ymin>207</ymin>
			<xmax>509</xmax>
			<ymax>226</ymax>
		</bndbox>
	</object>
	<object>
		<difficult>0</difficult>
		<name>&amp;*@HUST_text</name>
		<bndbox>
			<xmin>258</xmin>
			<ymin>228</ymin>
			<xmax>504</xmax>
			<ymax>246</ymax>
		</bndbox>
	</object>
	<object>
		<difficult>0</difficult>
		<name>&amp;*@HUST_text</name>
		<bndbox>
			<xmin>258</xmin>
			<ymin>250</ymin>
			<xmax>497</xmax>
			<ymax>267</ymax>
		</bndbox>
	</object>
	<object>
		<difficult>0</difficult>
		<name>&amp;*@HUST_text</name>
		<bndbox>
			<xmin>257</xmin>
			<ymin>270</ymin>
			<xmax>529</xmax>
			<ymax>288</ymax>
		</bndbox>
	</object>
	<object>
		<difficult>0</difficult>
		<name>&amp;*@HUST_text</name>
		<bndbox>
			<xmin>258</xmin>
			<ymin>291</ymin>
			<xmax>517</xmax>
			<ymax>310</ymax>
		</bndbox>
	</object>
	<object>
		<difficult>0</difficult>
		<name>&amp;*@HUST_text</name>
		<bndbox>
			<xmin>258</xmin>
			<ymin>312</ymin>
			<xmax>508</xmax>
			<ymax>329</ymax>
		</bndbox>
	</object>
	<object>
		<difficult>0</difficult>
		<name>&amp;*@HUST_text</name>
		<bndbox>
			<xmin>257</xmin>
			<ymin>333</ymin>
			<xmax>493</xmax>
			<ymax>351</ymax>
		</bndbox>
	</object>
	<object>
		<difficult>0</difficult>
		<name>&amp;*@HUST_text</name>
		<bndbox>
			<xmin>257</xmin>
			<ymin>355</ymin>
			<xmax>507</xmax>
			<ymax>372</ymax>
		</bndbox>
	</object>
	<object>
		<difficult>0</difficult>
		<name>&amp;*@HUST_text</name>
		<bndbox>
			<xmin>257</xmin>
			<ymin>375</ymin>
			<xmax>504</xmax>
			<ymax>393</ymax>
		</bndbox>
	</object>
	<object>
		<difficult>0</difficult>
		<name>&amp;*@HUST_text</name>
		<bndbox>
			<xmin>256</xmin>
			<ymin>396</ymin>
			<xmax>505</xmax>
			<ymax>414</ymax>
		</bndbox>
	</object>
	<object>
		<difficult>0</difficult>
		<name>&amp;*@HUST_text</name>
		<bndbox>
			<xmin>257</xmin>
			<ymin>417</ymin>
			<xmax>461</xmax>
			<ymax>435</ymax>
		</bndbox>
	</object>
	<object>
		<difficult>0</difficult>
		<name>&amp;*@HUST_text</name>
		<bndbox>
			<xmin>254</xmin>
			<ymin>439</ymin>
			<xmax>485</xmax>
			<ymax>455</ymax>
		</bndbox>
	</object>
	<object>
		<difficult>0</difficult>
		<name>&amp;*@HUST_text</name>
		<bndbox>
			<xmin>254</xmin>
			<ymin>459</ymin>
			<xmax>468</xmax>
			<ymax>476</ymax>
		</bndbox>
	</object>
	<object>
		<difficult>0</difficult>
		<name>&amp;*@HUST_text</name>
		<bndbox>
			<xmin>254</xmin>
			<ymin>481</ymin>
			<xmax>466</xmax>
			<ymax>497</ymax>
		</bndbox>
	</object>
	<object>
		<difficult>0</difficult>
		<name>&amp;*@HUST_text</name>
		<bndbox>
			<xmin>254</xmin>
			<ymin>502</ymin>
			<xmax>462</xmax>
			<ymax>519</ymax>
		</bndbox>
	</object>
	<object>
		<difficult>0</difficult>
		<name>&amp;*@HUST_text</name>
		<bndbox>
			<xmin>253</xmin>
			<ymin>523</ymin>
			<xmax>458</xmax>
			<ymax>540</ymax>
		</bndbox>
	</object>
	<object>
		<difficult>0</difficult>
		<name>&amp;*@HUST_text</name>
		<bndbox>
			<xmin>253</xmin>
			<ymin>544</ymin>
			<xmax>458</xmax>
			<ymax>561</ymax>
		</bndbox>
	</object>
	<object>
		<difficult>0</difficult>
		<name>&amp;*@HUST_text</name>
		<bndbox>
			<xmin>253</xmin>
			<ymin>565</ymin>
			<xmax>458</xmax>
			<ymax>582</ymax>
		</bndbox>
	</object>
	<object>
		<difficult>0</difficult>
		<name>&amp;*@HUST_text</name>
		<bndbox>
			<xmin>252</xmin>
			<ymin>585</ymin>
			<xmax>457</xmax>
			<ymax>604</ymax>
		</bndbox>
	</object>
	<object>
		<difficult>0</difficult>
		<name>&amp;*@HUST_text</name>
		<bndbox>
			<xmin>252</xmin>
			<ymin>607</ymin>
			<xmax>455</xmax>
			<ymax>624</ymax>
		</bndbox>
	</object>
	<object>
		<difficult>0</difficult>
		<name>&amp;*@HUST_text</name>
		<bndbox>
			<xmin>253</xmin>
			<ymin>627</ymin>
			<xmax>456</xmax>
			<ymax>645</ymax>
		</bndbox>
	</object>
	<object>
		<difficult>0</difficult>
		<name>&amp;*@HUST_text</name>
		<bndbox>
			<xmin>252</xmin>
			<ymin>648</ymin>
			<xmax>454</xmax>
			<ymax>667</ymax>
		</bndbox>
	</object>
	<object>
		<difficult>0</difficult>
		<name>&amp;*@HUST_text</name>
		<bndbox>
			<xmin>253</xmin>
			<ymin>669</ymin>
			<xmax>395</xmax>
			<ymax>687</ymax>
		</bndbox>
	</object>
	<object>
		<difficult>0</difficult>
		<name>&amp;*@HUST_text</name>
		<bndbox>
			<xmin>252</xmin>
			<ymin>691</ymin>
			<xmax>393</xmax>
			<ymax>709</ymax>
		</bndbox>
	</object>
	<object>
		<difficult>0</difficult>
		<name>&amp;*@HUST_text</name>
		<bndbox>
			<xmin>657</xmin>
			<ymin>690</ymin>
			<xmax>763</xmax>
			<ymax>708</ymax>
		</bndbox>
	</object>
	<object>
		<difficult>0</difficult>
		<name>&amp;*@HUST_text</name>
		<bndbox>
			<xmin>658</xmin>
			<ymin>670</ymin>
			<xmax>707</xmax>
			<ymax>687</ymax>
		</bndbox>
	</object>
	<object>
		<difficult>0</difficult>
		<name>&amp;*@HUST_text</name>
		<bndbox>
			<xmin>657</xmin>
			<ymin>648</ymin>
			<xmax>707</xmax>
			<ymax>666</ymax>
		</bndbox>
	</object>
	<object>
		<difficult>0</difficult>
		<name>&amp;*@HUST_text</name>
		<bndbox>
			<xmin>657</xmin>
			<ymin>627</ymin>
			<xmax>706</xmax>
			<ymax>645</ymax>
		</bndbox>
	</object>
	<object>
		<difficult>0</difficult>
		<name>&amp;*@HUST_text</name>
		<bndbox>
			<xmin>658</xmin>
			<ymin>607</ymin>
			<xmax>707</xmax>
			<ymax>625</ymax>
		</bndbox>
	</object>
	<object>
		<difficult>0</difficult>
		<name>&amp;*@HUST_text</name>
		<bndbox>
			<xmin>658</xmin>
			<ymin>585</ymin>
			<xmax>706</xmax>
			<ymax>604</ymax>
		</bndbox>
	</object>
	<object>
		<difficult>0</difficult>
		<name>&amp;*@HUST_text</name>
		<bndbox>
			<xmin>657</xmin>
			<ymin>565</ymin>
			<xmax>705</xmax>
			<ymax>582</ymax>
		</bndbox>
	</object>
	<object>
		<difficult>0</difficult>
		<name>&amp;*@HUST_text</name>
		<bndbox>
			<xmin>657</xmin>
			<ymin>544</ymin>
			<xmax>710</xmax>
			<ymax>561</ymax>
		</bndbox>
	</object>
	<object>
		<difficult>0</difficult>
		<name>&amp;*@HUST_text</name>
		<bndbox>
			<xmin>658</xmin>
			<ymin>523</ymin>
			<xmax>709</xmax>
			<ymax>542</ymax>
		</bndbox>
	</object>
	<object>
		<difficult>0</difficult>
		<name>&amp;*@HUST_text</name>
		<bndbox>
			<xmin>658</xmin>
			<ymin>502</ymin>
			<xmax>709</xmax>
			<ymax>520</ymax>
		</bndbox>
	</object>
	<object>
		<difficult>0</difficult>
		<name>&amp;*@HUST_text</name>
		<bndbox>
			<xmin>658</xmin>
			<ymin>480</ymin>
			<xmax>710</xmax>
			<ymax>498</ymax>
		</bndbox>
	</object>
	<object>
		<difficult>0</difficult>
		<name>&amp;*@HUST_text</name>
		<bndbox>
			<xmin>657</xmin>
			<ymin>459</ymin>
			<xmax>711</xmax>
			<ymax>478</ymax>
		</bndbox>
	</object>
	<object>
		<difficult>0</difficult>
		<name>&amp;*@HUST_text</name>
		<bndbox>
			<xmin>657</xmin>
			<ymin>438</ymin>
			<xmax>713</xmax>
			<ymax>456</ymax>
		</bndbox>
	</object>
	<object>
		<difficult>0</difficult>
		<name>&amp;*@HUST_text</name>
		<bndbox>
			<xmin>657</xmin>
			<ymin>418</ymin>
			<xmax>712</xmax>
			<ymax>435</ymax>
		</bndbox>
	</object>
	<object>
		<difficult>0</difficult>
		<name>&amp;*@HUST_text</name>
		<bndbox>
			<xmin>657</xmin>
			<ymin>397</ymin>
			<xmax>711</xmax>
			<ymax>415</ymax>
		</bndbox>
	</object>
	<object>
		<difficult>0</difficult>
		<name>&amp;*@HUST_text</name>
		<bndbox>
			<xmin>657</xmin>
			<ymin>375</ymin>
			<xmax>709</xmax>
			<ymax>393</ymax>
		</bndbox>
	</object>
	<object>
		<difficult>0</difficult>
		<name>&amp;*@HUST_text</name>
		<bndbox>
			<xmin>658</xmin>
			<ymin>355</ymin>
			<xmax>709</xmax>
			<ymax>373</ymax>
		</bndbox>
	</object>
	<object>
		<difficult>0</difficult>
		<name>&amp;*@HUST_text</name>
		<bndbox>
			<xmin>658</xmin>
			<ymin>333</ymin>
			<xmax>707</xmax>
			<ymax>352</ymax>
		</bndbox>
	</object>
	<object>
		<difficult>0</difficult>
		<name>&amp;*@HUST_text</name>
		<bndbox>
			<xmin>658</xmin>
			<ymin>312</ymin>
			<xmax>707</xmax>
			<ymax>330</ymax>
		</bndbox>
	</object>
	<object>
		<difficult>0</difficult>
		<name>&amp;*@HUST_text</name>
		<bndbox>
			<xmin>659</xmin>
			<ymin>291</ymin>
			<xmax>706</xmax>
			<ymax>309</ymax>
		</bndbox>
	</object>
	<object>
		<difficult>0</difficult>
		<name>&amp;*@HUST_text</name>
		<bndbox>
			<xmin>659</xmin>
			<ymin>271</ymin>
			<xmax>707</xmax>
			<ymax>288</ymax>
		</bndbox>
	</object>
	<object>
		<difficult>0</difficult>
		<name>&amp;*@HUST_text</name>
		<bndbox>
			<xmin>659</xmin>
			<ymin>250</ymin>
			<xmax>710</xmax>
			<ymax>267</ymax>
		</bndbox>
	</object>
	<object>
		<difficult>0</difficult>
		<name>&amp;*@HUST_text</name>
		<bndbox>
			<xmin>658</xmin>
			<ymin>229</ymin>
			<xmax>712</xmax>
			<ymax>248</ymax>
		</bndbox>
	</object>
	<object>
		<difficult>0</difficult>
		<name>&amp;*@HUST_text</name>
		<bndbox>
			<xmin>659</xmin>
			<ymin>208</ymin>
			<xmax>711</xmax>
			<ymax>224</ymax>
		</bndbox>
	</object>
	<object>
		<difficult>0</difficult>
		<name>&amp;*@HUST_text</name>
		<bndbox>
			<xmin>658</xmin>
			<ymin>187</ymin>
			<xmax>711</xmax>
			<ymax>204</ymax>
		</bndbox>
	</object>
	<object>
		<difficult>0</difficult>
		<name>&amp;*@HUST_text</name>
		<bndbox>
			<xmin>658</xmin>
			<ymin>166</ymin>
			<xmax>711</xmax>
			<ymax>184</ymax>
		</bndbox>
	</object>
	<object>
		<difficult>0</difficult>
		<name>&amp;*@HUST_text</name>
		<bndbox>
			<xmin>658</xmin>
			<ymin>145</ymin>
			<xmax>710</xmax>
			<ymax>163</ymax>
		</bndbox>
	</object>
	<object>
		<difficult>0</difficult>
		<name>&amp;*@HUST_text</name>
		<bndbox>
			<xmin>658</xmin>
			<ymin>123</ymin>
			<xmax>712</xmax>
			<ymax>141</ymax>
		</bndbox>
	</object>
	<object>
		<difficult>0</difficult>
		<name>&amp;*@HUST_text</name>
		<bndbox>
			<xmin>658</xmin>
			<ymin>103</ymin>
			<xmax>709</xmax>
			<ymax>120</ymax>
		</bndbox>
	</object>
	<object>
		<difficult>0</difficult>
		<name>&amp;*@HUST_text</name>
		<bndbox>
			<xmin>658</xmin>
			<ymin>83</ymin>
			<xmax>708</xmax>
			<ymax>100</ymax>
		</bndbox>
	</object>
	<object>
		<difficult>0</difficult>
		<name>&amp;*@HUST_text</name>
		<bndbox>
			<xmin>658</xmin>
			<ymin>61</ymin>
			<xmax>708</xmax>
			<ymax>78</ymax>
		</bndbox>
	</object>
	<object>
		<difficult>0</difficult>
		<name>&amp;*@HUST_text</name>
		<bndbox>
			<xmin>658</xmin>
			<ymin>40</ymin>
			<xmax>708</xmax>
			<ymax>57</ymax>
		</bndbox>
	</object>
	<object>
		<difficult>0</difficult>
		<name>&amp;*@HUST_text</name>
		<bndbox>
			<xmin>659</xmin>
			<ymin>19</ymin>
			<xmax>708</xmax>
			<ymax>37</ymax>
		</bndbox>
	</object>
	<object>
		<difficult>0</difficult>
		<name>&amp;*@HUST_text</name>
		<bndbox>
			<xmin>658</xmin>
			<ymin>0</ymin>
			<xmax>710</xmax>
			<ymax>16</ymax>
		</bndbox>
	</object>
	<object>
		<difficult>0</difficult>
		<name>&amp;*@HUST_text</name>
		<bndbox>
			<xmin>1073</xmin>
			<ymin>0</ymin>
			<xmax>1165</xmax>
			<ymax>16</ymax>
		</bndbox>
	</object>
	<object>
		<difficult>0</difficult>
		<name>&amp;*@HUST_text</name>
		<bndbox>
			<xmin>1072</xmin>
			<ymin>18</ymin>
			<xmax>1165</xmax>
			<ymax>36</ymax>
		</bndbox>
	</object>
	<object>
		<difficult>0</difficult>
		<name>&amp;*@HUST_text</name>
		<bndbox>
			<xmin>1073</xmin>
			<ymin>39</ymin>
			<xmax>1167</xmax>
			<ymax>58</ymax>
		</bndbox>
	</object>
	<object>
		<difficult>0</difficult>
		<name>&amp;*@HUST_text</name>
		<bndbox>
			<xmin>1073</xmin>
			<ymin>60</ymin>
			<xmax>1169</xmax>
			<ymax>79</ymax>
		</bndbox>
	</object>
	<object>
		<difficult>0</difficult>
		<name>&amp;*@HUST_text</name>
		<bndbox>
			<xmin>1074</xmin>
			<ymin>81</ymin>
			<xmax>1167</xmax>
			<ymax>100</ymax>
		</bndbox>
	</object>
	<object>
		<difficult>0</difficult>
		<name>&amp;*@HUST_text</name>
		<bndbox>
			<xmin>1074</xmin>
			<ymin>103</ymin>
			<xmax>1168</xmax>
			<ymax>120</ymax>
		</bndbox>
	</object>
	<object>
		<difficult>0</difficult>
		<name>&amp;*@HUST_text</name>
		<bndbox>
			<xmin>1075</xmin>
			<ymin>123</ymin>
			<xmax>1165</xmax>
			<ymax>141</ymax>
		</bndbox>
	</object>
	<object>
		<difficult>0</difficult>
		<name>&amp;*@HUST_text</name>
		<bndbox>
			<xmin>1075</xmin>
			<ymin>144</ymin>
			<xmax>1165</xmax>
			<ymax>163</ymax>
		</bndbox>
	</object>
	<object>
		<difficult>0</difficult>
		<name>&amp;*@HUST_text</name>
		<bndbox>
			<xmin>1074</xmin>
			<ymin>164</ymin>
			<xmax>1163</xmax>
			<ymax>184</ymax>
		</bndbox>
	</object>
	<object>
		<difficult>0</difficult>
		<name>&amp;*@HUST_text</name>
		<bndbox>
			<xmin>1074</xmin>
			<ymin>187</ymin>
			<xmax>1162</xmax>
			<ymax>204</ymax>
		</bndbox>
	</object>
	<object>
		<difficult>0</difficult>
		<name>&amp;*@HUST_text</name>
		<bndbox>
			<xmin>1075</xmin>
			<ymin>207</ymin>
			<xmax>1163</xmax>
			<ymax>225</ymax>
		</bndbox>
	</object>
	<object>
		<difficult>0</difficult>
		<name>&amp;*@HUST_text</name>
		<bndbox>
			<xmin>1075</xmin>
			<ymin>228</ymin>
			<xmax>1163</xmax>
			<ymax>247</ymax>
		</bndbox>
	</object>
	<object>
		<difficult>0</difficult>
		<name>&amp;*@HUST_text</name>
		<bndbox>
			<xmin>1076</xmin>
			<ymin>249</ymin>
			<xmax>1164</xmax>
			<ymax>268</ymax>
		</bndbox>
	</object>
	<object>
		<difficult>0</difficult>
		<name>&amp;*@HUST_text</name>
		<bndbox>
			<xmin>1076</xmin>
			<ymin>270</ymin>
			<xmax>1165</xmax>
			<ymax>289</ymax>
		</bndbox>
	</object>
	<object>
		<difficult>0</difficult>
		<name>&amp;*@HUST_text</name>
		<bndbox>
			<xmin>1076</xmin>
			<ymin>291</ymin>
			<xmax>1166</xmax>
			<ymax>310</ymax>
		</bndbox>
	</object>
	<object>
		<difficult>0</difficult>
		<name>&amp;*@HUST_text</name>
		<bndbox>
			<xmin>1076</xmin>
			<ymin>312</ymin>
			<xmax>1165</xmax>
			<ymax>330</ymax>
		</bndbox>
	</object>
	<object>
		<difficult>0</difficult>
		<name>&amp;*@HUST_text</name>
		<bndbox>
			<xmin>1074</xmin>
			<ymin>332</ymin>
			<xmax>1164</xmax>
			<ymax>351</ymax>
		</bndbox>
	</object>
	<object>
		<difficult>0</difficult>
		<name>&amp;*@HUST_text</name>
		<bndbox>
			<xmin>1074</xmin>
			<ymin>354</ymin>
			<xmax>1165</xmax>
			<ymax>372</ymax>
		</bndbox>
	</object>
	<object>
		<difficult>0</difficult>
		<name>&amp;*@HUST_text</name>
		<bndbox>
			<xmin>1073</xmin>
			<ymin>376</ymin>
			<xmax>1165</xmax>
			<ymax>393</ymax>
		</bndbox>
	</object>
	<object>
		<difficult>0</difficult>
		<name>&amp;*@HUST_text</name>
		<bndbox>
			<xmin>1073</xmin>
			<ymin>396</ymin>
			<xmax>1164</xmax>
			<ymax>414</ymax>
		</bndbox>
	</object>
	<object>
		<difficult>0</difficult>
		<name>&amp;*@HUST_text</name>
		<bndbox>
			<xmin>1073</xmin>
			<ymin>417</ymin>
			<xmax>1164</xmax>
			<ymax>435</ymax>
		</bndbox>
	</object>
	<object>
		<difficult>0</difficult>
		<name>&amp;*@HUST_text</name>
		<bndbox>
			<xmin>1073</xmin>
			<ymin>439</ymin>
			<xmax>1164</xmax>
			<ymax>456</ymax>
		</bndbox>
	</object>
	<object>
		<difficult>0</difficult>
		<name>&amp;*@HUST_text</name>
		<bndbox>
			<xmin>1073</xmin>
			<ymin>459</ymin>
			<xmax>1163</xmax>
			<ymax>477</ymax>
		</bndbox>
	</object>
	<object>
		<difficult>0</difficult>
		<name>&amp;*@HUST_text</name>
		<bndbox>
			<xmin>1073</xmin>
			<ymin>480</ymin>
			<xmax>1163</xmax>
			<ymax>499</ymax>
		</bndbox>
	</object>
	<object>
		<difficult>0</difficult>
		<name>&amp;*@HUST_text</name>
		<bndbox>
			<xmin>1074</xmin>
			<ymin>501</ymin>
			<xmax>1163</xmax>
			<ymax>519</ymax>
		</bndbox>
	</object>
	<object>
		<difficult>0</difficult>
		<name>&amp;*@HUST_text</name>
		<bndbox>
			<xmin>1074</xmin>
			<ymin>522</ymin>
			<xmax>1163</xmax>
			<ymax>540</ymax>
		</bndbox>
	</object>
	<object>
		<difficult>0</difficult>
		<name>&amp;*@HUST_text</name>
		<bndbox>
			<xmin>1074</xmin>
			<ymin>543</ymin>
			<xmax>1163</xmax>
			<ymax>561</ymax>
		</bndbox>
	</object>
	<object>
		<difficult>0</difficult>
		<name>&amp;*@HUST_text</name>
		<bndbox>
			<xmin>1073</xmin>
			<ymin>564</ymin>
			<xmax>1165</xmax>
			<ymax>583</ymax>
		</bndbox>
	</object>
	<object>
		<difficult>0</difficult>
		<name>&amp;*@HUST_text</name>
		<bndbox>
			<xmin>1074</xmin>
			<ymin>586</ymin>
			<xmax>1167</xmax>
			<ymax>604</ymax>
		</bndbox>
	</object>
	<object>
		<difficult>0</difficult>
		<name>&amp;*@HUST_text</name>
		<bndbox>
			<xmin>1074</xmin>
			<ymin>606</ymin>
			<xmax>1166</xmax>
			<ymax>624</ymax>
		</bndbox>
	</object>
	<object>
		<difficult>0</difficult>
		<name>&amp;*@HUST_text</name>
		<bndbox>
			<xmin>1074</xmin>
			<ymin>628</ymin>
			<xmax>1166</xmax>
			<ymax>646</ymax>
		</bndbox>
	</object>
	<object>
		<difficult>0</difficult>
		<name>&amp;*@HUST_text</name>
		<bndbox>
			<xmin>1074</xmin>
			<ymin>648</ymin>
			<xmax>1165</xmax>
			<ymax>666</ymax>
		</bndbox>
	</object>
	<object>
		<difficult>0</difficult>
		<name>&amp;*@HUST_text</name>
		<bndbox>
			<xmin>1075</xmin>
			<ymin>670</ymin>
			<xmax>1138</xmax>
			<ymax>688</ymax>
		</bndbox>
	</object>
	<object>
		<difficult>0</difficult>
		<name>&amp;*@HUST_text</name>
		<bndbox>
			<xmin>1485</xmin>
			<ymin>670</ymin>
			<xmax>1570</xmax>
			<ymax>688</ymax>
		</bndbox>
	</object>
	<object>
		<difficult>0</difficult>
		<name>&amp;*@HUST_text</name>
		<bndbox>
			<xmin>1486</xmin>
			<ymin>648</ymin>
			<xmax>1570</xmax>
			<ymax>667</ymax>
		</bndbox>
	</object>
	<object>
		<difficult>0</difficult>
		<name>&amp;*@HUST_text</name>
		<bndbox>
			<xmin>1485</xmin>
			<ymin>627</ymin>
			<xmax>1570</xmax>
			<ymax>646</ymax>
		</bndbox>
	</object>
	<object>
		<difficult>0</difficult>
		<name>&amp;*@HUST_text</name>
		<bndbox>
			<xmin>1485</xmin>
			<ymin>607</ymin>
			<xmax>1570</xmax>
			<ymax>625</ymax>
		</bndbox>
	</object>
	<object>
		<difficult>0</difficult>
		<name>&amp;*@HUST_text</name>
		<bndbox>
			<xmin>1485</xmin>
			<ymin>585</ymin>
			<xmax>1571</xmax>
			<ymax>603</ymax>
		</bndbox>
	</object>
	<object>
		<difficult>0</difficult>
		<name>&amp;*@HUST_text</name>
		<bndbox>
			<xmin>1484</xmin>
			<ymin>564</ymin>
			<xmax>1570</xmax>
			<ymax>583</ymax>
		</bndbox>
	</object>
	<object>
		<difficult>0</difficult>
		<name>&amp;*@HUST_text</name>
		<bndbox>
			<xmin>1484</xmin>
			<ymin>543</ymin>
			<xmax>1570</xmax>
			<ymax>562</ymax>
		</bndbox>
	</object>
	<object>
		<difficult>0</difficult>
		<name>&amp;*@HUST_text</name>
		<bndbox>
			<xmin>1485</xmin>
			<ymin>522</ymin>
			<xmax>1569</xmax>
			<ymax>540</ymax>
		</bndbox>
	</object>
	<object>
		<difficult>0</difficult>
		<name>&amp;*@HUST_text</name>
		<bndbox>
			<xmin>1485</xmin>
			<ymin>501</ymin>
			<xmax>1570</xmax>
			<ymax>520</ymax>
		</bndbox>
	</object>
	<object>
		<difficult>0</difficult>
		<name>&amp;*@HUST_text</name>
		<bndbox>
			<xmin>1485</xmin>
			<ymin>480</ymin>
			<xmax>1571</xmax>
			<ymax>498</ymax>
		</bndbox>
	</object>
	<object>
		<difficult>0</difficult>
		<name>&amp;*@HUST_text</name>
		<bndbox>
			<xmin>1485</xmin>
			<ymin>459</ymin>
			<xmax>1570</xmax>
			<ymax>478</ymax>
		</bndbox>
	</object>
	<object>
		<difficult>0</difficult>
		<name>&amp;*@HUST_text</name>
		<bndbox>
			<xmin>1485</xmin>
			<ymin>439</ymin>
			<xmax>1569</xmax>
			<ymax>456</ymax>
		</bndbox>
	</object>
	<object>
		<difficult>0</difficult>
		<name>&amp;*@HUST_text</name>
		<bndbox>
			<xmin>1486</xmin>
			<ymin>417</ymin>
			<xmax>1570</xmax>
			<ymax>436</ymax>
		</bndbox>
	</object>
	<object>
		<difficult>0</difficult>
		<name>&amp;*@HUST_text</name>
		<bndbox>
			<xmin>1485</xmin>
			<ymin>396</ymin>
			<xmax>1569</xmax>
			<ymax>415</ymax>
		</bndbox>
	</object>
	<object>
		<difficult>0</difficult>
		<name>&amp;*@HUST_text</name>
		<bndbox>
			<xmin>1485</xmin>
			<ymin>376</ymin>
			<xmax>1570</xmax>
			<ymax>393</ymax>
		</bndbox>
	</object>
	<object>
		<difficult>0</difficult>
		<name>&amp;*@HUST_text</name>
		<bndbox>
			<xmin>1486</xmin>
			<ymin>354</ymin>
			<xmax>1567</xmax>
			<ymax>372</ymax>
		</bndbox>
	</object>
	<object>
		<difficult>0</difficult>
		<name>&amp;*@HUST_text</name>
		<bndbox>
			<xmin>1487</xmin>
			<ymin>333</ymin>
			<xmax>1569</xmax>
			<ymax>352</ymax>
		</bndbox>
	</object>
	<object>
		<difficult>0</difficult>
		<name>&amp;*@HUST_text</name>
		<bndbox>
			<xmin>1486</xmin>
			<ymin>312</ymin>
			<xmax>1568</xmax>
			<ymax>330</ymax>
		</bndbox>
	</object>
	<object>
		<difficult>0</difficult>
		<name>&amp;*@HUST_text</name>
		<bndbox>
			<xmin>1486</xmin>
			<ymin>291</ymin>
			<xmax>1570</xmax>
			<ymax>310</ymax>
		</bndbox>
	</object>
	<object>
		<difficult>0</difficult>
		<name>&amp;*@HUST_text</name>
		<bndbox>
			<xmin>1486</xmin>
			<ymin>270</ymin>
			<xmax>1571</xmax>
			<ymax>288</ymax>
		</bndbox>
	</object>
	<object>
		<difficult>0</difficult>
		<name>&amp;*@HUST_text</name>
		<bndbox>
			<xmin>1486</xmin>
			<ymin>249</ymin>
			<xmax>1570</xmax>
			<ymax>268</ymax>
		</bndbox>
	</object>
	<object>
		<difficult>0</difficult>
		<name>&amp;*@HUST_text</name>
		<bndbox>
			<xmin>1486</xmin>
			<ymin>228</ymin>
			<xmax>1569</xmax>
			<ymax>247</ymax>
		</bndbox>
	</object>
	<object>
		<difficult>0</difficult>
		<name>&amp;*@HUST_text</name>
		<bndbox>
			<xmin>1486</xmin>
			<ymin>207</ymin>
			<xmax>1569</xmax>
			<ymax>225</ymax>
		</bndbox>
	</object>
	<object>
		<difficult>0</difficult>
		<name>&amp;*@HUST_text</name>
		<bndbox>
			<xmin>1485</xmin>
			<ymin>186</ymin>
			<xmax>1568</xmax>
			<ymax>204</ymax>
		</bndbox>
	</object>
	<object>
		<difficult>0</difficult>
		<name>&amp;*@HUST_text</name>
		<bndbox>
			<xmin>1485</xmin>
			<ymin>165</ymin>
			<xmax>1569</xmax>
			<ymax>184</ymax>
		</bndbox>
	</object>
	<object>
		<difficult>0</difficult>
		<name>&amp;*@HUST_text</name>
		<bndbox>
			<xmin>1485</xmin>
			<ymin>144</ymin>
			<xmax>1567</xmax>
			<ymax>163</ymax>
		</bndbox>
	</object>
	<object>
		<difficult>0</difficult>
		<name>&amp;*@HUST_text</name>
		<bndbox>
			<xmin>1486</xmin>
			<ymin>124</ymin>
			<xmax>1570</xmax>
			<ymax>142</ymax>
		</bndbox>
	</object>
	<object>
		<difficult>0</difficult>
		<name>&amp;*@HUST_text</name>
		<bndbox>
			<xmin>1485</xmin>
			<ymin>102</ymin>
			<xmax>1570</xmax>
			<ymax>120</ymax>
		</bndbox>
	</object>
	<object>
		<difficult>0</difficult>
		<name>&amp;*@HUST_text</name>
		<bndbox>
			<xmin>1484</xmin>
			<ymin>81</ymin>
			<xmax>1569</xmax>
			<ymax>99</ymax>
		</bndbox>
	</object>
	<object>
		<difficult>0</difficult>
		<name>&amp;*@HUST_text</name>
		<bndbox>
			<xmin>1484</xmin>
			<ymin>60</ymin>
			<xmax>1570</xmax>
			<ymax>79</ymax>
		</bndbox>
	</object>
	<object>
		<difficult>0</difficult>
		<name>&amp;*@HUST_text</name>
		<bndbox>
			<xmin>1484</xmin>
			<ymin>39</ymin>
			<xmax>1569</xmax>
			<ymax>57</ymax>
		</bndbox>
	</object>
	<object>
		<difficult>0</difficult>
		<name>&amp;*@HUST_text</name>
		<bndbox>
			<xmin>1484</xmin>
			<ymin>18</ymin>
			<xmax>1569</xmax>
			<ymax>36</ymax>
		</bndbox>
	</object>
	<object>
		<difficult>0</difficult>
		<name>&amp;*@HUST_text</name>
		<bndbox>
			<xmin>1485</xmin>
			<ymin>0</ymin>
			<xmax>1570</xmax>
			<ymax>15</ymax>
		</bndbox>
	</object>
</annotation>