<annotation>
	<filename>Image 117.png</filename>
	<size>
		<width>727</width>
		<height>44</height>
		<depth>3</depth>
	</size>
	<segmented>0</segmented>
	<object>
		<difficult>0</difficult>
		<name>&amp;*@HUST_text</name>
		<bndbox>
			<xmin>1</xmin>
			<ymin>24</ymin>
			<xmax>92</xmax>
			<ymax>42</ymax>
		</bndbox>
	</object>
	<object>
		<difficult>0</difficult>
		<name>&amp;*@HUST_text</name>
		<bndbox>
			<xmin>219</xmin>
			<ymin>24</ymin>
			<xmax>333</xmax>
			<ymax>43</ymax>
		</bndbox>
	</object>
	<object>
		<difficult>0</difficult>
		<name>&amp;*@HUST_text</name>
		<bndbox>
			<xmin>441</xmin>
			<ymin>24</ymin>
			<xmax>527</xmax>
			<ymax>42</ymax>
		</bndbox>
	</object>
	<object>
		<difficult>0</difficult>
		<name>&amp;*@HUST_text</name>
		<bndbox>
			<xmin>16</xmin>
			<ymin>0</ymin>
			<xmax>108</xmax>
			<ymax>20</ymax>
		</bndbox>
	</object>
	<object>
		<difficult>0</difficult>
		<name>&amp;*@HUST_text</name>
		<bndbox>
			<xmin>662</xmin>
			<ymin>23</ymin>
			<xmax>723</xmax>
			<ymax>43</ymax>
		</bndbox>
	</object>
	<object>
		<difficult>1</difficult>
		<name>&amp;*@HUST_special</name>
		<bndbox>
			<xmin>0</xmin>
			<ymin>0</ymin>
			<xmax>15</xmax>
			<ymax>20</ymax>
		</bndbox>
	</object>
</annotation>