<annotation>
	<filename>Image 076.png</filename>
	<size>
		<width>1043</width>
		<height>111</height>
		<depth>3</depth>
	</size>
	<segmented>0</segmented>
	<object>
		<difficult>1</difficult>
		<name>&amp;*@HUST_special</name>
		<bndbox>
			<xmin>0</xmin>
			<ymin>0</ymin>
			<xmax>12</xmax>
			<ymax>17</ymax>
		</bndbox>
	</object>
	<object>
		<difficult>0</difficult>
		<name>&amp;*@HUST_text</name>
		<bndbox>
			<xmin>13</xmin>
			<ymin>0</ymin>
			<xmax>99</xmax>
			<ymax>17</ymax>
		</bndbox>
	</object>
	<object>
		<difficult>0</difficult>
		<name>&amp;*@HUST_text</name>
		<bndbox>
			<xmin>1</xmin>
			<ymin>21</ymin>
			<xmax>83</xmax>
			<ymax>39</ymax>
		</bndbox>
	</object>
	<object>
		<difficult>0</difficult>
		<name>&amp;*@HUST_text</name>
		<bndbox>
			<xmin>0</xmin>
			<ymin>43</ymin>
			<xmax>83</xmax>
			<ymax>60</ymax>
		</bndbox>
	</object>
	<object>
		<difficult>0</difficult>
		<name>&amp;*@HUST_text</name>
		<bndbox>
			<xmin>0</xmin>
			<ymin>64</ymin>
			<xmax>83</xmax>
			<ymax>81</ymax>
		</bndbox>
	</object>
	<object>
		<difficult>0</difficult>
		<name>&amp;*@HUST_text</name>
		<bndbox>
			<xmin>0</xmin>
			<ymin>85</ymin>
			<xmax>83</xmax>
			<ymax>102</ymax>
		</bndbox>
	</object>
	<object>
		<difficult>0</difficult>
		<name>&amp;*@HUST_text</name>
		<bndbox>
			<xmin>214</xmin>
			<ymin>21</ymin>
			<xmax>341</xmax>
			<ymax>39</ymax>
		</bndbox>
	</object>
	<object>
		<difficult>0</difficult>
		<name>&amp;*@HUST_text</name>
		<bndbox>
			<xmin>213</xmin>
			<ymin>43</ymin>
			<xmax>342</xmax>
			<ymax>60</ymax>
		</bndbox>
	</object>
	<object>
		<difficult>0</difficult>
		<name>&amp;*@HUST_text</name>
		<bndbox>
			<xmin>214</xmin>
			<ymin>64</ymin>
			<xmax>343</xmax>
			<ymax>81</ymax>
		</bndbox>
	</object>
	<object>
		<difficult>0</difficult>
		<name>&amp;*@HUST_text</name>
		<bndbox>
			<xmin>213</xmin>
			<ymin>85</ymin>
			<xmax>343</xmax>
			<ymax>102</ymax>
		</bndbox>
	</object>
	<object>
		<difficult>0</difficult>
		<name>&amp;*@HUST_text</name>
		<bndbox>
			<xmin>431</xmin>
			<ymin>21</ymin>
			<xmax>676</xmax>
			<ymax>39</ymax>
		</bndbox>
	</object>
	<object>
		<difficult>0</difficult>
		<name>&amp;*@HUST_text</name>
		<bndbox>
			<xmin>432</xmin>
			<ymin>42</ymin>
			<xmax>677</xmax>
			<ymax>60</ymax>
		</bndbox>
	</object>
	<object>
		<difficult>0</difficult>
		<name>&amp;*@HUST_text</name>
		<bndbox>
			<xmin>432</xmin>
			<ymin>64</ymin>
			<xmax>679</xmax>
			<ymax>81</ymax>
		</bndbox>
	</object>
	<object>
		<difficult>0</difficult>
		<name>&amp;*@HUST_text</name>
		<bndbox>
			<xmin>432</xmin>
			<ymin>85</ymin>
			<xmax>679</xmax>
			<ymax>102</ymax>
		</bndbox>
	</object>
	<object>
		<difficult>0</difficult>
		<name>&amp;*@HUST_text</name>
		<bndbox>
			<xmin>868</xmin>
			<ymin>23</ymin>
			<xmax>1039</xmax>
			<ymax>38</ymax>
		</bndbox>
	</object>
	<object>
		<difficult>0</difficult>
		<name>&amp;*@HUST_text</name>
		<bndbox>
			<xmin>869</xmin>
			<ymin>43</ymin>
			<xmax>1040</xmax>
			<ymax>59</ymax>
		</bndbox>
	</object>
</annotation>