<annotation>
	<filename>Image 130.png</filename>
	<size>
		<width>1415</width>
		<height>770</height>
		<depth>3</depth>
	</size>
	<segmented>0</segmented>
	<object>
		<difficult>1</difficult>
		<name>&amp;*@HUST_special</name>
		<bndbox>
			<xmin>2</xmin>
			<ymin>2</ymin>
			<xmax>16</xmax>
			<ymax>24</ymax>
		</bndbox>
	</object>
	<object>
		<difficult>0</difficult>
		<name>&amp;*@HUST_text</name>
		<bndbox>
			<xmin>17</xmin>
			<ymin>2</ymin>
			<xmax>205</xmax>
			<ymax>25</ymax>
		</bndbox>
	</object>
	<object>
		<difficult>0</difficult>
		<name>&amp;*@HUST_text</name>
		<bndbox>
			<xmin>3</xmin>
			<ymin>28</ymin>
			<xmax>70</xmax>
			<ymax>47</ymax>
		</bndbox>
	</object>
	<object>
		<difficult>0</difficult>
		<name>&amp;*@HUST_text</name>
		<bndbox>
			<xmin>4</xmin>
			<ymin>49</ymin>
			<xmax>152</xmax>
			<ymax>67</ymax>
		</bndbox>
	</object>
	<object>
		<difficult>0</difficult>
		<name>&amp;*@HUST_text</name>
		<bndbox>
			<xmin>3</xmin>
			<ymin>70</ymin>
			<xmax>153</xmax>
			<ymax>88</ymax>
		</bndbox>
	</object>
	<object>
		<difficult>0</difficult>
		<name>&amp;*@HUST_text</name>
		<bndbox>
			<xmin>4</xmin>
			<ymin>91</ymin>
			<xmax>148</xmax>
			<ymax>109</ymax>
		</bndbox>
	</object>
	<object>
		<difficult>0</difficult>
		<name>&amp;*@HUST_text</name>
		<bndbox>
			<xmin>3</xmin>
			<ymin>112</ymin>
			<xmax>99</xmax>
			<ymax>131</ymax>
		</bndbox>
	</object>
	<object>
		<difficult>0</difficult>
		<name>&amp;*@HUST_text</name>
		<bndbox>
			<xmin>4</xmin>
			<ymin>133</ymin>
			<xmax>97</xmax>
			<ymax>151</ymax>
		</bndbox>
	</object>
	<object>
		<difficult>0</difficult>
		<name>&amp;*@HUST_text</name>
		<bndbox>
			<xmin>4</xmin>
			<ymin>154</ymin>
			<xmax>71</xmax>
			<ymax>172</ymax>
		</bndbox>
	</object>
	<object>
		<difficult>0</difficult>
		<name>&amp;*@HUST_text</name>
		<bndbox>
			<xmin>4</xmin>
			<ymin>175</ymin>
			<xmax>46</xmax>
			<ymax>193</ymax>
		</bndbox>
	</object>
	<object>
		<difficult>0</difficult>
		<name>&amp;*@HUST_text</name>
		<bndbox>
			<xmin>4</xmin>
			<ymin>196</ymin>
			<xmax>117</xmax>
			<ymax>215</ymax>
		</bndbox>
	</object>
	<object>
		<difficult>0</difficult>
		<name>&amp;*@HUST_text</name>
		<bndbox>
			<xmin>162</xmin>
			<ymin>196</ymin>
			<xmax>244</xmax>
			<ymax>215</ymax>
		</bndbox>
	</object>
	<object>
		<difficult>0</difficult>
		<name>&amp;*@HUST_text</name>
		<bndbox>
			<xmin>161</xmin>
			<ymin>175</ymin>
			<xmax>250</xmax>
			<ymax>194</ymax>
		</bndbox>
	</object>
	<object>
		<difficult>0</difficult>
		<name>&amp;*@HUST_text</name>
		<bndbox>
			<xmin>161</xmin>
			<ymin>154</ymin>
			<xmax>249</xmax>
			<ymax>172</ymax>
		</bndbox>
	</object>
	<object>
		<difficult>0</difficult>
		<name>&amp;*@HUST_text</name>
		<bndbox>
			<xmin>161</xmin>
			<ymin>133</ymin>
			<xmax>249</xmax>
			<ymax>152</ymax>
		</bndbox>
	</object>
	<object>
		<difficult>0</difficult>
		<name>&amp;*@HUST_text</name>
		<bndbox>
			<xmin>160</xmin>
			<ymin>112</ymin>
			<xmax>251</xmax>
			<ymax>130</ymax>
		</bndbox>
	</object>
	<object>
		<difficult>0</difficult>
		<name>&amp;*@HUST_text</name>
		<bndbox>
			<xmin>159</xmin>
			<ymin>91</ymin>
			<xmax>248</xmax>
			<ymax>110</ymax>
		</bndbox>
	</object>
	<object>
		<difficult>0</difficult>
		<name>&amp;*@HUST_text</name>
		<bndbox>
			<xmin>158</xmin>
			<ymin>70</ymin>
			<xmax>246</xmax>
			<ymax>89</ymax>
		</bndbox>
	</object>
	<object>
		<difficult>0</difficult>
		<name>&amp;*@HUST_text</name>
		<bndbox>
			<xmin>158</xmin>
			<ymin>49</ymin>
			<xmax>247</xmax>
			<ymax>68</ymax>
		</bndbox>
	</object>
	<object>
		<difficult>0</difficult>
		<name>&amp;*@HUST_text</name>
		<bndbox>
			<xmin>157</xmin>
			<ymin>28</ymin>
			<xmax>240</xmax>
			<ymax>47</ymax>
		</bndbox>
	</object>
	<object>
		<difficult>0</difficult>
		<name>&amp;*@HUST_text</name>
		<bndbox>
			<xmin>280</xmin>
			<ymin>28</ymin>
			<xmax>403</xmax>
			<ymax>46</ymax>
		</bndbox>
	</object>
	<object>
		<difficult>0</difficult>
		<name>&amp;*@HUST_text</name>
		<bndbox>
			<xmin>281</xmin>
			<ymin>49</ymin>
			<xmax>403</xmax>
			<ymax>68</ymax>
		</bndbox>
	</object>
	<object>
		<difficult>0</difficult>
		<name>&amp;*@HUST_text</name>
		<bndbox>
			<xmin>280</xmin>
			<ymin>70</ymin>
			<xmax>403</xmax>
			<ymax>89</ymax>
		</bndbox>
	</object>
	<object>
		<difficult>0</difficult>
		<name>&amp;*@HUST_text</name>
		<bndbox>
			<xmin>280</xmin>
			<ymin>91</ymin>
			<xmax>403</xmax>
			<ymax>109</ymax>
		</bndbox>
	</object>
	<object>
		<difficult>0</difficult>
		<name>&amp;*@HUST_text</name>
		<bndbox>
			<xmin>282</xmin>
			<ymin>112</ymin>
			<xmax>403</xmax>
			<ymax>131</ymax>
		</bndbox>
	</object>
	<object>
		<difficult>0</difficult>
		<name>&amp;*@HUST_text</name>
		<bndbox>
			<xmin>278</xmin>
			<ymin>133</ymin>
			<xmax>405</xmax>
			<ymax>152</ymax>
		</bndbox>
	</object>
	<object>
		<difficult>0</difficult>
		<name>&amp;*@HUST_text</name>
		<bndbox>
			<xmin>279</xmin>
			<ymin>155</ymin>
			<xmax>400</xmax>
			<ymax>173</ymax>
		</bndbox>
	</object>
	<object>
		<difficult>0</difficult>
		<name>&amp;*@HUST_text</name>
		<bndbox>
			<xmin>279</xmin>
			<ymin>175</ymin>
			<xmax>406</xmax>
			<ymax>194</ymax>
		</bndbox>
	</object>
	<object>
		<difficult>0</difficult>
		<name>&amp;*@HUST_text</name>
		<bndbox>
			<xmin>279</xmin>
			<ymin>196</ymin>
			<xmax>406</xmax>
			<ymax>215</ymax>
		</bndbox>
	</object>
	<object>
		<difficult>0</difficult>
		<name>&amp;*@HUST_text</name>
		<bndbox>
			<xmin>408</xmin>
			<ymin>28</ymin>
			<xmax>530</xmax>
			<ymax>47</ymax>
		</bndbox>
	</object>
	<object>
		<difficult>0</difficult>
		<name>&amp;*@HUST_text</name>
		<bndbox>
			<xmin>408</xmin>
			<ymin>49</ymin>
			<xmax>530</xmax>
			<ymax>67</ymax>
		</bndbox>
	</object>
	<object>
		<difficult>0</difficult>
		<name>&amp;*@HUST_text</name>
		<bndbox>
			<xmin>408</xmin>
			<ymin>70</ymin>
			<xmax>531</xmax>
			<ymax>88</ymax>
		</bndbox>
	</object>
	<object>
		<difficult>0</difficult>
		<name>&amp;*@HUST_text</name>
		<bndbox>
			<xmin>408</xmin>
			<ymin>91</ymin>
			<xmax>531</xmax>
			<ymax>109</ymax>
		</bndbox>
	</object>
	<object>
		<difficult>0</difficult>
		<name>&amp;*@HUST_text</name>
		<bndbox>
			<xmin>408</xmin>
			<ymin>111</ymin>
			<xmax>530</xmax>
			<ymax>130</ymax>
		</bndbox>
	</object>
	<object>
		<difficult>0</difficult>
		<name>&amp;*@HUST_text</name>
		<bndbox>
			<xmin>408</xmin>
			<ymin>133</ymin>
			<xmax>531</xmax>
			<ymax>152</ymax>
		</bndbox>
	</object>
	<object>
		<difficult>0</difficult>
		<name>&amp;*@HUST_text</name>
		<bndbox>
			<xmin>407</xmin>
			<ymin>154</ymin>
			<xmax>531</xmax>
			<ymax>173</ymax>
		</bndbox>
	</object>
	<object>
		<difficult>0</difficult>
		<name>&amp;*@HUST_text</name>
		<bndbox>
			<xmin>409</xmin>
			<ymin>175</ymin>
			<xmax>533</xmax>
			<ymax>193</ymax>
		</bndbox>
	</object>
	<object>
		<difficult>0</difficult>
		<name>&amp;*@HUST_text</name>
		<bndbox>
			<xmin>409</xmin>
			<ymin>196</ymin>
			<xmax>532</xmax>
			<ymax>215</ymax>
		</bndbox>
	</object>
	<object>
		<difficult>0</difficult>
		<name>&amp;*@HUST_text</name>
		<bndbox>
			<xmin>585</xmin>
			<ymin>196</ymin>
			<xmax>830</xmax>
			<ymax>214</ymax>
		</bndbox>
	</object>
	<object>
		<difficult>0</difficult>
		<name>&amp;*@HUST_text</name>
		<bndbox>
			<xmin>585</xmin>
			<ymin>175</ymin>
			<xmax>822</xmax>
			<ymax>193</ymax>
		</bndbox>
	</object>
	<object>
		<difficult>0</difficult>
		<name>&amp;*@HUST_text</name>
		<bndbox>
			<xmin>585</xmin>
			<ymin>154</ymin>
			<xmax>823</xmax>
			<ymax>172</ymax>
		</bndbox>
	</object>
	<object>
		<difficult>0</difficult>
		<name>&amp;*@HUST_text</name>
		<bndbox>
			<xmin>585</xmin>
			<ymin>133</ymin>
			<xmax>819</xmax>
			<ymax>151</ymax>
		</bndbox>
	</object>
	<object>
		<difficult>0</difficult>
		<name>&amp;*@HUST_text</name>
		<bndbox>
			<xmin>584</xmin>
			<ymin>112</ymin>
			<xmax>820</xmax>
			<ymax>129</ymax>
		</bndbox>
	</object>
	<object>
		<difficult>0</difficult>
		<name>&amp;*@HUST_text</name>
		<bndbox>
			<xmin>585</xmin>
			<ymin>91</ymin>
			<xmax>819</xmax>
			<ymax>109</ymax>
		</bndbox>
	</object>
	<object>
		<difficult>0</difficult>
		<name>&amp;*@HUST_text</name>
		<bndbox>
			<xmin>585</xmin>
			<ymin>70</ymin>
			<xmax>820</xmax>
			<ymax>88</ymax>
		</bndbox>
	</object>
	<object>
		<difficult>0</difficult>
		<name>&amp;*@HUST_text</name>
		<bndbox>
			<xmin>585</xmin>
			<ymin>49</ymin>
			<xmax>821</xmax>
			<ymax>67</ymax>
		</bndbox>
	</object>
	<object>
		<difficult>0</difficult>
		<name>&amp;*@HUST_text</name>
		<bndbox>
			<xmin>586</xmin>
			<ymin>28</ymin>
			<xmax>821</xmax>
			<ymax>46</ymax>
		</bndbox>
	</object>
	<object>
		<difficult>0</difficult>
		<name>&amp;*@HUST_text</name>
		<bndbox>
			<xmin>828</xmin>
			<ymin>29</ymin>
			<xmax>878</xmax>
			<ymax>47</ymax>
		</bndbox>
	</object>
	<object>
		<difficult>0</difficult>
		<name>&amp;*@HUST_text</name>
		<bndbox>
			<xmin>828</xmin>
			<ymin>49</ymin>
			<xmax>880</xmax>
			<ymax>67</ymax>
		</bndbox>
	</object>
	<object>
		<difficult>0</difficult>
		<name>&amp;*@HUST_text</name>
		<bndbox>
			<xmin>828</xmin>
			<ymin>71</ymin>
			<xmax>882</xmax>
			<ymax>88</ymax>
		</bndbox>
	</object>
	<object>
		<difficult>0</difficult>
		<name>&amp;*@HUST_text</name>
		<bndbox>
			<xmin>828</xmin>
			<ymin>91</ymin>
			<xmax>879</xmax>
			<ymax>109</ymax>
		</bndbox>
	</object>
	<object>
		<difficult>0</difficult>
		<name>&amp;*@HUST_text</name>
		<bndbox>
			<xmin>826</xmin>
			<ymin>112</ymin>
			<xmax>885</xmax>
			<ymax>131</ymax>
		</bndbox>
	</object>
	<object>
		<difficult>0</difficult>
		<name>&amp;*@HUST_text</name>
		<bndbox>
			<xmin>827</xmin>
			<ymin>133</ymin>
			<xmax>885</xmax>
			<ymax>152</ymax>
		</bndbox>
	</object>
	<object>
		<difficult>0</difficult>
		<name>&amp;*@HUST_text</name>
		<bndbox>
			<xmin>829</xmin>
			<ymin>154</ymin>
			<xmax>886</xmax>
			<ymax>173</ymax>
		</bndbox>
	</object>
	<object>
		<difficult>0</difficult>
		<name>&amp;*@HUST_text</name>
		<bndbox>
			<xmin>830</xmin>
			<ymin>175</ymin>
			<xmax>885</xmax>
			<ymax>193</ymax>
		</bndbox>
	</object>
	<object>
		<difficult>0</difficult>
		<name>&amp;*@HUST_text</name>
		<bndbox>
			<xmin>833</xmin>
			<ymin>196</ymin>
			<xmax>887</xmax>
			<ymax>215</ymax>
		</bndbox>
	</object>
	<object>
		<difficult>0</difficult>
		<name>&amp;*@HUST_text</name>
		<bndbox>
			<xmin>948</xmin>
			<ymin>175</ymin>
			<xmax>1049</xmax>
			<ymax>194</ymax>
		</bndbox>
	</object>
	<object>
		<difficult>0</difficult>
		<name>&amp;*@HUST_text</name>
		<bndbox>
			<xmin>949</xmin>
			<ymin>154</ymin>
			<xmax>1046</xmax>
			<ymax>172</ymax>
		</bndbox>
	</object>
	<object>
		<difficult>0</difficult>
		<name>&amp;*@HUST_text</name>
		<bndbox>
			<xmin>949</xmin>
			<ymin>133</ymin>
			<xmax>1009</xmax>
			<ymax>152</ymax>
		</bndbox>
	</object>
	<object>
		<difficult>0</difficult>
		<name>&amp;*@HUST_text</name>
		<bndbox>
			<xmin>950</xmin>
			<ymin>112</ymin>
			<xmax>1007</xmax>
			<ymax>131</ymax>
		</bndbox>
	</object>
	<object>
		<difficult>0</difficult>
		<name>&amp;*@HUST_text</name>
		<bndbox>
			<xmin>949</xmin>
			<ymin>91</ymin>
			<xmax>1052</xmax>
			<ymax>110</ymax>
		</bndbox>
	</object>
	<object>
		<difficult>0</difficult>
		<name>&amp;*@HUST_text</name>
		<bndbox>
			<xmin>948</xmin>
			<ymin>70</ymin>
			<xmax>1007</xmax>
			<ymax>89</ymax>
		</bndbox>
	</object>
	<object>
		<difficult>0</difficult>
		<name>&amp;*@HUST_text</name>
		<bndbox>
			<xmin>948</xmin>
			<ymin>49</ymin>
			<xmax>1005</xmax>
			<ymax>68</ymax>
		</bndbox>
	</object>
	<object>
		<difficult>0</difficult>
		<name>&amp;*@HUST_text</name>
		<bndbox>
			<xmin>949</xmin>
			<ymin>28</ymin>
			<xmax>1041</xmax>
			<ymax>47</ymax>
		</bndbox>
	</object>
	<object>
		<difficult>1</difficult>
		<name>&amp;*@HUST_special</name>
		<bndbox>
			<xmin>2</xmin>
			<ymin>219</ymin>
			<xmax>17</xmax>
			<ymax>243</ymax>
		</bndbox>
	</object>
	<object>
		<difficult>0</difficult>
		<name>&amp;*@HUST_text</name>
		<bndbox>
			<xmin>18</xmin>
			<ymin>218</ymin>
			<xmax>222</xmax>
			<ymax>244</ymax>
		</bndbox>
	</object>
	<object>
		<difficult>0</difficult>
		<name>&amp;*@HUST_text</name>
		<bndbox>
			<xmin>3</xmin>
			<ymin>248</ymin>
			<xmax>37</xmax>
			<ymax>265</ymax>
		</bndbox>
	</object>
	<object>
		<difficult>0</difficult>
		<name>&amp;*@HUST_text</name>
		<bndbox>
			<xmin>3</xmin>
			<ymin>268</ymin>
			<xmax>36</xmax>
			<ymax>286</ymax>
		</bndbox>
	</object>
	<object>
		<difficult>0</difficult>
		<name>&amp;*@HUST_text</name>
		<bndbox>
			<xmin>4</xmin>
			<ymin>289</ymin>
			<xmax>35</xmax>
			<ymax>307</ymax>
		</bndbox>
	</object>
	<object>
		<difficult>0</difficult>
		<name>&amp;*@HUST_text</name>
		<bndbox>
			<xmin>3</xmin>
			<ymin>310</ymin>
			<xmax>44</xmax>
			<ymax>329</ymax>
		</bndbox>
	</object>
	<object>
		<difficult>0</difficult>
		<name>&amp;*@HUST_text</name>
		<bndbox>
			<xmin>4</xmin>
			<ymin>331</ymin>
			<xmax>46</xmax>
			<ymax>349</ymax>
		</bndbox>
	</object>
	<object>
		<difficult>0</difficult>
		<name>&amp;*@HUST_text</name>
		<bndbox>
			<xmin>3</xmin>
			<ymin>352</ymin>
			<xmax>83</xmax>
			<ymax>370</ymax>
		</bndbox>
	</object>
	<object>
		<difficult>0</difficult>
		<name>&amp;*@HUST_text</name>
		<bndbox>
			<xmin>4</xmin>
			<ymin>373</ymin>
			<xmax>86</xmax>
			<ymax>391</ymax>
		</bndbox>
	</object>
	<object>
		<difficult>0</difficult>
		<name>&amp;*@HUST_text</name>
		<bndbox>
			<xmin>4</xmin>
			<ymin>394</ymin>
			<xmax>88</xmax>
			<ymax>413</ymax>
		</bndbox>
	</object>
	<object>
		<difficult>0</difficult>
		<name>&amp;*@HUST_text</name>
		<bndbox>
			<xmin>4</xmin>
			<ymin>415</ymin>
			<xmax>87</xmax>
			<ymax>434</ymax>
		</bndbox>
	</object>
	<object>
		<difficult>0</difficult>
		<name>&amp;*@HUST_text</name>
		<bndbox>
			<xmin>4</xmin>
			<ymin>436</ymin>
			<xmax>86</xmax>
			<ymax>455</ymax>
		</bndbox>
	</object>
	<object>
		<difficult>0</difficult>
		<name>&amp;*@HUST_text</name>
		<bndbox>
			<xmin>3</xmin>
			<ymin>456</ymin>
			<xmax>78</xmax>
			<ymax>475</ymax>
		</bndbox>
	</object>
	<object>
		<difficult>0</difficult>
		<name>&amp;*@HUST_text</name>
		<bndbox>
			<xmin>3</xmin>
			<ymin>477</ymin>
			<xmax>76</xmax>
			<ymax>497</ymax>
		</bndbox>
	</object>
	<object>
		<difficult>0</difficult>
		<name>&amp;*@HUST_text</name>
		<bndbox>
			<xmin>3</xmin>
			<ymin>499</ymin>
			<xmax>74</xmax>
			<ymax>517</ymax>
		</bndbox>
	</object>
	<object>
		<difficult>0</difficult>
		<name>&amp;*@HUST_text</name>
		<bndbox>
			<xmin>4</xmin>
			<ymin>520</ymin>
			<xmax>76</xmax>
			<ymax>539</ymax>
		</bndbox>
	</object>
	<object>
		<difficult>0</difficult>
		<name>&amp;*@HUST_text</name>
		<bndbox>
			<xmin>3</xmin>
			<ymin>541</ymin>
			<xmax>75</xmax>
			<ymax>559</ymax>
		</bndbox>
	</object>
	<object>
		<difficult>0</difficult>
		<name>&amp;*@HUST_text</name>
		<bndbox>
			<xmin>3</xmin>
			<ymin>562</ymin>
			<xmax>111</xmax>
			<ymax>581</ymax>
		</bndbox>
	</object>
	<object>
		<difficult>0</difficult>
		<name>&amp;*@HUST_text</name>
		<bndbox>
			<xmin>3</xmin>
			<ymin>583</ymin>
			<xmax>37</xmax>
			<ymax>601</ymax>
		</bndbox>
	</object>
	<object>
		<difficult>0</difficult>
		<name>&amp;*@HUST_text</name>
		<bndbox>
			<xmin>3</xmin>
			<ymin>604</ymin>
			<xmax>37</xmax>
			<ymax>622</ymax>
		</bndbox>
	</object>
	<object>
		<difficult>0</difficult>
		<name>&amp;*@HUST_text</name>
		<bndbox>
			<xmin>3</xmin>
			<ymin>625</ymin>
			<xmax>59</xmax>
			<ymax>644</ymax>
		</bndbox>
	</object>
	<object>
		<difficult>0</difficult>
		<name>&amp;*@HUST_text</name>
		<bndbox>
			<xmin>3</xmin>
			<ymin>646</ymin>
			<xmax>38</xmax>
			<ymax>664</ymax>
		</bndbox>
	</object>
	<object>
		<difficult>0</difficult>
		<name>&amp;*@HUST_text</name>
		<bndbox>
			<xmin>4</xmin>
			<ymin>667</ymin>
			<xmax>71</xmax>
			<ymax>686</ymax>
		</bndbox>
	</object>
	<object>
		<difficult>0</difficult>
		<name>&amp;*@HUST_text</name>
		<bndbox>
			<xmin>3</xmin>
			<ymin>688</ymin>
			<xmax>50</xmax>
			<ymax>706</ymax>
		</bndbox>
	</object>
	<object>
		<difficult>0</difficult>
		<name>&amp;*@HUST_text</name>
		<bndbox>
			<xmin>3</xmin>
			<ymin>709</ymin>
			<xmax>42</xmax>
			<ymax>727</ymax>
		</bndbox>
	</object>
	<object>
		<difficult>0</difficult>
		<name>&amp;*@HUST_text</name>
		<bndbox>
			<xmin>3</xmin>
			<ymin>730</ymin>
			<xmax>78</xmax>
			<ymax>748</ymax>
		</bndbox>
	</object>
	<object>
		<difficult>1</difficult>
		<name>&amp;*@HUST_shelter</name>
		<bndbox>
			<xmin>3</xmin>
			<ymin>752</ymin>
			<xmax>50</xmax>
			<ymax>766</ymax>
		</bndbox>
	</object>
	<object>
		<difficult>0</difficult>
		<name>&amp;*@HUST_text</name>
		<bndbox>
			<xmin>158</xmin>
			<ymin>751</ymin>
			<xmax>256</xmax>
			<ymax>765</ymax>
		</bndbox>
	</object>
	<object>
		<difficult>0</difficult>
		<name>&amp;*@HUST_text</name>
		<bndbox>
			<xmin>158</xmin>
			<ymin>730</ymin>
			<xmax>256</xmax>
			<ymax>748</ymax>
		</bndbox>
	</object>
	<object>
		<difficult>0</difficult>
		<name>&amp;*@HUST_text</name>
		<bndbox>
			<xmin>159</xmin>
			<ymin>709</ymin>
			<xmax>255</xmax>
			<ymax>727</ymax>
		</bndbox>
	</object>
	<object>
		<difficult>0</difficult>
		<name>&amp;*@HUST_text</name>
		<bndbox>
			<xmin>159</xmin>
			<ymin>688</ymin>
			<xmax>256</xmax>
			<ymax>706</ymax>
		</bndbox>
	</object>
	<object>
		<difficult>0</difficult>
		<name>&amp;*@HUST_text</name>
		<bndbox>
			<xmin>159</xmin>
			<ymin>667</ymin>
			<xmax>254</xmax>
			<ymax>686</ymax>
		</bndbox>
	</object>
	<object>
		<difficult>0</difficult>
		<name>&amp;*@HUST_text</name>
		<bndbox>
			<xmin>160</xmin>
			<ymin>646</ymin>
			<xmax>253</xmax>
			<ymax>664</ymax>
		</bndbox>
	</object>
	<object>
		<difficult>0</difficult>
		<name>&amp;*@HUST_text</name>
		<bndbox>
			<xmin>159</xmin>
			<ymin>625</ymin>
			<xmax>253</xmax>
			<ymax>643</ymax>
		</bndbox>
	</object>
	<object>
		<difficult>0</difficult>
		<name>&amp;*@HUST_text</name>
		<bndbox>
			<xmin>160</xmin>
			<ymin>604</ymin>
			<xmax>254</xmax>
			<ymax>622</ymax>
		</bndbox>
	</object>
	<object>
		<difficult>0</difficult>
		<name>&amp;*@HUST_text</name>
		<bndbox>
			<xmin>160</xmin>
			<ymin>583</ymin>
			<xmax>254</xmax>
			<ymax>602</ymax>
		</bndbox>
	</object>
	<object>
		<difficult>0</difficult>
		<name>&amp;*@HUST_text</name>
		<bndbox>
			<xmin>155</xmin>
			<ymin>562</ymin>
			<xmax>223</xmax>
			<ymax>580</ymax>
		</bndbox>
	</object>
	<object>
		<difficult>0</difficult>
		<name>&amp;*@HUST_text</name>
		<bndbox>
			<xmin>159</xmin>
			<ymin>541</ymin>
			<xmax>250</xmax>
			<ymax>559</ymax>
		</bndbox>
	</object>
	<object>
		<difficult>0</difficult>
		<name>&amp;*@HUST_text</name>
		<bndbox>
			<xmin>159</xmin>
			<ymin>520</ymin>
			<xmax>251</xmax>
			<ymax>539</ymax>
		</bndbox>
	</object>
	<object>
		<difficult>0</difficult>
		<name>&amp;*@HUST_text</name>
		<bndbox>
			<xmin>159</xmin>
			<ymin>498</ymin>
			<xmax>247</xmax>
			<ymax>517</ymax>
		</bndbox>
	</object>
	<object>
		<difficult>0</difficult>
		<name>&amp;*@HUST_text</name>
		<bndbox>
			<xmin>158</xmin>
			<ymin>478</ymin>
			<xmax>243</xmax>
			<ymax>496</ymax>
		</bndbox>
	</object>
	<object>
		<difficult>0</difficult>
		<name>&amp;*@HUST_text</name>
		<bndbox>
			<xmin>160</xmin>
			<ymin>457</ymin>
			<xmax>246</xmax>
			<ymax>476</ymax>
		</bndbox>
	</object>
	<object>
		<difficult>0</difficult>
		<name>&amp;*@HUST_text</name>
		<bndbox>
			<xmin>161</xmin>
			<ymin>436</ymin>
			<xmax>248</xmax>
			<ymax>455</ymax>
		</bndbox>
	</object>
	<object>
		<difficult>0</difficult>
		<name>&amp;*@HUST_text</name>
		<bndbox>
			<xmin>160</xmin>
			<ymin>415</ymin>
			<xmax>247</xmax>
			<ymax>434</ymax>
		</bndbox>
	</object>
	<object>
		<difficult>0</difficult>
		<name>&amp;*@HUST_text</name>
		<bndbox>
			<xmin>160</xmin>
			<ymin>394</ymin>
			<xmax>257</xmax>
			<ymax>412</ymax>
		</bndbox>
	</object>
	<object>
		<difficult>0</difficult>
		<name>&amp;*@HUST_text</name>
		<bndbox>
			<xmin>160</xmin>
			<ymin>373</ymin>
			<xmax>254</xmax>
			<ymax>391</ymax>
		</bndbox>
	</object>
	<object>
		<difficult>0</difficult>
		<name>&amp;*@HUST_text</name>
		<bndbox>
			<xmin>160</xmin>
			<ymin>352</ymin>
			<xmax>257</xmax>
			<ymax>371</ymax>
		</bndbox>
	</object>
	<object>
		<difficult>0</difficult>
		<name>&amp;*@HUST_text</name>
		<bndbox>
			<xmin>159</xmin>
			<ymin>331</ymin>
			<xmax>248</xmax>
			<ymax>350</ymax>
		</bndbox>
	</object>
	<object>
		<difficult>0</difficult>
		<name>&amp;*@HUST_text</name>
		<bndbox>
			<xmin>158</xmin>
			<ymin>310</ymin>
			<xmax>255</xmax>
			<ymax>329</ymax>
		</bndbox>
	</object>
	<object>
		<difficult>0</difficult>
		<name>&amp;*@HUST_text</name>
		<bndbox>
			<xmin>158</xmin>
			<ymin>289</ymin>
			<xmax>251</xmax>
			<ymax>308</ymax>
		</bndbox>
	</object>
	<object>
		<difficult>0</difficult>
		<name>&amp;*@HUST_text</name>
		<bndbox>
			<xmin>158</xmin>
			<ymin>268</ymin>
			<xmax>250</xmax>
			<ymax>287</ymax>
		</bndbox>
	</object>
	<object>
		<difficult>0</difficult>
		<name>&amp;*@HUST_text</name>
		<bndbox>
			<xmin>159</xmin>
			<ymin>247</ymin>
			<xmax>252</xmax>
			<ymax>266</ymax>
		</bndbox>
	</object>
	<object>
		<difficult>0</difficult>
		<name>&amp;*@HUST_text</name>
		<bndbox>
			<xmin>280</xmin>
			<ymin>247</ymin>
			<xmax>403</xmax>
			<ymax>265</ymax>
		</bndbox>
	</object>
	<object>
		<difficult>0</difficult>
		<name>&amp;*@HUST_text</name>
		<bndbox>
			<xmin>280</xmin>
			<ymin>289</ymin>
			<xmax>407</xmax>
			<ymax>308</ymax>
		</bndbox>
	</object>
	<object>
		<difficult>0</difficult>
		<name>&amp;*@HUST_text</name>
		<bndbox>
			<xmin>281</xmin>
			<ymin>310</ymin>
			<xmax>407</xmax>
			<ymax>329</ymax>
		</bndbox>
	</object>
	<object>
		<difficult>0</difficult>
		<name>&amp;*@HUST_text</name>
		<bndbox>
			<xmin>280</xmin>
			<ymin>331</ymin>
			<xmax>408</xmax>
			<ymax>350</ymax>
		</bndbox>
	</object>
	<object>
		<difficult>0</difficult>
		<name>&amp;*@HUST_text</name>
		<bndbox>
			<xmin>280</xmin>
			<ymin>352</ymin>
			<xmax>408</xmax>
			<ymax>370</ymax>
		</bndbox>
	</object>
	<object>
		<difficult>0</difficult>
		<name>&amp;*@HUST_text</name>
		<bndbox>
			<xmin>280</xmin>
			<ymin>373</ymin>
			<xmax>407</xmax>
			<ymax>391</ymax>
		</bndbox>
	</object>
	<object>
		<difficult>0</difficult>
		<name>&amp;*@HUST_text</name>
		<bndbox>
			<xmin>279</xmin>
			<ymin>394</ymin>
			<xmax>388</xmax>
			<ymax>413</ymax>
		</bndbox>
	</object>
	<object>
		<difficult>0</difficult>
		<name>&amp;*@HUST_text</name>
		<bndbox>
			<xmin>279</xmin>
			<ymin>415</ymin>
			<xmax>387</xmax>
			<ymax>433</ymax>
		</bndbox>
	</object>
	<object>
		<difficult>0</difficult>
		<name>&amp;*@HUST_text</name>
		<bndbox>
			<xmin>279</xmin>
			<ymin>436</ymin>
			<xmax>387</xmax>
			<ymax>454</ymax>
		</bndbox>
	</object>
	<object>
		<difficult>0</difficult>
		<name>&amp;*@HUST_text</name>
		<bndbox>
			<xmin>281</xmin>
			<ymin>457</ymin>
			<xmax>408</xmax>
			<ymax>475</ymax>
		</bndbox>
	</object>
	<object>
		<difficult>0</difficult>
		<name>&amp;*@HUST_text</name>
		<bndbox>
			<xmin>280</xmin>
			<ymin>520</ymin>
			<xmax>405</xmax>
			<ymax>539</ymax>
		</bndbox>
	</object>
	<object>
		<difficult>0</difficult>
		<name>&amp;*@HUST_text</name>
		<bndbox>
			<xmin>279</xmin>
			<ymin>541</ymin>
			<xmax>405</xmax>
			<ymax>560</ymax>
		</bndbox>
	</object>
	<object>
		<difficult>0</difficult>
		<name>&amp;*@HUST_text</name>
		<bndbox>
			<xmin>279</xmin>
			<ymin>562</ymin>
			<xmax>405</xmax>
			<ymax>581</ymax>
		</bndbox>
	</object>
	<object>
		<difficult>0</difficult>
		<name>&amp;*@HUST_text</name>
		<bndbox>
			<xmin>278</xmin>
			<ymin>583</ymin>
			<xmax>405</xmax>
			<ymax>601</ymax>
		</bndbox>
	</object>
	<object>
		<difficult>0</difficult>
		<name>&amp;*@HUST_text</name>
		<bndbox>
			<xmin>278</xmin>
			<ymin>603</ymin>
			<xmax>391</xmax>
			<ymax>622</ymax>
		</bndbox>
	</object>
	<object>
		<difficult>0</difficult>
		<name>&amp;*@HUST_text</name>
		<bndbox>
			<xmin>278</xmin>
			<ymin>625</ymin>
			<xmax>407</xmax>
			<ymax>643</ymax>
		</bndbox>
	</object>
	<object>
		<difficult>0</difficult>
		<name>&amp;*@HUST_text</name>
		<bndbox>
			<xmin>278</xmin>
			<ymin>646</ymin>
			<xmax>392</xmax>
			<ymax>665</ymax>
		</bndbox>
	</object>
	<object>
		<difficult>0</difficult>
		<name>&amp;*@HUST_text</name>
		<bndbox>
			<xmin>279</xmin>
			<ymin>667</ymin>
			<xmax>408</xmax>
			<ymax>686</ymax>
		</bndbox>
	</object>
	<object>
		<difficult>0</difficult>
		<name>&amp;*@HUST_text</name>
		<bndbox>
			<xmin>278</xmin>
			<ymin>687</ymin>
			<xmax>378</xmax>
			<ymax>707</ymax>
		</bndbox>
	</object>
	<object>
		<difficult>0</difficult>
		<name>&amp;*@HUST_text</name>
		<bndbox>
			<xmin>279</xmin>
			<ymin>709</ymin>
			<xmax>405</xmax>
			<ymax>728</ymax>
		</bndbox>
	</object>
	<object>
		<difficult>0</difficult>
		<name>&amp;*@HUST_text</name>
		<bndbox>
			<xmin>278</xmin>
			<ymin>730</ymin>
			<xmax>382</xmax>
			<ymax>748</ymax>
		</bndbox>
	</object>
	<object>
		<difficult>1</difficult>
		<name>&amp;*@HUST_shelter</name>
		<bndbox>
			<xmin>280</xmin>
			<ymin>751</ymin>
			<xmax>527</xmax>
			<ymax>766</ymax>
		</bndbox>
	</object>
	<object>
		<difficult>0</difficult>
		<name>&amp;*@HUST_text</name>
		<bndbox>
			<xmin>405</xmin>
			<ymin>730</ymin>
			<xmax>536</xmax>
			<ymax>748</ymax>
		</bndbox>
	</object>
	<object>
		<difficult>0</difficult>
		<name>&amp;*@HUST_text</name>
		<bndbox>
			<xmin>406</xmin>
			<ymin>709</ymin>
			<xmax>542</xmax>
			<ymax>728</ymax>
		</bndbox>
	</object>
	<object>
		<difficult>0</difficult>
		<name>&amp;*@HUST_text</name>
		<bndbox>
			<xmin>404</xmin>
			<ymin>688</ymin>
			<xmax>545</xmax>
			<ymax>707</ymax>
		</bndbox>
	</object>
	<object>
		<difficult>0</difficult>
		<name>&amp;*@HUST_text</name>
		<bndbox>
			<xmin>409</xmin>
			<ymin>667</ymin>
			<xmax>543</xmax>
			<ymax>686</ymax>
		</bndbox>
	</object>
	<object>
		<difficult>0</difficult>
		<name>&amp;*@HUST_text</name>
		<bndbox>
			<xmin>403</xmin>
			<ymin>646</ymin>
			<xmax>545</xmax>
			<ymax>665</ymax>
		</bndbox>
	</object>
	<object>
		<difficult>0</difficult>
		<name>&amp;*@HUST_text</name>
		<bndbox>
			<xmin>410</xmin>
			<ymin>626</ymin>
			<xmax>544</xmax>
			<ymax>644</ymax>
		</bndbox>
	</object>
	<object>
		<difficult>0</difficult>
		<name>&amp;*@HUST_text</name>
		<bndbox>
			<xmin>406</xmin>
			<ymin>604</ymin>
			<xmax>537</xmax>
			<ymax>623</ymax>
		</bndbox>
	</object>
	<object>
		<difficult>0</difficult>
		<name>&amp;*@HUST_text</name>
		<bndbox>
			<xmin>407</xmin>
			<ymin>583</ymin>
			<xmax>540</xmax>
			<ymax>602</ymax>
		</bndbox>
	</object>
	<object>
		<difficult>0</difficult>
		<name>&amp;*@HUST_text</name>
		<bndbox>
			<xmin>408</xmin>
			<ymin>562</ymin>
			<xmax>535</xmax>
			<ymax>580</ymax>
		</bndbox>
	</object>
	<object>
		<difficult>0</difficult>
		<name>&amp;*@HUST_text</name>
		<bndbox>
			<xmin>409</xmin>
			<ymin>541</ymin>
			<xmax>539</xmax>
			<ymax>559</ymax>
		</bndbox>
	</object>
	<object>
		<difficult>0</difficult>
		<name>&amp;*@HUST_text</name>
		<bndbox>
			<xmin>408</xmin>
			<ymin>520</ymin>
			<xmax>540</xmax>
			<ymax>538</ymax>
		</bndbox>
	</object>
	<object>
		<difficult>0</difficult>
		<name>&amp;*@HUST_text</name>
		<bndbox>
			<xmin>405</xmin>
			<ymin>499</ymin>
			<xmax>540</xmax>
			<ymax>517</ymax>
		</bndbox>
	</object>
	<object>
		<difficult>0</difficult>
		<name>&amp;*@HUST_text</name>
		<bndbox>
			<xmin>405</xmin>
			<ymin>479</ymin>
			<xmax>541</xmax>
			<ymax>496</ymax>
		</bndbox>
	</object>
	<object>
		<difficult>0</difficult>
		<name>&amp;*@HUST_text</name>
		<bndbox>
			<xmin>410</xmin>
			<ymin>457</ymin>
			<xmax>542</xmax>
			<ymax>476</ymax>
		</bndbox>
	</object>
	<object>
		<difficult>0</difficult>
		<name>&amp;*@HUST_text</name>
		<bndbox>
			<xmin>405</xmin>
			<ymin>436</ymin>
			<xmax>538</xmax>
			<ymax>454</ymax>
		</bndbox>
	</object>
	<object>
		<difficult>0</difficult>
		<name>&amp;*@HUST_text</name>
		<bndbox>
			<xmin>405</xmin>
			<ymin>415</ymin>
			<xmax>539</xmax>
			<ymax>433</ymax>
		</bndbox>
	</object>
	<object>
		<difficult>0</difficult>
		<name>&amp;*@HUST_text</name>
		<bndbox>
			<xmin>404</xmin>
			<ymin>394</ymin>
			<xmax>537</xmax>
			<ymax>412</ymax>
		</bndbox>
	</object>
	<object>
		<difficult>0</difficult>
		<name>&amp;*@HUST_text</name>
		<bndbox>
			<xmin>410</xmin>
			<ymin>373</ymin>
			<xmax>536</xmax>
			<ymax>391</ymax>
		</bndbox>
	</object>
	<object>
		<difficult>0</difficult>
		<name>&amp;*@HUST_text</name>
		<bndbox>
			<xmin>411</xmin>
			<ymin>352</ymin>
			<xmax>540</xmax>
			<ymax>370</ymax>
		</bndbox>
	</object>
	<object>
		<difficult>0</difficult>
		<name>&amp;*@HUST_text</name>
		<bndbox>
			<xmin>410</xmin>
			<ymin>331</ymin>
			<xmax>539</xmax>
			<ymax>350</ymax>
		</bndbox>
	</object>
	<object>
		<difficult>0</difficult>
		<name>&amp;*@HUST_text</name>
		<bndbox>
			<xmin>410</xmin>
			<ymin>310</ymin>
			<xmax>539</xmax>
			<ymax>328</ymax>
		</bndbox>
	</object>
	<object>
		<difficult>0</difficult>
		<name>&amp;*@HUST_text</name>
		<bndbox>
			<xmin>410</xmin>
			<ymin>289</ymin>
			<xmax>540</xmax>
			<ymax>307</ymax>
		</bndbox>
	</object>
	<object>
		<difficult>0</difficult>
		<name>&amp;*@HUST_text</name>
		<bndbox>
			<xmin>404</xmin>
			<ymin>268</ymin>
			<xmax>539</xmax>
			<ymax>286</ymax>
		</bndbox>
	</object>
	<object>
		<difficult>0</difficult>
		<name>&amp;*@HUST_text</name>
		<bndbox>
			<xmin>407</xmin>
			<ymin>247</ymin>
			<xmax>542</xmax>
			<ymax>265</ymax>
		</bndbox>
	</object>
	<object>
		<difficult>0</difficult>
		<name>&amp;*@HUST_text</name>
		<bndbox>
			<xmin>585</xmin>
			<ymin>247</ymin>
			<xmax>830</xmax>
			<ymax>265</ymax>
		</bndbox>
	</object>
	<object>
		<difficult>0</difficult>
		<name>&amp;*@HUST_text</name>
		<bndbox>
			<xmin>585</xmin>
			<ymin>268</ymin>
			<xmax>831</xmax>
			<ymax>286</ymax>
		</bndbox>
	</object>
	<object>
		<difficult>0</difficult>
		<name>&amp;*@HUST_text</name>
		<bndbox>
			<xmin>585</xmin>
			<ymin>289</ymin>
			<xmax>831</xmax>
			<ymax>307</ymax>
		</bndbox>
	</object>
	<object>
		<difficult>0</difficult>
		<name>&amp;*@HUST_text</name>
		<bndbox>
			<xmin>585</xmin>
			<ymin>310</ymin>
			<xmax>831</xmax>
			<ymax>328</ymax>
		</bndbox>
	</object>
	<object>
		<difficult>0</difficult>
		<name>&amp;*@HUST_text</name>
		<bndbox>
			<xmin>585</xmin>
			<ymin>331</ymin>
			<xmax>831</xmax>
			<ymax>349</ymax>
		</bndbox>
	</object>
	<object>
		<difficult>0</difficult>
		<name>&amp;*@HUST_text</name>
		<bndbox>
			<xmin>585</xmin>
			<ymin>352</ymin>
			<xmax>831</xmax>
			<ymax>370</ymax>
		</bndbox>
	</object>
	<object>
		<difficult>0</difficult>
		<name>&amp;*@HUST_text</name>
		<bndbox>
			<xmin>585</xmin>
			<ymin>374</ymin>
			<xmax>832</xmax>
			<ymax>391</ymax>
		</bndbox>
	</object>
	<object>
		<difficult>0</difficult>
		<name>&amp;*@HUST_text</name>
		<bndbox>
			<xmin>584</xmin>
			<ymin>394</ymin>
			<xmax>830</xmax>
			<ymax>413</ymax>
		</bndbox>
	</object>
	<object>
		<difficult>0</difficult>
		<name>&amp;*@HUST_text</name>
		<bndbox>
			<xmin>584</xmin>
			<ymin>415</ymin>
			<xmax>827</xmax>
			<ymax>433</ymax>
		</bndbox>
	</object>
	<object>
		<difficult>0</difficult>
		<name>&amp;*@HUST_text</name>
		<bndbox>
			<xmin>584</xmin>
			<ymin>436</ymin>
			<xmax>827</xmax>
			<ymax>454</ymax>
		</bndbox>
	</object>
	<object>
		<difficult>0</difficult>
		<name>&amp;*@HUST_text</name>
		<bndbox>
			<xmin>585</xmin>
			<ymin>457</ymin>
			<xmax>829</xmax>
			<ymax>475</ymax>
		</bndbox>
	</object>
	<object>
		<difficult>0</difficult>
		<name>&amp;*@HUST_text</name>
		<bndbox>
			<xmin>585</xmin>
			<ymin>478</ymin>
			<xmax>829</xmax>
			<ymax>496</ymax>
		</bndbox>
	</object>
	<object>
		<difficult>0</difficult>
		<name>&amp;*@HUST_text</name>
		<bndbox>
			<xmin>585</xmin>
			<ymin>499</ymin>
			<xmax>828</xmax>
			<ymax>517</ymax>
		</bndbox>
	</object>
	<object>
		<difficult>0</difficult>
		<name>&amp;*@HUST_text</name>
		<bndbox>
			<xmin>585</xmin>
			<ymin>521</ymin>
			<xmax>828</xmax>
			<ymax>539</ymax>
		</bndbox>
	</object>
	<object>
		<difficult>0</difficult>
		<name>&amp;*@HUST_text</name>
		<bndbox>
			<xmin>584</xmin>
			<ymin>541</ymin>
			<xmax>827</xmax>
			<ymax>559</ymax>
		</bndbox>
	</object>
	<object>
		<difficult>0</difficult>
		<name>&amp;*@HUST_text</name>
		<bndbox>
			<xmin>583</xmin>
			<ymin>562</ymin>
			<xmax>827</xmax>
			<ymax>580</ymax>
		</bndbox>
	</object>
	<object>
		<difficult>0</difficult>
		<name>&amp;*@HUST_text</name>
		<bndbox>
			<xmin>583</xmin>
			<ymin>583</ymin>
			<xmax>827</xmax>
			<ymax>601</ymax>
		</bndbox>
	</object>
	<object>
		<difficult>0</difficult>
		<name>&amp;*@HUST_text</name>
		<bndbox>
			<xmin>584</xmin>
			<ymin>604</ymin>
			<xmax>826</xmax>
			<ymax>622</ymax>
		</bndbox>
	</object>
	<object>
		<difficult>0</difficult>
		<name>&amp;*@HUST_text</name>
		<bndbox>
			<xmin>584</xmin>
			<ymin>625</ymin>
			<xmax>826</xmax>
			<ymax>643</ymax>
		</bndbox>
	</object>
	<object>
		<difficult>0</difficult>
		<name>&amp;*@HUST_text</name>
		<bndbox>
			<xmin>584</xmin>
			<ymin>646</ymin>
			<xmax>827</xmax>
			<ymax>664</ymax>
		</bndbox>
	</object>
	<object>
		<difficult>0</difficult>
		<name>&amp;*@HUST_text</name>
		<bndbox>
			<xmin>584</xmin>
			<ymin>667</ymin>
			<xmax>826</xmax>
			<ymax>685</ymax>
		</bndbox>
	</object>
	<object>
		<difficult>0</difficult>
		<name>&amp;*@HUST_text</name>
		<bndbox>
			<xmin>583</xmin>
			<ymin>688</ymin>
			<xmax>733</xmax>
			<ymax>706</ymax>
		</bndbox>
	</object>
	<object>
		<difficult>0</difficult>
		<name>&amp;*@HUST_text</name>
		<bndbox>
			<xmin>583</xmin>
			<ymin>709</ymin>
			<xmax>829</xmax>
			<ymax>727</ymax>
		</bndbox>
	</object>
	<object>
		<difficult>0</difficult>
		<name>&amp;*@HUST_text</name>
		<bndbox>
			<xmin>583</xmin>
			<ymin>730</ymin>
			<xmax>829</xmax>
			<ymax>748</ymax>
		</bndbox>
	</object>
	<object>
		<difficult>1</difficult>
		<name>&amp;*@HUST_shelter</name>
		<bndbox>
			<xmin>583</xmin>
			<ymin>751</ymin>
			<xmax>829</xmax>
			<ymax>765</ymax>
		</bndbox>
	</object>
	<object>
		<difficult>0</difficult>
		<name>&amp;*@HUST_text</name>
		<bndbox>
			<xmin>832</xmin>
			<ymin>751</ymin>
			<xmax>882</xmax>
			<ymax>766</ymax>
		</bndbox>
	</object>
	<object>
		<difficult>0</difficult>
		<name>&amp;*@HUST_text</name>
		<bndbox>
			<xmin>832</xmin>
			<ymin>731</ymin>
			<xmax>882</xmax>
			<ymax>748</ymax>
		</bndbox>
	</object>
	<object>
		<difficult>0</difficult>
		<name>&amp;*@HUST_text</name>
		<bndbox>
			<xmin>832</xmin>
			<ymin>709</ymin>
			<xmax>882</xmax>
			<ymax>727</ymax>
		</bndbox>
	</object>
	<object>
		<difficult>0</difficult>
		<name>&amp;*@HUST_text</name>
		<bndbox>
			<xmin>828</xmin>
			<ymin>688</ymin>
			<xmax>883</xmax>
			<ymax>707</ymax>
		</bndbox>
	</object>
	<object>
		<difficult>0</difficult>
		<name>&amp;*@HUST_text</name>
		<bndbox>
			<xmin>831</xmin>
			<ymin>667</ymin>
			<xmax>883</xmax>
			<ymax>685</ymax>
		</bndbox>
	</object>
	<object>
		<difficult>0</difficult>
		<name>&amp;*@HUST_text</name>
		<bndbox>
			<xmin>831</xmin>
			<ymin>646</ymin>
			<xmax>882</xmax>
			<ymax>664</ymax>
		</bndbox>
	</object>
	<object>
		<difficult>0</difficult>
		<name>&amp;*@HUST_text</name>
		<bndbox>
			<xmin>831</xmin>
			<ymin>625</ymin>
			<xmax>882</xmax>
			<ymax>643</ymax>
		</bndbox>
	</object>
	<object>
		<difficult>0</difficult>
		<name>&amp;*@HUST_text</name>
		<bndbox>
			<xmin>831</xmin>
			<ymin>604</ymin>
			<xmax>884</xmax>
			<ymax>622</ymax>
		</bndbox>
	</object>
	<object>
		<difficult>0</difficult>
		<name>&amp;*@HUST_text</name>
		<bndbox>
			<xmin>831</xmin>
			<ymin>583</ymin>
			<xmax>883</xmax>
			<ymax>601</ymax>
		</bndbox>
	</object>
	<object>
		<difficult>0</difficult>
		<name>&amp;*@HUST_text</name>
		<bndbox>
			<xmin>831</xmin>
			<ymin>562</ymin>
			<xmax>883</xmax>
			<ymax>580</ymax>
		</bndbox>
	</object>
	<object>
		<difficult>0</difficult>
		<name>&amp;*@HUST_text</name>
		<bndbox>
			<xmin>831</xmin>
			<ymin>541</ymin>
			<xmax>881</xmax>
			<ymax>559</ymax>
		</bndbox>
	</object>
	<object>
		<difficult>0</difficult>
		<name>&amp;*@HUST_text</name>
		<bndbox>
			<xmin>831</xmin>
			<ymin>520</ymin>
			<xmax>882</xmax>
			<ymax>538</ymax>
		</bndbox>
	</object>
	<object>
		<difficult>0</difficult>
		<name>&amp;*@HUST_text</name>
		<bndbox>
			<xmin>830</xmin>
			<ymin>499</ymin>
			<xmax>885</xmax>
			<ymax>518</ymax>
		</bndbox>
	</object>
	<object>
		<difficult>0</difficult>
		<name>&amp;*@HUST_text</name>
		<bndbox>
			<xmin>832</xmin>
			<ymin>478</ymin>
			<xmax>884</xmax>
			<ymax>497</ymax>
		</bndbox>
	</object>
	<object>
		<difficult>0</difficult>
		<name>&amp;*@HUST_text</name>
		<bndbox>
			<xmin>832</xmin>
			<ymin>457</ymin>
			<xmax>884</xmax>
			<ymax>475</ymax>
		</bndbox>
	</object>
	<object>
		<difficult>0</difficult>
		<name>&amp;*@HUST_text</name>
		<bndbox>
			<xmin>831</xmin>
			<ymin>436</ymin>
			<xmax>886</xmax>
			<ymax>454</ymax>
		</bndbox>
	</object>
	<object>
		<difficult>0</difficult>
		<name>&amp;*@HUST_text</name>
		<bndbox>
			<xmin>831</xmin>
			<ymin>415</ymin>
			<xmax>886</xmax>
			<ymax>433</ymax>
		</bndbox>
	</object>
	<object>
		<difficult>0</difficult>
		<name>&amp;*@HUST_text</name>
		<bndbox>
			<xmin>833</xmin>
			<ymin>394</ymin>
			<xmax>886</xmax>
			<ymax>412</ymax>
		</bndbox>
	</object>
	<object>
		<difficult>0</difficult>
		<name>&amp;*@HUST_text</name>
		<bndbox>
			<xmin>834</xmin>
			<ymin>373</ymin>
			<xmax>886</xmax>
			<ymax>392</ymax>
		</bndbox>
	</object>
	<object>
		<difficult>0</difficult>
		<name>&amp;*@HUST_text</name>
		<bndbox>
			<xmin>833</xmin>
			<ymin>352</ymin>
			<xmax>883</xmax>
			<ymax>370</ymax>
		</bndbox>
	</object>
	<object>
		<difficult>0</difficult>
		<name>&amp;*@HUST_text</name>
		<bndbox>
			<xmin>833</xmin>
			<ymin>331</ymin>
			<xmax>884</xmax>
			<ymax>349</ymax>
		</bndbox>
	</object>
	<object>
		<difficult>0</difficult>
		<name>&amp;*@HUST_text</name>
		<bndbox>
			<xmin>834</xmin>
			<ymin>310</ymin>
			<xmax>884</xmax>
			<ymax>328</ymax>
		</bndbox>
	</object>
	<object>
		<difficult>0</difficult>
		<name>&amp;*@HUST_text</name>
		<bndbox>
			<xmin>834</xmin>
			<ymin>289</ymin>
			<xmax>884</xmax>
			<ymax>307</ymax>
		</bndbox>
	</object>
	<object>
		<difficult>0</difficult>
		<name>&amp;*@HUST_text</name>
		<bndbox>
			<xmin>834</xmin>
			<ymin>268</ymin>
			<xmax>885</xmax>
			<ymax>286</ymax>
		</bndbox>
	</object>
	<object>
		<difficult>0</difficult>
		<name>&amp;*@HUST_text</name>
		<bndbox>
			<xmin>834</xmin>
			<ymin>247</ymin>
			<xmax>883</xmax>
			<ymax>265</ymax>
		</bndbox>
	</object>
	<object>
		<difficult>0</difficult>
		<name>&amp;*@HUST_text</name>
		<bndbox>
			<xmin>951</xmin>
			<ymin>373</ymin>
			<xmax>1024</xmax>
			<ymax>392</ymax>
		</bndbox>
	</object>
	<object>
		<difficult>0</difficult>
		<name>&amp;*@HUST_text</name>
		<bndbox>
			<xmin>949</xmin>
			<ymin>542</ymin>
			<xmax>1027</xmax>
			<ymax>559</ymax>
		</bndbox>
	</object>
	<object>
		<difficult>0</difficult>
		<name>&amp;*@HUST_text</name>
		<bndbox>
			<xmin>947</xmin>
			<ymin>562</ymin>
			<xmax>1023</xmax>
			<ymax>580</ymax>
		</bndbox>
	</object>
	<object>
		<difficult>0</difficult>
		<name>&amp;*@HUST_text</name>
		<bndbox>
			<xmin>947</xmin>
			<ymin>583</ymin>
			<xmax>1050</xmax>
			<ymax>601</ymax>
		</bndbox>
	</object>
	<object>
		<difficult>0</difficult>
		<name>&amp;*@HUST_text</name>
		<bndbox>
			<xmin>947</xmin>
			<ymin>604</ymin>
			<xmax>1010</xmax>
			<ymax>621</ymax>
		</bndbox>
	</object>
	<object>
		<difficult>0</difficult>
		<name>&amp;*@HUST_text</name>
		<bndbox>
			<xmin>950</xmin>
			<ymin>646</ymin>
			<xmax>1032</xmax>
			<ymax>664</ymax>
		</bndbox>
	</object>
	<object>
		<difficult>0</difficult>
		<name>&amp;*@HUST_text</name>
		<bndbox>
			<xmin>951</xmin>
			<ymin>667</ymin>
			<xmax>1030</xmax>
			<ymax>686</ymax>
		</bndbox>
	</object>
	<object>
		<difficult>0</difficult>
		<name>&amp;*@HUST_text</name>
		<bndbox>
			<xmin>949</xmin>
			<ymin>688</ymin>
			<xmax>1050</xmax>
			<ymax>707</ymax>
		</bndbox>
	</object>
	<object>
		<difficult>0</difficult>
		<name>&amp;*@HUST_text</name>
		<bndbox>
			<xmin>949</xmin>
			<ymin>730</ymin>
			<xmax>1040</xmax>
			<ymax>749</ymax>
		</bndbox>
	</object>
</annotation>