<annotation>
	<filename>Image 046.png</filename>
	<size>
		<width>1227</width>
		<height>64</height>
		<depth>3</depth>
	</size>
	<segmented>0</segmented>
	<object>
		<difficult>0</difficult>
		<name>&amp;*@HUST_text</name>
		<bndbox>
			<xmin>15</xmin>
			<ymin>0</ymin>
			<xmax>87</xmax>
			<ymax>16</ymax>
		</bndbox>
	</object>
	<object>
		<difficult>0</difficult>
		<name>&amp;*@HUST_text</name>
		<bndbox>
			<xmin>0</xmin>
			<ymin>19</ymin>
			<xmax>87</xmax>
			<ymax>38</ymax>
		</bndbox>
	</object>
	<object>
		<difficult>0</difficult>
		<name>&amp;*@HUST_text</name>
		<bndbox>
			<xmin>0</xmin>
			<ymin>40</ymin>
			<xmax>87</xmax>
			<ymax>59</ymax>
		</bndbox>
	</object>
	<object>
		<difficult>0</difficult>
		<name>&amp;*@HUST_text</name>
		<bndbox>
			<xmin>212</xmin>
			<ymin>18</ymin>
			<xmax>331</xmax>
			<ymax>38</ymax>
		</bndbox>
	</object>
	<object>
		<difficult>0</difficult>
		<name>&amp;*@HUST_text</name>
		<bndbox>
			<xmin>212</xmin>
			<ymin>40</ymin>
			<xmax>331</xmax>
			<ymax>59</ymax>
		</bndbox>
	</object>
	<object>
		<difficult>0</difficult>
		<name>&amp;*@HUST_text</name>
		<bndbox>
			<xmin>430</xmin>
			<ymin>19</ymin>
			<xmax>517</xmax>
			<ymax>37</ymax>
		</bndbox>
	</object>
	<object>
		<difficult>0</difficult>
		<name>&amp;*@HUST_text</name>
		<bndbox>
			<xmin>429</xmin>
			<ymin>40</ymin>
			<xmax>517</xmax>
			<ymax>60</ymax>
		</bndbox>
	</object>
	<object>
		<difficult>0</difficult>
		<name>&amp;*@HUST_text</name>
		<bndbox>
			<xmin>652</xmin>
			<ymin>19</ymin>
			<xmax>708</xmax>
			<ymax>38</ymax>
		</bndbox>
	</object>
	<object>
		<difficult>0</difficult>
		<name>&amp;*@HUST_text</name>
		<bndbox>
			<xmin>652</xmin>
			<ymin>40</ymin>
			<xmax>709</xmax>
			<ymax>59</ymax>
		</bndbox>
	</object>
	<object>
		<difficult>0</difficult>
		<name>&amp;*@HUST_text</name>
		<bndbox>
			<xmin>865</xmin>
			<ymin>18</ymin>
			<xmax>1226</xmax>
			<ymax>38</ymax>
		</bndbox>
	</object>
	<object>
		<difficult>0</difficult>
		<name>&amp;*@HUST_text</name>
		<bndbox>
			<xmin>865</xmin>
			<ymin>40</ymin>
			<xmax>1225</xmax>
			<ymax>59</ymax>
		</bndbox>
	</object>
	<object>
		<difficult>1</difficult>
		<name>&amp;*@HUST_special</name>
		<bndbox>
			<xmin>0</xmin>
			<ymin>0</ymin>
			<xmax>14</xmax>
			<ymax>16</ymax>
		</bndbox>
	</object>
</annotation>