<annotation>
	<filename>Image 055.png</filename>
	<size>
		<width>1528</width>
		<height>54</height>
		<depth>3</depth>
	</size>
	<segmented>0</segmented>
	<object>
		<difficult>0</difficult>
		<name>&amp;*@HUST_text</name>
		<bndbox>
			<xmin>17</xmin>
			<ymin>0</ymin>
			<xmax>164</xmax>
			<ymax>20</ymax>
		</bndbox>
	</object>
	<object>
		<difficult>0</difficult>
		<name>&amp;*@HUST_text</name>
		<bndbox>
			<xmin>2</xmin>
			<ymin>24</ymin>
			<xmax>139</xmax>
			<ymax>42</ymax>
		</bndbox>
	</object>
	<object>
		<difficult>0</difficult>
		<name>&amp;*@HUST_text</name>
		<bndbox>
			<xmin>216</xmin>
			<ymin>24</ymin>
			<xmax>336</xmax>
			<ymax>42</ymax>
		</bndbox>
	</object>
	<object>
		<difficult>0</difficult>
		<name>&amp;*@HUST_text</name>
		<bndbox>
			<xmin>440</xmin>
			<ymin>24</ymin>
			<xmax>674</xmax>
			<ymax>42</ymax>
		</bndbox>
	</object>
	<object>
		<difficult>0</difficult>
		<name>&amp;*@HUST_text</name>
		<bndbox>
			<xmin>878</xmin>
			<ymin>23</ymin>
			<xmax>1527</xmax>
			<ymax>43</ymax>
		</bndbox>
	</object>
	<object>
		<difficult>1</difficult>
		<name>&amp;*@HUST_special</name>
		<bndbox>
			<xmin>2</xmin>
			<ymin>0</ymin>
			<xmax>16</xmax>
			<ymax>21</ymax>
		</bndbox>
	</object>
</annotation>