<annotation>
	<filename>Image 099.png</filename>
	<size>
		<width>1077</width>
		<height>71</height>
		<depth>3</depth>
	</size>
	<segmented>0</segmented>
	<object>
		<difficult>0</difficult>
		<name>&amp;*@HUST_text</name>
		<bndbox>
			<xmin>884</xmin>
			<ymin>46</ymin>
			<xmax>1065</xmax>
			<ymax>65</ymax>
		</bndbox>
	</object>
	<object>
		<difficult>0</difficult>
		<name>&amp;*@HUST_text</name>
		<bndbox>
			<xmin>223</xmin>
			<ymin>24</ymin>
			<xmax>316</xmax>
			<ymax>45</ymax>
		</bndbox>
	</object>
	<object>
		<difficult>0</difficult>
		<name>&amp;*@HUST_text</name>
		<bndbox>
			<xmin>2</xmin>
			<ymin>24</ymin>
			<xmax>96</xmax>
			<ymax>43</ymax>
		</bndbox>
	</object>
	<object>
		<difficult>0</difficult>
		<name>&amp;*@HUST_text</name>
		<bndbox>
			<xmin>670</xmin>
			<ymin>24</ymin>
			<xmax>692</xmax>
			<ymax>44</ymax>
		</bndbox>
	</object>
	<object>
		<difficult>0</difficult>
		<name>&amp;*@HUST_text</name>
		<bndbox>
			<xmin>884</xmin>
			<ymin>25</ymin>
			<xmax>1020</xmax>
			<ymax>44</ymax>
		</bndbox>
	</object>
	<object>
		<difficult>0</difficult>
		<name>&amp;*@HUST_text</name>
		<bndbox>
			<xmin>448</xmin>
			<ymin>25</ymin>
			<xmax>474</xmax>
			<ymax>44</ymax>
		</bndbox>
	</object>
	<object>
		<difficult>0</difficult>
		<name>&amp;*@HUST_text</name>
		<bndbox>
			<xmin>670</xmin>
			<ymin>46</ymin>
			<xmax>692</xmax>
			<ymax>65</ymax>
		</bndbox>
	</object>
	<object>
		<difficult>0</difficult>
		<name>&amp;*@HUST_text</name>
		<bndbox>
			<xmin>2</xmin>
			<ymin>45</ymin>
			<xmax>97</xmax>
			<ymax>65</ymax>
		</bndbox>
	</object>
	<object>
		<difficult>0</difficult>
		<name>&amp;*@HUST_text</name>
		<bndbox>
			<xmin>449</xmin>
			<ymin>46</ymin>
			<xmax>475</xmax>
			<ymax>65</ymax>
		</bndbox>
	</object>
	<object>
		<difficult>0</difficult>
		<name>&amp;*@HUST_text</name>
		<bndbox>
			<xmin>18</xmin>
			<ymin>0</ymin>
			<xmax>121</xmax>
			<ymax>21</ymax>
		</bndbox>
	</object>
	<object>
		<difficult>0</difficult>
		<name>&amp;*@HUST_text</name>
		<bndbox>
			<xmin>223</xmin>
			<ymin>46</ymin>
			<xmax>345</xmax>
			<ymax>65</ymax>
		</bndbox>
	</object>
	<object>
		<difficult>1</difficult>
		<name>&amp;*@HUST_special</name>
		<bndbox>
			<xmin>2</xmin>
			<ymin>0</ymin>
			<xmax>17</xmax>
			<ymax>22</ymax>
		</bndbox>
	</object>
</annotation>