<annotation>
	<filename>Image 069.png</filename>
	<size>
		<width>1116</width>
		<height>55</height>
		<depth>3</depth>
	</size>
	<segmented>0</segmented>
	<object>
		<difficult>0</difficult>
		<name>&amp;*@HUST_text</name>
		<bndbox>
			<xmin>880</xmin>
			<ymin>28</ymin>
			<xmax>1112</xmax>
			<ymax>45</ymax>
		</bndbox>
	</object>
	<object>
		<difficult>0</difficult>
		<name>&amp;*@HUST_text</name>
		<bndbox>
			<xmin>222</xmin>
			<ymin>27</ymin>
			<xmax>305</xmax>
			<ymax>47</ymax>
		</bndbox>
	</object>
	<object>
		<difficult>0</difficult>
		<name>&amp;*@HUST_text</name>
		<bndbox>
			<xmin>443</xmin>
			<ymin>27</ymin>
			<xmax>485</xmax>
			<ymax>46</ymax>
		</bndbox>
	</object>
	<object>
		<difficult>0</difficult>
		<name>&amp;*@HUST_text</name>
		<bndbox>
			<xmin>3</xmin>
			<ymin>28</ymin>
			<xmax>94</xmax>
			<ymax>46</ymax>
		</bndbox>
	</object>
	<object>
		<difficult>0</difficult>
		<name>&amp;*@HUST_text</name>
		<bndbox>
			<xmin>16</xmin>
			<ymin>0</ymin>
			<xmax>115</xmax>
			<ymax>24</ymax>
		</bndbox>
	</object>
	<object>
		<difficult>1</difficult>
		<name>&amp;*@HUST_special</name>
		<bndbox>
			<xmin>2</xmin>
			<ymin>0</ymin>
			<xmax>15</xmax>
			<ymax>24</ymax>
		</bndbox>
	</object>
</annotation>