<annotation>
	<filename>Image 017.png</filename>
	<size>
		<width>1547</width>
		<height>363</height>
		<depth>3</depth>
	</size>
	<segmented>0</segmented>
	<object>
		<difficult>0</difficult>
		<name>&amp;*@HUST_text</name>
		<bndbox>
			<xmin>2</xmin>
			<ymin>4</ymin>
			<xmax>68</xmax>
			<ymax>65</ymax>
		</bndbox>
	</object>
	<object>
		<difficult>0</difficult>
		<name>&amp;*@HUST_text</name>
		<bndbox>
			<xmin>79</xmin>
			<ymin>19</ymin>
			<xmax>184</xmax>
			<ymax>42</ymax>
		</bndbox>
	</object>
	<object>
		<difficult>1</difficult>
		<name>&amp;*@HUST_special</name>
		<bndbox>
			<xmin>289</xmin>
			<ymin>18</ymin>
			<xmax>314</xmax>
			<ymax>41</ymax>
		</bndbox>
	</object>
	<object>
		<difficult>0</difficult>
		<name>&amp;*@HUST_text</name>
		<bndbox>
			<xmin>316</xmin>
			<ymin>18</ymin>
			<xmax>353</xmax>
			<ymax>41</ymax>
		</bndbox>
	</object>
	<object>
		<difficult>0</difficult>
		<name>&amp;*@HUST_text</name>
		<bndbox>
			<xmin>1</xmin>
			<ymin>76</ymin>
			<xmax>61</xmax>
			<ymax>126</ymax>
		</bndbox>
	</object>
	<object>
		<difficult>0</difficult>
		<name>&amp;*@HUST_text</name>
		<bndbox>
			<xmin>227</xmin>
			<ymin>76</ymin>
			<xmax>312</xmax>
			<ymax>127</ymax>
		</bndbox>
	</object>
	<object>
		<difficult>1</difficult>
		<name>&amp;*@HUST_special</name>
		<bndbox>
			<xmin>312</xmin>
			<ymin>76</ymin>
			<xmax>362</xmax>
			<ymax>127</ymax>
		</bndbox>
	</object>
	<object>
		<difficult>0</difficult>
		<name>&amp;*@HUST_text</name>
		<bndbox>
			<xmin>0</xmin>
			<ymin>130</ymin>
			<xmax>63</xmax>
			<ymax>155</ymax>
		</bndbox>
	</object>
	<object>
		<difficult>0</difficult>
		<name>&amp;*@HUST_text</name>
		<bndbox>
			<xmin>1</xmin>
			<ymin>159</ymin>
			<xmax>63</xmax>
			<ymax>183</ymax>
		</bndbox>
	</object>
	<object>
		<difficult>0</difficult>
		<name>&amp;*@HUST_text</name>
		<bndbox>
			<xmin>0</xmin>
			<ymin>186</ymin>
			<xmax>63</xmax>
			<ymax>211</ymax>
		</bndbox>
	</object>
	<object>
		<difficult>0</difficult>
		<name>&amp;*@HUST_text</name>
		<bndbox>
			<xmin>1</xmin>
			<ymin>215</ymin>
			<xmax>63</xmax>
			<ymax>239</ymax>
		</bndbox>
	</object>
	<object>
		<difficult>0</difficult>
		<name>&amp;*@HUST_text</name>
		<bndbox>
			<xmin>0</xmin>
			<ymin>243</ymin>
			<xmax>63</xmax>
			<ymax>268</ymax>
		</bndbox>
	</object>
	<object>
		<difficult>0</difficult>
		<name>&amp;*@HUST_text</name>
		<bndbox>
			<xmin>67</xmin>
			<ymin>131</ymin>
			<xmax>216</xmax>
			<ymax>154</ymax>
		</bndbox>
	</object>
	<object>
		<difficult>0</difficult>
		<name>&amp;*@HUST_text</name>
		<bndbox>
			<xmin>67</xmin>
			<ymin>159</ymin>
			<xmax>216</xmax>
			<ymax>184</ymax>
		</bndbox>
	</object>
	<object>
		<difficult>0</difficult>
		<name>&amp;*@HUST_text</name>
		<bndbox>
			<xmin>67</xmin>
			<ymin>187</ymin>
			<xmax>215</xmax>
			<ymax>211</ymax>
		</bndbox>
	</object>
	<object>
		<difficult>0</difficult>
		<name>&amp;*@HUST_text</name>
		<bndbox>
			<xmin>67</xmin>
			<ymin>215</ymin>
			<xmax>217</xmax>
			<ymax>239</ymax>
		</bndbox>
	</object>
	<object>
		<difficult>0</difficult>
		<name>&amp;*@HUST_text</name>
		<bndbox>
			<xmin>67</xmin>
			<ymin>243</ymin>
			<xmax>217</xmax>
			<ymax>267</ymax>
		</bndbox>
	</object>
	<object>
		<difficult>0</difficult>
		<name>&amp;*@HUST_text</name>
		<bndbox>
			<xmin>536</xmin>
			<ymin>131</ymin>
			<xmax>701</xmax>
			<ymax>155</ymax>
		</bndbox>
	</object>
	<object>
		<difficult>0</difficult>
		<name>&amp;*@HUST_text</name>
		<bndbox>
			<xmin>536</xmin>
			<ymin>159</ymin>
			<xmax>702</xmax>
			<ymax>183</ymax>
		</bndbox>
	</object>
	<object>
		<difficult>0</difficult>
		<name>&amp;*@HUST_text</name>
		<bndbox>
			<xmin>536</xmin>
			<ymin>187</ymin>
			<xmax>705</xmax>
			<ymax>211</ymax>
		</bndbox>
	</object>
	<object>
		<difficult>0</difficult>
		<name>&amp;*@HUST_text</name>
		<bndbox>
			<xmin>535</xmin>
			<ymin>215</ymin>
			<xmax>736</xmax>
			<ymax>239</ymax>
		</bndbox>
	</object>
	<object>
		<difficult>0</difficult>
		<name>&amp;*@HUST_text</name>
		<bndbox>
			<xmin>535</xmin>
			<ymin>243</ymin>
			<xmax>736</xmax>
			<ymax>266</ymax>
		</bndbox>
	</object>
	<object>
		<difficult>0</difficult>
		<name>&amp;*@HUST_text</name>
		<bndbox>
			<xmin>690</xmin>
			<ymin>76</ymin>
			<xmax>787</xmax>
			<ymax>126</ymax>
		</bndbox>
	</object>
	<object>
		<difficult>1</difficult>
		<name>&amp;*@HUST_special</name>
		<bndbox>
			<xmin>788</xmin>
			<ymin>76</ymin>
			<xmax>838</xmax>
			<ymax>126</ymax>
		</bndbox>
	</object>
	<object>
		<difficult>0</difficult>
		<name>&amp;*@HUST_text</name>
		<bndbox>
			<xmin>1159</xmin>
			<ymin>76</ymin>
			<xmax>1248</xmax>
			<ymax>126</ymax>
		</bndbox>
	</object>
	<object>
		<difficult>1</difficult>
		<name>&amp;*@HUST_special</name>
		<bndbox>
			<xmin>1249</xmin>
			<ymin>76</ymin>
			<xmax>1300</xmax>
			<ymax>127</ymax>
		</bndbox>
	</object>
	<object>
		<difficult>0</difficult>
		<name>&amp;*@HUST_text</name>
		<bndbox>
			<xmin>1185</xmin>
			<ymin>131</ymin>
			<xmax>1302</xmax>
			<ymax>155</ymax>
		</bndbox>
	</object>
	<object>
		<difficult>0</difficult>
		<name>&amp;*@HUST_text</name>
		<bndbox>
			<xmin>1185</xmin>
			<ymin>159</ymin>
			<xmax>1303</xmax>
			<ymax>183</ymax>
		</bndbox>
	</object>
	<object>
		<difficult>0</difficult>
		<name>&amp;*@HUST_text</name>
		<bndbox>
			<xmin>1185</xmin>
			<ymin>187</ymin>
			<xmax>1304</xmax>
			<ymax>211</ymax>
		</bndbox>
	</object>
	<object>
		<difficult>0</difficult>
		<name>&amp;*@HUST_text</name>
		<bndbox>
			<xmin>1185</xmin>
			<ymin>215</ymin>
			<xmax>1305</xmax>
			<ymax>239</ymax>
		</bndbox>
	</object>
	<object>
		<difficult>0</difficult>
		<name>&amp;*@HUST_text</name>
		<bndbox>
			<xmin>1185</xmin>
			<ymin>243</ymin>
			<xmax>1304</xmax>
			<ymax>267</ymax>
		</bndbox>
	</object>
	<object>
		<difficult>0</difficult>
		<name>&amp;*@HUST_text</name>
		<bndbox>
			<xmin>1441</xmin>
			<ymin>0</ymin>
			<xmax>1547</xmax>
			<ymax>70</ymax>
		</bndbox>
	</object>
	<object>
		<difficult>1</difficult>
		<name>Difficult</name>
		<bndbox>
			<xmin>1474</xmin>
			<ymin>129</ymin>
			<xmax>1547</xmax>
			<ymax>212</ymax>
		</bndbox>
	</object>
	<object>
		<difficult>1</difficult>
		<name>Difficult</name>
		<bndbox>
			<xmin>1474</xmin>
			<ymin>240</ymin>
			<xmax>1547</xmax>
			<ymax>363</ymax>
		</bndbox>
	</object>
</annotation>