<annotation>
	<filename>Image 023.png</filename>
	<size>
		<width>1920</width>
		<height>259</height>
		<depth>3</depth>
	</size>
	<segmented>0</segmented>
	<object>
		<difficult>0</difficult>
		<name>&amp;*@HUST_text</name>
		<bndbox>
			<xmin>26</xmin>
			<ymin>5</ymin>
			<xmax>258</xmax>
			<ymax>26</ymax>
		</bndbox>
	</object>
	<object>
		<difficult>1</difficult>
		<name>&amp;*@HUST_special</name>
		<bndbox>
			<xmin>3</xmin>
			<ymin>5</ymin>
			<xmax>26</xmax>
			<ymax>26</ymax>
		</bndbox>
	</object>
	<object>
		<difficult>1</difficult>
		<name>&amp;*@HUST_special</name>
		<bndbox>
			<xmin>51</xmin>
			<ymin>44</ymin>
			<xmax>116</xmax>
			<ymax>97</ymax>
		</bndbox>
	</object>
	<object>
		<difficult>1</difficult>
		<name>&amp;*@HUST_special</name>
		<bndbox>
			<xmin>189</xmin>
			<ymin>43</ymin>
			<xmax>255</xmax>
			<ymax>97</ymax>
		</bndbox>
	</object>
	<object>
		<difficult>1</difficult>
		<name>&amp;*@HUST_special</name>
		<bndbox>
			<xmin>192</xmin>
			<ymin>124</ymin>
			<xmax>257</xmax>
			<ymax>176</ymax>
		</bndbox>
	</object>
	<object>
		<difficult>1</difficult>
		<name>&amp;*@HUST_special</name>
		<bndbox>
			<xmin>50</xmin>
			<ymin>128</ymin>
			<xmax>115</xmax>
			<ymax>177</ymax>
		</bndbox>
	</object>
	<object>
		<difficult>1</difficult>
		<name>&amp;*@HUST_special</name>
		<bndbox>
			<xmin>324</xmin>
			<ymin>43</ymin>
			<xmax>390</xmax>
			<ymax>96</ymax>
		</bndbox>
	</object>
	<object>
		<difficult>1</difficult>
		<name>&amp;*@HUST_special</name>
		<bndbox>
			<xmin>323</xmin>
			<ymin>126</ymin>
			<xmax>388</xmax>
			<ymax>177</ymax>
		</bndbox>
	</object>
	<object>
		<difficult>1</difficult>
		<name>&amp;*@HUST_special</name>
		<bndbox>
			<xmin>461</xmin>
			<ymin>42</ymin>
			<xmax>527</xmax>
			<ymax>96</ymax>
		</bndbox>
	</object>
	<object>
		<difficult>1</difficult>
		<name>&amp;*@HUST_special</name>
		<bndbox>
			<xmin>461</xmin>
			<ymin>126</ymin>
			<xmax>526</xmax>
			<ymax>178</ymax>
		</bndbox>
	</object>
	<object>
		<difficult>1</difficult>
		<name>&amp;*@HUST_special</name>
		<bndbox>
			<xmin>607</xmin>
			<ymin>47</ymin>
			<xmax>672</xmax>
			<ymax>97</ymax>
		</bndbox>
	</object>
	<object>
		<difficult>1</difficult>
		<name>&amp;*@HUST_special</name>
		<bndbox>
			<xmin>607</xmin>
			<ymin>123</ymin>
			<xmax>671</xmax>
			<ymax>178</ymax>
		</bndbox>
	</object>
	<object>
		<difficult>1</difficult>
		<name>&amp;*@HUST_special</name>
		<bndbox>
			<xmin>767</xmin>
			<ymin>47</ymin>
			<xmax>843</xmax>
			<ymax>99</ymax>
		</bndbox>
	</object>
	<object>
		<difficult>1</difficult>
		<name>&amp;*@HUST_special</name>
		<bndbox>
			<xmin>771</xmin>
			<ymin>127</ymin>
			<xmax>843</xmax>
			<ymax>178</ymax>
		</bndbox>
	</object>
	<object>
		<difficult>1</difficult>
		<name>&amp;*@HUST_special</name>
		<bndbox>
			<xmin>909</xmin>
			<ymin>46</ymin>
			<xmax>983</xmax>
			<ymax>97</ymax>
		</bndbox>
	</object>
	<object>
		<difficult>1</difficult>
		<name>&amp;*@HUST_special</name>
		<bndbox>
			<xmin>912</xmin>
			<ymin>127</ymin>
			<xmax>981</xmax>
			<ymax>179</ymax>
		</bndbox>
	</object>
	<object>
		<difficult>1</difficult>
		<name>&amp;*@HUST_special</name>
		<bndbox>
			<xmin>1056</xmin>
			<ymin>47</ymin>
			<xmax>1121</xmax>
			<ymax>97</ymax>
		</bndbox>
	</object>
	<object>
		<difficult>1</difficult>
		<name>&amp;*@HUST_special</name>
		<bndbox>
			<xmin>1048</xmin>
			<ymin>128</ymin>
			<xmax>1121</xmax>
			<ymax>178</ymax>
		</bndbox>
	</object>
	<object>
		<difficult>1</difficult>
		<name>&amp;*@HUST_special</name>
		<bndbox>
			<xmin>1194</xmin>
			<ymin>46</ymin>
			<xmax>1260</xmax>
			<ymax>100</ymax>
		</bndbox>
	</object>
	<object>
		<difficult>1</difficult>
		<name>&amp;*@HUST_special</name>
		<bndbox>
			<xmin>1199</xmin>
			<ymin>127</ymin>
			<xmax>1264</xmax>
			<ymax>177</ymax>
		</bndbox>
	</object>
	<object>
		<difficult>0</difficult>
		<name>&amp;*@HUST_text</name>
		<bndbox>
			<xmin>39</xmin>
			<ymin>98</ymin>
			<xmax>103</xmax>
			<ymax>127</ymax>
		</bndbox>
	</object>
	<object>
		<difficult>0</difficult>
		<name>&amp;*@HUST_text</name>
		<bndbox>
			<xmin>180</xmin>
			<ymin>98</ymin>
			<xmax>248</xmax>
			<ymax>122</ymax>
		</bndbox>
	</object>
	<object>
		<difficult>0</difficult>
		<name>&amp;*@HUST_text</name>
		<bndbox>
			<xmin>316</xmin>
			<ymin>98</ymin>
			<xmax>382</xmax>
			<ymax>125</ymax>
		</bndbox>
	</object>
	<object>
		<difficult>0</difficult>
		<name>&amp;*@HUST_text</name>
		<bndbox>
			<xmin>456</xmin>
			<ymin>97</ymin>
			<xmax>521</xmax>
			<ymax>125</ymax>
		</bndbox>
	</object>
	<object>
		<difficult>0</difficult>
		<name>&amp;*@HUST_text</name>
		<bndbox>
			<xmin>599</xmin>
			<ymin>98</ymin>
			<xmax>684</xmax>
			<ymax>122</ymax>
		</bndbox>
	</object>
	<object>
		<difficult>0</difficult>
		<name>&amp;*@HUST_text</name>
		<bndbox>
			<xmin>766</xmin>
			<ymin>99</ymin>
			<xmax>843</xmax>
			<ymax>126</ymax>
		</bndbox>
	</object>
	<object>
		<difficult>0</difficult>
		<name>&amp;*@HUST_text</name>
		<bndbox>
			<xmin>908</xmin>
			<ymin>98</ymin>
			<xmax>981</xmax>
			<ymax>126</ymax>
		</bndbox>
	</object>
	<object>
		<difficult>0</difficult>
		<name>&amp;*@HUST_text</name>
		<bndbox>
			<xmin>1038</xmin>
			<ymin>98</ymin>
			<xmax>1162</xmax>
			<ymax>127</ymax>
		</bndbox>
	</object>
	<object>
		<difficult>0</difficult>
		<name>&amp;*@HUST_text</name>
		<bndbox>
			<xmin>1195</xmin>
			<ymin>100</ymin>
			<xmax>1264</xmax>
			<ymax>127</ymax>
		</bndbox>
	</object>
	<object>
		<difficult>0</difficult>
		<name>&amp;*@HUST_text</name>
		<bndbox>
			<xmin>1199</xmin>
			<ymin>178</ymin>
			<xmax>1267</xmax>
			<ymax>210</ymax>
		</bndbox>
	</object>
	<object>
		<difficult>0</difficult>
		<name>&amp;*@HUST_text</name>
		<bndbox>
			<xmin>1047</xmin>
			<ymin>179</ymin>
			<xmax>1120</xmax>
			<ymax>210</ymax>
		</bndbox>
	</object>
	<object>
		<difficult>0</difficult>
		<name>&amp;*@HUST_text</name>
		<bndbox>
			<xmin>911</xmin>
			<ymin>180</ymin>
			<xmax>981</xmax>
			<ymax>210</ymax>
		</bndbox>
	</object>
	<object>
		<difficult>0</difficult>
		<name>&amp;*@HUST_text</name>
		<bndbox>
			<xmin>770</xmin>
			<ymin>180</ymin>
			<xmax>843</xmax>
			<ymax>210</ymax>
		</bndbox>
	</object>
	<object>
		<difficult>0</difficult>
		<name>&amp;*@HUST_text</name>
		<bndbox>
			<xmin>453</xmin>
			<ymin>180</ymin>
			<xmax>518</xmax>
			<ymax>210</ymax>
		</bndbox>
	</object>
	<object>
		<difficult>0</difficult>
		<name>&amp;*@HUST_text</name>
		<bndbox>
			<xmin>316</xmin>
			<ymin>179</ymin>
			<xmax>381</xmax>
			<ymax>208</ymax>
		</bndbox>
	</object>
	<object>
		<difficult>0</difficult>
		<name>&amp;*@HUST_text</name>
		<bndbox>
			<xmin>183</xmin>
			<ymin>177</ymin>
			<xmax>249</xmax>
			<ymax>208</ymax>
		</bndbox>
	</object>
	<object>
		<difficult>0</difficult>
		<name>&amp;*@HUST_text</name>
		<bndbox>
			<xmin>41</xmin>
			<ymin>178</ymin>
			<xmax>106</xmax>
			<ymax>210</ymax>
		</bndbox>
	</object>
	<object>
		<difficult>0</difficult>
		<name>&amp;*@HUST_text</name>
		<bndbox>
			<xmin>32</xmin>
			<ymin>219</ymin>
			<xmax>109</xmax>
			<ymax>252</ymax>
		</bndbox>
	</object>
	<object>
		<difficult>1</difficult>
		<name>&amp;*@HUST_special</name>
		<bndbox>
			<xmin>1</xmin>
			<ymin>220</ymin>
			<xmax>31</xmax>
			<ymax>252</ymax>
		</bndbox>
	</object>
	<object>
		<difficult>0</difficult>
		<name>&amp;*@HUST_text</name>
		<bndbox>
			<xmin>143</xmin>
			<ymin>219</ymin>
			<xmax>263</xmax>
			<ymax>252</ymax>
		</bndbox>
	</object>
	<object>
		<difficult>1</difficult>
		<name>&amp;*@HUST_special</name>
		<bndbox>
			<xmin>110</xmin>
			<ymin>219</ymin>
			<xmax>142</xmax>
			<ymax>252</ymax>
		</bndbox>
	</object>
	<object>
		<difficult>0</difficult>
		<name>&amp;*@HUST_text</name>
		<bndbox>
			<xmin>1344</xmin>
			<ymin>35</ymin>
			<xmax>1615</xmax>
			<ymax>55</ymax>
		</bndbox>
	</object>
	<object>
		<difficult>0</difficult>
		<name>&amp;*@HUST_text</name>
		<bndbox>
			<xmin>1348</xmin>
			<ymin>66</ymin>
			<xmax>1427</xmax>
			<ymax>88</ymax>
		</bndbox>
	</object>
	<object>
		<difficult>0</difficult>
		<name>&amp;*@HUST_text</name>
		<bndbox>
			<xmin>1348</xmin>
			<ymin>90</ymin>
			<xmax>1427</xmax>
			<ymax>109</ymax>
		</bndbox>
	</object>
	<object>
		<difficult>0</difficult>
		<name>&amp;*@HUST_text</name>
		<bndbox>
			<xmin>1348</xmin>
			<ymin>111</ymin>
			<xmax>1427</xmax>
			<ymax>130</ymax>
		</bndbox>
	</object>
	<object>
		<difficult>0</difficult>
		<name>&amp;*@HUST_text</name>
		<bndbox>
			<xmin>1348</xmin>
			<ymin>131</ymin>
			<xmax>1427</xmax>
			<ymax>151</ymax>
		</bndbox>
	</object>
	<object>
		<difficult>0</difficult>
		<name>&amp;*@HUST_text</name>
		<bndbox>
			<xmin>1348</xmin>
			<ymin>152</ymin>
			<xmax>1427</xmax>
			<ymax>172</ymax>
		</bndbox>
	</object>
	<object>
		<difficult>0</difficult>
		<name>&amp;*@HUST_text</name>
		<bndbox>
			<xmin>1348</xmin>
			<ymin>173</ymin>
			<xmax>1427</xmax>
			<ymax>193</ymax>
		</bndbox>
	</object>
	<object>
		<difficult>1</difficult>
		<name>&amp;*@HUST_shelter</name>
		<bndbox>
			<xmin>1348</xmin>
			<ymin>195</ymin>
			<xmax>1427</xmax>
			<ymax>206</ymax>
		</bndbox>
	</object>
	<object>
		<difficult>0</difficult>
		<name>&amp;*@HUST_text</name>
		<bndbox>
			<xmin>1531</xmin>
			<ymin>66</ymin>
			<xmax>1592</xmax>
			<ymax>88</ymax>
		</bndbox>
	</object>
	<object>
		<difficult>0</difficult>
		<name>&amp;*@HUST_text</name>
		<bndbox>
			<xmin>1531</xmin>
			<ymin>91</ymin>
			<xmax>1562</xmax>
			<ymax>109</ymax>
		</bndbox>
	</object>
	<object>
		<difficult>0</difficult>
		<name>&amp;*@HUST_text</name>
		<bndbox>
			<xmin>1531</xmin>
			<ymin>111</ymin>
			<xmax>1563</xmax>
			<ymax>130</ymax>
		</bndbox>
	</object>
	<object>
		<difficult>0</difficult>
		<name>&amp;*@HUST_text</name>
		<bndbox>
			<xmin>1531</xmin>
			<ymin>132</ymin>
			<xmax>1563</xmax>
			<ymax>151</ymax>
		</bndbox>
	</object>
	<object>
		<difficult>0</difficult>
		<name>&amp;*@HUST_text</name>
		<bndbox>
			<xmin>1531</xmin>
			<ymin>153</ymin>
			<xmax>1563</xmax>
			<ymax>172</ymax>
		</bndbox>
	</object>
	<object>
		<difficult>0</difficult>
		<name>&amp;*@HUST_text</name>
		<bndbox>
			<xmin>1531</xmin>
			<ymin>174</ymin>
			<xmax>1564</xmax>
			<ymax>193</ymax>
		</bndbox>
	</object>
	<object>
		<difficult>1</difficult>
		<name>&amp;*@HUST_shelter</name>
		<bndbox>
			<xmin>1531</xmin>
			<ymin>195</ymin>
			<xmax>1563</xmax>
			<ymax>206</ymax>
		</bndbox>
	</object>
	<object>
		<difficult>0</difficult>
		<name>&amp;*@HUST_text</name>
		<bndbox>
			<xmin>1712</xmin>
			<ymin>66</ymin>
			<xmax>1768</xmax>
			<ymax>89</ymax>
		</bndbox>
	</object>
	<object>
		<difficult>0</difficult>
		<name>&amp;*@HUST_text</name>
		<bndbox>
			<xmin>1712</xmin>
			<ymin>90</ymin>
			<xmax>1741</xmax>
			<ymax>110</ymax>
		</bndbox>
	</object>
	<object>
		<difficult>0</difficult>
		<name>&amp;*@HUST_text</name>
		<bndbox>
			<xmin>1713</xmin>
			<ymin>111</ymin>
			<xmax>1741</xmax>
			<ymax>130</ymax>
		</bndbox>
	</object>
	<object>
		<difficult>0</difficult>
		<name>&amp;*@HUST_text</name>
		<bndbox>
			<xmin>1713</xmin>
			<ymin>132</ymin>
			<xmax>1741</xmax>
			<ymax>151</ymax>
		</bndbox>
	</object>
	<object>
		<difficult>0</difficult>
		<name>&amp;*@HUST_text</name>
		<bndbox>
			<xmin>1714</xmin>
			<ymin>154</ymin>
			<xmax>1742</xmax>
			<ymax>172</ymax>
		</bndbox>
	</object>
	<object>
		<difficult>0</difficult>
		<name>&amp;*@HUST_text</name>
		<bndbox>
			<xmin>1714</xmin>
			<ymin>174</ymin>
			<xmax>1742</xmax>
			<ymax>194</ymax>
		</bndbox>
	</object>
	<object>
		<difficult>1</difficult>
		<name>&amp;*@HUST_special</name>
		<bndbox>
			<xmin>1890</xmin>
			<ymin>90</ymin>
			<xmax>1905</xmax>
			<ymax>105</ymax>
		</bndbox>
	</object>
	<object>
		<difficult>0</difficult>
		<name>&amp;*@HUST_text</name>
		<bndbox>
			<xmin>1725</xmin>
			<ymin>219</ymin>
			<xmax>1753</xmax>
			<ymax>252</ymax>
		</bndbox>
	</object>
	<object>
		<difficult>1</difficult>
		<name>&amp;*@HUST_shelter</name>
		<bndbox>
			<xmin>1714</xmin>
			<ymin>195</ymin>
			<xmax>1742</xmax>
			<ymax>205</ymax>
		</bndbox>
	</object>
	<object>
		<difficult>0</difficult>
		<name>&amp;*@HUST_text</name>
		<bndbox>
			<xmin>1780</xmin>
			<ymin>219</ymin>
			<xmax>1858</xmax>
			<ymax>252</ymax>
		</bndbox>
	</object>
	<object>
		<difficult>0</difficult>
		<name>&amp;*@HUST_text</name>
		<bndbox>
			<xmin>1863</xmin>
			<ymin>219</ymin>
			<xmax>1916</xmax>
			<ymax>253</ymax>
		</bndbox>
	</object>
	<object>
		<difficult>1</difficult>
		<name>&amp;*@HUST_special</name>
		<bndbox>
			<xmin>1754</xmin>
			<ymin>219</ymin>
			<xmax>1779</xmax>
			<ymax>252</ymax>
		</bndbox>
	</object>
	<object>
		<difficult>0</difficult>
		<name>&amp;*@HUST_text</name>
		<bndbox>
			<xmin>592</xmin>
			<ymin>179</ymin>
			<xmax>689</xmax>
			<ymax>209</ymax>
		</bndbox>
	</object>
	<object>
		<difficult>0</difficult>
		<name>&amp;*@HUST_text</name>
		<bndbox>
			<xmin>1708</xmin>
			<ymin>229</ymin>
			<xmax>1721</xmax>
			<ymax>243</ymax>
		</bndbox>
	</object>
</annotation>