<annotation>
	<filename>图像 4951.png</filename>
	<size>
		<width>179</width>
		<height>63</height>
		<depth>3</depth>
	</size>
	<segmented>0</segmented>
	<object>
		<difficult>0</difficult>
		<name>&amp;*@HUST_text</name>
		<bndbox>
			<xmin>6</xmin>
			<ymin>0</ymin>
			<xmax>165</xmax>
			<ymax>29</ymax>
		</bndbox>
	</object>
	<object>
		<difficult>0</difficult>
		<name>&amp;*@HUST_text</name>
		<bndbox>
			<xmin>5</xmin>
			<ymin>31</ymin>
			<xmax>175</xmax>
			<ymax>57</ymax>
		</bndbox>
	</object>
</annotation>