<annotation>
	<filename>图像 4911.png</filename>
	<size>
		<width>182</width>
		<height>148</height>
		<depth>3</depth>
	</size>
	<segmented>0</segmented>
	<object>
		<difficult>0</difficult>
		<name>&amp;*@HUST_text</name>
		<bndbox>
			<xmin>5</xmin>
			<ymin>1</ymin>
			<xmax>176</xmax>
			<ymax>27</ymax>
		</bndbox>
	</object>
	<object>
		<difficult>0</difficult>
		<name>&amp;*@HUST_text</name>
		<bndbox>
			<xmin>5</xmin>
			<ymin>58</ymin>
			<xmax>176</xmax>
			<ymax>85</ymax>
		</bndbox>
	</object>
	<object>
		<difficult>0</difficult>
		<name>&amp;*@HUST_text</name>
		<bndbox>
			<xmin>7</xmin>
			<ymin>90</ymin>
			<xmax>176</xmax>
			<ymax>112</ymax>
		</bndbox>
	</object>
	<object>
		<difficult>0</difficult>
		<name>&amp;*@HUST_text</name>
		<bndbox>
			<xmin>5</xmin>
			<ymin>31</ymin>
			<xmax>177</xmax>
			<ymax>54</ymax>
		</bndbox>
	</object>
	<object>
		<difficult>0</difficult>
		<name>&amp;*@HUST_text</name>
		<bndbox>
			<xmin>5</xmin>
			<ymin>114</ymin>
			<xmax>176</xmax>
			<ymax>144</ymax>
		</bndbox>
	</object>
</annotation>