<annotation>
	<filename>图像 4541.png</filename>
	<size>
		<width>386</width>
		<height>123</height>
		<depth>3</depth>
	</size>
	<segmented>0</segmented>
	<object>
		<difficult>0</difficult>
		<name>&amp;*@HUST_text</name>
		<bndbox>
			<xmin>2</xmin>
			<ymin>4</ymin>
			<xmax>115</xmax>
			<ymax>31</ymax>
		</bndbox>
	</object>
	<object>
		<difficult>1</difficult>
		<name>&amp;*@HUST_special</name>
		<bndbox>
			<xmin>171</xmin>
			<ymin>3</ymin>
			<xmax>197</xmax>
			<ymax>31</ymax>
		</bndbox>
	</object>
	<object>
		<difficult>0</difficult>
		<name>&amp;*@HUST_text</name>
		<bndbox>
			<xmin>1</xmin>
			<ymin>33</ymin>
			<xmax>135</xmax>
			<ymax>60</ymax>
		</bndbox>
	</object>
	<object>
		<difficult>0</difficult>
		<name>&amp;*@HUST_text</name>
		<bndbox>
			<xmin>1</xmin>
			<ymin>61</ymin>
			<xmax>163</xmax>
			<ymax>93</ymax>
		</bndbox>
	</object>
	<object>
		<difficult>0</difficult>
		<name>&amp;*@HUST_text</name>
		<bndbox>
			<xmin>9</xmin>
			<ymin>95</ymin>
			<xmax>98</xmax>
			<ymax>113</ymax>
		</bndbox>
	</object>
	<object>
		<difficult>0</difficult>
		<name>&amp;*@HUST_text</name>
		<bndbox>
			<xmin>101</xmin>
			<ymin>95</ymin>
			<xmax>199</xmax>
			<ymax>112</ymax>
		</bndbox>
	</object>
	<object>
		<difficult>0</difficult>
		<name>&amp;*@HUST_text</name>
		<bndbox>
			<xmin>10</xmin>
			<ymin>119</ymin>
			<xmax>199</xmax>
			<ymax>123</ymax>
		</bndbox>
	</object>
	<object>
		<difficult>1</difficult>
		<name>&amp;*@HUST_special</name>
		<bndbox>
			<xmin>0</xmin>
			<ymin>113</ymin>
			<xmax>10</xmax>
			<ymax>122</ymax>
		</bndbox>
	</object>
	<object>
		<difficult>0</difficult>
		<name>&amp;*@HUST_text</name>
		<bndbox>
			<xmin>201</xmin>
			<ymin>2</ymin>
			<xmax>358</xmax>
			<ymax>29</ymax>
		</bndbox>
	</object>
	<object>
		<difficult>0</difficult>
		<name>&amp;*@HUST_text</name>
		<bndbox>
			<xmin>201</xmin>
			<ymin>30</ymin>
			<xmax>361</xmax>
			<ymax>61</ymax>
		</bndbox>
	</object>
	<object>
		<difficult>0</difficult>
		<name>&amp;*@HUST_text</name>
		<bndbox>
			<xmin>201</xmin>
			<ymin>63</ymin>
			<xmax>369</xmax>
			<ymax>92</ymax>
		</bndbox>
	</object>
	<object>
		<difficult>0</difficult>
		<name>&amp;*@HUST_text</name>
		<bndbox>
			<xmin>201</xmin>
			<ymin>93</ymin>
			<xmax>377</xmax>
			<ymax>122</ymax>
		</bndbox>
	</object>
	<object>
		<difficult>1</difficult>
		<name>&amp;*@HUST_shelter</name>
		<bndbox>
			<xmin>381</xmin>
			<ymin>0</ymin>
			<xmax>386</xmax>
			<ymax>123</ymax>
		</bndbox>
	</object>
</annotation>