<annotation>
	<filename>图像 4421.png</filename>
	<size>
		<width>796</width>
		<height>737</height>
		<depth>3</depth>
	</size>
	<segmented>0</segmented>
	<object>
		<difficult>0</difficult>
		<name>&amp;*@HUST_text</name>
		<bndbox>
			<xmin>3</xmin>
			<ymin>81</ymin>
			<xmax>794</xmax>
			<ymax>89</ymax>
		</bndbox>
	</object>
	<object>
		<difficult>0</difficult>
		<name>&amp;*@HUST_text</name>
		<bndbox>
			<xmin>4</xmin>
			<ymin>148</ymin>
			<xmax>794</xmax>
			<ymax>155</ymax>
		</bndbox>
	</object>
	<object>
		<difficult>0</difficult>
		<name>&amp;*@HUST_text</name>
		<bndbox>
			<xmin>1</xmin>
			<ymin>186</ymin>
			<xmax>790</xmax>
			<ymax>193</ymax>
		</bndbox>
	</object>
	<object>
		<difficult>0</difficult>
		<name>&amp;*@HUST_text</name>
		<bndbox>
			<xmin>2</xmin>
			<ymin>225</ymin>
			<xmax>794</xmax>
			<ymax>232</ymax>
		</bndbox>
	</object>
	<object>
		<difficult>0</difficult>
		<name>&amp;*@HUST_text</name>
		<bndbox>
			<xmin>2</xmin>
			<ymin>294</ymin>
			<xmax>794</xmax>
			<ymax>298</ymax>
		</bndbox>
	</object>
	<object>
		<difficult>0</difficult>
		<name>&amp;*@HUST_text</name>
		<bndbox>
			<xmin>1</xmin>
			<ymin>331</ymin>
			<xmax>793</xmax>
			<ymax>337</ymax>
		</bndbox>
	</object>
	<object>
		<difficult>0</difficult>
		<name>&amp;*@HUST_text</name>
		<bndbox>
			<xmin>2</xmin>
			<ymin>368</ymin>
			<xmax>790</xmax>
			<ymax>375</ymax>
		</bndbox>
	</object>
	<object>
		<difficult>0</difficult>
		<name>&amp;*@HUST_text</name>
		<bndbox>
			<xmin>2</xmin>
			<ymin>406</ymin>
			<xmax>789</xmax>
			<ymax>413</ymax>
		</bndbox>
	</object>
	<object>
		<difficult>0</difficult>
		<name>&amp;*@HUST_text</name>
		<bndbox>
			<xmin>2</xmin>
			<ymin>444</ymin>
			<xmax>792</xmax>
			<ymax>451</ymax>
		</bndbox>
	</object>
	<object>
		<difficult>0</difficult>
		<name>&amp;*@HUST_text</name>
		<bndbox>
			<xmin>4</xmin>
			<ymin>482</ymin>
			<xmax>792</xmax>
			<ymax>490</ymax>
		</bndbox>
	</object>
	<object>
		<difficult>0</difficult>
		<name>&amp;*@HUST_text</name>
		<bndbox>
			<xmin>0</xmin>
			<ymin>549</ymin>
			<xmax>790</xmax>
			<ymax>556</ymax>
		</bndbox>
	</object>
	<object>
		<difficult>0</difficult>
		<name>&amp;*@HUST_text</name>
		<bndbox>
			<xmin>0</xmin>
			<ymin>588</ymin>
			<xmax>792</xmax>
			<ymax>595</ymax>
		</bndbox>
	</object>
	<object>
		<difficult>0</difficult>
		<name>&amp;*@HUST_text</name>
		<bndbox>
			<xmin>0</xmin>
			<ymin>625</ymin>
			<xmax>792</xmax>
			<ymax>633</ymax>
		</bndbox>
	</object>
	<object>
		<difficult>0</difficult>
		<name>&amp;*@HUST_text</name>
		<bndbox>
			<xmin>1</xmin>
			<ymin>663</ymin>
			<xmax>788</xmax>
			<ymax>671</ymax>
		</bndbox>
	</object>
	<object>
		<difficult>0</difficult>
		<name>&amp;*@HUST_text</name>
		<bndbox>
			<xmin>0</xmin>
			<ymin>730</ymin>
			<xmax>789</xmax>
			<ymax>737</ymax>
		</bndbox>
	</object>
	<object>
		<difficult>0</difficult>
		<name>&amp;*@HUST_text</name>
		<bndbox>
			<xmin>0</xmin>
			<ymin>702</ymin>
			<xmax>131</xmax>
			<ymax>729</ymax>
		</bndbox>
	</object>
	<object>
		<difficult>0</difficult>
		<name>&amp;*@HUST_text</name>
		<bndbox>
			<xmin>2</xmin>
			<ymin>671</ymin>
			<xmax>450</xmax>
			<ymax>701</ymax>
		</bndbox>
	</object>
	<object>
		<difficult>0</difficult>
		<name>&amp;*@HUST_text</name>
		<bndbox>
			<xmin>0</xmin>
			<ymin>634</ymin>
			<xmax>234</xmax>
			<ymax>661</ymax>
		</bndbox>
	</object>
	<object>
		<difficult>0</difficult>
		<name>&amp;*@HUST_text</name>
		<bndbox>
			<xmin>0</xmin>
			<ymin>596</ymin>
			<xmax>317</xmax>
			<ymax>624</ymax>
		</bndbox>
	</object>
	<object>
		<difficult>0</difficult>
		<name>&amp;*@HUST_text</name>
		<bndbox>
			<xmin>0</xmin>
			<ymin>557</ymin>
			<xmax>289</xmax>
			<ymax>587</ymax>
		</bndbox>
	</object>
	<object>
		<difficult>0</difficult>
		<name>&amp;*@HUST_text</name>
		<bndbox>
			<xmin>1</xmin>
			<ymin>523</ymin>
			<xmax>95</xmax>
			<ymax>549</ymax>
		</bndbox>
	</object>
	<object>
		<difficult>0</difficult>
		<name>&amp;*@HUST_text</name>
		<bndbox>
			<xmin>1</xmin>
			<ymin>491</ymin>
			<xmax>453</xmax>
			<ymax>520</ymax>
		</bndbox>
	</object>
	<object>
		<difficult>0</difficult>
		<name>&amp;*@HUST_text</name>
		<bndbox>
			<xmin>1</xmin>
			<ymin>453</ymin>
			<xmax>170</xmax>
			<ymax>480</ymax>
		</bndbox>
	</object>
	<object>
		<difficult>0</difficult>
		<name>&amp;*@HUST_text</name>
		<bndbox>
			<xmin>193</xmin>
			<ymin>461</ymin>
			<xmax>208</xmax>
			<ymax>473</ymax>
		</bndbox>
	</object>
	<object>
		<difficult>0</difficult>
		<name>&amp;*@HUST_text</name>
		<bndbox>
			<xmin>0</xmin>
			<ymin>414</ymin>
			<xmax>396</xmax>
			<ymax>443</ymax>
		</bndbox>
	</object>
	<object>
		<difficult>0</difficult>
		<name>&amp;*@HUST_text</name>
		<bndbox>
			<xmin>1</xmin>
			<ymin>376</ymin>
			<xmax>251</xmax>
			<ymax>404</ymax>
		</bndbox>
	</object>
	<object>
		<difficult>0</difficult>
		<name>&amp;*@HUST_text</name>
		<bndbox>
			<xmin>1</xmin>
			<ymin>339</ymin>
			<xmax>329</xmax>
			<ymax>366</ymax>
		</bndbox>
	</object>
	<object>
		<difficult>0</difficult>
		<name>&amp;*@HUST_text</name>
		<bndbox>
			<xmin>0</xmin>
			<ymin>300</ymin>
			<xmax>274</xmax>
			<ymax>329</ymax>
		</bndbox>
	</object>
	<object>
		<difficult>0</difficult>
		<name>&amp;*@HUST_text</name>
		<bndbox>
			<xmin>0</xmin>
			<ymin>265</ymin>
			<xmax>222</xmax>
			<ymax>292</ymax>
		</bndbox>
	</object>
	<object>
		<difficult>0</difficult>
		<name>&amp;*@HUST_text</name>
		<bndbox>
			<xmin>0</xmin>
			<ymin>234</ymin>
			<xmax>450</xmax>
			<ymax>264</ymax>
		</bndbox>
	</object>
	<object>
		<difficult>0</difficult>
		<name>&amp;*@HUST_text</name>
		<bndbox>
			<xmin>0</xmin>
			<ymin>194</ymin>
			<xmax>445</xmax>
			<ymax>223</ymax>
		</bndbox>
	</object>
	<object>
		<difficult>0</difficult>
		<name>&amp;*@HUST_text</name>
		<bndbox>
			<xmin>1</xmin>
			<ymin>156</ymin>
			<xmax>212</xmax>
			<ymax>184</ymax>
		</bndbox>
	</object>
	<object>
		<difficult>0</difficult>
		<name>&amp;*@HUST_text</name>
		<bndbox>
			<xmin>1</xmin>
			<ymin>119</ymin>
			<xmax>172</xmax>
			<ymax>146</ymax>
		</bndbox>
	</object>
	<object>
		<difficult>0</difficult>
		<name>&amp;*@HUST_text</name>
		<bndbox>
			<xmin>0</xmin>
			<ymin>90</ymin>
			<xmax>446</xmax>
			<ymax>118</ymax>
		</bndbox>
	</object>
	<object>
		<difficult>0</difficult>
		<name>&amp;*@HUST_text</name>
		<bndbox>
			<xmin>1</xmin>
			<ymin>48</ymin>
			<xmax>410</xmax>
			<ymax>78</ymax>
		</bndbox>
	</object>
	<object>
		<difficult>0</difficult>
		<name>&amp;*@HUST_text</name>
		<bndbox>
			<xmin>2</xmin>
			<ymin>3</ymin>
			<xmax>215</xmax>
			<ymax>46</ymax>
		</bndbox>
	</object>
	<object>
		<difficult>0</difficult>
		<name>&amp;*@HUST_text</name>
		<bndbox>
			<xmin>442</xmin>
			<ymin>702</ymin>
			<xmax>578</xmax>
			<ymax>728</ymax>
		</bndbox>
	</object>
	<object>
		<difficult>0</difficult>
		<name>&amp;*@HUST_text</name>
		<bndbox>
			<xmin>451</xmin>
			<ymin>672</ymin>
			<xmax>516</xmax>
			<ymax>702</ymax>
		</bndbox>
	</object>
	<object>
		<difficult>0</difficult>
		<name>&amp;*@HUST_text</name>
		<bndbox>
			<xmin>582</xmin>
			<ymin>673</ymin>
			<xmax>653</xmax>
			<ymax>727</ymax>
		</bndbox>
	</object>
	<object>
		<difficult>0</difficult>
		<name>&amp;*@HUST_text</name>
		<bndbox>
			<xmin>654</xmin>
			<ymin>702</ymin>
			<xmax>794</xmax>
			<ymax>728</ymax>
		</bndbox>
	</object>
	<object>
		<difficult>0</difficult>
		<name>&amp;*@HUST_text</name>
		<bndbox>
			<xmin>721</xmin>
			<ymin>673</ymin>
			<xmax>784</xmax>
			<ymax>702</ymax>
		</bndbox>
	</object>
	<object>
		<difficult>0</difficult>
		<name>&amp;*@HUST_text</name>
		<bndbox>
			<xmin>655</xmin>
			<ymin>650</ymin>
			<xmax>793</xmax>
			<ymax>662</ymax>
		</bndbox>
	</object>
	<object>
		<difficult>0</difficult>
		<name>&amp;*@HUST_text</name>
		<bndbox>
			<xmin>734</xmin>
			<ymin>634</ymin>
			<xmax>786</xmax>
			<ymax>649</ymax>
		</bndbox>
	</object>
	<object>
		<difficult>0</difficult>
		<name>&amp;*@HUST_text</name>
		<bndbox>
			<xmin>652</xmin>
			<ymin>612</ymin>
			<xmax>793</xmax>
			<ymax>625</ymax>
		</bndbox>
	</object>
	<object>
		<difficult>0</difficult>
		<name>&amp;*@HUST_text</name>
		<bndbox>
			<xmin>719</xmin>
			<ymin>596</ymin>
			<xmax>785</xmax>
			<ymax>611</ymax>
		</bndbox>
	</object>
	<object>
		<difficult>0</difficult>
		<name>&amp;*@HUST_text</name>
		<bndbox>
			<xmin>651</xmin>
			<ymin>574</ymin>
			<xmax>793</xmax>
			<ymax>587</ymax>
		</bndbox>
	</object>
	<object>
		<difficult>0</difficult>
		<name>&amp;*@HUST_text</name>
		<bndbox>
			<xmin>715</xmin>
			<ymin>557</ymin>
			<xmax>789</xmax>
			<ymax>573</ymax>
		</bndbox>
	</object>
	<object>
		<difficult>0</difficult>
		<name>&amp;*@HUST_text</name>
		<bndbox>
			<xmin>564</xmin>
			<ymin>558</ymin>
			<xmax>647</xmax>
			<ymax>586</ymax>
		</bndbox>
	</object>
	<object>
		<difficult>0</difficult>
		<name>&amp;*@HUST_text</name>
		<bndbox>
			<xmin>564</xmin>
			<ymin>597</ymin>
			<xmax>648</xmax>
			<ymax>623</ymax>
		</bndbox>
	</object>
	<object>
		<difficult>0</difficult>
		<name>&amp;*@HUST_text</name>
		<bndbox>
			<xmin>563</xmin>
			<ymin>635</ymin>
			<xmax>648</xmax>
			<ymax>660</ymax>
		</bndbox>
	</object>
	<object>
		<difficult>0</difficult>
		<name>&amp;*@HUST_text</name>
		<bndbox>
			<xmin>439</xmin>
			<ymin>650</ymin>
			<xmax>560</xmax>
			<ymax>662</ymax>
		</bndbox>
	</object>
	<object>
		<difficult>0</difficult>
		<name>&amp;*@HUST_text</name>
		<bndbox>
			<xmin>440</xmin>
			<ymin>633</ymin>
			<xmax>513</xmax>
			<ymax>649</ymax>
		</bndbox>
	</object>
	<object>
		<difficult>0</difficult>
		<name>&amp;*@HUST_text</name>
		<bndbox>
			<xmin>438</xmin>
			<ymin>612</ymin>
			<xmax>561</xmax>
			<ymax>624</ymax>
		</bndbox>
	</object>
	<object>
		<difficult>0</difficult>
		<name>&amp;*@HUST_text</name>
		<bndbox>
			<xmin>440</xmin>
			<ymin>596</ymin>
			<xmax>510</xmax>
			<ymax>611</ymax>
		</bndbox>
	</object>
	<object>
		<difficult>0</difficult>
		<name>&amp;*@HUST_text</name>
		<bndbox>
			<xmin>438</xmin>
			<ymin>574</ymin>
			<xmax>563</xmax>
			<ymax>587</ymax>
		</bndbox>
	</object>
	<object>
		<difficult>0</difficult>
		<name>&amp;*@HUST_text</name>
		<bndbox>
			<xmin>437</xmin>
			<ymin>557</ymin>
			<xmax>524</xmax>
			<ymax>573</ymax>
		</bndbox>
	</object>
	<object>
		<difficult>0</difficult>
		<name>&amp;*@HUST_text</name>
		<bndbox>
			<xmin>441</xmin>
			<ymin>522</ymin>
			<xmax>565</xmax>
			<ymax>547</ymax>
		</bndbox>
	</object>
	<object>
		<difficult>0</difficult>
		<name>&amp;*@HUST_text</name>
		<bndbox>
			<xmin>454</xmin>
			<ymin>492</ymin>
			<xmax>508</xmax>
			<ymax>521</ymax>
		</bndbox>
	</object>
	<object>
		<difficult>0</difficult>
		<name>&amp;*@HUST_text</name>
		<bndbox>
			<xmin>574</xmin>
			<ymin>493</ymin>
			<xmax>653</xmax>
			<ymax>547</ymax>
		</bndbox>
	</object>
	<object>
		<difficult>0</difficult>
		<name>&amp;*@HUST_text</name>
		<bndbox>
			<xmin>658</xmin>
			<ymin>522</ymin>
			<xmax>791</xmax>
			<ymax>547</ymax>
		</bndbox>
	</object>
	<object>
		<difficult>0</difficult>
		<name>&amp;*@HUST_text</name>
		<bndbox>
			<xmin>713</xmin>
			<ymin>492</ymin>
			<xmax>782</xmax>
			<ymax>521</ymax>
		</bndbox>
	</object>
	<object>
		<difficult>0</difficult>
		<name>&amp;*@HUST_text</name>
		<bndbox>
			<xmin>658</xmin>
			<ymin>469</ymin>
			<xmax>792</xmax>
			<ymax>482</ymax>
		</bndbox>
	</object>
	<object>
		<difficult>0</difficult>
		<name>&amp;*@HUST_text</name>
		<bndbox>
			<xmin>715</xmin>
			<ymin>452</ymin>
			<xmax>785</xmax>
			<ymax>467</ymax>
		</bndbox>
	</object>
	<object>
		<difficult>0</difficult>
		<name>&amp;*@HUST_text</name>
		<bndbox>
			<xmin>656</xmin>
			<ymin>429</ymin>
			<xmax>794</xmax>
			<ymax>443</ymax>
		</bndbox>
	</object>
	<object>
		<difficult>0</difficult>
		<name>&amp;*@HUST_text</name>
		<bndbox>
			<xmin>723</xmin>
			<ymin>414</ymin>
			<xmax>781</xmax>
			<ymax>429</ymax>
		</bndbox>
	</object>
	<object>
		<difficult>0</difficult>
		<name>&amp;*@HUST_text</name>
		<bndbox>
			<xmin>565</xmin>
			<ymin>452</ymin>
			<xmax>655</xmax>
			<ymax>482</ymax>
		</bndbox>
	</object>
	<object>
		<difficult>0</difficult>
		<name>&amp;*@HUST_text</name>
		<bndbox>
			<xmin>440</xmin>
			<ymin>470</ymin>
			<xmax>563</xmax>
			<ymax>482</ymax>
		</bndbox>
	</object>
	<object>
		<difficult>0</difficult>
		<name>&amp;*@HUST_text</name>
		<bndbox>
			<xmin>440</xmin>
			<ymin>452</ymin>
			<xmax>498</xmax>
			<ymax>469</ymax>
		</bndbox>
	</object>
	<object>
		<difficult>0</difficult>
		<name>&amp;*@HUST_text</name>
		<bndbox>
			<xmin>440</xmin>
			<ymin>431</ymin>
			<xmax>565</xmax>
			<ymax>444</ymax>
		</bndbox>
	</object>
	<object>
		<difficult>0</difficult>
		<name>&amp;*@HUST_text</name>
		<bndbox>
			<xmin>439</xmin>
			<ymin>414</ymin>
			<xmax>514</xmax>
			<ymax>430</ymax>
		</bndbox>
	</object>
	<object>
		<difficult>0</difficult>
		<name>&amp;*@HUST_text</name>
		<bndbox>
			<xmin>567</xmin>
			<ymin>414</ymin>
			<xmax>651</xmax>
			<ymax>443</ymax>
		</bndbox>
	</object>
	<object>
		<difficult>0</difficult>
		<name>&amp;*@HUST_text</name>
		<bndbox>
			<xmin>568</xmin>
			<ymin>375</ymin>
			<xmax>654</xmax>
			<ymax>405</ymax>
		</bndbox>
	</object>
	<object>
		<difficult>0</difficult>
		<name>&amp;*@HUST_text</name>
		<bndbox>
			<xmin>440</xmin>
			<ymin>392</ymin>
			<xmax>563</xmax>
			<ymax>405</ymax>
		</bndbox>
	</object>
	<object>
		<difficult>0</difficult>
		<name>&amp;*@HUST_text</name>
		<bndbox>
			<xmin>441</xmin>
			<ymin>375</ymin>
			<xmax>499</xmax>
			<ymax>391</ymax>
		</bndbox>
	</object>
	<object>
		<difficult>0</difficult>
		<name>&amp;*@HUST_text</name>
		<bndbox>
			<xmin>656</xmin>
			<ymin>392</ymin>
			<xmax>792</xmax>
			<ymax>404</ymax>
		</bndbox>
	</object>
	<object>
		<difficult>0</difficult>
		<name>&amp;*@HUST_text</name>
		<bndbox>
			<xmin>729</xmin>
			<ymin>376</ymin>
			<xmax>791</xmax>
			<ymax>390</ymax>
		</bndbox>
	</object>
	<object>
		<difficult>0</difficult>
		<name>&amp;*@HUST_text</name>
		<bndbox>
			<xmin>655</xmin>
			<ymin>354</ymin>
			<xmax>792</xmax>
			<ymax>367</ymax>
		</bndbox>
	</object>
	<object>
		<difficult>0</difficult>
		<name>&amp;*@HUST_text</name>
		<bndbox>
			<xmin>692</xmin>
			<ymin>338</ymin>
			<xmax>784</xmax>
			<ymax>353</ymax>
		</bndbox>
	</object>
	<object>
		<difficult>0</difficult>
		<name>&amp;*@HUST_text</name>
		<bndbox>
			<xmin>656</xmin>
			<ymin>315</ymin>
			<xmax>794</xmax>
			<ymax>329</ymax>
		</bndbox>
	</object>
	<object>
		<difficult>0</difficult>
		<name>&amp;*@HUST_text</name>
		<bndbox>
			<xmin>729</xmin>
			<ymin>299</ymin>
			<xmax>785</xmax>
			<ymax>315</ymax>
		</bndbox>
	</object>
	<object>
		<difficult>0</difficult>
		<name>&amp;*@HUST_text</name>
		<bndbox>
			<xmin>566</xmin>
			<ymin>338</ymin>
			<xmax>648</xmax>
			<ymax>366</ymax>
		</bndbox>
	</object>
	<object>
		<difficult>0</difficult>
		<name>&amp;*@HUST_text</name>
		<bndbox>
			<xmin>567</xmin>
			<ymin>299</ymin>
			<xmax>648</xmax>
			<ymax>328</ymax>
		</bndbox>
	</object>
	<object>
		<difficult>0</difficult>
		<name>&amp;*@HUST_text</name>
		<bndbox>
			<xmin>436</xmin>
			<ymin>353</ymin>
			<xmax>562</xmax>
			<ymax>366</ymax>
		</bndbox>
	</object>
	<object>
		<difficult>0</difficult>
		<name>&amp;*@HUST_text</name>
		<bndbox>
			<xmin>436</xmin>
			<ymin>338</ymin>
			<xmax>541</xmax>
			<ymax>352</ymax>
		</bndbox>
	</object>
	<object>
		<difficult>0</difficult>
		<name>&amp;*@HUST_text</name>
		<bndbox>
			<xmin>436</xmin>
			<ymin>316</ymin>
			<xmax>563</xmax>
			<ymax>329</ymax>
		</bndbox>
	</object>
	<object>
		<difficult>0</difficult>
		<name>&amp;*@HUST_text</name>
		<bndbox>
			<xmin>436</xmin>
			<ymin>299</ymin>
			<xmax>494</xmax>
			<ymax>316</ymax>
		</bndbox>
	</object>
	<object>
		<difficult>0</difficult>
		<name>&amp;*@HUST_text</name>
		<bndbox>
			<xmin>450</xmin>
			<ymin>264</ymin>
			<xmax>524</xmax>
			<ymax>293</ymax>
		</bndbox>
	</object>
	<object>
		<difficult>0</difficult>
		<name>&amp;*@HUST_text</name>
		<bndbox>
			<xmin>451</xmin>
			<ymin>234</ymin>
			<xmax>522</xmax>
			<ymax>263</ymax>
		</bndbox>
	</object>
	<object>
		<difficult>0</difficult>
		<name>&amp;*@HUST_text</name>
		<bndbox>
			<xmin>565</xmin>
			<ymin>234</ymin>
			<xmax>651</xmax>
			<ymax>291</ymax>
		</bndbox>
	</object>
	<object>
		<difficult>0</difficult>
		<name>&amp;*@HUST_text</name>
		<bndbox>
			<xmin>566</xmin>
			<ymin>193</ymin>
			<xmax>650</xmax>
			<ymax>223</ymax>
		</bndbox>
	</object>
	<object>
		<difficult>0</difficult>
		<name>&amp;*@HUST_text</name>
		<bndbox>
			<xmin>446</xmin>
			<ymin>211</ymin>
			<xmax>525</xmax>
			<ymax>224</ymax>
		</bndbox>
	</object>
	<object>
		<difficult>0</difficult>
		<name>&amp;*@HUST_text</name>
		<bndbox>
			<xmin>447</xmin>
			<ymin>193</ymin>
			<xmax>497</xmax>
			<ymax>210</ymax>
		</bndbox>
	</object>
	<object>
		<difficult>0</difficult>
		<name>&amp;*@HUST_text</name>
		<bndbox>
			<xmin>435</xmin>
			<ymin>172</ymin>
			<xmax>564</xmax>
			<ymax>186</ymax>
		</bndbox>
	</object>
	<object>
		<difficult>0</difficult>
		<name>&amp;*@HUST_text</name>
		<bndbox>
			<xmin>436</xmin>
			<ymin>155</ymin>
			<xmax>511</xmax>
			<ymax>171</ymax>
		</bndbox>
	</object>
	<object>
		<difficult>0</difficult>
		<name>&amp;*@HUST_text</name>
		<bndbox>
			<xmin>566</xmin>
			<ymin>156</ymin>
			<xmax>655</xmax>
			<ymax>186</ymax>
		</bndbox>
	</object>
	<object>
		<difficult>0</difficult>
		<name>&amp;*@HUST_text</name>
		<bndbox>
			<xmin>562</xmin>
			<ymin>90</ymin>
			<xmax>663</xmax>
			<ymax>144</ymax>
		</bndbox>
	</object>
	<object>
		<difficult>0</difficult>
		<name>&amp;*@HUST_text</name>
		<bndbox>
			<xmin>444</xmin>
			<ymin>120</ymin>
			<xmax>516</xmax>
			<ymax>146</ymax>
		</bndbox>
	</object>
	<object>
		<difficult>0</difficult>
		<name>&amp;*@HUST_text</name>
		<bndbox>
			<xmin>447</xmin>
			<ymin>91</ymin>
			<xmax>493</xmax>
			<ymax>119</ymax>
		</bndbox>
	</object>
	<object>
		<difficult>0</difficult>
		<name>&amp;*@HUST_text</name>
		<bndbox>
			<xmin>443</xmin>
			<ymin>67</ymin>
			<xmax>564</xmax>
			<ymax>80</ymax>
		</bndbox>
	</object>
	<object>
		<difficult>0</difficult>
		<name>&amp;*@HUST_text</name>
		<bndbox>
			<xmin>443</xmin>
			<ymin>47</ymin>
			<xmax>510</xmax>
			<ymax>66</ymax>
		</bndbox>
	</object>
	<object>
		<difficult>0</difficult>
		<name>&amp;*@HUST_text</name>
		<bndbox>
			<xmin>437</xmin>
			<ymin>16</ymin>
			<xmax>524</xmax>
			<ymax>45</ymax>
		</bndbox>
	</object>
	<object>
		<difficult>0</difficult>
		<name>&amp;*@HUST_text</name>
		<bndbox>
			<xmin>565</xmin>
			<ymin>50</ymin>
			<xmax>658</xmax>
			<ymax>80</ymax>
		</bndbox>
	</object>
	<object>
		<difficult>0</difficult>
		<name>&amp;*@HUST_text</name>
		<bndbox>
			<xmin>547</xmin>
			<ymin>17</ymin>
			<xmax>655</xmax>
			<ymax>45</ymax>
		</bndbox>
	</object>
	<object>
		<difficult>0</difficult>
		<name>&amp;*@HUST_text</name>
		<bndbox>
			<xmin>708</xmin>
			<ymin>264</ymin>
			<xmax>789</xmax>
			<ymax>289</ymax>
		</bndbox>
	</object>
	<object>
		<difficult>0</difficult>
		<name>&amp;*@HUST_text</name>
		<bndbox>
			<xmin>707</xmin>
			<ymin>239</ymin>
			<xmax>788</xmax>
			<ymax>263</ymax>
		</bndbox>
	</object>
	<object>
		<difficult>0</difficult>
		<name>&amp;*@HUST_text</name>
		<bndbox>
			<xmin>704</xmin>
			<ymin>210</ymin>
			<xmax>794</xmax>
			<ymax>224</ymax>
		</bndbox>
	</object>
	<object>
		<difficult>0</difficult>
		<name>&amp;*@HUST_text</name>
		<bndbox>
			<xmin>734</xmin>
			<ymin>194</ymin>
			<xmax>786</xmax>
			<ymax>210</ymax>
		</bndbox>
	</object>
	<object>
		<difficult>0</difficult>
		<name>&amp;*@HUST_text</name>
		<bndbox>
			<xmin>703</xmin>
			<ymin>171</ymin>
			<xmax>788</xmax>
			<ymax>186</ymax>
		</bndbox>
	</object>
	<object>
		<difficult>0</difficult>
		<name>&amp;*@HUST_text</name>
		<bndbox>
			<xmin>724</xmin>
			<ymin>155</ymin>
			<xmax>782</xmax>
			<ymax>171</ymax>
		</bndbox>
	</object>
	<object>
		<difficult>0</difficult>
		<name>&amp;*@HUST_text</name>
		<bndbox>
			<xmin>714</xmin>
			<ymin>120</ymin>
			<xmax>795</xmax>
			<ymax>145</ymax>
		</bndbox>
	</object>
	<object>
		<difficult>0</difficult>
		<name>&amp;*@HUST_text</name>
		<bndbox>
			<xmin>731</xmin>
			<ymin>91</ymin>
			<xmax>781</xmax>
			<ymax>120</ymax>
		</bndbox>
	</object>
	<object>
		<difficult>0</difficult>
		<name>&amp;*@HUST_text</name>
		<bndbox>
			<xmin>661</xmin>
			<ymin>67</ymin>
			<xmax>793</xmax>
			<ymax>80</ymax>
		</bndbox>
	</object>
	<object>
		<difficult>0</difficult>
		<name>&amp;*@HUST_text</name>
		<bndbox>
			<xmin>724</xmin>
			<ymin>48</ymin>
			<xmax>784</xmax>
			<ymax>67</ymax>
		</bndbox>
	</object>
	<object>
		<difficult>0</difficult>
		<name>&amp;*@HUST_text</name>
		<bndbox>
			<xmin>681</xmin>
			<ymin>16</ymin>
			<xmax>753</xmax>
			<ymax>44</ymax>
		</bndbox>
	</object>
	<object>
		<difficult>1</difficult>
		<name>&amp;*@HUST_special</name>
		<bndbox>
			<xmin>754</xmin>
			<ymin>16</ymin>
			<xmax>771</xmax>
			<ymax>44</ymax>
		</bndbox>
	</object>
	<object>
		<difficult>1</difficult>
		<name>&amp;*@HUST_shelter</name>
		<bndbox>
			<xmin>556</xmin>
			<ymin>0</ymin>
			<xmax>772</xmax>
			<ymax>12</ymax>
		</bndbox>
	</object>
	<object>
		<difficult>1</difficult>
		<name>&amp;*@HUST_special</name>
		<bndbox>
			<xmin>412</xmin>
			<ymin>48</ymin>
			<xmax>440</xmax>
			<ymax>79</ymax>
		</bndbox>
	</object>
	<object>
		<difficult>1</difficult>
		<name>&amp;*@HUST_special</name>
		<bndbox>
			<xmin>171</xmin>
			<ymin>452</ymin>
			<xmax>191</xmax>
			<ymax>481</ymax>
		</bndbox>
	</object>
	<object>
		<difficult>0</difficult>
		<name>&amp;*@HUST_text</name>
		<bndbox>
			<xmin>237</xmin>
			<ymin>642</ymin>
			<xmax>250</xmax>
			<ymax>656</ymax>
		</bndbox>
	</object>
</annotation>