<annotation>
	<folder>第八批图-500-结果</folder>
	<filename>Image 025.png</filename>
	<path>C:\Mingzhou\data\星辰数据\第八批图-500-结果\Image 025.png</path>
	<source>
		<database>Unknown</database>
	</source>
	<size>
		<width>240</width>
		<height>117</height>
		<depth>3</depth>
	</size>
	<segmented>0</segmented>
	<object>
		<name>&amp;*@HUST_text</name>
		<pose>Unspecified</pose>
		<truncated>0</truncated>
		<difficult>0</difficult>
		<bndbox>
			<xmin>5</xmin>
			<ymin>8</ymin>
			<xmax>46</xmax>
			<ymax>40</ymax>
		</bndbox>
	</object>
	<object>
		<name>&amp;*@HUST_text</name>
		<pose>Unspecified</pose>
		<truncated>0</truncated>
		<difficult>0</difficult>
		<bndbox>
			<xmin>76</xmin>
			<ymin>9</ymin>
			<xmax>129</xmax>
			<ymax>37</ymax>
		</bndbox>
	</object>
	<object>
		<name>&amp;*@HUST_shelter</name>
		<pose>Unspecified</pose>
		<truncated>1</truncated>
		<difficult>1</difficult>
		<bndbox>
			<xmin>1</xmin>
			<ymin>7</ymin>
			<xmax>4</xmax>
			<ymax>39</ymax>
		</bndbox>
	</object>
	<object>
		<name>&amp;*@HUST_special</name>
		<pose>Unspecified</pose>
		<truncated>0</truncated>
		<difficult>1</difficult>
		<bndbox>
			<xmin>58</xmin>
			<ymin>10</ymin>
			<xmax>75</xmax>
			<ymax>37</ymax>
		</bndbox>
	</object>
	<object>
		<name>&amp;*@HUST_special</name>
		<pose>Unspecified</pose>
		<truncated>0</truncated>
		<difficult>1</difficult>
		<bndbox>
			<xmin>130</xmin>
			<ymin>10</ymin>
			<xmax>140</xmax>
			<ymax>36</ymax>
		</bndbox>
	</object>
	<object>
		<name>&amp;*@HUST_text</name>
		<pose>Unspecified</pose>
		<truncated>0</truncated>
		<difficult>0</difficult>
		<bndbox>
			<xmin>169</xmin>
			<ymin>7</ymin>
			<xmax>206</xmax>
			<ymax>38</ymax>
		</bndbox>
	</object>
	<object>
		<name>&amp;*@HUST_special</name>
		<pose>Unspecified</pose>
		<truncated>0</truncated>
		<difficult>1</difficult>
		<bndbox>
			<xmin>142</xmin>
			<ymin>9</ymin>
			<xmax>169</xmax>
			<ymax>37</ymax>
		</bndbox>
	</object>
	<object>
		<name>&amp;*@HUST_special</name>
		<pose>Unspecified</pose>
		<truncated>1</truncated>
		<difficult>1</difficult>
		<bndbox>
			<xmin>207</xmin>
			<ymin>8</ymin>
			<xmax>240</xmax>
			<ymax>37</ymax>
		</bndbox>
	</object>
	<object>
		<name>&amp;*@HUST_text</name>
		<pose>Unspecified</pose>
		<truncated>1</truncated>
		<difficult>0</difficult>
		<bndbox>
			<xmin>1</xmin>
			<ymin>45</ymin>
			<xmax>56</xmax>
			<ymax>67</ymax>
		</bndbox>
	</object>
	<object>
		<name>&amp;*@HUST_text</name>
		<pose>Unspecified</pose>
		<truncated>1</truncated>
		<difficult>0</difficult>
		<bndbox>
			<xmin>1</xmin>
			<ymin>72</ymin>
			<xmax>55</xmax>
			<ymax>94</ymax>
		</bndbox>
	</object>
	<object>
		<name>&amp;*@HUST_text</name>
		<pose>Unspecified</pose>
		<truncated>1</truncated>
		<difficult>0</difficult>
		<bndbox>
			<xmin>1</xmin>
			<ymin>95</ymin>
			<xmax>55</xmax>
			<ymax>117</ymax>
		</bndbox>
	</object>
	<object>
		<name>&amp;*@HUST_text</name>
		<pose>Unspecified</pose>
		<truncated>0</truncated>
		<difficult>0</difficult>
		<bndbox>
			<xmin>84</xmin>
			<ymin>40</ymin>
			<xmax>210</xmax>
			<ymax>63</ymax>
		</bndbox>
	</object>
	<object>
		<name>&amp;*@HUST_text</name>
		<pose>Unspecified</pose>
		<truncated>0</truncated>
		<difficult>0</difficult>
		<bndbox>
			<xmin>84</xmin>
			<ymin>64</ymin>
			<xmax>210</xmax>
			<ymax>90</ymax>
		</bndbox>
	</object>
	<object>
		<name>&amp;*@HUST_special</name>
		<pose>Unspecified</pose>
		<truncated>0</truncated>
		<difficult>1</difficult>
		<bndbox>
			<xmin>57</xmin>
			<ymin>41</ymin>
			<xmax>83</xmax>
			<ymax>90</ymax>
		</bndbox>
	</object>
	<object>
		<name>&amp;*@HUST_text</name>
		<pose>Unspecified</pose>
		<truncated>1</truncated>
		<difficult>0</difficult>
		<bndbox>
			<xmin>62</xmin>
			<ymin>98</ymin>
			<xmax>106</xmax>
			<ymax>117</ymax>
		</bndbox>
	</object>
	<object>
		<name>&amp;*@HUST_special</name>
		<pose>Unspecified</pose>
		<truncated>0</truncated>
		<difficult>1</difficult>
		<bndbox>
			<xmin>205</xmin>
			<ymin>103</ymin>
			<xmax>220</xmax>
			<ymax>116</ymax>
		</bndbox>
	</object>
	<object>
		<name>&amp;*@HUST_text</name>
		<pose>Unspecified</pose>
		<truncated>0</truncated>
		<difficult>0</difficult>
		<bndbox>
			<xmin>222</xmin>
			<ymin>98</ymin>
			<xmax>239</xmax>
			<ymax>115</ymax>
		</bndbox>
	</object>
	<object>
		<name>&amp;*@HUST_special</name>
		<pose>Unspecified</pose>
		<truncated>0</truncated>
		<difficult>1</difficult>
		<bndbox>
			<xmin>46</xmin>
			<ymin>9</ymin>
			<xmax>54</xmax>
			<ymax>39</ymax>
		</bndbox>
	</object>
</annotation>
