<annotation>
	<filename>图像 4371.png</filename>
	<size>
		<width>1028</width>
		<height>746</height>
		<depth>3</depth>
	</size>
	<segmented>0</segmented>
	<object>
		<difficult>0</difficult>
		<name>&amp;*@HUST_text</name>
		<bndbox>
			<xmin>28</xmin>
			<ymin>89</ymin>
			<xmax>69</xmax>
			<ymax>130</ymax>
		</bndbox>
	</object>
	<object>
		<difficult>0</difficult>
		<name>&amp;*@HUST_text</name>
		<bndbox>
			<xmin>73</xmin>
			<ymin>100</ymin>
			<xmax>175</xmax>
			<ymax>131</ymax>
		</bndbox>
	</object>
	<object>
		<difficult>0</difficult>
		<name>&amp;*@HUST_text</name>
		<bndbox>
			<xmin>73</xmin>
			<ymin>135</ymin>
			<xmax>175</xmax>
			<ymax>165</ymax>
		</bndbox>
	</object>
	<object>
		<difficult>0</difficult>
		<name>&amp;*@HUST_text</name>
		<bndbox>
			<xmin>129</xmin>
			<ymin>169</ymin>
			<xmax>201</xmax>
			<ymax>205</ymax>
		</bndbox>
	</object>
	<object>
		<difficult>1</difficult>
		<name>&amp;*@HUST_vertical</name>
		<bndbox>
			<xmin>47</xmin>
			<ymin>135</ymin>
			<xmax>67</xmax>
			<ymax>181</ymax>
		</bndbox>
	</object>
	<object>
		<difficult>1</difficult>
		<name>&amp;*@HUST_vertical</name>
		<bndbox>
			<xmin>29</xmin>
			<ymin>135</ymin>
			<xmax>46</xmax>
			<ymax>206</ymax>
		</bndbox>
	</object>
	<object>
		<difficult>0</difficult>
		<name>&amp;*@HUST_text</name>
		<bndbox>
			<xmin>29</xmin>
			<ymin>238</ymin>
			<xmax>313</xmax>
			<ymax>273</ymax>
		</bndbox>
	</object>
	<object>
		<difficult>0</difficult>
		<name>&amp;*@HUST_text</name>
		<bndbox>
			<xmin>362</xmin>
			<ymin>58</ymin>
			<xmax>374</xmax>
			<ymax>69</ymax>
		</bndbox>
	</object>
	<object>
		<difficult>1</difficult>
		<name>&amp;*@HUST_special</name>
		<bndbox>
			<xmin>334</xmin>
			<ymin>58</ymin>
			<xmax>355</xmax>
			<ymax>73</ymax>
		</bndbox>
	</object>
	<object>
		<difficult>1</difficult>
		<name>&amp;*@HUST_special</name>
		<bndbox>
			<xmin>379</xmin>
			<ymin>58</ymin>
			<xmax>505</xmax>
			<ymax>72</ymax>
		</bndbox>
	</object>
	<object>
		<difficult>0</difficult>
		<name>&amp;*@HUST_text</name>
		<bndbox>
			<xmin>360</xmin>
			<ymin>77</ymin>
			<xmax>475</xmax>
			<ymax>105</ymax>
		</bndbox>
	</object>
	<object>
		<difficult>0</difficult>
		<name>&amp;*@HUST_text</name>
		<bndbox>
			<xmin>375</xmin>
			<ymin>106</ymin>
			<xmax>485</xmax>
			<ymax>134</ymax>
		</bndbox>
	</object>
	<object>
		<difficult>0</difficult>
		<name>&amp;*@HUST_text</name>
		<bndbox>
			<xmin>340</xmin>
			<ymin>145</ymin>
			<xmax>396</xmax>
			<ymax>169</ymax>
		</bndbox>
	</object>
	<object>
		<difficult>0</difficult>
		<name>&amp;*@HUST_text</name>
		<bndbox>
			<xmin>339</xmin>
			<ymin>170</ymin>
			<xmax>415</xmax>
			<ymax>180</ymax>
		</bndbox>
	</object>
	<object>
		<difficult>0</difficult>
		<name>&amp;*@HUST_text</name>
		<bndbox>
			<xmin>337</xmin>
			<ymin>181</ymin>
			<xmax>459</xmax>
			<ymax>204</ymax>
		</bndbox>
	</object>
	<object>
		<difficult>0</difficult>
		<name>&amp;*@HUST_text</name>
		<bndbox>
			<xmin>337</xmin>
			<ymin>204</ymin>
			<xmax>430</xmax>
			<ymax>221</ymax>
		</bndbox>
	</object>
	<object>
		<difficult>0</difficult>
		<name>&amp;*@HUST_text</name>
		<bndbox>
			<xmin>409</xmin>
			<ymin>240</ymin>
			<xmax>587</xmax>
			<ymax>274</ymax>
		</bndbox>
	</object>
	<object>
		<difficult>0</difficult>
		<name>&amp;*@HUST_text</name>
		<bndbox>
			<xmin>690</xmin>
			<ymin>239</ymin>
			<xmax>971</xmax>
			<ymax>274</ymax>
		</bndbox>
	</object>
	<object>
		<difficult>1</difficult>
		<name>&amp;*@HUST_vertical</name>
		<bndbox>
			<xmin>833</xmin>
			<ymin>68</ymin>
			<xmax>873</xmax>
			<ymax>184</ymax>
		</bndbox>
	</object>
	<object>
		<difficult>0</difficult>
		<name>&amp;*@HUST_text</name>
		<bndbox>
			<xmin>114</xmin>
			<ymin>315</ymin>
			<xmax>183</xmax>
			<ymax>339</ymax>
		</bndbox>
	</object>
	<object>
		<difficult>0</difficult>
		<name>&amp;*@HUST_text</name>
		<bndbox>
			<xmin>114</xmin>
			<ymin>340</ymin>
			<xmax>182</xmax>
			<ymax>372</ymax>
		</bndbox>
	</object>
	<object>
		<difficult>0</difficult>
		<name>&amp;*@HUST_text</name>
		<bndbox>
			<xmin>183</xmin>
			<ymin>313</ymin>
			<xmax>305</xmax>
			<ymax>372</ymax>
		</bndbox>
	</object>
	<object>
		<difficult>0</difficult>
		<name>&amp;*@HUST_text</name>
		<bndbox>
			<xmin>121</xmin>
			<ymin>380</ymin>
			<xmax>147</xmax>
			<ymax>396</ymax>
		</bndbox>
	</object>
	<object>
		<difficult>0</difficult>
		<name>&amp;*@HUST_text</name>
		<bndbox>
			<xmin>150</xmin>
			<ymin>377</ymin>
			<xmax>242</xmax>
			<ymax>397</ymax>
		</bndbox>
	</object>
	<object>
		<difficult>0</difficult>
		<name>&amp;*@HUST_text</name>
		<bndbox>
			<xmin>70</xmin>
			<ymin>469</ymin>
			<xmax>268</xmax>
			<ymax>506</ymax>
		</bndbox>
	</object>
	<object>
		<difficult>0</difficult>
		<name>&amp;*@HUST_text</name>
		<bndbox>
			<xmin>342</xmin>
			<ymin>303</ymin>
			<xmax>510</xmax>
			<ymax>346</ymax>
		</bndbox>
	</object>
	<object>
		<difficult>0</difficult>
		<name>&amp;*@HUST_text</name>
		<bndbox>
			<xmin>342</xmin>
			<ymin>347</ymin>
			<xmax>514</xmax>
			<ymax>375</ymax>
		</bndbox>
	</object>
	<object>
		<difficult>0</difficult>
		<name>&amp;*@HUST_text</name>
		<bndbox>
			<xmin>352</xmin>
			<ymin>376</ymin>
			<xmax>522</xmax>
			<ymax>422</ymax>
		</bndbox>
	</object>
	<object>
		<difficult>0</difficult>
		<name>&amp;*@HUST_text</name>
		<bndbox>
			<xmin>605</xmin>
			<ymin>412</ymin>
			<xmax>644</xmax>
			<ymax>433</ymax>
		</bndbox>
	</object>
	<object>
		<difficult>0</difficult>
		<name>&amp;*@HUST_text</name>
		<bndbox>
			<xmin>602</xmin>
			<ymin>433</ymin>
			<xmax>645</xmax>
			<ymax>443</ymax>
		</bndbox>
	</object>
	<object>
		<difficult>0</difficult>
		<name>&amp;*@HUST_text</name>
		<bndbox>
			<xmin>382</xmin>
			<ymin>469</ymin>
			<xmax>615</xmax>
			<ymax>503</ymax>
		</bndbox>
	</object>
	<object>
		<difficult>0</difficult>
		<name>&amp;*@HUST_text</name>
		<bndbox>
			<xmin>682</xmin>
			<ymin>323</ymin>
			<xmax>843</xmax>
			<ymax>372</ymax>
		</bndbox>
	</object>
	<object>
		<difficult>0</difficult>
		<name>&amp;*@HUST_text</name>
		<bndbox>
			<xmin>683</xmin>
			<ymin>373</ymin>
			<xmax>882</xmax>
			<ymax>419</ymax>
		</bndbox>
	</object>
	<object>
		<difficult>0</difficult>
		<name>&amp;*@HUST_text</name>
		<bndbox>
			<xmin>681</xmin>
			<ymin>428</ymin>
			<xmax>827</xmax>
			<ymax>452</ymax>
		</bndbox>
	</object>
	<object>
		<difficult>0</difficult>
		<name>&amp;*@HUST_text</name>
		<bndbox>
			<xmin>724</xmin>
			<ymin>468</ymin>
			<xmax>939</xmax>
			<ymax>503</ymax>
		</bndbox>
	</object>
	<object>
		<difficult>0</difficult>
		<name>&amp;*@HUST_text</name>
		<bndbox>
			<xmin>832</xmin>
			<ymin>291</ymin>
			<xmax>916</xmax>
			<ymax>312</ymax>
		</bndbox>
	</object>
	<object>
		<difficult>0</difficult>
		<name>&amp;*@HUST_text</name>
		<bndbox>
			<xmin>857</xmin>
			<ymin>312</ymin>
			<xmax>915</xmax>
			<ymax>334</ymax>
		</bndbox>
	</object>
	<object>
		<difficult>1</difficult>
		<name>&amp;*@HUST_special</name>
		<bndbox>
			<xmin>993</xmin>
			<ymin>346</ymin>
			<xmax>1020</xmax>
			<ymax>406</ymax>
		</bndbox>
	</object>
	<object>
		<difficult>0</difficult>
		<name>&amp;*@HUST_text</name>
		<bndbox>
			<xmin>16</xmin>
			<ymin>542</ymin>
			<xmax>132</xmax>
			<ymax>566</ymax>
		</bndbox>
	</object>
	<object>
		<difficult>0</difficult>
		<name>&amp;*@HUST_text</name>
		<bndbox>
			<xmin>68</xmin>
			<ymin>569</ymin>
			<xmax>170</xmax>
			<ymax>597</ymax>
		</bndbox>
	</object>
	<object>
		<difficult>0</difficult>
		<name>&amp;*@HUST_text</name>
		<bndbox>
			<xmin>26</xmin>
			<ymin>600</ymin>
			<xmax>149</xmax>
			<ymax>635</ymax>
		</bndbox>
	</object>
	<object>
		<difficult>0</difficult>
		<name>&amp;*@HUST_text</name>
		<bndbox>
			<xmin>264</xmin>
			<ymin>647</ymin>
			<xmax>322</xmax>
			<ymax>670</ymax>
		</bndbox>
	</object>
	<object>
		<difficult>0</difficult>
		<name>&amp;*@HUST_text</name>
		<bndbox>
			<xmin>223</xmin>
			<ymin>670</ymin>
			<xmax>324</xmax>
			<ymax>690</ymax>
		</bndbox>
	</object>
	<object>
		<difficult>0</difficult>
		<name>&amp;*@HUST_text</name>
		<bndbox>
			<xmin>27</xmin>
			<ymin>699</ymin>
			<xmax>314</xmax>
			<ymax>737</ymax>
		</bndbox>
	</object>
	<object>
		<difficult>0</difficult>
		<name>&amp;*@HUST_text</name>
		<bndbox>
			<xmin>330</xmin>
			<ymin>699</ymin>
			<xmax>662</xmax>
			<ymax>737</ymax>
		</bndbox>
	</object>
	<object>
		<difficult>0</difficult>
		<name>&amp;*@HUST_text</name>
		<bndbox>
			<xmin>525</xmin>
			<ymin>668</ymin>
			<xmax>654</xmax>
			<ymax>695</ymax>
		</bndbox>
	</object>
	<object>
		<difficult>0</difficult>
		<name>&amp;*@HUST_text</name>
		<bndbox>
			<xmin>457</xmin>
			<ymin>613</ymin>
			<xmax>653</xmax>
			<ymax>647</ymax>
		</bndbox>
	</object>
	<object>
		<difficult>0</difficult>
		<name>&amp;*@HUST_text</name>
		<bndbox>
			<xmin>443</xmin>
			<ymin>547</ymin>
			<xmax>654</xmax>
			<ymax>612</ymax>
		</bndbox>
	</object>
	<object>
		<difficult>0</difficult>
		<name>&amp;*@HUST_text</name>
		<bndbox>
			<xmin>670</xmin>
			<ymin>553</ymin>
			<xmax>862</xmax>
			<ymax>624</ymax>
		</bndbox>
	</object>
	<object>
		<difficult>0</difficult>
		<name>&amp;*@HUST_text</name>
		<bndbox>
			<xmin>793</xmin>
			<ymin>656</ymin>
			<xmax>844</xmax>
			<ymax>676</ymax>
		</bndbox>
	</object>
	<object>
		<difficult>0</difficult>
		<name>&amp;*@HUST_text</name>
		<bndbox>
			<xmin>768</xmin>
			<ymin>676</ymin>
			<xmax>847</xmax>
			<ymax>695</ymax>
		</bndbox>
	</object>
	<object>
		<difficult>0</difficult>
		<name>&amp;*@HUST_text</name>
		<bndbox>
			<xmin>759</xmin>
			<ymin>699</ymin>
			<xmax>898</xmax>
			<ymax>733</ymax>
		</bndbox>
	</object>
	<object>
		<difficult>1</difficult>
		<name>Difficult</name>
		<bndbox>
			<xmin>769</xmin>
			<ymin>138</ymin>
			<xmax>831</xmax>
			<ymax>192</ymax>
		</bndbox>
	</object>
	<object>
		<difficult>1</difficult>
		<name>Difficult</name>
		<bndbox>
			<xmin>875</xmin>
			<ymin>120</ymin>
			<xmax>965</xmax>
			<ymax>152</ymax>
		</bndbox>
	</object>
	<object>
		<difficult>1</difficult>
		<name>Difficult</name>
		<bndbox>
			<xmin>877</xmin>
			<ymin>143</ymin>
			<xmax>975</xmax>
			<ymax>173</ymax>
		</bndbox>
	</object>
	<object>
		<difficult>1</difficult>
		<name>Difficult</name>
		<bndbox>
			<xmin>810</xmin>
			<ymin>188</ymin>
			<xmax>927</xmax>
			<ymax>215</ymax>
		</bndbox>
	</object>
	<object>
		<difficult>1</difficult>
		<name>&amp;*@HUST_special</name>
		<bndbox>
			<xmin>566</xmin>
			<ymin>57</ymin>
			<xmax>657</xmax>
			<ymax>197</ymax>
		</bndbox>
	</object>
</annotation>