<annotation>
	<filename>图像 4291.png</filename>
	<size>
		<width>989</width>
		<height>680</height>
		<depth>3</depth>
	</size>
	<segmented>0</segmented>
	<object>
		<difficult>1</difficult>
		<name>&amp;*@HUST_special</name>
		<bndbox>
			<xmin>4</xmin>
			<ymin>8</ymin>
			<xmax>102</xmax>
			<ymax>114</ymax>
		</bndbox>
	</object>
	<object>
		<difficult>0</difficult>
		<name>&amp;*@HUST_text</name>
		<bndbox>
			<xmin>103</xmin>
			<ymin>1</ymin>
			<xmax>245</xmax>
			<ymax>40</ymax>
		</bndbox>
	</object>
	<object>
		<difficult>0</difficult>
		<name>&amp;*@HUST_text</name>
		<bndbox>
			<xmin>104</xmin>
			<ymin>41</ymin>
			<xmax>376</xmax>
			<ymax>68</ymax>
		</bndbox>
	</object>
	<object>
		<difficult>0</difficult>
		<name>&amp;*@HUST_text</name>
		<bndbox>
			<xmin>104</xmin>
			<ymin>70</ymin>
			<xmax>418</xmax>
			<ymax>119</ymax>
		</bndbox>
	</object>
	<object>
		<difficult>1</difficult>
		<name>&amp;*@HUST_special</name>
		<bndbox>
			<xmin>2</xmin>
			<ymin>128</ymin>
			<xmax>104</xmax>
			<ymax>244</ymax>
		</bndbox>
	</object>
	<object>
		<difficult>0</difficult>
		<name>&amp;*@HUST_text</name>
		<bndbox>
			<xmin>106</xmin>
			<ymin>123</ymin>
			<xmax>296</xmax>
			<ymax>166</ymax>
		</bndbox>
	</object>
	<object>
		<difficult>0</difficult>
		<name>&amp;*@HUST_text</name>
		<bndbox>
			<xmin>106</xmin>
			<ymin>167</ymin>
			<xmax>349</xmax>
			<ymax>190</ymax>
		</bndbox>
	</object>
	<object>
		<difficult>0</difficult>
		<name>&amp;*@HUST_text</name>
		<bndbox>
			<xmin>105</xmin>
			<ymin>192</ymin>
			<xmax>309</xmax>
			<ymax>244</ymax>
		</bndbox>
	</object>
	<object>
		<difficult>1</difficult>
		<name>Difficult</name>
		<bndbox>
			<xmin>18</xmin>
			<ymin>284</ymin>
			<xmax>91</xmax>
			<ymax>319</ymax>
		</bndbox>
	</object>
	<object>
		<difficult>0</difficult>
		<name>&amp;*@HUST_text</name>
		<bndbox>
			<xmin>101</xmin>
			<ymin>249</ymin>
			<xmax>303</xmax>
			<ymax>293</ymax>
		</bndbox>
	</object>
	<object>
		<difficult>0</difficult>
		<name>&amp;*@HUST_text</name>
		<bndbox>
			<xmin>101</xmin>
			<ymin>294</ymin>
			<xmax>346</xmax>
			<ymax>316</ymax>
		</bndbox>
	</object>
	<object>
		<difficult>0</difficult>
		<name>&amp;*@HUST_text</name>
		<bndbox>
			<xmin>101</xmin>
			<ymin>317</ymin>
			<xmax>512</xmax>
			<ymax>368</ymax>
		</bndbox>
	</object>
	<object>
		<difficult>0</difficult>
		<name>&amp;*@HUST_text</name>
		<bndbox>
			<xmin>52</xmin>
			<ymin>434</ymin>
			<xmax>88</xmax>
			<ymax>456</ymax>
		</bndbox>
	</object>
	<object>
		<difficult>0</difficult>
		<name>&amp;*@HUST_text</name>
		<bndbox>
			<xmin>102</xmin>
			<ymin>373</ymin>
			<xmax>256</xmax>
			<ymax>416</ymax>
		</bndbox>
	</object>
	<object>
		<difficult>0</difficult>
		<name>&amp;*@HUST_text</name>
		<bndbox>
			<xmin>102</xmin>
			<ymin>417</ymin>
			<xmax>372</xmax>
			<ymax>439</ymax>
		</bndbox>
	</object>
	<object>
		<difficult>0</difficult>
		<name>&amp;*@HUST_text</name>
		<bndbox>
			<xmin>103</xmin>
			<ymin>441</ymin>
			<xmax>744</xmax>
			<ymax>493</ymax>
		</bndbox>
	</object>
	<object>
		<difficult>1</difficult>
		<name>&amp;*@HUST_special</name>
		<bndbox>
			<xmin>63</xmin>
			<ymin>407</ymin>
			<xmax>78</xmax>
			<ymax>426</ymax>
		</bndbox>
	</object>
	<object>
		<difficult>0</difficult>
		<name>&amp;*@HUST_text</name>
		<bndbox>
			<xmin>43</xmin>
			<ymin>456</ymin>
			<xmax>83</xmax>
			<ymax>465</ymax>
		</bndbox>
	</object>
	<object>
		<difficult>0</difficult>
		<name>&amp;*@HUST_text</name>
		<bndbox>
			<xmin>109</xmin>
			<ymin>498</ymin>
			<xmax>259</xmax>
			<ymax>542</ymax>
		</bndbox>
	</object>
	<object>
		<difficult>0</difficult>
		<name>&amp;*@HUST_text</name>
		<bndbox>
			<xmin>109</xmin>
			<ymin>544</ymin>
			<xmax>391</xmax>
			<ymax>566</ymax>
		</bndbox>
	</object>
	<object>
		<difficult>0</difficult>
		<name>&amp;*@HUST_text</name>
		<bndbox>
			<xmin>109</xmin>
			<ymin>568</ymin>
			<xmax>741</xmax>
			<ymax>617</ymax>
		</bndbox>
	</object>
	<object>
		<difficult>0</difficult>
		<name>&amp;*@HUST_text</name>
		<bndbox>
			<xmin>543</xmin>
			<ymin>625</ymin>
			<xmax>561</xmax>
			<ymax>644</ymax>
		</bndbox>
	</object>
	<object>
		<difficult>0</difficult>
		<name>&amp;*@HUST_text</name>
		<bndbox>
			<xmin>567</xmin>
			<ymin>625</ymin>
			<xmax>582</xmax>
			<ymax>644</ymax>
		</bndbox>
	</object>
	<object>
		<difficult>0</difficult>
		<name>&amp;*@HUST_text</name>
		<bndbox>
			<xmin>591</xmin>
			<ymin>626</ymin>
			<xmax>606</xmax>
			<ymax>644</ymax>
		</bndbox>
	</object>
	<object>
		<difficult>0</difficult>
		<name>&amp;*@HUST_text</name>
		<bndbox>
			<xmin>614</xmin>
			<ymin>625</ymin>
			<xmax>628</xmax>
			<ymax>644</ymax>
		</bndbox>
	</object>
	<object>
		<difficult>0</difficult>
		<name>&amp;*@HUST_text</name>
		<bndbox>
			<xmin>636</xmin>
			<ymin>625</ymin>
			<xmax>651</xmax>
			<ymax>643</ymax>
		</bndbox>
	</object>
	<object>
		<difficult>0</difficult>
		<name>&amp;*@HUST_text</name>
		<bndbox>
			<xmin>658</xmin>
			<ymin>625</ymin>
			<xmax>695</xmax>
			<ymax>644</ymax>
		</bndbox>
	</object>
	<object>
		<difficult>0</difficult>
		<name>&amp;*@HUST_text</name>
		<bndbox>
			<xmin>702</xmin>
			<ymin>625</ymin>
			<xmax>747</xmax>
			<ymax>644</ymax>
		</bndbox>
	</object>
	<object>
		<difficult>0</difficult>
		<name>&amp;*@HUST_text</name>
		<bndbox>
			<xmin>674</xmin>
			<ymin>511</ymin>
			<xmax>750</xmax>
			<ymax>542</ymax>
		</bndbox>
	</object>
	<object>
		<difficult>0</difficult>
		<name>&amp;*@HUST_text</name>
		<bndbox>
			<xmin>674</xmin>
			<ymin>384</ymin>
			<xmax>749</xmax>
			<ymax>418</ymax>
		</bndbox>
	</object>
	<object>
		<difficult>0</difficult>
		<name>&amp;*@HUST_text</name>
		<bndbox>
			<xmin>674</xmin>
			<ymin>256</ymin>
			<xmax>747</xmax>
			<ymax>296</ymax>
		</bndbox>
	</object>
	<object>
		<difficult>0</difficult>
		<name>&amp;*@HUST_text</name>
		<bndbox>
			<xmin>670</xmin>
			<ymin>133</ymin>
			<xmax>749</xmax>
			<ymax>176</ymax>
		</bndbox>
	</object>
	<object>
		<difficult>0</difficult>
		<name>&amp;*@HUST_text</name>
		<bndbox>
			<xmin>672</xmin>
			<ymin>10</ymin>
			<xmax>753</xmax>
			<ymax>51</ymax>
		</bndbox>
	</object>
	<object>
		<difficult>0</difficult>
		<name>&amp;*@HUST_text</name>
		<bndbox>
			<xmin>780</xmin>
			<ymin>0</ymin>
			<xmax>826</xmax>
			<ymax>10</ymax>
		</bndbox>
	</object>
	<object>
		<difficult>0</difficult>
		<name>&amp;*@HUST_text</name>
		<bndbox>
			<xmin>832</xmin>
			<ymin>0</ymin>
			<xmax>920</xmax>
			<ymax>24</ymax>
		</bndbox>
	</object>
	<object>
		<difficult>1</difficult>
		<name>&amp;*@HUST_special</name>
		<bndbox>
			<xmin>780</xmin>
			<ymin>36</ymin>
			<xmax>826</xmax>
			<ymax>72</ymax>
		</bndbox>
	</object>
	<object>
		<difficult>0</difficult>
		<name>&amp;*@HUST_text</name>
		<bndbox>
			<xmin>831</xmin>
			<ymin>25</ymin>
			<xmax>969</xmax>
			<ymax>49</ymax>
		</bndbox>
	</object>
	<object>
		<difficult>0</difficult>
		<name>&amp;*@HUST_text</name>
		<bndbox>
			<xmin>830</xmin>
			<ymin>50</ymin>
			<xmax>933</xmax>
			<ymax>67</ymax>
		</bndbox>
	</object>
	<object>
		<difficult>0</difficult>
		<name>&amp;*@HUST_text</name>
		<bndbox>
			<xmin>831</xmin>
			<ymin>68</ymin>
			<xmax>915</xmax>
			<ymax>84</ymax>
		</bndbox>
	</object>
	<object>
		<difficult>1</difficult>
		<name>&amp;*@HUST_special</name>
		<bndbox>
			<xmin>781</xmin>
			<ymin>105</ymin>
			<xmax>825</xmax>
			<ymax>149</ymax>
		</bndbox>
	</object>
	<object>
		<difficult>0</difficult>
		<name>&amp;*@HUST_text</name>
		<bndbox>
			<xmin>831</xmin>
			<ymin>88</ymin>
			<xmax>917</xmax>
			<ymax>118</ymax>
		</bndbox>
	</object>
	<object>
		<difficult>0</difficult>
		<name>&amp;*@HUST_text</name>
		<bndbox>
			<xmin>832</xmin>
			<ymin>119</ymin>
			<xmax>935</xmax>
			<ymax>137</ymax>
		</bndbox>
	</object>
	<object>
		<difficult>0</difficult>
		<name>&amp;*@HUST_text</name>
		<bndbox>
			<xmin>832</xmin>
			<ymin>139</ymin>
			<xmax>920</xmax>
			<ymax>157</ymax>
		</bndbox>
	</object>
	<object>
		<difficult>0</difficult>
		<name>&amp;*@HUST_text</name>
		<bndbox>
			<xmin>781</xmin>
			<ymin>72</ymin>
			<xmax>826</xmax>
			<ymax>79</ymax>
		</bndbox>
	</object>
	<object>
		<difficult>0</difficult>
		<name>&amp;*@HUST_text</name>
		<bndbox>
			<xmin>779</xmin>
			<ymin>174</ymin>
			<xmax>827</xmax>
			<ymax>218</ymax>
		</bndbox>
	</object>
	<object>
		<difficult>0</difficult>
		<name>&amp;*@HUST_text</name>
		<bndbox>
			<xmin>830</xmin>
			<ymin>159</ymin>
			<xmax>974</xmax>
			<ymax>189</ymax>
		</bndbox>
	</object>
	<object>
		<difficult>0</difficult>
		<name>&amp;*@HUST_text</name>
		<bndbox>
			<xmin>829</xmin>
			<ymin>190</ymin>
			<xmax>921</xmax>
			<ymax>208</ymax>
		</bndbox>
	</object>
	<object>
		<difficult>0</difficult>
		<name>&amp;*@HUST_text</name>
		<bndbox>
			<xmin>830</xmin>
			<ymin>208</ymin>
			<xmax>919</xmax>
			<ymax>232</ymax>
		</bndbox>
	</object>
	<object>
		<difficult>0</difficult>
		<name>&amp;*@HUST_text</name>
		<bndbox>
			<xmin>770</xmin>
			<ymin>247</ymin>
			<xmax>872</xmax>
			<ymax>269</ymax>
		</bndbox>
	</object>
	<object>
		<difficult>1</difficult>
		<name>&amp;*@HUST_special</name>
		<bndbox>
			<xmin>780</xmin>
			<ymin>287</ymin>
			<xmax>826</xmax>
			<ymax>333</ymax>
		</bndbox>
	</object>
	<object>
		<difficult>0</difficult>
		<name>&amp;*@HUST_text</name>
		<bndbox>
			<xmin>831</xmin>
			<ymin>272</ymin>
			<xmax>919</xmax>
			<ymax>302</ymax>
		</bndbox>
	</object>
	<object>
		<difficult>0</difficult>
		<name>&amp;*@HUST_text</name>
		<bndbox>
			<xmin>831</xmin>
			<ymin>303</ymin>
			<xmax>973</xmax>
			<ymax>320</ymax>
		</bndbox>
	</object>
	<object>
		<difficult>0</difficult>
		<name>&amp;*@HUST_text</name>
		<bndbox>
			<xmin>831</xmin>
			<ymin>321</ymin>
			<xmax>914</xmax>
			<ymax>343</ymax>
		</bndbox>
	</object>
	<object>
		<difficult>1</difficult>
		<name>&amp;*@HUST_special</name>
		<bndbox>
			<xmin>780</xmin>
			<ymin>357</ymin>
			<xmax>826</xmax>
			<ymax>403</ymax>
		</bndbox>
	</object>
	<object>
		<difficult>0</difficult>
		<name>&amp;*@HUST_text</name>
		<bndbox>
			<xmin>830</xmin>
			<ymin>345</ymin>
			<xmax>973</xmax>
			<ymax>371</ymax>
		</bndbox>
	</object>
	<object>
		<difficult>0</difficult>
		<name>&amp;*@HUST_text</name>
		<bndbox>
			<xmin>830</xmin>
			<ymin>373</ymin>
			<xmax>973</xmax>
			<ymax>391</ymax>
		</bndbox>
	</object>
	<object>
		<difficult>0</difficult>
		<name>&amp;*@HUST_text</name>
		<bndbox>
			<xmin>831</xmin>
			<ymin>392</ymin>
			<xmax>945</xmax>
			<ymax>416</ymax>
		</bndbox>
	</object>
	<object>
		<difficult>1</difficult>
		<name>&amp;*@HUST_special</name>
		<bndbox>
			<xmin>779</xmin>
			<ymin>427</ymin>
			<xmax>827</xmax>
			<ymax>473</ymax>
		</bndbox>
	</object>
	<object>
		<difficult>0</difficult>
		<name>&amp;*@HUST_text</name>
		<bndbox>
			<xmin>831</xmin>
			<ymin>419</ymin>
			<xmax>973</xmax>
			<ymax>442</ymax>
		</bndbox>
	</object>
	<object>
		<difficult>0</difficult>
		<name>&amp;*@HUST_text</name>
		<bndbox>
			<xmin>831</xmin>
			<ymin>444</ymin>
			<xmax>887</xmax>
			<ymax>460</ymax>
		</bndbox>
	</object>
	<object>
		<difficult>0</difficult>
		<name>&amp;*@HUST_text</name>
		<bndbox>
			<xmin>831</xmin>
			<ymin>461</ymin>
			<xmax>971</xmax>
			<ymax>477</ymax>
		</bndbox>
	</object>
	<object>
		<difficult>0</difficult>
		<name>&amp;*@HUST_text</name>
		<bndbox>
			<xmin>831</xmin>
			<ymin>478</ymin>
			<xmax>936</xmax>
			<ymax>502</ymax>
		</bndbox>
	</object>
	<object>
		<difficult>1</difficult>
		<name>&amp;*@HUST_special</name>
		<bndbox>
			<xmin>780</xmin>
			<ymin>515</ymin>
			<xmax>826</xmax>
			<ymax>561</ymax>
		</bndbox>
	</object>
	<object>
		<difficult>0</difficult>
		<name>&amp;*@HUST_text</name>
		<bndbox>
			<xmin>830</xmin>
			<ymin>504</ymin>
			<xmax>971</xmax>
			<ymax>531</ymax>
		</bndbox>
	</object>
	<object>
		<difficult>0</difficult>
		<name>&amp;*@HUST_text</name>
		<bndbox>
			<xmin>830</xmin>
			<ymin>532</ymin>
			<xmax>887</xmax>
			<ymax>548</ymax>
		</bndbox>
	</object>
	<object>
		<difficult>0</difficult>
		<name>&amp;*@HUST_text</name>
		<bndbox>
			<xmin>830</xmin>
			<ymin>549</ymin>
			<xmax>973</xmax>
			<ymax>567</ymax>
		</bndbox>
	</object>
	<object>
		<difficult>0</difficult>
		<name>&amp;*@HUST_text</name>
		<bndbox>
			<xmin>830</xmin>
			<ymin>568</ymin>
			<xmax>916</xmax>
			<ymax>589</ymax>
		</bndbox>
	</object>
	<object>
		<difficult>1</difficult>
		<name>&amp;*@HUST_special</name>
		<bndbox>
			<xmin>780</xmin>
			<ymin>603</ymin>
			<xmax>826</xmax>
			<ymax>650</ymax>
		</bndbox>
	</object>
	<object>
		<difficult>0</difficult>
		<name>&amp;*@HUST_text</name>
		<bndbox>
			<xmin>830</xmin>
			<ymin>592</ymin>
			<xmax>973</xmax>
			<ymax>617</ymax>
		</bndbox>
	</object>
	<object>
		<difficult>0</difficult>
		<name>&amp;*@HUST_text</name>
		<bndbox>
			<xmin>830</xmin>
			<ymin>618</ymin>
			<xmax>973</xmax>
			<ymax>637</ymax>
		</bndbox>
	</object>
	<object>
		<difficult>0</difficult>
		<name>&amp;*@HUST_text</name>
		<bndbox>
			<xmin>830</xmin>
			<ymin>639</ymin>
			<xmax>916</xmax>
			<ymax>660</ymax>
		</bndbox>
	</object>
	<object>
		<difficult>1</difficult>
		<name>&amp;*@HUST_special</name>
		<bndbox>
			<xmin>8</xmin>
			<ymin>504</ymin>
			<xmax>104</xmax>
			<ymax>610</ymax>
		</bndbox>
	</object>
</annotation>